Rank,School Rank,School,Team,Solved,Penalty,A,B,C,D,E,F,G,H,I,J,K,L,Dirt,Member1,Member2,Member3,Unofficial,Girl
1,1,北京大学,赤橙黄绿蓝紫,12,1272,+1(173),+2(56),+2(100),+1(73),+1(50),+1(152),+1(109),+3(235),+1(84),+2(62),+1(49),+1(29),29%,蒋凌宇,钱易,,N,N
1,,北京大学,呆呆鸟,12,1272,+3(186),+1(55),+1(52),+2(45),+1(86),+1(99),+2(129),+2(251),+1(69),+2(76),+1(52),+1(52),33%,王蔚澄,王相文,徐安矣,N,N
3,2,清华大学,击中月亮,12,1554,+1(281),+2(58),+3(133),+1(113),+1(63),+1(167),+1(116),+3(243),+3(83),+2(47),+1(45),+1(45),40%,程思元,戚朗瑞,魏佳泽,N,N
4,,北京大学,随机匹配,12,1568,+4(267),+1(55),+3(155),+1(73),+1(63),+1(174),+3(100),+2(301),+1(81),+1(51),+1(44),+1(44),40%,柯绎思,柯怿憬,谢梓涵,N,N
5,,北京大学,思路打开,12,1610,+3(189),+1(57),+1(248),+1(61),+1(52),+3(166),+2(94),+6(259),+1(83),+2(77),+1(52),+1(52),47%,管晏如,朱剑枫,张致,N,N
6,,北京大学,躺在沙发上变成没知觉的植物沉入泥中蝶泳,12,1656,+3(278),+1(36),+4(201),+1(75),+1(62),+3(120),+1(147),+2(325),+1(82),+1(70),+1(53),+1(47),40%,叶子川,马未然,翟锦程,N,N
7,3,哈尔滨工业大学,蓬莱人形,11,1278,+2(274),+2(56),+1(147),+1(71),+1(76),+1(208),+1(106),-,+1(123),+1(88),+1(58),+1(31),15%,陈煜航,丁文涛,张彭凯,N,N
8,4,东北大学,东北大学_天狐座,11,1307,+2(309),+1(43),+1(108),+1(75),+1(64),+2(214),+1(159),-,+1(126),+1(89),+1(51),+1(29),15%,苏焜,周尧,仝家驹,N,N
9,5,北京交通大学,羊羊羊,11,1363,+3(261),+4(47),+1(151),+2(56),+2(72),+1(222),+1(123),-7,+1(104),+2(93),+1(46),+1(28),42%,郭昱哲,夏鹤鸣,斯修远,N,N
10,6,浙江大学,Plenty of Penalty,11,1410,+5(310),+1(52),+2(195),+1(91),+2(87),+1(145),+1(104),-3,+1(114),+1(77),+1(63),+1(52),35%,吴与伦,徐锐扬,万弘,N,N
11,,北京大学,DINNER123,11,1453,+3(282),+1(88),+1(161),+1(50),+3(89),+1(220),+3(117),-4,+1(121),+2(73),+1(62),+1(50),38%,李可,陈佳梁,王浩清,N,N
12,,北京大学,请在此处输入您的队名,11,1467,+3(307),+4(49),+2(72),+1(46),+2(75),+1(237),+3(144),-,+1(82),+4(100),+1(60),+1(55),52%,胡家哲,冯天琦,陈浩霆,N,N
13,7,复旦大学,怎么表达都可以,11,1476,+2(332),+1(51),+1(168),+1(40),+1(70),+2(254),+2(153),-,+1(100),+2(123),+1(61),+1(44),26%,曲泽阳,房天乐,谢志得,N,N
14,,浙江大学,Untitled Life,11,1548,+5(224),+1(48),+2(286),+1(66),+2(45),+1(278),+4(103),-1,+1(93),+3(81),+1(53),+1(51),50%,严子轩,周轩熠,张湫阳,N,N
15,,清华大学,报名晚了,11,1564,+4(316),+2(62),+6(251),+1(67),+1(57),+1(229),+3(131),-,+1(88),+2(50),+1(48),+1(25),52%,董亦骐,钟自厚,崔隽章,N,N
16,,清华大学,进行一个象的抽,11,1566,+2(300),+2(54),+2(140),+1(118),+2(63),+1(302),+1(183),-,+1(152),+1(106),+1(45),+1(23),26%,王锦博,张睿阳,张怀沙,N,N
17,,复旦大学,以键盘的音色世界鸣响,11,1611,+2(324),+2(60),+1(199),+1(78),+1(86),+2(272),+1(163),-,+3(135),+1(102),+1(49),+1(43),31%,白杨硕,张一白,林诗航,N,N
18,8,中山大学,中山大学2队,11,1626,+8(315),+1(70),+1(235),+1(66),+2(57),+2(207),+1(173),-,+1(113),+1(82),+1(72),+1(56),45%,陈景泰,吴永聪,薛炜鹏,N,N
19,9,浙江工业大学,月球猫猫,11,1636,+3(330),+1(51),+2(186),+1(103),+2(119),+1(231),+1(170),-2,+1(128),+2(82),+2(64),+1(52),35%,陈泓睿,陆徐豪,李汶芝,N,N
20,,清华大学,Escape,11,1653,+6(333),+2(67),+6(293),+1(75),+1(44),+2(140),+1(146),-3,+1(158),+1(62),+1(44),+1(51),52%,任舍予,郭雨豪,郑玄晔,N,N
21,10,北京理工大学,Penalty一定是分数吧,11,1662,+2(354),+1(64),+1(227),+1(84),+1(114),+1(300),+1(132),-,+1(151),+1(100),+1(67),+1(49),8%,柯宁皓,张思哲,黄康,N,N
22,,北京大学,施加 网络赛。引入 队名。,11,1674,+2(330),+1(56),+2(210),+1(81),+3(103),+3(349),+1(146),-,+1(111),+1(77),+1(45),+1(46),35%,杨欣烨,疏彦凯,肖千与,N,N
23,,复旦大学,关注 Hydro 谢谢喵,11,1708,+4(324),+2(71),+2(97),+1(49),+2(123),+3(306),+1(180),-,+2(151),+1(113),+1(74),+1(40),45%,陈佳鹏,于文阔,徐子恩,N,N
24,,北京大学,家园火锅点特辣,11,1753,+3(317),+1(60),+6(266),+2(90),+1(71),+2(251),+1(147),-,+1(113),+2(114),+1(50),+2(54),50%,李雷思问,汪煦康,王飞扬,N,N
25,,中山大学,中山大学1队,11,1826,+4(336),+2(71),+3(174),+1(85),+2(112),+3(335),+1(152),-,+2(79),+4(128),+1(55),+1(39),54%,赵肖睿,刘志源,古鸣浩,N,N
26,,北京大学,雪月花,11,1837,+5(249),+1(48),+8(332),+1(63),+2(80),+4(258),+1(185),-,+1(122),+1(104),+1(52),+1(44),57%,施开成,李嘉佑,孙睿泽,N,N
27,,复旦大学,学海无涯，回头是岸,11,1857,+3(353),+1(66),+5(275),+2(83),+2(104),+3(285),+3(139),-,+1(66),+3(110),+1(67),+1(29),56%,崔博钧,阚子淳,莫骐彰,N,N
28,11,北京航空航天大学,哟哟,11,1873,+1(237),+2(65),+1(297),+1(160),+3(119),+2(328),+4(216),-,+2(133),+1(78),+1(50),+1(30),42%,孙健钧,李澎瑞,黄伟宁,N,N
29,,北京大学,饿鳄鱼,11,1877,+7(356),+2(64),+2(170),+2(99),+1(79),+3(278),+3(261),-,+1(111),+1(117),+1(53),+1(29),54%,陈易涵,张乐天,程伟伦,N,N
30,,清华大学,一路向北,10,879,-,+2(57),+1(102),+1(67),+1(72),+1(150),+2(93),-,+1(80),+3(74),+1(53),+1(51),28%,许庭强,唐绍轩,周航锐,N,N
31,,北京大学,呜呜呜嘤嘤嘤哇哇哇,10,1103,-1,+1(36),+4(325),+1(59),+1(52),+1(132),+1(164),-,+1(70),+2(101),+1(44),+1(40),28%,罗思远,孟煜皓,葛子越,N,N
32,12,杭州电子科技大学,2024杭电1队,10,1177,-8,+2(45),+2(239),+1(75),+2(95),+3(219),+1(123),-,+1(93),+1(86),+1(54),+1(48),33%,马文浩,何卓锟,黄光升,N,N
33,,哈尔滨工业大学,w4p3r Black-fan Club,10,1222,-7,+2(56),+2(214),+1(100),+1(45),+1(252),+1(138),-,+2(126),+3(84),+1(60),+1(47),33%,杜沛键,谢书泱,邱思宇,N,N
34,13,中南大学,电子界探寻者,10,1241,-6,+1(43),+5(261),+1(83),+2(59),+1(243),+1(137),-,+1(117),+1(94),+1(60),+1(44),33%,江天运,易光廷,周湘予,N,N
35,,北京大学,Lumina,10,1244,-2,+1(48),+2(162),+1(73),+1(43),+3(297),+4(200),-,+1(105),+1(90),+1(63),+1(43),37%,郭羽冲,沈吉滪,朱羿恺,N,N
36,,清华大学,卸载FJOI谢谢喵！,10,1273,+6(346),+2(48),+1(143),+1(87),+2(76),-8,+2(133),-,+1(51),+2(96),+1(59),+1(54),47%,陈羽力,陈凌山,林圣涵,N,N
37,14,华东师范大学,夏雪冬花，麦秋亦春,10,1282,+3(336),+1(64),+1(164),+1(103),+2(92),-4,+1(131),-,+1(152),+1(54),+1(78),+1(48),23%,程籽实,谢书骁,,N,N
38,,北京航空航天大学,红紫粉绿,10,1286,-8,+1(83),+4(325),+1(90),+1(66),+3(189),+1(117),-,+1(103),+2(78),+1(59),+1(56),37%,蒋槟阳,董和军,王大禹,N,N
39,,北京大学,欠了学校999度电,10,1292,-4,+2(76),+1(175),+1(107),+2(85),+1(259),+3(156),-,+1(115),+2(103),+1(58),+1(58),33%,林帮才,陈知轩,龚欣洋,N,N
40,,清华大学,摇奖出力,10,1314,-2,+1(60),+3(187),+1(82),+3(72),+5(326),+2(134),-,+1(100),+1(89),+1(51),+1(33),47%,黄子睿,颜桉,周与锋,N,N
41,15,四川大学,难题逆转小队,10,1338,+4(324),+2(69),+1(134),+1(91),+1(75),-19,+5(163),-,+1(107),+3(63),+1(57),+1(55),50%,李名骕,杨轶涵,黄云垄,N,N
42,,清华大学,此地无银三百两,10,1340,+1(303),+3(49),-19,+1(63),+1(97),+3(254),+2(145),-,+2(112),+2(95),+1(45),+1(37),41%,孙梓皓,李春进,华羽帆,N,N
43,,北京大学,感觉不如黑猿神,10,1372,+3(257),+2(61),+3(300),+1(107),+1(86),-,+1(136),-,+1(94),+2(100),+1(61),+1(50),37%,吴孟周,曹原,陈胤戬,N,N
44,16,广东工业大学,jump！！！！,10,1389,-6,+1(46),+2(176),+1(106),+3(89),+2(284),+4(216),-,+1(128),+1(96),+1(56),+1(52),41%,林俊耿,杨子弘,肖能翔,N,N
45,17,中国科学技术大学,丝路市西套村代表队,10,1413,-1,+2(85),+2(163),+1(95),+1(104),+2(318),+2(209),-,+1(78),+3(116),+1(62),+1(63),37%,周翟恩和,洪文杰,郭一航,N,N
46,18,南京航空航天大学,错误,10,1459,-7,+3(60),+3(336),+1(96),+1(84),+3(271),+1(148),-,+2(68),+1(108),+1(71),+1(77),41%,吕俊琪,赵乐坤,胡昊天,N,N
47,,北京大学,去年看错题了。,10,1511,+4(244),+2(60),-2,+1(68),+1(50),+1(356),+7(157),-,+1(123),+3(109),+1(61),+1(43),54%,郑皓元,闫昕,汪之茗,N,N
48,,浙江大学,普罗旺斯,10,1520,+5(342),+2(79),+4(228),+1(86),+1(65),-,+2(185),-,+1(155),+1(105),+1(59),+1(36),47%,潘伦可,黄钰,邹宇涵,N,N
49,,中国科学技术大学,蓝桥春雪,10,1533,+1(309),+3(55),+2(250),+1(113),+2(106),-,+2(155),-,+1(145),+2(153),+2(61),+1(46),41%,冯正桦,邵晓玮,李俊辰,N,N
50,,中山大学,中山大学5队,10,1543,-3,+2(65),+2(239),+1(73),+2(87),+1(297),+3(178),-,+4(207),+2(100),+2(56),+1(41),50%,黄秋铭,韩冠东,陈峻宇,N,N
51,,浙江大学,又活一天,10,1570,-7,+1(56),+3(246),+2(88),+1(203),+1(338),+2(178),-,+1(122),+1(153),+2(58),+1(28),33%,王楚淏,王羽立,高宏钧,N,N
52,19,武汉大学,秘封俱乐部,10,1584,+3(345),+1(64),+3(300),+1(126),+2(120),-1,+3(195),-,+1(76),+1(102),+1(65),+1(51),41%,潘非,李佳隆,熊师飏,N,N
53,,中山大学,中山大学4队,10,1588,-11,+1(55),+2(259),+1(72),+4(89),+5(358),+4(155),-,+1(129),+3(107),+1(61),+1(43),56%,涂博皓,邱恺铭,李昊洲,N,N
54,20,香港中文大学（深圳）,通顶雪道,10,1614,-1,+1(54),+3(319),+1(62),+1(87),+2(302),+1(209),-,+2(183),+3(170),+1(45),+2(43),41%,孙悠然,忙秋阳,郭青硕,N,N
55,,复旦大学,杠上林克，队长砍树,10,1618,+3(324),+1(56),+1(216),+1(88),+2(107),-,+4(229),-,+2(159),+3(151),+2(62),+1(26),50%,邹畅,何友瑭,何昭琛,N,N
56,,中国科学技术大学,cls,10,1621,+5(353),+1(62),+2(208),+1(85),+1(95),-,+3(253),-,+1(156),+1(129),+1(68),+2(52),44%,陈聆祎,陈骆鑫,樊澄宇,N,N
57,21,福州大学,重返未来,10,1640,-,+3(67),+1(209),+1(116),+1(127),+5(332),+1(188),-,+1(168),+1(150),+2(82),+1(61),41%,游世伟,蔡长波,王子豪,N,N
58,,清华大学,Make 519 great again,10,1671,-,+1(59),+2(186),+1(118),+2(100),+1(296),+2(224),-,+5(84),+5(217),+3(82),+1(45),56%,冯政玮,肖子尧,吴畅,N,N
59,,北京大学,但中文名要考虑的就多了,10,1706,-1,+1(61),+1(119),+1(70),+1(78),+6(312),+2(187),-,+1(89),+8(338),+3(97),+1(55),60%,蒋梓衡,姜锐漳,郭宸淏,N,N
60,,复旦大学,小粉兔真爱粉,10,1773,-,+2(49),+3(315),+1(119),+1(129),+1(327),+4(212),-,+5(229),+1(93),+1(49),+1(51),50%,戴士博,李佳骏,王子乐,N,N
60,22,吉林大学,烈冕号,10,1773,-,+2(59),+5(331),+1(67),+2(112),+8(299),+5(182),-,+1(120),+4(105),+1(52),+1(46),66%,于之航,陈俊甫,王一丁,N,N
62,,北京大学,交给你们了,10,1962,-3,+3(112),+2(233),+2(135),+2(201),+5(330),+3(284),-,+1(168),+2(148),+1(60),+1(51),54%,温昊麟,吴蕴章,冯睿阳,N,N
63,,北京大学,135+187+199=521,9,900,-,+1(35),+5(218),+1(54),+1(66),-10,+2(149),-,+1(116),+1(83),+1(51),+1(28),35%,黄彦涛,王亦木,支扬帆,N,N
64,,中国科学技术大学,摸鱼之魂热血传奇,9,930,-,+2(74),+1(137),+1(93),+3(78),-,+2(164),-,+1(145),+1(55),+1(66),+1(38),30%,温家睿,林度,陈凌峰,N,N
65,,中国科学技术大学,Randomize,9,999,-,+2(52),+1(121),+1(93),+3(100),-2,+2(189),-1,+1(147),+1(105),+1(58),+1(54),30%,高华成,何煜恒,涂建鹏,N,N
65,23,南方科技大学,SUSTech_Two,9,999,-,+1(66),+3(213),+1(96),+1(90),-,+1(160),-,+1(117),+1(108),+1(57),+1(52),18%,林政宇,薛哲,曾子华,N,N
67,24,南开大学,强基计划我爱你,9,1000,-,+1(56),+4(245),+1(65),+1(73),-,+1(128),-,+1(149),+3(89),+1(48),+1(47),35%,郭军凯,赵思远,车昱辉,N,N
68,,复旦大学,笑对挑战永不言弃,9,1026,-,+1(60),+1(225),+1(92),+1(94),-1,+1(183),-,+1(158),+1(117),+1(53),+1(44),0%,袁子彦,颜皓鹏,沈子轩,N,N
69,,北京大学,飞舞队,9,1044,-,+1(57),-2,+1(105),+1(95),+2(311),+1(120),-,+1(136),+1(88),+1(59),+1(53),10%,蔡立一,梁宝烨,邱鸿绪,N,N
70,,香港中文大学（深圳）,WTYTO,9,1062,-6,+2(45),+2(135),+1(122),+1(76),-13,+2(206),-,+1(149),+2(112),+1(78),+1(59),30%,涂宵箫,王泽诚,杨久知,N,N
71,,北京大学,毕业旅游,9,1066,-6,+3(64),+1(178),+1(61),+4(104),-,+1(156),-,+1(115),+3(101),+2(73),+1(54),47%,余快,戴傅聪,陈奇之,N,N
72,25,华南理工大学,打xcpc不喊我,9,1068,-,+1(53),+1(249),+1(98),+2(77),-8,+2(177),-1,+1(187),+1(120),+1(33),+1(34),18%,吕浩天,徐睿,梁立州,N,N
73,26,山东大学,_应用随机过程,9,1080,-,+1(51),+1(234),+1(89),+3(90),-9,+2(168),-,+1(121),+3(120),+1(56),+1(51),35%,李玉庭,苏岳,王源鑫,N,N
74,,复旦大学,密码八个八,9,1090,-5,+2(64),+4(256),+1(102),+2(50),-,+1(177),-,+1(127),+1(92),+1(74),+1(48),35%,陈禹卓,杜泊谷,曾添琪,N,N
75,,香港中文大学（深圳）,CUHK-SZ: (TBD),9,1091,-2,+3(56),+1(196),+3(103),+1(77),-,+2(186),-,+1(151),+1(137),+1(59),+1(26),35%,陈翰飞,曾子荣,何润元,N,N
76,,清华大学,青一色,9,1102,-,+2(58),+2(233),+2(82),+2(72),-,+2(176),-,+2(158),+1(105),+1(50),+1(48),40%,陈紫阳,胡昊,褚轩宇,N,N
77,,浙江大学,WF在逃三人团,9,1112,-3,+3(80),-4,+1(55),+2(67),+10(242),+2(69),-,+1(100),+1(95),+3(75),+1(29),62%,周转,朱睿哲,李克成,N,N
78,,中山大学,中山大学新1队,9,1113,-,+3(63),-5,+1(81),+1(103),+2(266),+1(164),-,+2(136),+1(118),+1(68),+1(34),30%,张宸睿,周睿韬,张益晟,N,N
79,,北京大学,不是 很菜,9,1122,-,+1(60),-2,+1(81),+1(103),+2(301),+1(161),-,+2(137),+1(117),+1(53),+2(49),25%,王晟帆,陈益磊,林思旭,N,N
80,27,西安交通大学,唐人,9,1123,-,+3(57),+2(230),+1(92),+1(88),-1,+2(173),-,+4(141),+1(103),+1(50),+1(49),43%,李纳川,杨润轩,刘欣楠,N,N
81,,北京大学,狗狗生气,9,1159,-,+1(48),-3,+1(93),+1(63),+2(254),+5(148),-,+4(108),+4(119),+1(58),+1(48),55%,张宇卓,刘君实,王尧,N,N
82,,北京大学,现充队友太多了！,9,1161,-,+1(62),-20,+1(73),+6(52),+4(284),+1(177),-,+1(111),+2(122),+1(44),+1(56),50%,杨卓凡,谈一鸣,彭乙桐,N,N
83,,南方科技大学,南方科技大学-老登,9,1171,-,+1(62),+4(241),+2(58),+2(103),-3,+4(172),-,+1(135),+1(115),+1(79),+1(46),47%,曹哲振,冯照航,洪朝阳,N,N
83,28,安徽理工大学,我永远喜欢Chtholly,9,1171,-,+1(53),+3(301),+1(88),+3(101),-,+1(159),-,+1(174),+1(127),+1(44),+1(44),30%,厉东霖,程明达,李天祥,N,N
85,,东北大学,东北大学_加油,9,1201,-3,+1(64),+2(218),+1(81),+1(104),-2,+2(217),-,+1(233),+1(147),+1(52),+1(45),18%,王涵聪,王啸烽,陈增杰,N,N
86,,北京大学,东起深渊,9,1203,-,+1(58),-3,+1(88),+1(99),+2(344),+2(199),-,+1(108),+2(153),+1(49),+1(45),25%,贺煦轩,李尚泽,马梁育,N,N
87,29,电子科技大学,UESTC_诶多诶多呐呐呐,9,1212,-,+1(67),+1(319),+1(120),+2(113),-,+2(225),-,+1(168),+1(59),+1(70),+1(31),18%,包航,覃子睿,雷霖,N,N
88,30,哈尔滨工业大学（深圳）,猫猫不会数数,9,1219,-,+1(50),-4,+1(80),+1(65),+2(323),+1(202),-,+4(157),+2(114),+3(52),+1(36),43%,高子烽,曹锦程,曹鹏宇,N,N
89,31,湖南大学,Hakurei100000,9,1222,-2,+1(62),+1(223),+1(122),+4(89),-,+5(205),-,+1(164),+1(113),+1(60),+1(44),43%,廖曙康,朱名扬,吕乐,N,N
90,,北京大学,给链不要链,9,1230,-,+1(56),+2(181),+2(60),+5(120),-3,+6(265),-,+1(141),+1(74),+1(52),+1(61),55%,杨尚霖,于孟宏,林喆熹,N,N
90,32,绍兴文理学院元培学院,编程马楼,9,1230,-,+2(61),+3(204),+1(97),+1(115),-,+3(271),-,+2(143),+1(48),+3(77),+1(54),47%,江亚君,徐冕,谢琳涵,N,N
92,,浙江大学,幻想風靡,9,1235,-5,+3(52),+5(320),+1(78),+2(86),-,+3(183),-,+2(127),+1(100),+1(51),+1(38),52%,张志心,谭思成,柯怀俊,N,N
93,,北京大学,仨人成行,9,1247,-2,+3(69),+5(215),+1(92),+1(81),-11,+3(146),-,+6(110),+3(126),+1(58),+1(50),62%,王冠尧,宋来恒,刘鹏飞,N,N
94,,西安交通大学,未铭记何谈淡忘,9,1255,-,+2(68),+2(300),+2(80),+1(135),-2,+1(191),-,+1(200),+1(150),+1(43),+1(28),25%,方亦晨,陈弘烜,陈光耀,N,N
95,,北京航空航天大学,队长要吃三个汉堡,9,1273,-,+1(65),-,+1(76),+3(87),+3(296),+4(196),-,+1(150),+3(127),+1(52),+1(44),50%,吴昊恒,董雨润,李秉翰,N,N
96,,广东工业大学,演奏春日影,9,1293,-3,+2(85),+1(239),+1(99),+3(80),-,+2(197),-,+1(139),+5(192),+1(69),+1(33),47%,庞翔,梁展榕,林正,N,N
97,,西安交通大学,写都写了，交一发吧/WA on test 1,9,1299,-2,+2(57),+1(259),+1(85),+1(183),-,+3(250),-,+1(171),+2(106),+1(59),+1(49),30%,贺睿杰,杨一帆,周品良,N,N
98,,哈尔滨工业大学,碧天伴行,9,1304,-,+2(68),+5(308),+1(94),+2(83),-,+2(168),-,+1(223),+1(131),+1(45),+1(44),43%,张城玮,卢景行,田宇丰,N,N
99,33,西安电子科技大学,喵喵喵,9,1309,-,+1(56),+1(320),+1(67),+1(45),-2,+4(195),-,+3(259),+1(146),+1(58),+2(43),40%,张亲翰,刘朝旭,罗杰,N,N
100,,哈尔滨工业大学,W4p3r Fan Club,9,1320,-,+1(45),+2(291),+1(149),+2(133),-3,+1(227),-,+1(158),+2(180),+1(48),+1(29),25%,方智鉴,范嘉涵,孔敬德,N,N
101,34,同济大学,仙银,9,1322,+4(349),+1(51),-1,+1(100),+2(92),-,+2(228),-,+1(151),+1(125),+1(67),+1(59),35%,郎若谷,高胜寒,李堂辉,N,N
102,35,湖南师范大学,栀晓,9,1323,-,+1(67),+3(321),+1(95),+3(282),-,+1(170),-,+1(59),+2(122),+2(57),+1(30),40%,唐熙林,魏佳蕾,杨泽旭,N,N
103,,电子科技大学,UESTC_雪色光晕,9,1330,-,+2(51),+2(279),+1(83),+4(160),-,+2(222),-,+1(203),+1(121),+1(53),+1(38),40%,张昕诺,李毅远,吕书武,N,N
104,,复旦大学,曼波大战哈姆,9,1344,-2,+3(87),+1(233),+1(95),+2(118),-,+3(229),-,+3(173),+1(143),+1(70),+1(56),43%,罗意明,徐兆恺,陈可汗,N,N
104,,电子科技大学,UESTC_xxx,9,1344,-,+2(65),+4(282),+1(104),+1(89),-,+2(194),-,+2(155),+4(171),+1(57),+1(47),50%,吴峻锋,蔡少政,吴宇环,N,N
106,,浙江大学,乌拉呀哈 呀哈乌拉,9,1355,-8,+2(62),+1(261),+1(115),+1(135),-,+1(220),-,+1(189),+2(200),+1(78),+1(55),18%,丁思韬,余承恩,金政羽,N,N
107,36,华中科技大学,红温黄豆,9,1360,-,+2(54),+4(352),+1(81),+2(108),-,+2(261),-,+1(186),+1(141),+1(34),+1(23),40%,胡伟江,黄浚源,刘祖泰,N,N
108,37,香港科技大学（广州）,杂~鱼❤杂~鱼❤大哥哥连A题都过不掉嘛~,9,1361,-,+1(73),-2,+1(93),+3(65),+4(319),+1(221),-,+1(177),+1(139),+1(87),+2(67),40%,王向前,储文皓,罗浩,N,N
109,,西安电子科技大学,三分之二去零点,9,1363,-,+1(56),+2(306),+1(96),+2(100),-,+1(190),-,+1(141),+7(223),+1(46),+1(45),47%,曾岩,田康杰,夏秀锟,N,N
110,38,华中师范大学,明明如月,9,1367,-,+2(52),+4(332),+1(84),+1(105),-,+1(237),-,+1(197),+2(172),+1(57),+1(31),35%,郭子寒,王彬宇,曹俞欣,N,N
111,,西安交通大学,正在评测中,9,1383,-,+1(54),+3(292),+1(122),+2(157),-,+1(211),-,+1(236),+3(99),+1(58),+1(54),35%,王博想,吴夏天,邱宇成,N,N
112,,哈尔滨工业大学（深圳）,这么出题是吧,9,1412,-,+1(72),+2(315),+1(128),+2(110),-,+1(254),-,+1(196),+2(172),+1(59),+1(46),25%,蔡易轩,高俊垚,李潭啸,N,N
112,,香港科技大学（广州）,ZJJ是赵家杰,9,1412,-,+2(67),+1(252),+1(87),+1(98),-,+1(191),-,+1(344),+4(162),+2(54),+1(57),35%,张晋杰,赵欣昊,何家睿,N,N
114,,北京大学,膜拜ljc大队,9,1416,-,+3(58),-9,+1(78),+4(156),+3(342),+2(218),-,+3(134),+2(96),+1(65),+1(49),55%,潘致辰,陈文灏,周俊豪,N,N
115,,北京理工大学,大香蕉的感觉不奇妙,9,1430,-,+1(48),+6(334),+1(116),+3(139),-,+3(263),-,+1(166),+1(83),+1(53),+1(48),50%,王翔宇,叶子宁,戴睿,N,N
116,,北京大学,黄忠二技能宗师,9,1439,+7(349),+1(68),-12,+1(94),+2(106),-,+2(187),-,+1(152),+4(138),+2(59),+1(46),57%,李佳衡,何天浚,张力元,N,N
117,,中山大学,中山大学8队,9,1452,-,+1(60),+2(267),+1(100),+3(167),-,+5(275),-,+1(171),+1(134),+2(68),+1(50),47%,罗金浩,甘善铭,王泓皓,N,N
118,,杭州电子科技大学,2024杭电3队,9,1458,-,+3(58),+2(255),+1(123),+2(161),-,+5(236),-,+2(176),+2(148),+1(60),+1(41),52%,闻人雨泽,傅景康,周靖凯,N,N
119,39,上海大学,SHU2401,9,1465,-5,+1(58),+1(326),+2(81),+2(144),-,+3(275),-,+1(202),+2(177),+1(55),+1(47),35%,陶钧,陈仕杰,顾潇予,N,N
120,,中山大学,中山大学3队,9,1467,-,+1(66),-5,+1(89),+6(128),+5(306),+3(225),-,+1(176),+1(135),+1(61),+1(61),55%,肖淇,苏律硕,吴明禹,N,N
121,,北京交通大学,白夜追风,9,1483,-,+1(78),+2(320),+1(98),+2(117),-,+2(193),-,+2(286),+4(150),+1(73),+1(28),43%,殷澄宇,陈可致,杨展宇,N,N
122,40,东北大学秦皇岛分校,名字取好了吗,9,1498,-,+2(62),+2(285),+1(116),+2(82),-,+7(356),-4,+2(175),+2(96),+1(56),+1(50),55%,刘峻畅,肖轲闻,冯阳阳,N,N
123,,杭州电子科技大学,2024杭电5队,9,1505,-,+1(48),+2(349),+1(84),+5(164),-,+2(241),-,+2(279),+1(109),+1(45),+1(46),43%,许思杰,范宇航,蔡炜权,N,N
124,,四川大学,雍正王朝老太医,9,1521,-2,+1(85),+6(252),+1(138),+1(158),-1,+1(228),-,+1(177),+4(193),+1(80),+1(50),47%,王鹏超,熊一鸣,邓雍,N,N
124,,清华大学,北京贵妇的小秋田犬,9,1521,-,+3(60),+7(346),+1(75),+1(98),-2,+3(226),-,+2(120),+4(222),+1(46),+1(48),60%,杨千里,李振洋,刘建行,N,N
126,,华中科技大学,有没有很捎又不会被封的队名,9,1526,+6(332),+1(86),-1,+1(104),+4(126),-,+2(214),-,+2(143),+2(166),+1(70),+1(65),55%,刘星佳,黄暄骜,刘铖,N,N
127,,南方科技大学,SUSTech_Three,9,1527,-,+2(64),+3(339),+1(102),+1(168),-6,+2(239),-,+2(216),+1(187),+1(60),+1(52),35%,江博成,王振宇,王泰翔,N,N
128,41,武汉科技大学,RELX悦刻幻影PRO,9,1559,-,+2(72),+3(341),+1(83),+2(106),-,+3(272),-,+7(210),+1(122),+1(63),+1(50),57%,孙煜恒,朱俊杰,万家梁,N,N
129,42,山东科技大学,柏林号,9,1562,-,+3(62),+2(122),+1(117),+1(140),-,+6(208),-,+1(349),+2(275),+1(71),+1(38),50%,岳立冬,张一炜,徐熙睿,N,N
130,43,南京理工大学,帮帮我，鲍汁锅先生,9,1569,-,+2(59),+2(339),+1(76),+3(178),-,+4(256),-,+4(277),+1(87),+1(51),+1(46),52%,何平,彭锐政,陈静波,N,N
131,,北京大学,愛計算姬,9,1574,-,+4(83),+3(245),+3(141),+1(91),-,+7(260),-,+1(160),+3(148),+2(77),+1(49),64%,徐朝睿,苏泓燃,刘佳未,N,N
132,44,湘潭大学,海之霸,9,1594,-,+2(71),+5(348),+1(91),+2(127),-,+2(272),-,+3(207),+3(163),+1(51),+1(44),55%,李子熙,魏志高,程书涵,N,N
133,,杭州电子科技大学,2024杭电10队,9,1608,-,+2(52),+1(299),+1(114),+1(133),-,+2(250),-,+1(284),+4(248),+1(63),+1(65),35%,王秉杭,帅嘉洋,吴立文,N,N
134,,复旦大学,启发式优化,9,1612,-,+2(78),+8(335),+1(100),+3(136),-,+1(254),-,+6(218),+1(62),+1(74),+1(55),62%,黄悦源,邹丰羽,沈高畅,N,N
135,,北京理工大学,内核恐慌,9,1636,+4(241),+3(52),-9,+2(93),+1(271),-,+2(295),-,+1(142),+2(296),+1(54),+1(32),47%,张书豪,徐宇飞,陈驭祺,N,N
136,,南方科技大学,南方科技大学-奥斯陆,9,1654,-3,+1(55),+5(341),+1(79),+3(225),-,+2(247),-,+2(187),+1(218),+2(64),+1(58),50%,张祺宇,杨博文,姜奕豪,N,N
137,45,上海财经大学,iDLEM@STER O149,9,1692,-2,+1(64),+2(330),+1(90),+3(194),-,+1(298),-,+5(258),+2(191),+1(56),+1(51),47%,郭士纳,史靖玮,姜聿时,N,N
137,,福州大学,孤高曼波,9,1692,-,+2(47),+4(338),+1(107),+1(137),-,+6(341),-,+1(239),+1(166),+3(69),+1(28),55%,黄旭,叶志杰,郑恩琦,N,N
139,,福州大学,旅行的意义,9,1713,-,+1(85),+2(327),+1(208),+2(184),-,+3(135),-,+2(270),+1(232),+2(103),+1(49),40%,陈宇,张子良,林伟豪,N,N
140,,山东大学,电话微波炉（暂定）,9,1721,-,+2(57),+5(338),+2(185),+2(184),-,+3(276),-,+1(210),+2(167),+1(59),+1(45),52%,詹靖杰,宿子腾,董家豪,N,N
141,46,深圳大学,twilight illusion,9,1727,-,+2(66),+3(321),+1(86),+2(133),-,+1(218),-,+10(349),+2(163),+1(63),+1(48),60%,张艺轩,郑博瀚,何元捷,N,N
142,,北京航空航天大学,老ACMer烧烤,9,1738,-,+4(71),+2(340),+1(100),+2(283),-,+2(278),-,+1(223),+1(194),+1(76),+1(53),40%,廖鹏飞,陈睿正,闫佳豪,N,N
143,,电子科技大学,UESTC_十斤鸭梨,9,1754,-,+1(54),+3(340),+2(93),+1(241),-,+1(298),-,+1(265),+2(279),+1(59),+1(45),30%,黄霖,徐辰烨,祁泓金,N,N
144,,电子科技大学,UESTC_在理工学校想邂逅文学学姐搞错了什么,9,1765,-,+1(63),+6(350),+1(129),+3(228),-,+3(261),-,+3(285),+1(112),+1(66),+1(51),55%,梁育诚,冉泽宇,陈治臻,N,N
145,47,武汉理工大学,机械降神,9,1769,-1,+1(68),+1(352),+1(90),+3(130),-1,+2(312),-1,+1(265),+5(276),+1(68),+1(68),43%,朱振傲,侯哲昊,孙力为,N,N
146,48,天津大学,锐刻没有电,8,766,-8,+3(55),-3,+1(84),+1(65),-,+1(148),-,+1(117),+2(127),+2(50),+1(40),33%,范艳青,邓锦源,黄涛,N,N
147,,北京航空航天大学,早知道，还是可口可乐,8,789,-,+1(61),-,+1(98),+1(51),-5,+2(178),-,+4(128),+1(82),+1(63),+1(48),33%,杭洋,刘昊言,李墨之,N,N
148,49,南京大学,平流层,8,804,-12,+2(74),-,+1(87),+1(52),-1,+2(168),-,+2(139),+1(103),+1(71),+1(50),27%,潘谟天,陆华均,陈梓睿,N,N
149,,浙江大学,雪花倾诉之时,8,806,-5,+2(59),+5(145),+1(44),+2(51),-2,-12,-,+3(155),+2(79),+1(59),+1(34),52%,徐敏睿,靳鹏举,朱天煜,N,N
150,,北京航空航天大学,会挽雕弓如满月,8,876,-2,+3(62),-1,+1(75),+2(93),-1,+1(226),-,+1(149),+1(120),+1(50),+1(41),27%,傅可树,马一,梁钧著,N,N
151,,西安交通大学,天狼星的心脏,8,913,-,+1(45),-5,+1(129),+2(73),-,+2(174),-,+1(214),+1(119),+2(55),+1(44),27%,洪家庆,刘一可,许孜诚,N,N
152,,华中科技大学,盖亚教会了我太多,8,918,-,+2(58),-3,+2(90),+2(96),-,+3(186),-,+1(134),+1(118),+2(63),+1(53),42%,汪文卓,金城根,刘兆硕,N,N
153,,华东师范大学,假飞了！,8,952,-3,+1(58),-,+1(107),+1(82),-,+2(238),-,+3(196),+1(133),+1(52),+1(26),27%,冯中信,姜朝顺,陈赵润,N,N
154,50,浙江师范大学,树学与应用树学的小伙计来打ACM咯,8,991,-,+1(44),-10,+1(71),+3(133),-,+1(217),-,+2(181),+2(160),+1(57),+1(48),33%,陈增豪,许凯胤,王学远,N,N
155,51,东南大学,不休独舞,8,997,-,+3(63),-1,+1(50),+1(150),-,+2(198),-,+1(210),+2(120),+1(73),+1(53),33%,戚雨林,张皓,王希陶,N,N
155,,吉林大学,管埋员,8,997,-8,+1(60),-5,+1(139),+2(90),-,+2(235),-,+1(171),+3(128),+1(48),+1(46),33%,张智祺,王恕,乔彦博,N,N
157,,华南理工大学,五小时对于三个acmer来说还是太短了,8,1008,-,+2(58),-4,+1(86),+2(67),-,+1(232),-,+3(211),+2(164),+1(46),+1(44),38%,赵玺焱,唐瑞林,李嘉锐,N,N
158,,哈尔滨工业大学（深圳）,潜水小怪,8,1015,-6,+5(55),-10,+1(116),+1(121),-,+1(185),-,+1(162),+6(105),+1(47),+1(44),52%,孙宇开,羊柯伍,梁彬,N,N
159,,吉林大学,砖打林鸡,8,1047,-7,+2(63),-,+1(121),+1(86),-,+1(185),-,+2(239),+1(150),+3(73),+1(50),33%,陈鹏旭,王天泽,陈卓,N,N
160,,杭州电子科技大学,2024杭电2队,8,1061,-,+1(43),-,+1(100),+1(171),-,+1(225),-,+1(206),+6(134),+1(50),+1(32),38%,徐墨凡,徐铭扬,余梓诚,N,N
161,52,南京信息工程大学,Zoltraak,8,1062,-,+1(57),-1,+1(118),+1(101),-,+3(255),-,+2(202),+2(155),+1(50),+1(44),33%,潘小康,马天顺,徐凡明,N,N
162,,福州大学,最佳小丑,8,1066,-,+2(52),-2,+1(94),+1(85),-,+1(268),-,+1(138),+2(289),+1(51),+2(29),27%,林东颖,傅安,江滢怡,N,N
163,,北京理工大学,打饿了吃隔壁桌,8,1083,-,+2(57),-1,+1(88),+1(110),-,+4(265),-,+1(143),+4(187),+1(63),+1(30),46%,彭田栩,陈鹏宇,牟星宇,N,N
164,53,杭州电子科技大学信息工程学院,无尽的风之轨迹,8,1087,-,+2(41),-,+1(99),+1(116),-,+11(237),-,+2(177),+2(74),+1(48),+1(35),61%,杨鑫,尹凯乐,周越,N,N
165,,华中科技大学,奇思妙想,8,1094,-,+2(51),-6,+1(121),+3(109),-,+5(313),-,+1(161),+1(106),+1(46),+1(47),46%,潘裕洲,苏畅,赖明恺,N,N
166,,清华大学,成群结队,8,1106,-,+3(69),-,+1(112),+1(75),-,+3(286),-,+2(209),+1(152),+1(55),+1(48),38%,吴佰霆,石昕潼,张德洵,N,N
167,,清华大学,不洁之人，不得入,8,1114,-,+1(63),-2,+1(94),+2(92),-,+5(238),-,+1(126),+7(195),+1(55),+1(31),57%,谭淇心,周牧岩,王俊凯,N,N
167,54,江苏大学,队友呢，救一下,8,1114,-,+2(47),-8,+2(88),+1(73),-,+4(202),-,+2(242),+4(142),+2(69),+1(51),55%,张道正,庞政,赵安杰,N,N
167,,北京航空航天大学,一剑霜寒十四州,8,1114,-,+1(59),+4(261),+1(146),+2(80),-,-4,-,+2(176),+2(131),+1(68),+2(53),46%,严禹韬,王泓翔,谭喆文,N,N
170,,武汉大学,二次原,8,1139,-,+2(64),-3,+1(108),+2(102),-,+5(294),-,+1(182),+2(143),+1(57),+1(49),46%,郑寒友,张弛,刘锡锐,N,N
171,,南京大学,屋旁的青草,8,1144,-,+2(70),-11,+1(141),+3(108),-,+4(242),-,+1(188),+1(168),+1(63),+1(44),42%,陈昊洋,梁航宇,陈子达,N,N
172,,中山大学,中山大学10队,8,1159,-,+3(68),-1,+2(139),+1(112),-,+2(252),-,+1(205),+1(152),+3(71),+1(40),42%,王宇晨,陈政宇,元朗曦,N,N
173,55,国防科技大学,青铜时代号,8,1162,-,+1(75),-,+1(116),+3(114),-,+1(214),-,+1(238),+3(192),+1(81),+1(52),33%,李泽锴,王荣航,蒋卓彧,N,N
174,,南方科技大学,SUSTech_Five,8,1182,-,+2(87),+2(319),+2(117),+2(104),-,+2(209),-,-1,+1(132),+1(61),+1(53),38%,钟雨薇,项楚涵,王紫漩,N,N
175,56,大连理工大学,三只复健小蒟蒻,8,1199,-,+2(101),-1,+1(120),+1(136),-,+4(260),-,+1(192),+1(163),+3(64),+1(43),42%,陈常杰,刘兆洲,徐昊天,N,N
176,,西安电子科技大学,水产王,8,1203,-,+1(56),-1,+1(104),+5(144),-,+4(261),-,+1(186),+1(210),+1(59),+1(43),46%,陈俊丞,孙振元,王骏杰,N,N
177,,南京大学,南小鸟,8,1209,-,+1(103),-,+1(113),+1(120),-,+1(264),-,+1(281),+2(191),+1(62),+1(55),11%,周相羽,朱家辰,贺卓宇,N,N
178,,华东师范大学,为了拿奖金才放弃了百度之星偷鸡的机会,8,1220,-,+1(74),-,+1(121),+4(97),-,+3(280),-,+2(250),+1(166),+1(71),+1(41),42%,冯顾炜,许乐,冯嘉一,N,N
179,,华东师范大学,东方homo馆,8,1246,-2,+1(70),-3,+1(140),+2(136),-,+7(263),-,+1(186),+2(159),+1(74),+1(58),50%,漆宇祥,范晨阳,余东桦,N,N
179,57,浙江理工大学,马拉车算法算车拉马,8,1246,-,+1(73),-,+1(98),+1(131),-,+2(315),-,+1(199),+3(257),+1(64),+1(49),27%,姚仁杰,汤丰玮,卢一鸣,N,N
181,58,兰州大学,随便,8,1260,-,+2(58),-,+1(139),+1(88),-,+1(111),-,+5(309),+3(197),+4(114),+1(44),55%,水源,张恩彬,吕澎,N,N
182,59,西北大学,剑舞者,8,1261,-,+1(64),-,+1(106),+2(126),-,+1(224),-,+1(278),+1(305),+1(83),+1(55),11%,朱钊毅,伍俊霖,蒋宏烨,N,N
183,,哈尔滨工业大学,风灵玉秀,8,1266,-,+2(59),-1,+2(155),+5(188),-,+1(280),-,+1(239),+1(122),+1(58),+1(45),42%,陈云龙,金智威,郭昕旸,N,N
184,,武汉大学,虎先锋三拳打碎大圣梦,8,1273,-,+2(61),-4,+1(101),+2(267),-,+4(320),-,+3(132),+4(91),+1(55),+1(46),55%,卢凯宾,谷嘉良,水熙锐,N,N
185,,南京大学,我打铁牌？真的假的？,8,1274,-,+1(66),-2,+1(122),+1(81),-,+3(267),-,+2(133),+6(296),+3(64),+1(45),55%,黄文睿,谭泽晖,张浩淼,N,N
186,60,厦门大学,为王的诞生献上黄瓜,8,1278,-,+1(70),-5,+1(95),+1(199),-,+2(242),-,+2(279),+3(178),+1(77),+1(58),33%,邹品聪,,,N,N
187,,武汉大学,超高校级的xcpc玩家,8,1298,-,+1(59),-2,+1(89),+6(136),-,+7(226),-,+1(201),+2(165),+2(90),+2(52),63%,徐嘉浩,柯昀志,罗岑,N,N
188,,上海大学,SHU2402,8,1300,-,+2(49),-2,+1(89),+1(153),-,+2(302),-,+1(245),+5(191),+3(78),+1(33),50%,房辰燏,松浩然,潘铧超,N,N
189,61,重庆大学,不考计算几何就摆烂,8,1303,-,+3(62),-1,+1(86),+2(229),-,+1(305),-,+1(265),+1(179),+1(68),+1(49),27%,葛轩铭,陈泆君,鲁永卓,N,N
190,,杭州电子科技大学,2024杭电7队,8,1304,-,+2(55),-3,+1(122),+1(185),-,+4(276),-,+1(222),+3(226),+1(49),+1(49),42%,王佳栋,刘亿臻,吴启航,N,N
191,,杭州电子科技大学,2024杭电9队,8,1314,-,+1(50),-2,+1(97),+2(136),-,+1(340),-,+3(284),+2(208),+1(66),+1(53),33%,冯松权,沈栩冉,沈泽楷,N,N
191,,南京信息工程大学,笨蛋天才膜法师,8,1314,-,+1(61),-,+1(123),+1(141),-,+2(354),-,+2(301),+1(219),+1(45),+1(30),20%,刘一鸣,刘阳元,曹煜珑,N,N
193,62,福建理工大学,猿农舟,8,1317,-,+1(65),-3,+3(123),+4(258),-,+2(236),-,+1(141),+4(190),+2(56),+1(48),55%,郑晟睿,林舜华,陈鹏,N,N
194,63,河海大学,我的acm铁牌物语果然有问题,8,1325,-1,+2(55),-,+1(109),+2(145),-,+4(331),-,+1(245),+3(210),+1(62),+1(28),46%,付宏磊,朱庆刚,林桁,N,N
195,,西安电子科技大学,什么都不会也能参加ACM吗？,8,1329,-,+2(73),-2,+1(150),+1(160),-,+2(226),-,+3(279),+5(187),+1(60),+1(34),50%,汤修齐,潘振,吴晨,N,N
196,64,浙江科技大学,星光算法馆,8,1345,-,+1(64),-,+1(129),+1(103),-,+1(298),-,+2(345),+2(249),+1(67),+1(50),20%,范思哲,孙以恒,杨佳涵,N,N
197,,同济大学,本来挺喜欢ACM的,8,1356,-7,+2(67),-,+1(106),+1(136),-,+5(291),-,+2(241),+2(245),+1(70),+1(60),46%,孙治弘,刘依扬,张乐天,N,N
197,,北京理工大学,重生之我是姜萍,8,1356,-,+1(64),-,+1(104),+3(203),-,+1(270),-,+1(324),+3(225),+1(52),+1(34),33%,张智文,金典,黄冠泽,N,N
199,,东南大学,不知道叫啥名,8,1361,-,+2(75),-1,+1(147),+6(296),-,+1(223),-,+1(191),+3(130),+1(74),+1(65),50%,靳赫涛,杜鑫研,毛周祥,N,N
200,,中国科学技术大学,布吉岛,8,1365,-,+4(83),-2,+1(99),+2(162),-,+4(311),-,+1(231),+1(183),+2(84),+1(52),50%,张以诺,郑心舟,戎峻泽,N,N
201,,吉林大学,为什么要有队名,8,1369,-,+1(66),-4,+1(98),+2(275),-,+4(161),-,+1(302),+2(206),+3(67),+1(54),46%,孔泉智,徐梓博,席乐媛,N,N
202,,浙江理工大学,炉石新晋肺癌一哥,8,1374,-,+1(48),+4(273),+1(127),+1(311),-,-,-,+1(230),+3(166),+1(67),+1(52),38%,张莉曼,王显龙,陶稼辉,N,N
203,,同济大学,登神长阶,8,1381,-,+1(61),-,+1(130),+1(70),-,+3(358),-,+1(258),+3(324),+1(50),+1(50),33%,张翔,林鑫宇,王琨瑀,N,N
204,,上海大学,SHU2403,8,1397,-2,+2(68),-,+4(119),+1(249),-,+5(227),-,+1(281),+3(145),+1(54),+1(54),55%,耿鹏成,张学鹏,周子竣,N,N
205,,华南理工大学,洛杉矶糊人,8,1406,-,+3(71),-1,+2(149),+2(106),-,+6(266),-,+2(267),+1(178),+2(108),+1(41),57%,李建成,董宏远,严浩文,N,N
206,,西安交通大学,事已至此，先炸评测机吧,8,1409,-,+2(59),-4,+1(72),+1(251),-,+1(313),-,+1(227),+5(278),+1(48),+2(41),42%,封鸿焱,王君睿,姜宇骋,N,N
207,,杭州电子科技大学,2024杭电8队,8,1412,-,+2(54),-1,+2(96),+2(210),-,+4(344),-,+2(338),+1(124),+1(63),+1(43),46%,金佳栋,余邦轩,许钟乐,N,N
208,,中山大学,中山大学9队,8,1423,-,+3(82),-2,+1(181),+3(124),-,+10(338),-,+1(151),+5(137),+1(41),+1(29),68%,张温楷,游少濠,李景楠,N,N
209,,杭州电子科技大学,2024杭电6队,8,1426,-,+3(69),-1,+1(102),+2(165),-,+7(330),-,+2(280),+1(178),+1(56),+1(46),55%,张劭晗,陈煜,阮虹涛,N,N
210,,华南理工大学,原根,8,1448,-1,+1(63),+2(313),+1(100),+2(245),-,+3(238),-,+1(279),-,+3(54),+1(36),42%,马成均,邵弈,欧天毅,N,N
211,,武汉大学,学习使我快乐_早八使我自律_晚十使我清醒,8,1449,-,+2(59),-,+1(121),+2(313),-,+2(230),-,+2(304),+1(207),+1(74),+1(61),33%,苌子杰,毛一凡,王舒睿,N,N
211,,华中科技大学,冒泡猫虫,8,1449,-,+5(61),-,+1(138),+3(115),-,+4(243),-,+3(348),+2(224),+1(44),+1(36),60%,王尊玉,卞曜洋,吴佳黎,N,N
213,,浙江师范大学,ZJNU_12队,8,1452,-,+1(81),-,+1(127),+2(188),-,+4(327),-,+3(233),+1(260),+1(70),+1(46),42%,潘锦桦,俞天琦,翁一栋,N,N
214,,四川大学,拼图,8,1456,-,+1(66),-,+1(48),+6(116),-,+8(327),-,+7(219),+2(150),+2(75),+1(55),71%,陈凯奇,杨卓,林宸,N,N
214,,中国科学技术大学,白日梦想家,8,1456,-,+3(62),+3(341),+1(72),-4,-,+3(303),-,+1(206),+1(213),+2(68),+1(51),46%,王怡钧,蔡俊成,高君祚,N,N
216,65,燕山大学,塔山之巅,8,1460,-,+2(45),-1,+2(136),+6(185),-,+4(284),-,+1(243),+2(220),+2(78),+1(29),60%,孙振轩,李一阳,吴亚楠,N,N
217,,中山大学,中山大学11队,8,1461,-,+1(71),-,+1(102),+1(162),-,+1(332),-,+1(291),+4(341),+1(58),+1(44),27%,郑少怀,郭翊涛,杨志宸,N,N
218,66,西北工业大学,#N/A,8,1467,-1,+3(74),-,+1(104),+3(217),-,+2(312),-,+2(279),+1(182),+1(62),+4(57),52%,张天翔,牛马思元,王景珩,N,N
219,,复旦大学,无限螺旋,8,1471,-,+2(65),+2(359),+2(123),+2(204),-,+2(291),-,+1(199),-1,+1(69),+1(61),38%,刘浩然,丁以恒,郭颖,N,N
220,,南京大学,广告位招租,8,1477,-,+3(67),-,+1(105),+2(152),-,+3(294),-,+1(285),+3(327),+1(60),+1(47),46%,邓铭越,郦恒仪,程星智,N,N
221,,西安交通大学,宇宙将为你闪烁,8,1480,-,+1(67),-,+1(96),+5(284),-,+8(206),-,+1(319),+1(149),+1(94),+1(45),57%,王禹皓,邓熙健,石皓文,N,N
222,,清华大学,休闲大队,8,1493,-,+7(130),-,+1(89),+1(136),-1,+3(325),-,+1(179),+5(267),+1(81),+1(46),60%,贾朝蓬,冷滟泽,骆科运,N,N
223,,福州大学,不AC不睡觉,8,1501,-,+1(62),-,+1(193),+3(180),-,+3(293),-,+1(326),+3(228),+1(55),+1(44),42%,丁杰,李盈盈,黄思睿,N,N
224,,北京大学,黑神话悟能,8,1508,-,+1(69),-14,+1(102),+6(114),-,+7(288),-,+1(189),+6(244),+3(88),+1(54),69%,张开泰,陈伯轩,袁晓坤,N,N
225,67,北京林业大学,上林花似锦,8,1534,-,+2(53),-,+2(122),+5(253),-,+4(342),-,+1(233),+3(204),+1(61),+1(46),57%,付耀刚,余行健,张锦秀,N,N
226,,同济大学,闪电旋风劈,8,1546,-,+3(89),-,+1(113),+9(306),-,+2(220),-,+3(282),+2(164),+1(60),+1(32),63%,谭兆辰,曾熠辰,周耀佳,N,N
227,68,湖南科技大学,万万大宝贝,8,1589,-,+2(64),-,+1(160),+2(129),-,+11(355),-,+2(277),+1(202),+2(90),+1(32),63%,万佳文,文帅,李中钰,N,N
228,,杭州电子科技大学,2024杭电4队,8,1591,-,+1(43),-5,+1(79),+7(325),-,+5(260),-,+1(287),+4(176),+4(72),+1(29),66%,罗传杰,俞越,张雨泽,N,N
229,,东北大学秦皇岛分校,最澄澈的空与海,8,1602,-,+3(58),-,+1(342),+1(279),-,+1(337),-,+1(255),+1(114),+3(98),+1(39),33%,王若翔,邓逸飞,唐德斌,N,N
230,,华中科技大学,懒大王,8,1605,-,+1(52),+3(246),+2(99),-9,-,+1(260),-,+1(310),+8(347),+1(54),+1(37),55%,潘喆,刘正航,向恩泽,N,N
231,,西安交通大学,锦筝叹,8,1609,-,+1(56),-,+1(94),+2(110),-,+3(334),-,+6(347),+8(245),+2(71),+1(32),66%,曹思宇,钟宇,李牧远,N,N
232,,南京理工大学,混沌蝴蝶,8,1619,-,+4(66),-,+1(103),+2(241),-,+1(310),-,+1(354),+3(298),+1(70),+1(57),42%,丁则文,王一萌,吴俐伽,N,N
233,,西安交通大学,萨摩耶空间站站长今天买什么,8,1624,-,+1(85),-1,+1(152),+3(164),-,+6(297),-,+1(256),+4(337),+1(75),+1(58),55%,胡辰同,林沫非,李彧闻,N,N
234,,北京大学,我要玩黑吗喽,8,1666,-,+3(56),-3,+1(133),+1(95),-,+8(354),-,+1(245),+7(281),+3(129),+1(33),68%,苏政鑫,舒俊喜,肖瑾瑜,N,N
235,,华中科技大学,长夜杯空,7,754,-,+2(43),-5,+1(100),+2(67),-,+3(203),-,+2(136),-11,+1(55),+1(50),41%,万睿朋,邓本永,李鑫,N,N
236,,南京大学,不敢苟铜,7,766,-,+1(52),-,+1(131),+2(138),-,+1(107),-,-6,+3(180),+1(63),+1(35),30%,熊俊淇,李方泽,陈哲敏,N,N
237,,清华大学,天宫抛物,7,787,-6,+1(56),-,+2(195),+1(95),-,-7,-,+2(193),+2(85),+1(58),+1(45),30%,孙乐然,何珈玮,陈卓裕,N,N
238,,浙江工业大学,choke豁免检定大成功,7,811,-6,+1(64),-,+1(107),+2(94),-,+1(189),-,-3,+1(205),+2(67),+1(45),22%,鲍成,罗志炜,叶瑞阳,N,N
239,,厦门大学,XMU01,7,827,-7,+1(70),-,+1(81),+1(165),-,+2(228),-,-10,+1(142),+1(63),+1(58),12%,栾英石,,,N,N
240,69,衡阳师范学院,望春风,7,863,-,+1(69),+2(71),+2(125),-,-,+2(194),-,-,+3(209),+1(63),+1(32),41%,林红历,戴璐瑶,郑庆,N,N
241,70,上海科技大学,二刺猿黑猴在地平线上飙筋斗云,7,931,-2,+2(67),-1,+2(135),+2(97),-,-,-,+1(251),+2(183),+1(89),+1(29),36%,王鹏程,徐振羽,李怡蕙,N,N
242,71,华南农业大学,公司写题跟nm偷情一样,7,933,-,+2(57),-,+1(89),+1(160),-,+1(302),-,-16,+2(212),+1(44),+1(29),22%,梁嘉俊,何勤政,陈国豪,N,N
243,72,沈阳理工大学,亻尔 女子,7,934,-,+2(60),-,+1(83),+1(98),-,+4(198),-,-4,+3(277),+1(54),+1(44),46%,茅泉浩,闻家尉,相一衡,N,N
244,73,上海理工大学,安云染街 客语佳辰,7,940,-4,+2(57),-1,+1(118),+2(103),-,-3,-,+3(289),+1(154),+2(71),+1(48),41%,董柯演,张皓宇,吴佳霖,N,N
245,,东南大学,西西弗斯,7,943,-,+3(68),-7,+1(90),-1,-,+6(331),-,+1(165),+1(81),+1(40),+1(28),50%,刘一鸣,何辰玮,王俊迪,N,N
246,,复旦大学,重生之塔菲先别急喵,7,950,-,+2(71),-6,+1(135),+2(218),-,-4,-,+1(180),+3(168),+1(57),+1(41),36%,谢锦树,张勖扬,柯炳屹,N,N
247,,吉林大学,结构化查询语言,7,957,-,+3(51),-3,+1(111),+1(169),-,-1,-,+5(238),+1(150),+1(63),+1(55),46%,苏睿杰,刘昱,邱天,N,N
248,,山东大学,复方金银花颗粒,7,972,-4,+1(63),-1,+1(134),+2(209),-,+2(289),-,-,+2(106),+1(67),+1(44),30%,陈子载,程前,吴浩明,N,N
249,,华中科技大学,真的没摆烂,7,999,-,+2(56),-,+2(92),+1(145),-1,-3,-,+2(216),+6(226),+1(59),+1(45),53%,郭际泽,李凌凯,赵佳义,N,N
250,,南方科技大学,南方科技大学-特隆赫姆,7,1003,-1,+2(53),-,+1(98),+3(136),-,-7,-,+3(301),+2(159),+2(66),+1(50),50%,殷铭轩,曾沛宸,娄午尘,N,N
251,,华南理工大学,队长带我打名额,7,1007,-,+1(61),-,+1(99),+1(166),-,+4(287),-,-,+2(217),+1(52),+1(45),36%,刘浩然,陈鹏,洪家欣,N,N
252,,中山大学,中山大学7队,7,1008,-,+1(68),-,+1(106),+3(122),-,-8,-,+3(273),+4(159),+1(72),+2(48),53%,谭栋泽,吴振熙,万耀文,N,N
253,,东北大学,东北大学_努力能力与未来,7,1012,-,+3(63),-,+2(107),+1(106),-,-,-,+1(298),+2(257),+1(51),+1(50),36%,谢天石,张佳栋,黄宇帆,N,N
254,,北京理工大学,阿夸滑滑蛋喝冰红茶,7,1021,-,+3(66),-,+1(111),+1(270),-,-1,-,+1(189),+3(199),+1(54),+1(52),36%,李嘉政,李轩宇,彭程,N,N
255,,中国科学技术大学,夜旅号,7,1022,-5,+3(69),-6,+1(104),+2(157),-,-,-,+1(241),+4(219),+1(65),+1(47),46%,杨思汗,黄盛唐,刘畅,N,N
256,74,苏州大学,fzcsyglq,7,1028,-,+3(80),-,+1(141),+3(168),-,+4(66),-,-7,+1(217),+4(102),+1(54),58%,韩则进,周进一,李承庚,N,N
257,,哈尔滨工业大学,海星罐头,7,1034,-,+1(50),-,+1(149),+1(107),-,-5,-,+4(331),+1(246),+1(56),+1(35),30%,周书扬,李志轩,杜宇丰,N,N
258,75,西湖大学,Waiting for a four-year date,7,1036,-9,+1(60),-,+1(110),+2(173),-,+3(341),-,+1(212),-5,+1(49),+1(31),30%,楼鑫浩,刘振豪,陈子乐,N,N
259,,南京大学,随家仓,7,1040,-,+3(74),-1,+1(107),+2(153),-,-,-,+1(228),+1(281),+1(79),+1(58),30%,樊书岩,邓淇,李承泽,N,N
260,76,南京邮电大学,njupt24team003,7,1058,-,+1(61),-3,+1(87),+2(222),-,+1(147),-,+5(351),-,+1(45),+1(45),41%,胡乐安,崔晨曦,赵聿祺,N,N
261,77,武汉纺织大学,我的青春AC物语果然没有恋爱,7,1067,-1,+2(49),-1,+1(121),+2(157),-1,-4,-1,+2(340),+3(193),+1(65),+1(42),41%,刘洋,裘贺宝,周黄灏,N,N
262,,四川大学,在线光速幂,7,1075,-,+1(44),-3,+3(103),+1(152),-,-,-,+1(284),+7(249),+1(54),+1(29),53%,刘宇凡星,罗实,韩子睿,N,N
263,,华中师范大学,弘文了,7,1083,-,+1(53),-,+1(101),+1(219),-,+4(324),-,-,+1(212),+1(64),+1(50),30%,张凯文,杨波,汪祺祺,N,N
264,,南京大学,乱翘键盘,7,1088,-,+2(59),-,+1(99),+3(97),-,+6(308),-,+3(207),-,+2(68),+1(30),61%,陈端锐,张植翔,葛文清,N,N
265,78,东华大学,不可视境界线,7,1102,-,+2(86),-2,+1(130),+2(274),-,-,-,+4(242),+1(157),+1(70),+1(43),41%,金浩帆,杨韵清,侯迦得,N,N
266,79,宁波职业技术学院,你不能拿我们和那些本科队伍比,7,1104,-,+4(67),-,+1(121),+2(180),-,-,-,+1(314),+2(232),+1(49),+1(41),41%,王泽宇,吕扬盛,陈科朋,N,N
267,,国防科技大学,听党指挥,7,1111,-,+3(93),-,+1(134),+1(156),-,-2,-,+1(279),+2(235),+2(81),+1(53),36%,刘宇林,宋怀源,杨泽,N,N
268,,西安交通大学,WA 症候群,7,1125,-,+1(52),+3(348),+2(117),+1(257),-,-,-,+1(189),-6,+1(61),+1(41),30%,黄万平,封俊宇,薛楠恺,N,N
269,80,哈尔滨工业大学（威海）,为帅比学长征婚QQ2216541094,7,1128,-,+2(64),-,+2(110),+1(156),-,-5,-,+2(266),+6(246),+1(57),+2(49),56%,李泳明,姚天奇,陈子铭,N,N
270,,中国科学技术大学,可爱白毛萝莉,7,1129,-,+4(98),-10,+1(121),+2(212),-,-,-,+1(236),+3(165),+1(106),+1(71),46%,孙旭磊,殷跃然,曾昱嘉,N,N
271,81,中国地质大学（北京）,不时以暴力写算法的邻座铁牌同学,7,1133,-,+2(58),-,+1(126),+2(98),-,-5,-,+2(297),+6(248),+1(65),+3(41),58%,许兴城,滕俊宁,盖林,N,N
272,,华中科技大学,起名字好难,7,1138,-,+2(56),-,+1(96),+2(114),-,+5(358),-,-,+2(272),+1(62),+1(40),50%,郭梓洋,刘嘉恒,王子石,N,N
273,,华中科技大学,五个月了不会喝果冻,7,1144,-,+2(84),-,+1(55),+1(303),-,+3(257),-,+2(209),-10,+1(97),+1(59),36%,吴高宇,李秉翰,黄国栋,N,N
274,,东北大学秦皇岛分校,鸡鸣湖畔,7,1148,-,+2(63),-,+2(142),+3(145),-,+1(306),-,+1(227),-6,+4(82),+1(43),50%,司伟业,张昱东,张裕博,N,N
275,82,杭州师范大学,春天的草莓和夏天的啤酒花,7,1154,-,+2(73),-,+1(132),+1(233),-,+2(309),-,-,+2(208),+1(96),+1(43),30%,林丰,邵茹怡,尤馨然,N,N
276,,深圳大学,蓝桥杯深圳总部,7,1155,-,+2(84),-,+1(116),+1(245),-,+1(339),-,-3,+1(227),+1(63),+1(61),12%,张少南,马午寅,陈洋琛,N,N
277,,南方科技大学,SUSTech_Four,7,1161,-,+4(58),-,+2(97),-,-,+4(306),-,+2(229),+3(169),+1(57),+1(45),58%,徐晨熠,彭致远,王扬皓,N,N
278,,西安电子科技大学,喵亦或鱼,7,1164,-,+2(50),-,+1(105),+1(182),-,+3(257),-,-,+2(357),+1(66),+2(47),41%,谢睿杰,冯子诚,文童宇,N,N
279,83,中国石油大学（北京）,天不怕地不怕,7,1167,-,+2(60),-,+1(121),+2(164),-,+1(293),-,-,+2(306),+2(103),+1(40),36%,姜致远,林昱辰,仝泰旻,N,N
280,84,重庆理工大学,重理工1,7,1171,-,+1(32),-,+1(141),+1(252),-,+4(333),-,-,+3(229),+1(48),+1(36),41%,许润峰,于张本,张洋,N,N
281,,哈尔滨工业大学（威海）,帅比队长继续征婚QQ2216541094,7,1184,-,+3(82),-,+1(92),+2(180),-,-2,-,+4(305),+1(256),+3(64),+1(45),53%,解裕懋,李义朋,沈晨阳,N,N
281,,武汉大学,终末旅行,7,1184,-,+2(79),-,+1(161),+4(129),-,-,-,+1(221),+4(330),+1(64),+1(60),50%,厉汪扬,解丛语,李澍,N,N
283,,中国科学技术大学,我们真的热爱数学,7,1190,-,+5(115),+1(300),+1(208),+4(224),-,-,-,-,+1(102),+1(59),+1(42),50%,乐屈毅,黄星皓,赵星宇,N,N
284,,南京大学,九九,7,1195,-,+3(84),-,+2(141),+1(177),-,+1(283),-,-,+1(312),+1(83),+1(55),30%,许世泽,张宸源,朱伟鹏,N,N
284,,浙江工业大学,ZJUT7,7,1195,-,+2(58),-,+1(110),+1(293),-,+1(260),-,-,+1(348),+1(62),+1(44),12%,谢宇韬,陆仙梁,冯梓航,N,N
286,,浙江师范大学,分秒易逝，V我5时,7,1198,-5,+3(138),-,+1(148),+1(205),-,-2,-,+2(274),+2(228),+1(80),+1(45),36%,刘思源,敖浩博,兰博望,N,N
287,,山东大学,复活吧，我的 yc,7,1206,-,+1(71),-3,+1(111),-,-,+4(348),-,+1(186),+5(176),+1(79),+2(75),53%,俞程,钟以楠,陈方航,N,N
288,85,福建师范大学,杰尼龟快使用飞叶快刀,7,1217,-,+3(55),-,+1(119),+3(297),-,+8(343),-,-,+1(92),+1(47),+1(44),61%,夏子洋,柯培垚,王潇,N,N
289,86,中国民航大学,合法队名选择器,7,1224,-,+1(83),-,+1(114),+3(320),-,+2(273),-,-,+2(207),+2(71),+1(56),41%,崔凌宵,陆浩楠,颜一鸣,N,N
290,,华中科技大学,旅游启动！！！,7,1231,-3,+3(54),-,+2(113),+1(246),-,+5(302),-,+2(198),-1,+3(65),+1(53),58%,冯业齐,储昭晗,彭雨洋,N,N
291,,山东大学,攻击性没有还低能的要死,7,1237,-,+1(77),-,+1(105),+3(177),-,+5(260),-,-,+1(333),+3(72),+1(53),53%,周何,王在烜,许蕴朴,N,N
291,,南方科技大学,SUSTech_Six,7,1237,-,+2(65),-,+3(192),+3(334),-,-6,-,+1(258),+1(168),+1(68),+1(52),41%,刘睿涵,王海粼,李佳霖,N,N
293,87,湖南理工学院,流泪猫猫头,7,1243,-,+1(55),-,+2(126),+1(220),-,-3,-,+2(283),+1(310),+5(84),+1(45),46%,金烜宇,梁韧,林卫昱,N,N
294,,同济大学,君与构造与构造之恋,7,1252,-,+2(91),-,+1(111),+3(199),-,+8(306),-,-1,+1(170),+1(88),+1(87),58%,李烨,鲁浩宇,杜宇轩,N,N
295,88,大连海事大学,牛刀小试,7,1255,-,+2(60),-,+2(176),+4(204),-,+4(323),-,-,+1(239),+1(50),+1(43),53%,周晨枫,任毅,张雨露,N,N
296,89,合肥工业大学,漠北行舟,7,1266,-,+3(70),-,+1(97),+3(159),-,+7(323),-,-,+3(264),+1(66),+1(47),63%,张力中,丁帅,王雅典,N,N
296,89,西北农林科技大学,nwafuteam,7,1266,-,+2(56),-,+1(83),-,-,+3(308),-,+1(358),+5(200),+2(62),+1(39),53%,蔡祺峰,张益诚,寻真,N,N
298,,北京交通大学,世纪难题,7,1281,-,+3(85),-,+2(214),+2(323),-,+3(286),-,-,+1(142),+1(63),+1(48),46%,周一鸣,孙宁,邬健翔,N,N
299,91,广州大学,i * i = -1,7,1309,-,+1(65),-,+2(120),+3(352),-,+3(311),-,-,+4(213),+1(51),+1(37),53%,吴梓涵,黎俊豪,谢艺瀚,N,N
300,,同济大学,于离别之朝束起约定之花,7,1317,-,+4(128),-,+1(111),+1(160),-,-,-,+1(206),+4(353),+3(149),+1(50),53%,靳嘉成,吴晶承,刘诗奇,N,N
301,92,湖南城市学院,陆乃乃子乃子虎视眈眈,7,1342,-,+2(58),-,+2(142),+3(291),-,+3(346),-,-,+4(247),+1(44),+1(34),56%,杨港宇,王钦荣,陆昌坤,N,N
302,93,郑州大学,郑大一队,7,1351,-,+2(59),-,+1(123),+1(281),-,-,-,+7(335),+1(344),+1(46),+1(23),50%,赵圣元,乔培元,梁志杰,N,N
302,,南京大学,然后，下一题即将通过,7,1351,-,+1(74),-,+4(128),+1(93),-,+9(355),-,+4(305),-3,+1(66),+1(50),66%,邓振霄,鞠哲,缪天顺,N,N
304,,南京大学,该名称已被占用,7,1394,+9(353),+3(57),-,+1(162),+3(152),-,-,-,+1(282),-5,+1(87),+1(61),63%,罗荣鑫,卢林强,汪文韬,N,N
305,,北京理工大学,过了样例也不队,7,1429,-,+3(67),+5(359),+2(158),-1,-,+2(264),-,+2(291),-3,+1(61),+1(49),56%,邬宇炼,王舒晗,何大鹏,N,N
306,94,上海师范大学,你用着二次元头像说我是二次元？,7,1453,-,+5(120),-,+1(90),+3(173),-,+12(342),-,+3(231),-16,+1(66),+1(51),73%,林彬,王刚,李至峰,N,N
307,,西北工业大学,小甜甜,7,1533,-,+3(101),-,+1(266),+2(159),-,+14(354),-,-,+1(187),+1(94),+1(52),69%,邹嘉豪,李可期,钟涛宇,N,N
308,,上海理工大学,煌煌威灵 照彻万川,7,1854,-,+2(57),-,+1(195),+3(168),-,+25(346),-,-,+2(333),+4(89),+1(46),81%,黄毅帆,章振杰,龚丞思,N,N
309,95,安徽大学,嗷呜嘎嘎,6,627,-,+1(74),-,+1(99),+1(151),-,-,-,-,+1(211),+1(61),+1(31),0%,桑浩翔,胡明道,张嘉怡,N,N
310,,东北大学,东北大学_好果汁,6,629,-,+1(51),-,+1(153),+1(112),-,-4,-,-,+1(216),+1(74),+1(23),0%,刘格显,房田峰,贺康,N,N
311,,湘潭大学,夜曲,6,636,-,+1(49),-,+1(115),-,-,+4(208),-,-13,+1(67),+1(72),+2(45),40%,曾庆鑫,卓越,叶祖晨,N,N
312,,中国科学技术大学,烧烤队列,6,681,-,+2(52),-,+2(123),+2(136),-,-,-,+1(240),-8,+1(40),+1(30),33%,于泳昊,楼元培,,N,N
313,,华中科技大学,相信你的注册中心,6,686,-,+3(68),-,+1(129),+3(110),-,-12,-,+1(196),-,+1(55),+1(48),40%,毛嘉琛,雷昕延,马瑞暄,N,N
314,,西湖大学,Mathematics Bomber,6,692,-4,+2(65),-,+1(133),+3(138),-,-4,-,-,+1(172),+1(83),+1(41),33%,汪阳,贾岚晴,俞开,N,N
315,,山东大学,芝士队名,6,693,-,+1(64),-,+1(97),+2(135),-,-,-,-9,+3(241),+1(56),+1(40),33%,吴一豪,王政骁,王路阳,N,N
316,,安徽大学,罚时冠军,6,725,-,+3(69),-,+1(112),+1(208),-,-9,-,-,+1(171),+1(74),+1(51),25%,周礼阳,高源,张允成,N,N
317,,武汉大学,无言的宇宙,6,726,-,+1(76),-,+1(136),+2(108),-,-2,-,-5,+3(201),+1(87),+1(58),33%,金润禾,孙阳光,张涵,N,N
318,,浙江理工大学,浙理不队,6,761,-,+1(53),-,+2(105),+1(176),-,+3(261),-,-6,-,+1(63),+1(43),33%,项帅,张浩,章智博,N,N
319,,北京航空航天大学,fumofumo,6,772,-,+1(57),-,+1(122),-,-,-,-,+2(263),+2(173),+1(73),+1(44),25%,段岳辰,张子昱,任一杰,N,N
320,,北京理工大学,v我50带你看下北泽沼气动力猪头少年,6,782,-,+2(68),-,+1(160),+1(124),-,-,-,-,+2(280),+1(60),+1(50),25%,黄俊超,赵一辰,刘洲甫,N,N
321,,南开大学,为什么要演奏acm,6,784,-,+1(61),-,+2(100),+2(154),-,-5,-,-3,+4(260),+1(66),+1(43),45%,陈馨颍,陈伯远,曲恒睿,N,N
322,,华南理工大学,这发不AC我当场把电脑吃掉,6,789,-,+3(60),-,+1(142),+2(136),-,-4,-,+1(268),-5,+1(94),+1(29),33%,罗子健,王雅恒,叶文煜,N,N
323,,上海科技大学,学大技科海上,6,799,-,+2(75),-,+1(154),+2(265),-,-,-,+1(163),-3,+1(61),+1(41),25%,陈籽安,何宗原,戚桐瑜,N,N
324,,华中科技大学,HCL,6,801,-,+2(72),-,+1(79),+1(227),-,-2,-,-,+3(244),+1(69),+1(50),33%,卢逸飞,黄云昊,陈神爱,N,N
325,,湘潭大学,训练两年半，何日上绿名,6,825,-,+1(76),-,+1(107),+3(332),-,-10,-,-,+1(141),+2(61),+1(48),33%,方云卓,谢东骏,谢先皓,N,N
326,,西湖大学,GLORY: CCPC,6,826,-14,+2(108),-9,+1(116),+2(138),-15,-13,-7,+2(258),-6,+1(96),+1(50),33%,严密,杨宇恒,袁嘉骏,N,N
327,,华中师范大学,空天之梦,6,827,-,+2(69),-,+1(152),+1(104),-,-,-,+3(318),-2,+1(62),+1(62),33%,曾位俊,郑壹腾,邱俊凯,N,N
328,,电子科技大学,UESTC_老东西,6,831,-,+1(66),-,+1(110),-1,-,-,-,+3(335),+1(163),+1(68),+1(49),25%,王振波,常铭,郑力文,N,N
329,,中国科学技术大学,苕玩点原神,6,834,-,+2(59),-,+1(71),+6(198),-,-22,-,-,+3(243),+1(57),+1(46),57%,孙悦淳,金天昊,赖浩宸,N,N
330,96,北京师范大学,乘三成队,6,839,-5,+2(58),-,+1(147),+2(106),-,-,-,-,+3(331),+1(68),+1(49),40%,张明杨,季涛,吕祖峰,N,N
331,,苏州大学,RE 手动机,6,842,-,+1(78),-,+1(163),+2(127),-,+4(284),-1,-2,-1,+1(67),+1(43),40%,刘昕宇,沈杨卓凡,陈顾漪,N,N
332,97,哈尔滨理工大学,哈理工2024Y11,6,845,-,+3(78),-,+1(168),+1(180),-,-,-,-,+1(290),+1(60),+1(29),25%,王令开,刘泽旭,李晶洋,N,N
333,,南京航空航天大学,DML,6,852,-,+1(46),-,+1(74),+2(221),-,-3,-,-,+2(343),+1(77),+1(51),25%,沈运之,邵嘉奇,任衍硕,N,N
334,,大连理工大学,我没有想法,6,860,-,+3(66),-,+2(176),+1(210),-,-,-,-,+1(167),+2(111),+1(50),40%,刘博文,金鑫宇,连茗暄,N,N
335,98,西安理工大学,神秘的力量,6,863,-1,+2(75),-,+2(130),+4(283),-,-1,-,-,+1(171),+1(63),+1(41),45%,马铭源,金钰奇,王颢焓,N,N
336,99,华南师范大学,变出队名的魔法,6,868,-,+3(59),-,+1(138),+2(231),-,-,-,+1(243),-9,+1(89),+1(48),33%,温则葆,蔡润钦,余昕烨,N,N
337,,中南大学,大鸟 zig zig zag,6,872,-,+2(76),-,+2(125),-2,-,-5,-,+4(248),+3(204),+1(49),+1(30),53%,高雨涵,朱天乐,文启智,N,N
337,100,东北农业大学,谁敢向我挑衅？网络赛专用高胜率起手已配,6,872,-,+1(60),-5,+1(225),+2(135),-,-,-,-,+1(280),+2(86),+1(46),25%,庄原,田毅,侯宇,N,N
339,,苏州大学,汉汉欧欧手,6,874,-,+1(60),-,+1(102),-,-,+5(260),-,-,+3(219),+1(64),+1(49),50%,王宇轩,肖锦嗣,周逸扬,N,N
340,,上海科技大学,嘉然今天吃嘉心糖,6,877,-,+2(58),-3,+2(144),+3(187),-,-,-,-,+1(211),+3(94),+1(63),50%,黄磊,张亦弛,胡艾博,N,N
340,,北京师范大学,苹果狗,6,877,-,+3(68),-,+1(84),-,-,-,-,+3(171),+5(268),+1(82),+1(44),57%,陈志锐,罗一粟,王儒斌,N,N
342,101,中国科学院大学,啥,6,883,-,+3(74),-,+1(98),+1(137),-,-,-,+5(341),-10,+1(68),+1(45),50%,石曜铭,吕安哲,尤俊翔,N,N
343,,西北工业大学,憧憬成为算法少女,6,884,-,+2(82),-,+1(136),+1(278),-,-,-,-,+2(231),+1(69),+1(48),25%,甘云帆,刘雨萱,吴语,N,N
344,,华南理工大学,Magically WA,6,888,-,+1(61),-,+1(128),+2(203),-,-34,-,-,+2(342),+1(69),+1(45),25%,涂序有,黄子豪,吴友郅,N,N
345,,南京大学,哥布林,6,890,-,+1(63),-,+1(144),+2(238),-,-2,-,+3(240),-4,+1(78),+1(67),33%,徐梓鸣,李熠城,彭钰朝,N,N
346,,北京理工大学,结束乐队,6,893,-,+2(78),-,+1(113),+1(202),-,-,-,+2(344),-,+1(66),+1(50),25%,王学康,唐珈玮,刘恒溥,N,N
347,,电子科技大学,UESTC_风沙星辰,6,898,-,+1(54),-,+1(144),+1(274),-,-2,-,+4(212),-1,+1(94),+1(60),33%,李星遥,许庆山,李雨斌,N,N
348,102,广西大学,这一发·贯穿星辰,6,914,-,+2(69),-1,+1(115),+1(206),-,-,-,-,+4(347),+1(53),+1(44),40%,李周详,梅松,孙怿翔,N,N
349,,南方科技大学,南方科技大学-斯塔万格,6,915,-3,+2(88),-,+1(127),-,-,+3(323),-,-,+2(175),+1(69),+1(53),40%,王惠民,李滨,丁哲昊,N,N
350,,深圳大学,秋秋你给我块金牌吧，我什么都绘做的,6,928,-2,+3(87),-,+1(110),+3(313),-,-3,-,-,+2(190),+1(80),+1(48),45%,王荟斐,蔡子健,邹瀚泓,N,N
351,,华东师范大学,河东食堂转生队,6,930,-2,+2(77),-1,+1(178),+3(197),-,-,-,+2(294),-1,+1(61),+1(43),40%,沈崇焕,刘俊毅,刘昕东,N,N
352,,四川大学,来计院只为夺金,6,933,-,+1(73),-,+1(112),+5(269),-,-6,-,+2(257),-,+1(61),+2(41),50%,钟诚,张麒豫,刘泽勋,N,N
353,,合肥工业大学,天天做早操队,6,935,-,+1(63),-,+1(272),+5(191),-,-2,-,-,+1(202),+1(84),+1(43),40%,王腾昊,韩昆桦,舒雨飞,N,N
354,103,江西理工大学,你是我遥不可及的梦,6,939,-,+3(67),-,+1(143),+2(206),-,-,-,-1,+3(324),+1(53),+1(46),45%,简政,司佩东,张宇凡,N,N
355,104,浙大城市学院,冬雪涟,6,941,-,+2(69),-,+1(145),+2(241),-,+2(293),-,-,-,+2(79),+1(34),40%,郭申申,鲁俊杰,张洋鸣,N,N
356,,电子科技大学,UESTC_PenaltyAutomaton,6,946,-,+2(69),+1(86),+1(263),-11,-,-,-,-,+5(320),+1(59),+1(49),45%,吕东阳,傅若山,邹子成,N,N
356,,深圳大学,不要找我打什么黑吗喽我要学算法打比赛OK?,6,946,-,+3(82),-,+1(123),+1(196),-,-,-,-,+3(320),+2(79),+1(46),45%,查凯文,刘骐华,佘洽聪,N,N
358,,北京理工大学,卡批炉批和穹批,6,951,-8,+6(81),-,+1(132),+3(252),-,-,-,-,+3(169),+2(78),+1(39),62%,梁思源,李昂,郑润哲,N,N
359,,山东大学,你有这样高速运转的机械进入软件园,6,952,-,+4(76),-,+1(139),+1(326),-,-,-,-,+1(218),+1(52),+2(61),40%,孙语聪,燕学烨,孙广宸,N,N
360,,电子科技大学,UESTC_EndlessEmbrace,6,959,-,+2(64),-3,+1(115),+2(283),-,-,-,-11,+3(287),+1(63),+2(47),45%,王彬丞,王鹏,余天羽,N,N
361,,同济大学,黄渡技术幼儿园,6,963,-,+1(72),-,+1(106),+3(171),-,-5,-,+6(331),-,+1(60),+2(63),57%,姜乃珲,张又文,赵思铭,N,N
362,105,浙江农林大学,队长不会二分搜索,6,972,-,+3(80),-,+1(116),+4(232),-,-6,-,-,+1(332),+1(64),+1(48),45%,杨一郎,章心阳,包涵,N,N
363,,上海科技大学,can can need 对不队,6,978,-,+3(78),-,+2(120),+4(151),-,-,-,-,+8(242),+2(59),+1(48),70%,钱靖,俞喆川,杨子烆,N,N
364,,华中科技大学,啊哈哈哈哈,6,979,-,+2(77),-,+1(186),-,-,+2(311),-,+1(241),-,+1(73),+1(51),25%,孙航雨,邱卓珩,李嘉泽,N,N
365,106,长沙学院,三脸懵逼,6,981,-,+3(136),-,+1(167),+1(299),-,-,-,-,+1(193),+1(103),+1(43),25%,龚珊珊,罗宝升,曾令翔,N,N
366,,南京航空航天大学,黄转绿,6,987,-,+3(73),-,+1(103),-2,-,-,-,+5(325),+4(204),+1(54),+1(48),60%,谢雨奇,王锴,匡显然,N,N
367,,华中科技大学,诗羽 花花 Corinth,6,996,-,+1(80),-,+1(62),+4(262),-,+5(325),-,-,-2,+1(73),+1(54),53%,沈明辉,冯元宁,李佩远,N,N
368,,浙江师范大学,使一颗心免于哀伤,6,999,-,+4(70),-,+1(119),+3(345),-,-,-,-,+1(203),+3(76),+1(46),53%,厉峻宏,郭宝旭,项展,N,N
369,107,西南大学,AutoC++,6,1000,-,+4(58),-,+1(245),+3(158),-,-22,-,-,+6(231),+1(60),+1(48),62%,徐畅,马博涵,傅祥斌,N,N
369,107,中国矿业大学,虔诚雏草姬每天都要对塔祷⾄昏,6,1000,-,+3(84),-,+1(143),+1(314),-,-,-,-,+2(276),+1(64),+1(59),33%,李岘,龚子贤,高宏智,N,N
371,,中南大学,"写都写了,交一发",6,1002,-,+2(81),-,+5(144),-,-,+1(274),-,-4,+2(277),+1(59),+1(47),50%,周学恒,刘润田,刘鸣晓,N,N
371,,南京邮电大学,njupt24team001,6,1002,-,+1(53),-,+1(106),-,-,+7(244),-,-,+3(308),+2(66),+1(45),60%,张禹健,冯一帆,文超航,N,N
373,,吉林大学,划船全靠浪,6,1016,-,+3(59),-,+2(165),+3(159),-,-10,-,-,+6(290),+3(79),+1(24),66%,武锦旗,刘凡平,赵星宇,N,N
374,,大连理工大学,dlut01,6,1019,-,+1(64),-,+1(98),+1(285),-,+5(356),-,-,-1,+1(74),+1(62),40%,赵一鹏,李泽与,侯硕伟,N,N
375,,河海大学,25时、在ccpc打铁,6,1021,-,+4(76),-,+2(170),+2(221),-,-,-,+1(327),-,+1(60),+2(47),50%,张天浩,杜泽恩,李金涛,N,N
376,,华南理工大学,Fast Fast TLE,6,1024,-,+2(62),-,+3(171),+2(303),-,-,-,-1,+1(231),+3(114),+1(23),50%,吴挺宇,吴尚鸿,甘景贤,N,N
377,,苏州大学,ZzzNotFound,6,1030,-,+2(81),-,+1(137),-,-,+4(293),-,-,+1(321),+1(70),+1(48),40%,周骁逸,史华睿,林昱彤,N,N
378,109,北京工业大学,铁牌也是牌,6,1035,-,+1(91),-,+1(136),+3(270),-,-18,-,-,+1(294),+3(110),+1(54),40%,李俊良,苏阳,冯际鸣,N,N
379,,浙大城市学院,夏日青空,6,1036,-,+3(64),-,+2(127),+4(342),-,+3(245),-,-,-,+1(63),+1(35),57%,林景阳,林嘉亮,许航杰,N,N
380,,厦门大学,云璃，你可以吃琼实鸟串,6,1051,-,+3(87),-,+1(178),+2(332),-,-,-,-,+1(300),+1(50),+1(44),33%,蔡培,陈朱迪,林育立,N,N
381,,广西大学,憧憬成为原神高手,6,1055,-,+1(63),+2(77),+3(261),-9,-,+4(333),-,-,-,+3(101),+1(60),57%,张健明,陶康,高健宁,N,N
382,,中国科学院大学,原神启动队,6,1060,-,+3(56),-,+1(175),+2(150),-,-,-,-,+12(296),+1(66),+1(37),70%,黄铮舸,胡格致,唐睿,N,N
383,110,集美大学,真城,6,1061,-,+2(54),-,+1(147),+6(283),-,-,-,+1(306),-,+1(102),+1(49),50%,周鑫,陈文静,黄传献,N,N
384,,香港中文大学（深圳）,OZR,6,1068,-,+3(87),-,+2(114),+7(249),-,-,-,+1(316),-3,+2(56),+1(46),62%,刘长睿,王中天,王雨菲,N,N
385,111,宁波大学,泥巴动物园,6,1076,-,+3(54),-,+8(278),+1(128),-,-,-,+1(340),-,+1(67),+1(29),60%,吴镇桥,沈天佑,方炫玮,N,N
386,112,华东理工大学,原来的队名太难听了所以先把这个队名填上去,6,1082,-,+2(80),-,+2(164),+3(232),-,-,-,-,+2(284),+3(129),+1(53),53%,乐征宇,朱晨煊,祁璟玥,N,N
387,,杭州电子科技大学,2024杭电12队,6,1085,-,+1(62),-,+1(165),+2(356),-,-,-,-,+5(299),+1(52),+1(51),45%,乐星宇,徐吴昊,王麒润,N,N
388,,香港科技大学（广州）,科广汪汪汪,6,1090,-,+1(55),+4(355),+3(234),-,-,-,-,-,+3(176),+2(71),+1(39),57%,刘博文,吴星智,梁君豪,N,N
389,,浙江理工大学,小喷菇懒得喷,6,1092,-,+3(76),-,+1(154),-2,-,+2(318),-,-,+7(257),+1(58),+1(49),60%,干佳立,余首荣,姜楠,N,N
390,,南京邮电大学,njupt24team006,6,1101,-,+1(84),-,+1(177),+2(255),-,-,-,-,+6(353),+1(63),+1(49),50%,田晓亮,韩炜,陈卓然,N,N
391,,东北大学,东北大学_退役打铁,6,1103,-,+2(59),-,+1(230),+1(204),-,-,-,-,+2(351),+4(109),+1(50),45%,濮金骁,王子晗,祝云飞,N,N
392,,南京大学,求周处放过,6,1109,-,+2(85),-,+1(106),+8(328),-,+4(227),-,-,-5,+1(80),+1(63),64%,张成禹,王思齐,谢庆轩,N,N
393,113,贵州大学,被计组乱杀的acm loser,6,1114,-,+3(87),-1,+1(161),+1(349),-,-,-,-,+2(320),+1(89),+1(48),33%,高嘉阳,傅锦灿,史昌盛,N,N
394,114,河南大学,AC人生,6,1130,-,+3(81),-,+1(162),+2(263),-,-53,-,-,+5(339),+1(97),+1(48),53%,何高磊,魏文博,李锦辉,N,N
395,,哈尔滨工业大学（深圳）,算法？没会过！,6,1152,-,+3(184),-,+1(173),+1(216),-,-2,-,+1(283),-,+4(145),+1(51),45%,徐子昂,罗千原,颜秋子,N,N
396,,南京邮电大学,njupt24team017,6,1154,-,+2(58),-,+1(109),+5(300),-,+12(251),-,-,-,+1(80),+1(36),72%,李永鑫,陈昊泽,王普立,N,N
397,,东华大学,随便吧，你看着搞吧,6,1181,-,+1(87),+4(333),+2(135),-,-,-,-,+5(306),-,+2(90),+1(50),60%,陈缪鑫,彭飞,蔡晋,N,N
398,,南京邮电大学,njupt24team005,6,1193,-,+3(80),-,+1(227),+3(279),-,+4(355),-,-,-,+1(62),+1(50),53%,廖梓轩,王瑞阳,陈华柯焱,N,N
399,,中国矿业大学,无名之辈,6,1200,-,+3(74),-,+1(288),+3(201),-,-,-,-,+1(338),+2(115),+3(44),53%,黄科海,梁浩均,周佳炜,N,N
400,,东南大学,悄然谜响,6,1209,-,+1(86),-,+3(268),+4(242),-,-,-,-,+3(343),+1(72),+1(58),53%,陈琳昊,黄煜杰,周子航,N,N
401,,上海财经大学,尼采说得队,6,1237,-,+2(75),-,+2(231),+1(284),-,-,-,-,+7(358),+1(60),+2(49),60%,陶晟昱,朱烨成,陈建明,N,N
402,115,天津仁爱学院,2024CCPC网络赛队伍1,6,1239,-,+4(104),-,+1(161),+5(359),-,-,-,-,+2(287),+1(126),+1(42),57%,李安磊,方思源,刘征,N,N
403,,广东工业大学,我们已经很努力想队名了,6,1257,-,+1(119),-,+2(208),-,-,+10(342),-,-,+3(147),+3(109),+1(52),70%,黄立韬,梁志聪,李梓灏,N,N
404,116,武汉工程大学,深藏blue2.0,6,1265,-,+2(120),-,+1(175),+5(290),-,-,-,-,+2(348),+2(152),+1(40),53%,王尔强,邱泽旭,郭翰良,N,N
405,,东华大学,转生成为C++卢瑟,6,1272,-,+2(132),-,+2(173),-,-,+6(329),-,-,+5(242),+2(105),+1(51),66%,沈兴波,谢昀辰,占宏,N,N
406,117,中国计量大学,"兄弟,我想拿牌",5,418,-,+1(59),-,+1(143),+1(66),-,-10,-,-,-,+3(82),+1(28),28%,陈忠鹏,陈家齐,陈敏,N,N
407,118,浙江农林大学暨阳学院,zjyc1,5,450,-,+1(45),-,+2(105),-,-,-,-,-,+1(152),+3(62),+1(26),37%,褚茂誉,赵博渊,姜梓堉,N,N
408,119,北京化工大学,O.o,5,465,-,+1(67),-,+1(83),-,-,-,-,-,+1(230),+1(56),+1(29),0%,彭天祺,徐文博,黄东琦,N,N
409,,东南大学,打ACM打的↑↓,5,489,-,+3(66),-,+1(147),+1(110),-,-,-,-,-3,+1(65),+1(61),28%,汪骏宇,张一林,陈乐扬,N,N
410,,浙大城市学院,扫雷爱好者,5,497,-,+1(61),-,+2(138),-,-,+2(149),-,-,-,+1(65),+1(44),28%,陈至之,沈墨昕,褚锦威,N,N
411,120,中国海洋大学,No Answer of Wrong Answer,5,498,-,+2(75),-,+1(143),+1(157),-,-,-,-,-,+1(58),+1(45),16%,冯钰恒,张成玺,陈岳阳,N,N
412,,华中科技大学,糖果酱,5,499,-,+1(54),-8,+1(195),+1(162),-,-,-,-,-7,+1(44),+1(44),0%,赵亮亮,丁易然,李嘉明,N,N
413,,福建师范大学,最有希望的一集,5,500,-,+2(56),-,+1(93),-,-,-,-,-,+3(160),+2(66),+1(45),44%,王金鹏,陈伟杰,李志锐,N,N
414,121,阿坝师范学院,火攻,5,507,-,+1(71),-,+1(115),+3(172),-,-,-,-,-8,+1(60),+1(49),28%,李先笙,胡航,刘付焮,N,N
414,,香港中文大学（深圳）,新建文件夹,5,507,-,+1(62),-,+1(92),+4(174),-,-,-,-,-,+1(69),+1(50),37%,莫骄阳,周信言,邓有权,N,N
416,122,山西大学,sxu_败犬acmer太多了！,5,517,-,+1(67),-6,+1(56),+1(239),-,-,-,-,-,+2(84),+1(51),16%,华晓飞,刘明泽,贺文杰,N,N
417,,西湖大学,Elderly sightseeing tour,5,520,-,+1(63),-,+1(103),+4(196),-,-,-,-,-5,+2(50),+1(28),44%,周扬帆,王浩择,周子涵,N,N
418,,大连理工大学,dlut02,5,521,-,+1(45),-,+2(151),+1(208),-,-,-,-4,-,+1(66),+1(31),16%,梁彦君,赵子尧,范辰一,N,N
419,123,山东师范大学,多压力队友才会有好成绩,5,543,-,+2(58),-,+1(97),-4,-,-,-,+1(276),-,+1(56),+1(36),16%,李浩,李睿琦,孙兆政,N,N
420,,浙江师范大学,干翻别人队,5,546,-,+2(58),-,+1(116),+1(235),-,-,-,-,-,+1(80),+1(37),16%,赵欣雨,汪暄暄,陈佳宜,N,N
421,,中国科学技术大学,黑曼巴:出去,5,555,-1,+1(78),-1,+2(106),+4(174),-1,-7,-1,-1,-2,+1(68),+1(49),44%,刘彦宏,叶力天,解亿凡,N,N
422,,电子科技大学,UESTC_正在验证您是否是真人,5,557,-,+2(72),-,+1(117),+2(233),-,-,-,-,-,+1(58),+1(37),28%,汤宗铉,李果,林子豪,N,N
423,,浙江工业大学,今亦求金,5,559,-5,+1(65),-,+1(139),-,-,+1(251),-,-,-,+1(53),+1(51),0%,周泳良,闵士轩,罗一鸣,N,N
424,,浙江工业大学,队长求你别考公了啊,5,560,-,+1(58),-2,+2(92),-9,-,+1(264),-,-,-,+2(70),+1(36),28%,黄陈兆鋆,朱科睿,苏雨钦,N,N
424,124,河南师范大学,Pal Team,5,560,-,+1(50),-,+1(107),-,-,-10,-,-,+1(309),+1(65),+1(29),0%,冯常林,荆文超,徐熙涵,N,N
426,,深圳大学,SZU_SUZ_ZUS_ZSU_USZ_UZS,5,563,-,+2(75),-,+2(134),-1,-,-,-,-,+2(175),+2(55),+1(44),44%,李晗,李子炫,徐嘉哲,N,N
427,,武汉大学,重修数理基础,5,567,-,+5(49),-,+1(92),-5,-,+4(156),-,-,-5,+2(79),+1(31),61%,林喆霖,范锦炜,蔡子,N,N
428,,西南大学,说好的奖金呢,5,568,-,+2(72),-,+1(135),+1(239),-,-,-,-,-,+1(58),+1(44),16%,盛明睿,蒋天逸,韩清泉,N,N
429,,浙江师范大学,该戒网瘾了,5,570,-,+1(61),-,+1(112),-,-,-,-,-9,+2(263),+1(71),+1(43),16%,嵇纹垲,陈炯荣,张煜,N,N
430,,中国科学技术大学,浑水摸奖,5,572,-,+2(85),-,+2(141),-3,-,-2,-,-,+3(144),+1(63),+1(59),44%,时颢恒,张文峻,崔卓,N,N
430,125,江南大学,Taboo「Laevatein」,5,572,-,+1(49),-,+1(107),-,-,-,-,+1(315),-,+1(66),+1(35),0%,董万里,赵泓博,王鑫阳,N,N
432,,华东师范大学,不玩原神导致的,5,573,-,+2(64),-,+1(129),+1(266),-,-,-,-,-1,+1(62),+1(32),16%,杜霖,张潮,王江扬,N,N
433,,西安电子科技大学,便乘计划wa舞台！,5,577,-,+3(65),-,+2(113),+3(161),-,-13,-,-,-2,+2(73),+1(45),54%,闵旭曈,邓思哲,李林,N,N
433,,华中师范大学,且听风吟,5,577,-,+1(59),-,+1(141),-,-,-,-,-,+1(261),+1(73),+1(43),0%,潘芮锐,易嘉鸣,张蓬月,N,N
435,,哈尔滨工业大学（威海）,唐可可后援会,5,581,-,+2(88),-,+1(117),+1(241),-,-,-,-,-2,+1(67),+1(48),16%,许展翔,李昕烨,焦浩清,N,N
436,126,河南理工大学,橙子往昔,5,582,-,+1(57),-,+1(87),+2(277),-,-,-,-,-8,+2(78),+1(43),28%,罗峻函,王郅明,高嘉琦,N,N
437,,广州大学,六兆TLEと一WA物語,5,584,-,+1(40),-,+1(158),+1(293),-,-,-,-,-12,+1(65),+1(28),0%,郑灵杰,杨竣淇,陈全隆,N,N
438,,北京交通大学,七海之旅,5,588,-,+2(73),-,+1(126),-2,-,-1,-,-,+1(227),+2(71),+1(51),28%,王君斐,杜宜宸,魏浩桓,N,N
438,,华中科技大学,罚时上天,5,588,-,+2(49),-,+1(97),+2(272),-,-,-,-,-3,+2(65),+1(45),37%,张俊焕,王畅,朱雨程,N,N
440,127,电子科技大学中山学院,中山学院2队,5,589,-,+1(49),-,+1(86),-,-,-,-,-,+2(313),+2(69),+1(32),28%,廖铭源,胡逸涵,钟毓鑫,N,N
441,128,成都信息工程大学,可我始终不及你的冰冷,5,590,-,+3(67),-,+1(152),+1(260),-,-1,-,-2,-,+1(40),+1(31),28%,季璨,王熙岚,秦朝超,N,N
442,,中山大学,中山大学12队,5,592,-,+2(84),-,+1(112),-,-,-,-,-,+3(224),+1(68),+1(44),37%,周岱昕,唐翼,张耀天,N,N
443,,电子科技大学,UESTC_DebugSimulator,5,595,-,+1(60),-,+1(165),+1(227),-,-,-,-4,-,+1(80),+1(63),0%,褚睿极,李文硕,徐立,N,N
443,,江南大学,坂田金银铜时,5,595,-,+3(62),-,+1(111),-,-,-3,-,-,+2(254),+1(69),+1(39),37%,王志鹏,上官家哲,唐宇喆,N,N
445,129,重庆移通学院,世界の中心、ACCEPTでを叫ぶ,5,599,-,+2(68),-,+1(136),-,-,-,-,-,+1(191),+3(107),+1(37),37%,李德立,韩世杰,袁馨渝,N,N
446,,西北工业大学,智力不太好,5,607,-,+2(68),-,+3(191),+1(182),-,-,-,-,-,+1(57),+1(49),37%,王钎屹,吴映卓,罗隆华,N,N
447,130,浙江财经大学,压缩毛巾,5,610,-,+4(64),-,+1(127),+1(196),-,-,-,-,-,+2(89),+1(54),44%,陈凯煜,唐俊杰,桑汉成,N,N
447,130,浙大宁波理工学院,青梅绿茶,5,610,-,+1(55),-,+1(95),-,-,+2(331),-,-,-2,+1(66),+1(43),16%,涂荣基,吴东,吴泽坤,N,N
449,,南京理工大学,猫猫头想吃鱼,5,612,-,+2(90),-,+1(140),-,-,-,-,-,+2(218),+1(71),+1(53),28%,徐菲阳,陈文轩,查怡安,N,N
450,132,广东工业大学揭阳校区,彼岸之约,5,614,-,+1(70),-,+1(182),+1(245),-,-11,-,-,-,+2(60),+1(37),16%,黄浩天,陈煜祺,向宇飞,N,N
450,132,西南科技大学,老东西,5,614,-,+1(53),-,+1(132),-,-,-,-,-,+3(258),+2(68),+1(43),37%,刘雨凡,游克峰,朱杰,N,N
452,,武汉理工大学,*幻想乡旅行团,5,619,-,+3(70),-,+1(181),+2(208),-,-,-,-,-,+1(67),+1(33),37%,刘泽宇,巫殷凯,胡书诚,N,N
453,134,长春理工大学,我绝不和煎蛋不放糖的家伙结婚！,5,620,-,+2(65),-,+4(152),-,-,+2(208),-,-,-3,+1(57),+1(38),50%,范泽涛,孟天,陈奕帆,N,N
454,135,哈尔滨工程大学,随风飘游于阳炎热浪,5,625,-,+2(82),-,+1(202),+3(140),-,-,-1,-,-,+1(79),+1(62),37%,叶凯鹏,李简平,王亦凡,N,N
455,136,山东大学（威海）,以上以下队伍都启动黑神话：悟空,5,626,-,+2(59),-,+1(136),+1(308),-,-,-,-1,-,+1(64),+1(39),16%,温泽林,陈汶泽,赵禹权,N,N
456,,哈尔滨工程大学,队长27小时无法宝速通黑神话悟空,5,628,-,+2(64),-,+1(80),-,-,-,-,-1,+3(322),+2(52),+1(30),44%,张传炯,金炜东,王一帆,N,N
457,,北京师范大学,异或小姐的狗,5,633,-,+1(71),-,+1(250),+1(215),-,-,-,-3,-4,+1(53),+1(44),0%,高延子鹏,傅俊林,颜方志,N,N
458,,哈尔滨工业大学,憂鬱烏龜,5,637,-,+1(62),-,+1(108),+2(313),-,-,-,-,-10,+1(81),+1(53),16%,寒钟书,卢海琪,许岩,N,N
459,,成都信息工程大学,帝企鹅,5,638,-,+1(63),-,+1(148),+2(228),-,-1,-,-,-,+3(103),+1(36),37%,林莫豪,刘雨葳,李奕乐,N,N
460,137,江西财经大学,Fe^3=Au,5,642,-,+1(55),-,+1(140),-,-,-,-,-,+1(330),+1(80),+1(37),0%,王玛琪,黄亦诚,石翰林,N,N
461,138,长沙理工大学,代码不能从这一侧AC,5,644,+7(249),+2(55),-,+1(93),-,-,-,-,-,-7,+1(64),+1(43),58%,徐彬峰,詹一夫,王兴宇,N,N
462,,南京理工大学,茶姬猫猫头,5,645,-,+5(55),-,+1(108),-,-,-,-,-,+1(260),+2(76),+1(46),50%,沈培森,刘懿臻,黄苏闽,N,N
463,139,新疆大学,奇迹与你,5,647,-,+2(48),-,+2(165),+1(301),-,-,-,-,-1,+1(59),+1(34),28%,黄梓峰,古恩豪,张志诚,N,N
464,,中国科学技术大学,五年oi三年io,5,648,-,+4(86),-,+1(106),-,-,-,-,-,+5(215),+1(55),+1(46),58%,史启源,王少白,钱易,N,N
464,,哈尔滨工业大学（深圳）,重生之我在哈工深打ACM,5,648,-,+2(76),-,+2(107),-,-,-5,-,+3(262),-,+1(67),+1(56),44%,秦绍竣,王一鸣,任德阳,N,N
466,,同济大学,星辰之音,5,650,-,+1(81),-,+1(176),+2(227),-,-2,-,-,-,+1(103),+1(43),16%,杨非凡,吕博文,尚莉强,N,N
467,,西安电子科技大学,关于起名字很随意这件事,5,653,-,+2(56),-,+3(181),-1,-,+1(247),-,-1,-3,+1(68),+1(41),37%,杨润彬,李聿垲,吴奕玮,N,N
468,,浙江师范大学,五金店,5,654,-,+2(91),-,+1(143),+2(214),-,-,-,-,-,+3(77),+1(49),44%,童培峻,余健原,李羿辰,N,N
469,,华中师范大学,这里没有乐子,5,656,-,+2(63),-,+1(241),+4(188),-,-,-,-,-1,+1(52),+1(32),44%,张书颇,严展翔,徐振迪,N,N
470,,湖南师范大学,how to win,5,659,-,+3(74),-,+2(148),+2(263),-,-6,-,-,-,+1(53),+1(41),44%,段天琦,曾磊鑫,陈碧辉,N,N
471,,华中科技大学,宝宝哭哭,5,660,-,+4(58),-,+2(105),-,-,+2(237),-,-1,-,+1(104),+1(56),50%,郭泽鑫,盖政华,张智博,N,N
471,,河海大学,不定积分,5,660,-,+1(61),-,+1(123),-1,-,-,-,-,+1(323),+2(88),+1(45),16%,申宝亿,蔡松廷,江晟东,N,N
473,,湖南科技大学,在线找清纯白毛萝莉QQ2806159031,5,661,-,+1(82),-,+2(114),-,-,-,-,-,+3(275),+1(72),+1(58),37%,胡博潇,杨紫陌,彭洋,N,N
474,,厦门大学,秦心人气投票19望周知,5,664,-,+3(63),-,+1(93),-,-,-6,-,-,+9(221),+1(44),+1(43),66%,王业盛,陈亚峰,赵子越,N,N
475,140,南昌航空大学,+∞,5,665,-,+1(61),-,+2(187),-7,-,-1,-,-,+1(276),+1(69),+1(52),16%,黄心磊,汤正泰,陈鹏,N,N
476,141,北方工业大学,样例过了,5,666,-,+1(65),-,+1(135),+3(325),-,-,-,-,-,+1(53),+1(48),28%,周易,王思诚,黄梨宸,N,N
477,,长沙理工大学,Sakura,5,672,-,+1(64),-,+1(132),-,-,-,-,-,+2(272),+4(79),+1(45),44%,唐彪,谭焱文,马艺,N,N
477,142,山东理工大学,清纯白毛小萝莉,5,672,-,+2(63),-,+1(166),+1(313),-,-,-,-,-7,+1(65),+1(45),16%,王鹤翱,孙童乐,从文杰,N,N
479,,山东师范大学,零原组,5,674,-,+2(52),-,+1(120),+2(349),-,-4,-,-,-,+1(76),+1(37),28%,王尧,张凤来,高天生,N,N
480,,杭州师范大学,一隅之梦,5,678,-,+1(65),-,+1(162),-1,-,+1(219),-,-,-,+4(136),+1(36),37%,张朝,蔡宇欣,陈俊安,N,N
481,,兰州大学,重生之这一世我要考上兰大计算机,5,681,-,+6(94),-,+1(124),-,-,-12,-,-,+1(209),+2(84),+1(50),54%,马良,沈天辰,郑宇航,N,N
482,,南京大学,this.name=null,5,684,-,+2(68),-,+3(204),+1(226),-,-,-,-,-4,+1(74),+1(52),37%,林晨浩,计昀,蒋雨泽,N,N
482,,西南科技大学,飘零之剑,5,684,-,+2(59),-,-4,-,-,+3(315),-,-,+3(112),+1(53),+1(45),50%,王云龙,石申圆,陈阳,N,N
484,,南京信息工程大学,CF 灰名也有打铁梦,5,688,-,+2(60),-,+2(130),-,-,+2(310),-,-,-,+2(69),+1(39),44%,崔嘉豪,栗雨,龚敏,N,N
485,143,青岛理工大学,莫问前程,5,690,-,+1(81),-,+3(125),-3,-,-,-,-,+4(224),+3(71),+1(49),58%,胡书杰,饶礼建,陈文卓,N,N
485,,复旦大学,奇计软软,5,690,-4,+4(64),-,+1(109),-4,-,-1,-,-,+3(266),+2(74),+1(57),54%,傅全通,汤腾博,牟昱榕,N,N
485,,郑州大学,郑大二队,5,690,-,+4(70),-,+2(134),-3,-,-,-,-,+2(283),+1(52),+1(51),50%,彭俊儒,罗飞云,曹建壮,N,N
488,,山东大学,诺曼底上岸队,5,693,-,+5(88),-,+1(142),-4,-,+3(212),-,-,-,+1(60),+2(51),58%,孙更欣,高士轩,于瑞灏,N,N
489,,成都信息工程大学,射影酉群,5,697,-,+2(59),-,+1(122),+4(296),-,-,-,-,-,+1(91),+1(49),44%,常旭海,杨洋,夏铭萱,N,N
490,,浙江理工大学,全员玩手机最长传奇队伍是也,5,698,-3,+1(59),-,+1(166),-2,-,+4(315),-,-,-,+1(64),+1(34),37%,陈宏毅,汤宇涛,江子豪,N,N
491,,西安电子科技大学,队名是啥,5,702,-,+1(54),-,+1(160),+3(336),-,-,-,-,-3,+1(67),+1(45),28%,朱星宇,黄旭,王靖恒,N,N
492,,华南师范大学,会赢的,5,703,-,+1(60),-,+1(144),+1(309),-,-,-,-,-10,+3(99),+1(51),28%,侯俊宇,张振,尧韶聪,N,N
493,144,厦门理工学院,厦门理工1队,5,705,-,+4(63),-,+3(130),-,-,-,-,+3(260),-,+1(64),+1(48),58%,黄鸿,张子漠,唐旭,N,N
494,,山东大学,原始人，起洞,5,706,-,+2(59),-,+1(113),-1,-,-,-,-,+5(325),+1(72),+1(37),50%,王嘉,谯迪中,孙秋延,N,N
495,145,大连理工大学盘锦校区,胰岛素,5,711,-,+3(86),-,+2(157),-3,-,-,-,-,+2(269),+1(71),+1(48),44%,陈嘉佑,张正阳,杨镇熙,N,N
495,145,广州航海学院,AK是不可能AK的,5,711,-,+2(77),-,+2(164),-,-,-,-,-,+3(286),+1(61),+1(43),44%,侯晓锴,高林杰,刘炀,N,N
497,147,怀化学院,怀化学院1队,5,713,-3,+2(77),-,+1(225),-7,-,-,-,-,+1(258),+1(85),+1(48),16%,宋正阳,王宇轩,曾凡耀,N,N
498,148,东北师范大学,吧别塔,5,714,-,+1(59),+2(298),+2(243),-,-,-,-,-,-1,+1(48),+1(26),28%,项赞宇,齐进帅,贺金龙,N,N
499,,东北大学秦皇岛分校,未命名,5,719,-,+1(99),-,+4(178),+3(216),-,-14,-,-,-4,+2(78),+1(28),54%,董欣谕,段俊宏,徐陆军,N,N
500,149,海南大学,海南大学一队,5,722,-,+2(114),-,+2(147),-,-,-,-,-,+3(235),+2(79),+1(47),50%,方政,郑朴,吕珅,N,N
501,,福州大学,Wa?Wa也算时间哦,5,725,-,+3(68),-,+1(126),-,-,-,-,-,+3(352),+1(55),+1(44),44%,廖棋灿,吴羽晗,陈程忞,N,N
502,150,天津工业大学,你有什么头猪吗？,5,727,-,+2(76),-,+2(167),-,-,+1(318),-,-,-,+1(75),+1(51),28%,应嘉宇,赵艺稞,郭梦贞,N,N
503,,哈尔滨工业大学,加载中，请稍后,5,729,-,+2(95),-,+2(163),-,-,-,-,-,+3(255),+1(91),+1(45),44%,刘明卓,刘靖文,郭健桓,N,N
504,,华南理工大学,是菜狗但我还没重生呢,5,730,-,+3(61),-,+2(220),-,-,+1(279),-,-,-6,+2(63),+1(27),44%,张麟,王奕凯,陈祖榆,N,N
505,,湘潭大学,horizon,5,734,-,+5(81),-,+1(133),-,-,-,-,+3(297),-,+1(65),+1(38),54%,欧鹏夫,曾鸿文,贺正高,N,N
506,,上海大学,SHU13,5,736,-,+3(62),-,+1(188),+3(284),-,-,-,-,-14,+1(76),+1(46),44%,邵一涵,王轶轩,阮一城,N,N
507,,电子科技大学中山学院,中山学院1队,5,739,-,+3(54),-,+1(177),-,-,-,-,-2,+3(242),+4(82),+1(44),58%,董泓栎,樊洪源,洪金健,N,N
508,,西湖大学,Genshin Impart,5,742,-5,+3(74),-,+2(199),+4(194),-,-,-,-,-3,+1(113),+1(42),54%,王宇皓,周禹卿,王子俊,N,N
508,,南京信息工程大学,冰雪聪明琪露诺,5,742,-,+1(114),-,+1(160),-,-,+1(315),-,-,-,+1(99),+1(54),0%,孙嘉诚,朱一诺,俞卓群,N,N
510,151,北京交通大学威海校区,渔村代表队,5,745,-,+1(108),-,+1(178),-,-,-,-,-,+2(249),+3(98),+1(52),37%,李骁,蔡云中,,N,N
511,,长沙理工大学,流萤,5,753,-,+2(59),-,+2(191),-2,-,+3(341),-,-5,-,+1(48),+1(34),44%,沈彬宇,陈师贤,赵翰熙,N,N
512,152,上海电力大学,不玩原神导致的,5,754,-,+3(108),-,+1(174),+2(238),-,-,-,-,-1,+1(125),+1(49),37%,朱凯年,栾效睿,裴洪宇,N,N
512,152,中国矿业大学（北京）,毕业前想打一次ccpc,5,754,-,+1(71),-,+1(218),+3(318),-,-,-,-,-5,+1(59),+1(48),28%,罗心伟,郭天茁,史坪巧,N,N
514,,东北师范大学,RuntimeError,5,757,-,+2(79),+3(327),+1(129),-,-,-,-,-,-,+2(96),+1(46),44%,齐昊坤,曹勇麟,黎江楠,N,N
515,,长沙学院,三只小丑想拿牌,5,758,-,+1(111),-,+1(201),+1(317),-,-,-,-,-2,+1(98),+1(31),0%,曾俊,张方林,杨李兵,N,N
516,154,武汉商学院,冰雪聪明琪露诺,5,760,-,+2(67),-14,+1(163),+5(292),-,-,-,-,-15,+2(94),+1(24),54%,熊子豪,贾锐哲,魏翔,N,N
517,,东南大学,扬帆续新辰,5,764,-7,+1(93),-,+1(132),-1,-,+5(332),-,-,-,+1(73),+1(54),44%,刘玮辰,潘亦新,王续丰,N,N
518,155,浙江工商大学,理塘最速WA传说,5,765,-,+1(67),-,+1(244),+2(289),-,-3,-,-,-,+2(93),+1(32),28%,林仁豪,陈孝乐,刘嘉炜,N,N
519,,南京理工大学,彩虹猫猫头,5,768,-,+4(82),-,+1(186),-,-,-,-,+1(286),-,+1(94),+1(60),37%,冯宇杰,刘一欢,吴东来,N,N
520,,西南大学,西大暴龙队,5,781,-,+3(83),-,+1(145),+7(283),-,-,-,-,-,+1(64),+1(46),61%,蒋麟洲,孙舒源,刘益鸣,N,N
521,156,青岛大学,风浪越大题越队,5,783,-,+3(87),-,+1(216),+3(281),-,-2,-,-,-,+2(61),+1(38),50%,崔宇昊,杨润,徐易,N,N
521,156,沈阳化工大学,玖久扒耳丝丝散舞伞,5,783,-,+1(67),-,+2(222),-,-,-,-,-,+1(307),+2(105),+1(42),28%,吴少荣,益文友,贾凤琦,N,N
523,,山东大学（威海）,唐神话：奶龙,5,787,-,+3(114),-,+1(172),+2(272),-,-,-,-,-2,+1(135),+1(34),37%,童延,陆柯旭,钟菡树,N,N
524,,山东大学（威海）,四川妹妹单挑小分队（不知毛肚为何物版）,5,791,-,+3(66),-,+1(164),+6(248),-,-,-,-,-5,+3(88),+1(45),64%,张智航,张胜熙,涂鸿铭,N,N
525,,广西大学,与星尘的握手,5,792,-,+1(70),-2,+1(196),-,-,-,-,-,+5(320),+1(74),+1(52),44%,付家锐,石新阳,韦祖豪,N,N
526,,天津大学,W一更，T一更，聒碎乡心梦不成,5,794,-,+2(50),-,+1(166),-3,-,-,-,+6(344),-,+1(61),+1(53),54%,安玺儒,万文彬,陈奕池,N,N
527,,东北大学,东北大学_交一发吧反正不会更糟了,5,795,-,+2(65),-,+2(227),+3(319),-,-,-,-,-,+1(60),+1(44),44%,翟潇潇,王耀辉,张起予,N,N
527,158,大连大学,还差两个人打王者荣耀校赛,5,795,-,+2(56),-,+1(151),+6(324),-,-4,-,-,-6,+1(91),+1(53),54%,张逸璇,魏恒彬,蒋文博,N,N
529,,重庆大学,WA的速度是每秒五十次,5,796,-7,+1(78),-,+1(220),-,-,+3(327),-,-,-,+1(67),+1(64),28%,喻言,周骁坤,杨展途,N,N
530,,武汉科技大学,理塘的最强傳説純真猛虎丁一郎,5,799,-,+1(73),-,+1(111),+9(355),-,-,-,-,-,+1(61),+1(39),61%,袁铭,潘骏,王宇杰,N,N
531,,大连海事大学,劈咔邱少兒編程,5,807,-,+1(127),-,+1(239),+4(215),-,-,-,-,-2,+1(111),+1(55),37%,王金洋,何文韬,鲍帅宇,N,N
532,,香港科技大学（广州）,S属性大爆发,5,809,-,+2(83),-,+3(190),+3(273),-,-,-,-,-,+2(92),+1(51),54%,张思达,黄俊良,李宇堃,N,N
532,159,阜阳师范大学,又到了难搞的时候,5,809,-,+4(58),-,+3(211),-,-,-18,-,-,+3(293),+1(79),+1(28),58%,张美星,胡召鑫,束明伟,N,N
532,,广东工业大学,做得都队,5,809,-,+3(57),-,+1(218),+1(329),-,-2,-,-,-,+3(92),+1(33),44%,彭文昊,石飏,齐思贤,N,N
535,,东华大学,杰哥做k吗,5,810,-,+1(76),-,+1(164),-2,-,+3(338),-,-,-,+3(106),+1(46),44%,郭旭阳,孙逸凡,杨文杰,N,N
536,160,合肥大学,甘！文！！崔！！！,5,811,-,+2(93),-,+3(139),-,-,-,-,-,+5(262),+2(90),+1(67),61%,钟健,许志航,桑长安,N,N
536,,国防科技大学,空零,5,811,-,+1(59),-,-2,+4(201),-,-,-,-,+5(274),+1(72),+1(65),58%,习逸晗,彭正圣,马艺洋,N,N
538,,浙大城市学院,阿库塞尔最强超绝圣剑美少女谢谢你爱丽丝,5,815,-,+1(84),-,+3(173),-,-,+3(342),-,-,-,+1(76),+1(60),44%,项天聪,杨烨锋,张宸赫,N,N
539,,西安电子科技大学,醉里挑灯看键,5,817,-,+2(52),-,+2(130),+7(340),-,-,-,-,-3,+2(68),+1(47),64%,俞凯嘉,洪龙颖,陈俊睿,N,N
539,161,中国地质大学（武汉）,不可思议之国的爱丽丝正在梦游仙境,5,817,-,+1(79),-,+2(252),+2(355),-,-,-,-,-,+1(63),+1(28),28%,陈学海,李诏天,何坤良,N,N
541,,上海大学,SHU04,5,818,-,+1(73),-,+1(259),+3(334),-,-,-,-,-,+1(61),+1(51),28%,田凯文,靳红飞,杨天浩,N,N
541,162,泉州师范学院,qztc1,5,818,-,+1(51),-3,+1(263),+2(353),-,-,-,-,-,+1(92),+1(39),16%,王嘉铭,崔韩磊,阳捷,N,N
543,,哈尔滨工程大学,goto: 希腊奶,5,819,-,+2(104),-,+1(155),-,-,-,-,-,+3(345),+1(85),+2(50),44%,蒋渡,孙江吉,赵新凯,N,N
544,,四川大学,偷吃嘉然小姐的贡品,5,820,-,+1(83),-,+1(305),-1,-,-,-,-,+5(245),+1(63),+1(44),44%,吴佳城,杨瑞,张翰辰,N,N
545,,南京理工大学,天和猫猫头,5,826,-,+1(45),-,+3(191),+3(299),-,-,-,-,-2,+3(121),+1(50),54%,丁宗健,何丰辰,谢景帆,N,N
546,,杭州师范大学,时停猫猫头,5,827,-,+1(67),-,+3(220),+1(338),-,-,-,-,-3,+1(117),+1(45),28%,张卓,何敏璐,温从锭,N,N
547,,电子科技大学,UESTC_宇宙超级无敌暴龙战士,5,828,-,+1(86),-,+1(180),+5(357),-,-,-,-,-,+1(71),+1(54),44%,幸旭鑫,黄雪锋,周蛰粼,N,N
548,,上海科技大学,网络赛：吗喽,5,830,-,+3(84),-,+2(175),-,-,+4(286),-,-,-,+1(109),+1(56),54%,艾恒宇,张哲轩,叶浩徐,N,N
548,163,赣东学院,世界遗忘我,5,830,-,+3(91),-,+1(167),-,-,+5(291),-,-,-2,+1(107),+1(54),54%,李垚隆,,,N,N
548,,青岛大学,月色回音,5,830,-,+3(84),-,+1(162),-,-,+6(320),-,-,-,+2(74),+1(30),61%,曾学钦,代自超,李子涵,N,N
551,,北京理工大学,你们可以抽象，但是别太抽象,5,833,-,+1(64),-,+4(266),+1(245),-,-,-,-,-4,+2(130),+1(48),44%,蒋济遥,陈奕帆,刘济尧,N,N
551,,中国民航大学,哆啦AC,5,833,-,+2(95),-,+3(179),-,-,-,-,-,+2(348),+2(83),+1(28),50%,葛朋林,刘俊杰,罗霄鹏,N,N
553,,杭州师范大学,再想想特判？,5,836,-,+2(76),-,+2(298),+4(235),-,-,-,-,-2,+1(85),+1(42),50%,周奕,戴子晟,江宇帆,N,N
554,,中国科学技术大学,退休中灯再就业,5,837,-,+2(57),-,+2(148),+9(314),-,-,-,-,-1,+1(71),+1(47),66%,赵泽昆,汪晨曦,陈纳川,N,N
555,,浙江农林大学,不拿牌就不能守护你，拿起牌就不能拥抱你,5,843,-,+2(74),-,+1(144),-,-,-,-,-,+7(325),+2(84),+1(56),61%,黄炫榕,任益超,王啸洋,N,N
556,,吉林大学,高玩派对,5,846,-,+2(65),-,+3(150),-1,-,-,-,-,+7(353),+1(57),+1(41),64%,拱垲,袁英麒,吕浩然,N,N
557,,香港中文大学（深圳）,仚屳屲冚,5,850,-,+2(51),-,+3(328),+3(203),-,-,-,-,-,+3(98),+1(30),58%,张恒,孙超逸,梁皓,N,N
558,,湖南师范大学,whenever aftergrow 也算wa吗,5,852,-,+3(57),-,+1(177),-1,-,+6(342),-,-,-,+1(93),+1(43),58%,王雨清,董爵硕,高嘉鑫,N,N
559,,华东理工大学,珂朵莉最可爱了,5,858,-,+2(91),-,+2(218),+3(320),-,-,-,-,-,+1(72),+1(77),44%,仇俊杰,徐池,张孙毓,N,N
559,164,北京理工大学珠海学院,新伙撩沅,5,858,-,+2(68),-,+4(261),+1(345),-,-,-,-,-,+1(55),+1(49),44%,王壮辉,蔡炆沅,丘晖扬,N,N
561,,武汉理工大学,曼波哈基米大战贤者三异鸟,5,863,+13(293),+1(61),-,+1(152),-8,-,-,-,-,-,+1(67),+1(50),70%,周泽鹏,邢家童,孙晨奥,N,N
562,,杭州师范大学,秋天的南瓜和冬天的雪山药,5,864,-,+3(64),-,+1(98),-5,-,+8(339),-,-,-,+3(112),+1(31),68%,陈科舟,殷吴辉,杨嘉福,N,N
563,165,湖南工学院,=188+182,5,867,-,+1(77),+1(246),+7(327),-,-,-1,-,-,-,+1(63),+1(34),54%,陈翔,刘志毫,王江和,N,N
563,165,浙江育英职业技术学院,育英七队,5,867,-,+1(54),-,+6(220),-,-,+3(342),-,-,-,+1(68),+1(43),58%,张杨晨昱,徐诚翰,陈华鹏,N,N
565,,吉林大学,紧急通知：等通知,5,869,-,+3(65),+2(333),-6,-,-,-,-,-,+2(257),+1(79),+1(55),44%,李一航,唐德睿,林浩博,N,N
566,167,西南交通大学,公主殿下护卫队,5,874,-,+4(98),-,+4(219),-,-,-,-,-,+3(254),+1(80),+1(63),61%,郭欣森,毛锦阳,陈凯南,N,N
567,,东华大学,青青草原,5,875,-,+3(80),-,+1(102),-3,-,-,-,-,+10(346),+1(75),+1(52),68%,俞鑫颜,刘青山,王飘飏,N,N
568,,中南大学,老司机带带我,5,876,-,+2(91),-,+1(183),-,-,-,-,-,+6(353),+2(68),+1(41),58%,吴子健,朱芝毅,林宇煌,N,N
569,168,中南民族大学,巅峰1800,5,877,-,+2(48),-,+1(175),-7,-,-,-,-,+8(343),+3(65),+1(46),66%,项升辉,高俊杰,刘时胜,N,N
570,169,江西师范大学,心态好,5,882,-,+3(69),+3(326),-,+3(183),-,-,-,-,-,+4(88),+1(36),64%,汤海峰,黎朔鸣,许国振,N,N
571,,华东师范大学,谁说在实验室吃东西不队？,5,885,-1,+1(61),-,+3(212),-,-,+4(349),-,-,-,+2(89),+1(54),54%,单敏杰,张甲伟,张子彤,N,N
572,,广州大学,成哥带飞队,5,886,-,+4(114),-,+3(201),+2(314),-,-,-,-,-1,+2(69),+1(48),58%,陈旭明,梁金成,刘成,N,N
573,,浙大宁波理工学院,带薪参赛,5,895,-,+2(64),-,+2(192),+4(296),-,-,-,-,-10,+5(120),+1(43),64%,陈泽楷,陈铮,吴承丞,N,N
574,,广东工业大学,静声,5,904,-,+4(74),-,+1(244),-,-,-,-,-,+1(322),+3(111),+1(53),50%,袁镇清,许晓喆,谢嘉骏,N,N
575,,福州大学,除你网络,5,908,-,+5(112),-,+1(184),-,-,+3(298),-,-,-,+4(89),+1(45),64%,陈建宇,庄宇烽,杨云飞,N,N
576,170,云南大学,YNUER-CCPC,5,910,-,+3(61),-,+1(161),-,-,-,-,+4(335),-,+4(144),+1(49),61%,周志昊,高凌豪,崔耀,N,N
577,,华南理工大学,队名,5,915,-,+3(73),-,+3(239),+5(343),-,-,-,-,-7,+1(51),+1(49),61%,黄烁韩,柯谱,邹明序,N,N
578,171,中北大学,YBQ粉丝团,5,919,-,+4(77),-,+1(182),-,-,+5(351),-,-,-7,+2(97),+1(52),61%,邢飞杨,毕镇,于秉琪,N,N
579,,华南师范大学,最后一页,5,929,-,+4(126),-,+1(291),+2(225),-,-,-,-,-1,+3(119),+1(48),54%,严雍泽,徐书研,吴彪生,N,N
580,,湖南大学,天禄,5,936,-,+3(89),-,+1(182),+3(351),-,-,-,-,-,+4(146),+1(28),58%,刘博文,陈罡,朱潇庸,N,N
581,,哈尔滨工业大学,睡到自然醒,5,937,-,+3(64),-,+4(255),-,-,-3,-,-,+3(349),+2(77),+1(32),61%,徐明拯,任相龙,曾浩锐,N,N
582,,中南大学,我吃麦当劳,5,939,-,+4(105),-,+2(240),-,-,-,-,-,+4(284),+2(98),+1(52),61%,吕飞扬,马思博,何炳琨,N,N
583,172,合肥工业大学宣城校区,Knights of the Eastern Calculus,5,954,-,+3(81),-,+1(224),-,-,-,-,-,+8(346),+1(79),+1(44),64%,于鸥鹿,徐宇宸,王泓杰,N,N
584,,山东理工大学,三重豌豆のxcpc,5,959,-,+1(91),-,+2(196),-,-,+8(307),-,-,-,+4(122),+1(23),68%,李连奇,毕振豪,吴宇恒,N,N
585,173,北京师范大学-香港浸会大学联合国际学院,你的择路人,5,976,-,+4(194),-,+2(188),-,-,-,-,+1(280),-,+3(155),+1(39),54%,吕路遥,赵泽峰,倪方博,N,N
586,,广东工业大学,果粒橙,5,979,-,+1(84),-,+6(325),+3(309),-,-,-,-,-1,+1(71),+1(50),58%,关津杰,张树程,邱列圻,N,N
587,,浙江工商大学,电之光,5,997,-,+3(89),-,+3(223),+9(311),-,-,-,-,-,+1(73),+1(61),70%,姚益浩,丁豪,叶恒,N,N
588,174,浙江万里学院,MikuFans,5,999,-,+1(49),-,+1(109),+21(329),-,-,-,-,-1,+2(60),+1(32),80%,竺夏,赵之钰,王力澜,N,N
589,,安徽大学,众梦之聚,5,1031,-,+6(86),-,+1(146),-7,-,-,-,-,+9(352),+2(100),+1(67),73%,许钧剑,吴昌盛,龙源徽,N,N
590,,湖南大学,知足常乐,5,1036,-,+4(151),-,+1(273),+4(337),-,-,-,-,-,+1(111),+1(44),54%,丁海桐,孙保庆,李景越,N,N
591,175,华北电力大学（保定）,据gt声称，不拿金就给三国杀刷好评,5,1040,-,+4(125),-,+1(193),-,-,-,-,-,+10(355),+1(82),+1(45),70%,闻瑞祥,梁朝阳,朱浩宇,N,N
592,176,重庆工程学院,黑神话：打铁,5,1058,-,+4(85),-,+1(141),-,-,-,-,-,+15(291),+4(92),+1(49),80%,张翔,,,N,N
593,,中国科学院大学,不知道起什么名字队,5,1299,-,+2(283),-3,+4(282),-4,-,+1(248),-,-,-4,+1(192),+1(214),44%,郭子颖,吴墨林,许晋升,N,N
594,,武汉理工大学,打一辈子出你字母能转生为AC高手吗,4,259,-,+2(65),-,+1(96),-,-,-,-,-,-,+1(48),+1(30),20%,刘承明,胡晨煊,陶释然,N,N
595,,河南理工大学,无敌罚时大王,4,266,-,+1(61),-,+1(109),-,-,-36,-,-,-,+1(66),+1(30),0%,李梦洋,张科文,马俊超,N,N
596,,青岛大学,三个东营老人,4,286,-,+1(68),-,+1(126),-,-,-,-,-,-,+1(59),+1(33),0%,李坤鹏,安晓曼,白骏,N,N
597,177,黑龙江大学,拂晓晨辉,4,287,-,+2(45),-,+1(124),-,-,-,-,-,-,+1(68),+1(30),20%,张宇航,白晓博,代玉鑫,N,N
598,,武汉纺织大学,别质疑我们了好吗好的乖摸摸头队,4,288,-,+1(73),-,+2(92),-,-,-,-,-,-3,+1(58),+1(45),20%,孔浩杰,谢飞,林舒乐,N,N
599,,长沙学院,冲冲冲,4,292,-1,+1(67),-,+1(106),-,-,-,-,-,-81,+1(76),+1(43),0%,应郑涛,曾翔,何南宁,N,N
600,,江西财经大学,彩虹海,4,296,-,+1(49),-,+1(148),-1,-,-,-,-,-,+1(68),+1(31),0%,喻琰,肖丛宇,郭宇航,N,N
601,,西南交通大学,米兰的小铁匠,4,301,-,+2(48),-,+1(155),-,-,-9,-,-,-,+1(54),+1(24),20%,廖智成,徐丁阳,陈加林,N,N
602,,哈尔滨工业大学（威海）,旧城以西,4,307,-,+2(59),-,+1(99),-,-,-,-,-,-2,+1(71),+1(58),20%,张洪瑞,徐悦,赵文溥,N,N
603,,湖南师范大学,again crychic 也算ac吗,4,308,-,+3(60),-,+1(109),-2,-,-,-,-,-,+1(54),+1(45),33%,殷浩文,唐嘉彬,陶子杨,N,N
603,178,河南农业大学,OVO,4,308,-,+2(63),-,+2(122),-,-,-3,-,-,-,+1(55),+1(28),33%,闫亚鑫,刘伟,齐子昊,N,N
603,178,华北水利水电大学,对WA使用无懈可击,4,308,-,+2(53),-,+1(123),-,-,-,-,-,-,+1(77),+1(35),20%,刘桐,张毅,黄鹏基,N,N
606,180,鲁东大学,银狼,4,309,-1,+1(59),-1,+1(129),-1,-1,-1,-1,-1,-4,+1(73),+1(48),0%,张瑞哲,朱德翔,潘佳雨,N,N
607,,东华大学,堇青之夜,4,310,-,+1(74),-,+1(131),-,-,-,-,-,-3,+1(61),+1(44),0%,张晓高,鲍威凌,黄城帆,N,N
608,,广东工业大学,漫游者,4,312,-,+1(44),-,+1(154),-,-,-,-,-,-,+1(70),+1(44),0%,钟迪,林敏彬,潘锦炫,N,N
609,181,安阳工学院,起什么队名呢,4,315,-,+1(68),-,+1(160),-,-,-58,-,-,-,+1(55),+1(32),0%,刘浩楠,张浩祥,李自豪,N,N
610,,西北工业大学,"destruction 3,2,1",4,319,-,+3(59),-,+1(107),-2,-,-2,-,-,-,+1(63),+1(50),33%,蔡思博,闻茁,韩正,N,N
611,,哈尔滨工程大学,vp后烤肉会,4,321,-,+1(62),-,+1(103),-,-,-,-,-,-2,+1(108),+1(48),0%,冯小石,张良正,李在熙,N,N
612,,南京信息工程大学,Accept 做得到吗,4,322,-,+1(73),-,+1(145),-,-,-,-,-,-,+1(59),+1(45),0%,田轹文,张泾玮,赵彬宏,N,N
613,,华南理工大学,不想写模拟了,4,326,-,+1(74),-,+1(108),-,-,-,-,-,-4,+3(57),+1(47),33%,刘臻,陈炳坤,陈诗懿,N,N
614,,长春理工大学,桃李酥,4,331,-,+2(71),-,+1(133),-,-,-86,-,-,-3,+2(64),+1(23),33%,陶乐乐,李澹,苏照城,N,N
614,,浙江师范大学,总裁，夫人说这签到题写不完，今晚不许回家,4,331,-,+1(67),-,+1(140),-1,-,-,-,-,-,+1(74),+1(50),0%,李燕斌,张之娴,马天晟,N,N
614,182,西南民族大学,永远都像初次见你那样使我心荡漾,4,331,-,+2(55),-,+1(152),-,-,-,-,-,-,+1(65),+1(39),20%,王海潮,张伟模,石珈豪,N,N
617,183,台州学院,转生异世界发现自己acm水平下降100倍,4,336,-,+2(74),-,+1(157),-,-,-,-,-,-,+1(57),+1(28),20%,鲍科任,柯豪,陆嘉,N,N
618,,南京航空航天大学,南航猫猫头（队长十年单身换区域赛铜牌版）,4,338,-,+1(65),-,+1(160),-,-,-,-,-,-2,+1(70),+1(43),0%,胡弘泰,池明轩,刘映石,N,N
619,,浙江理工大学,你T不T吧,4,339,-,+3(75),-3,+1(132),-,-,-,-,-,-,+1(59),+1(33),33%,余江辉,贺宇昊,任麒源,N,N
619,184,浙江广厦建设职业技术大学,油爆枇杷,4,339,-,+2(59),-,+2(145),-,-,-,-,-,-1,+1(50),+1(45),33%,张皓杰,余瑞,曹政业,N,N
621,,西北大学,越来越好,4,340,-,+1(87),-,+1(123),-,-,-,-,-,-,+2(72),+1(38),20%,易李彦翰,安俊杰,姜博宇,N,N
622,,中国矿业大学（北京）,我庄严宣誓我不干好事,4,342,-,+1(60),-,+2(170),-,-,-,-,-,-1,+1(64),+1(28),20%,梁凯,杜若琳,李维家,N,N
623,,吉林大学,以上队伍成绩无效,4,345,-,+3(89),-,+1(99),-3,-,-,-,-,-1,+1(77),+1(40),33%,鞠学深,梁家铭,,N,N
624,185,湖南工业大学,永远是深夜有多好,4,346,-,+3(70),-,+1(150),-,-,-,-,-,-,+1(51),+1(35),33%,杨泰,刘润博,林思,N,N
624,,河南大学,狗不理包子,4,346,-,+1(66),-3,+1(180),-2,-,-,-,-,-,+1(55),+1(45),0%,尤铭,胡逢彬,孙小文,N,N
626,186,郑州轻工业大学,最近公共祖先,4,349,-,+1(79),-,+1(124),-,-,-,-,-,-,+3(66),+1(40),33%,王梓博,汪雨航,周琪翔,N,N
627,187,江西理工大学南昌校区,双非勇闯酒吧舞之差一名有名额,4,351,-,+1(76),-,+1(134),-,-,-,-,-,-8,+1(63),+2(58),20%,李子昱,黄坪,刘化龙,N,N
627,,郑州轻工业大学,不懂抽象,4,351,-,+1(53),-,+1(172),-,-,-,-,-,-,+2(78),+1(28),20%,刘家贤,姬孟龙,吴宇扬,N,N
629,188,北华大学,always wrong answer,4,353,-,+1(56),-,+3(146),-,-,-,-,-,-1,+1(62),+1(49),33%,叶鑫楠,成鲜微,张珈铭,N,N
629,,华南师范大学,代码先和初中生同步,4,353,-,+2(44),-,+2(147),-,-,-,-,-,-3,+2(72),+1(30),42%,何明聪,肖沐鑫,古嘉诚,N,N
629,,南京信息工程大学,轻飘飘时间,4,353,-,+1(79),-,+2(154),-,-,-,-,-,-1,+1(60),+1(40),20%,宋思泽,息子悦,刘城垚,N,N
632,,电子科技大学,UESTC_*._.*,4,359,-,+2(74),-,+1(137),-2,-,-2,-,-,-,+1(79),+1(49),20%,郑祯宇,赵聪,郑智馨,N,N
632,,华南农业大学,青春acm少年不会梦到<censored>猫娘,4,359,-,+1(73),-,+1(157),-,-,-,-,-,-2,+1(78),+1(51),0%,巴云浩,吴文斌,林永鸿,N,N
634,,浙江工业大学,下次还填非常简单,4,361,-,+2(52),-,+1(174),-1,-,-10,-,-2,-,+1(59),+1(56),20%,高钰峰,梁越,杨若童,N,N
635,,苏州大学,队里有神，而且原神,4,363,-,+1(60),-,+1(145),-,-,-4,-,-,-,+2(88),+1(50),20%,顾天宇,原明清,张显荣,N,N
635,,浙江师范大学,AAA蜜雪冰城代购,4,363,-,+3(75),-,+1(146),-,-,-,-,-,-,+1(57),+1(45),33%,周雨星,叶杨城,周胜烨,N,N
637,,武汉理工大学,队名怎么办,4,365,-,+2(87),-3,+1(141),-,-,-,-,-,-,+1(70),+1(47),20%,余子逸,段宇坤,王益宇,N,N
637,,河海大学,可以组一辈子acm队吗,4,365,-,+1(57),-,+1(156),-,-,-,-,-,-,+1(90),+2(42),20%,王跃然,江建谕,王大儒,N,N
639,189,南京工程学院,NJIT_13队_被封了76个账号也想网络赛出线,4,366,-1,+2(52),-,+2(167),-,-,-,-,-,-,+1(75),+1(32),33%,丁昊,崔东靖,张诺言,N,N
640,,哈尔滨工程大学,坐岸观海，听十一月雨,4,372,-,+1(51),-,+2(99),-,-,-,-,-,-,+2(132),+1(50),33%,张天磊,杜鹏宇,林鹏涵,N,N
640,,东华大学,千山夕照,4,372,-,+1(85),-,+2(151),-,-,-,-,-,-2,+1(74),+1(42),20%,邵兵,李虹宇,郭峻岑,N,N
642,,四川大学,猫狗鱼,4,373,-,+2(62),-,+2(151),-,-,-,-,-,-1,+1(66),+1(54),33%,田烨,吴卓琦,黄奕浩,N,N
642,,武汉理工大学,黑算法：赛码仕之唐龙Anon,4,373,-,+1(69),-,+2(187),-,-,-,-,-,-,+1(49),+1(48),20%,李晨,李意峰,俞烨宸,N,N
644,,杭州电子科技大学,2024杭电11队,4,374,-,+2(75),-,+1(120),-,-,-,-,-,-,+1(87),+1(72),20%,成家康,刘翔,袁宇轩,N,N
644,,同济大学,我实在不会,4,374,-,+1(91),-,+1(146),-,-,-,-,-,-,+1(79),+1(58),0%,郭凌浩,朱亚琨,白愈己,N,N
644,,东南大学,无敌暴零战士,4,374,-,+2(90),-,+1(165),-,-,-,-,-,-,+1(68),+1(31),20%,肖智恒,蒲京,朱佳航,N,N
647,,湖南大学,你们这个比赛怎么没星啊？,4,375,-,+2(80),-,+1(156),-,-,-,-,-,-,+1(68),+1(51),20%,林新晨,张世东,胡宇辰,N,N
648,,重庆大学,从大三开始打铁的XCPC生活,4,376,-,+3(81),-,+2(133),-,-,-,-,-,-4,+1(59),+1(43),42%,刘家齐,王灿,李欣悦,N,N
648,,哈尔滨工业大学（威海）,黑扣德：哇空,4,376,-,+2(77),-,+1(140),-,-,-,-,-,-,+1(94),+1(45),20%,刘锦标,陈启蔚,盛凯,N,N
648,,鲁东大学,钢筋混凝土拌面,4,376,-,+1(77),-,+1(175),-,-,-,-,-,-,+1(70),+1(54),0%,徐艺玮,刘智勇,赵桂林,N,N
651,,东北大学,东北大学_没有气球怎么办,4,377,-,+1(78),-,+1(134),-,-,-,-,-,-,+1(90),+1(75),0%,林星希,戈文鑫,曹鑫阳,N,N
651,190,嘉应学院,治愈ACM致郁我的AC梦,4,377,-,+1(78),-,+1(139),-6,-,-,-,-,-,+1(86),+2(54),20%,郑烁,郑乔炜,张嘉焜,N,N
653,,华东理工大学,别急我还在藏东西,4,378,-,+2(49),-,+1(171),-,-,-,-,-,-,+2(89),+1(29),33%,谢榛,孙俊,李佳强,N,N
654,191,暨南大学,空白格,4,380,-,+3(67),-,+1(162),-1,-,-,-,-,-1,+1(60),+1(51),33%,黄一帆,林楷,郑冰伟,N,N
654,191,莆田学院,葡萄菜菜子,4,380,-,+1(76),-,+1(184),-,-,-,-,-2,-,+1(67),+1(53),0%,许城涛,赵佶鑫,李熔豪,N,N
656,193,中国传媒大学,开局重伤倒地，激发队友潜力,4,381,-,+2(121),-,+1(101),-,-,-,-,-,-5,+2(91),+1(28),33%,杜可,刘钰,范金旭,N,N
657,,大连理工大学,dlut08,4,383,-,+1(82),-,+1(142),-,-,-,-,-,-,+1(97),+1(62),0%,吴习哲,吴锡奎,蓝海洋,N,N
658,194,乐山师范学院,漫云征途,4,384,-,+2(89),-,+2(140),-,-,-,-,-4,-,+1(68),+1(47),33%,罗明杨,魏杰,何志扬,N,N
659,,衡阳师范学院,蓝色夜晚的记忆,4,385,-,+1(54),-2,+1(158),-,-,-,-,-,-3,+3(101),+1(32),33%,谢成,冯世杰,王葡豪,N,N
659,,武汉大学,ACMore,4,385,-,+2(71),-,+1(193),-,-,-,-,-,-,+1(71),+1(30),20%,黄祯,杨曦,陈宇轩,N,N
661,195,上海第二工业大学,粉红毛毛兔,4,386,-,+1(77),-,+1(184),-,-,-,-,-,-,+1(64),+2(41),20%,邓人铭,马建强,沈序寒,N,N
661,,台州学院,别急,4,386,-,+2(65),-,+2(185),-,-,-,-,-,-2,+1(54),+1(42),33%,金鑫,刘韬,陈逸轩,N,N
663,,华南师范大学,A了这题就去吃麦旋风,4,387,-,+3(69),-,+1(166),-,-,-,-,-,-2,+1(58),+1(54),33%,袁浩轩,黄家谦,曾天乐,N,N
664,,武汉大学,核心算法,4,388,-,+1(72),-,+2(172),-,-,-,-,-,-,+1(90),+1(34),20%,魏俊涛,戴天奕,杨锦熙,N,N
665,,华南理工大学,Tiga,4,389,-,+1(63),-,+1(151),-6,-,-,-,-,-,+3(89),+1(46),33%,廖嘉豪,余阳,王国龙,N,N
665,196,河南工业大学,WA常有而AC不常有，经常寄于TLE之手,4,389,-,+2(74),-,+1(192),-,-,-,-,-,-1,+1(63),+1(40),20%,曹瑞峰,陈兰锴,牛浩然,N,N
667,,中国矿业大学,三只煤球想成金,4,390,-,+1(59),-,+1(173),-,-,-,-,-,-,+1(104),+1(54),0%,杜重阳,倪浩宸,吴帅,N,N
668,,广东工业大学,我想拿牌子,4,391,-,+2(80),-,+1(151),-,-,-1,-,-,-7,+2(77),+1(43),33%,李耿豪,黄博,周建宏,N,N
668,,浙大宁波理工学院,保不齐对,4,391,-,+1(66),-,+1(205),-,-,-,-,-,-,+1(76),+1(44),0%,周艺杰,戴柯求,余健林,N,N
670,,东北大学,东北大学_1234566,4,392,-,+3(71),-,+1(125),-1,-,-,-,-,-1,+1(88),+2(48),42%,徐海,韩重,肖举涛,N,N
671,,武汉纺织大学,419355133210017000,4,393,-,+1(54),-,+3(146),-3,-,-,-,-,-2,+2(80),+1(53),42%,蒋沈浩,苏宇曦,胡劲睿,N,N
672,197,南京林业大学,出题人应该多去刷刷力扣再来出题,4,394,-,+3(63),-,+1(139),-,-,-,-,-,-4,+2(83),+1(49),42%,宗家宇,雷宇,潘冠宇,N,N
672,197,福建农林大学,凌云,4,394,-,+1(54),-,+1(212),-,-,-,-,-,-,+1(78),+1(50),0%,刘雄豪,郭伟平,陈炎,N,N
674,,武汉科技大学,537要复仇,4,395,-,+3(59),-,+1(192),-,-,-,-,-,-3,+1(75),+1(29),33%,张咏鑫,邱佳建,胡成星,N,N
674,199,华中农业大学,唐完了就是淞,4,395,-,+2(51),-,+1(210),-,-,-,-,-,-15,+1(71),+1(43),20%,苏森阳,王敬淞,邵晨曦,N,N
674,,宁波大学,圣园未花华为原神是回文串,4,395,-,+1(57),-,+1(218),-,-,-,-,-,-,+1(76),+1(44),0%,陈一波,严齐航,胡健山,N,N
677,,江西师范大学,完蛋!我被原P包围了!,4,396,-,+1(69),-,+1(165),-,-,-,-,-,-,+1(108),+1(54),0%,周路煜,李海平,熊贤昊,N,N
677,200,南阳理工学院,给队友端茶倒水,4,396,-,+1(66),-,+1(166),-,-,-,-,-,-2,+3(96),+1(28),33%,禹云龙,李灿辉,张泽楷,N,N
679,201,延安大学西安创新学院,略大于单挑,4,398,-,+2(77),-,+1(163),-,-,-,-,-,-3,+1(84),+1(54),20%,刘庆,刘长磊,杨拓丹,N,N
680,202,南昌大学,雪月花,4,400,-,+2(62),-,+1(184),-,-,-,-,-,-1,+2(90),+1(24),33%,何超,汪宇翔,王子勤,N,N
680,,河南农业大学,数组清空不完全,4,400,-,+1(81),-,+1(228),-,-,-2,-,-,-,+1(68),+1(23),0%,赵嘉驰,胡锦阳,张岩,N,N
682,,南京航空航天大学,铜牌锅贴,4,403,-,+1(71),-,+1(212),-,-,-,-,-,-4,+1(86),+1(34),0%,黄子源,黄耘青,桑浩然,N,N
683,,东北大学秦皇岛分校,旭日东升,4,404,-,+2(58),-,+1(164),-,-,-,-,-,-,+2(101),+1(41),33%,徐睿康,吴一玄,刘东升,N,N
684,,厦门大学,0x0d00,4,405,-3,+3(78),-,+1(168),-,-,-6,-,-,-,+1(75),+1(44),33%,林帅,刘之流,孙欣怡,N,N
685,,哈尔滨工业大学（深圳）,想打icpc,4,406,-,+2(80),-,+1(167),-3,-,-,-,-,-4,+2(67),+1(52),33%,罗烺韬,吴志广,邹锦宇,N,N
686,,安徽大学,似乎有着能够令人AC的隐藏指令,4,407,-,+3(58),-,+2(166),-,-,-,-,-,-,+2(73),+1(30),50%,刘圆博,吕建强,许子桢,N,N
687,,哈尔滨工业大学（深圳）,我在ccpc不响丸辣,4,408,-,+2(80),-,+1(170),-1,-,-,-,-,-2,+1(83),+1(55),20%,李俊铖,冯炀,林亮宇,N,N
688,,东南大学,只做签到题,4,409,-,+2(56),-,+1(172),-,-,-,-,-,-6,+2(98),+1(43),33%,戴高乐,周天逸,殷晓铭,N,N
688,,南阳理工学院,以下队伍成绩全部作废,4,409,-,+2(68),-,+2(174),-,-,-50,-,-,-,+1(79),+1(48),33%,叶昱彤,赵梦一,周硕涵,N,N
690,203,信息工程大学,花生可,4,410,-,+1(70),-,+1(211),-,-,-,-,-,-5,+1(79),+1(50),0%,闫国基,李鸣铭,黄颂凯,N,N
691,,西南交通大学,胆小菇之梦,4,411,-,+2(71),-,+1(185),-,-,-,-,-,-2,+2(84),+1(31),33%,阚闯,丁昱,徐明山,N,N
692,,莆田学院,口胡金牌题,4,412,-,+4(54),-,+1(144),-3,-,-29,-,-,-1,+2(106),+1(28),50%,许庆华,龚磊,黄佳威,N,N
692,,四川大学,关于期末周要思考队名这件事,4,412,-,+1(53),-,+2(186),-4,-,-,-,-,-2,+1(101),+1(52),20%,陈春昊,唐文可,邓善聪,N,N
694,,华东师范大学,例方体,4,413,-,+1(72),-,+1(239),-4,-,-,-,-,-,+1(52),+1(50),0%,蓝寒,陶雨捷,韦思成,N,N
695,,南阳理工学院,一哥一演一挂机,4,414,-,+2(73),-,+1(208),-,-,-,-,-,-1,+1(69),+1(44),20%,周一涛,王士尧,毋华萍,N,N
696,,河海大学,xcpc什么时候进奥运,4,415,-,+2(82),-,+1(214),-,-,-,-,-,-,+1(59),+1(40),20%,黄兆彬,任意,杨家辉,N,N
697,204,南阳师范学院,悬笔一绝,4,416,-,+2(65),-7,+1(161),-,-,-,-,-,-,+3(99),+1(31),42%,仵蓓文,邱志恩,黄景焜,N,N
697,,电子科技大学,UESTC_当初是你要分开,4,416,-,+3(78),-,+1(162),-,-,-,-,-,-1,+2(73),+1(43),42%,孙博林,杨云皓,赵城尧,N,N
697,204,齐鲁工业大学,转生为铲车人哦布莱克斯,4,416,-,+1(60),-17,+2(232),-1,-,-,-,-,-,+1(68),+1(36),20%,闫书萌,黄韵绮,孙铭,N,N
700,,上海大学,SHU2406,4,417,-,+1(79),-,+2(180),-,-,-,-,-,-,+1(67),+2(51),33%,黄垒,蔡轩,韦杰恒,N,N
701,206,南华大学,样例过了就是过了！,4,418,-,+1(94),-,+2(130),-,-,-,-,-,-,+3(76),+1(58),42%,李柏顺,刘思凯,聂城炎,N,N
701,,南京邮电大学,njupt24team004,4,418,-,+1(80),-,+1(217),-,-,-,-,-,-,+1(87),+1(34),0%,展翼,陈兆锋,吴天宇,N,N
703,,中国民航大学,永远的分母,4,419,-,+4(77),-,+1(167),-1,-,-,-,-,-,+1(64),+1(51),42%,孔子豪,胡逸飞,刘瑞轩,N,N
703,207,内蒙古大学,BOYSACMCRY,4,419,-,+2(84),-,+2(188),-,-,-,-,-,-,+1(64),+1(43),33%,贾径懿,季昊天,茌心宇,N,N
705,,北京理工大学,快进到五小时后,4,421,-,+4(87),-,+1(162),-,-,-,-,-5,-,+1(63),+1(49),42%,王庭易,周明睿,张直,N,N
705,,武汉工程大学,本场罚时全部作为神社香火钱,4,421,-,+2(62),-,+2(164),-,-,-,-,-,-,+2(91),+1(44),42%,高士博,徐洋,徐明洋,N,N
707,,青岛理工大学,猜结论，过样例，代码一交就是寄,4,423,-,+3(77),-,+1(163),-,-,-,-,-,-2,+1(95),+1(48),33%,黄从恺,韦振兴,魏天意,N,N
708,,福建理工大学,RE：从bug到debug开始的XCPC生活,4,424,-,+2(97),-,+2(151),-,-,-,-,-,-5,+2(76),+1(40),42%,周俊杰,陈雨彬,连鑫焱,N,N
709,,上海科技大学,鹰之翼,4,425,-3,+2(101),-,+2(151),-2,-,-,-,-,-,+1(99),+1(34),33%,居然,李建昊,王旻昊,N,N
709,,南阳理工学院,无敌噼里啪啦,4,425,-,+2(55),-,+2(179),-,-,-,-,-,-2,+2(97),+1(34),42%,尚同铮,张睿博,徐子川,N,N
709,,武汉科技大学,长方形,4,425,-,+1(74),-,+2(234),-,-,-,-,-,-3,+1(52),+1(45),20%,赵炜锋,刘峻州,付雅典,N,N
712,208,广东外语外贸大学,Fe++,4,427,-,+2(71),-,-,+2(214),-,-,-,-,-,+1(54),+1(48),33%,罗梓元,邓骐初,杜卓礼,N,N
713,,大连理工大学,我将点燃大海,4,428,-,+1(94),-,+1(166),-2,-,-,-,-,-,+3(82),+1(46),33%,金晟,蒋佳炀,时佳骏,N,N
713,209,郑州经贸学院,阿比盖尔之花,4,428,-,+1(69),-,+1(207),-,-,-,-,-,-1,+1(101),+1(51),0%,张海乐,席玮辰,王哲,N,N
713,,西北大学,追风去,4,428,-,+2(76),-,+1(243),-,-,-,-,-,-,+1(59),+1(30),20%,陈鸿羽,颜晓轶,杨明坤,N,N
716,,集美大学,鳄鱼也要做鳄梦,4,430,-,+2(83),-,+1(178),-,-,-,-,-,-,+2(88),+1(41),33%,陈华弘,洪韩毅,廖杰如,N,N
716,210,成都东软学院,不时坐在小徐腿上小声撒娇的邻队xy同学,4,430,-,+1(65),-,+1(200),-,-,-,-,-,-,+2(109),+1(36),20%,周志宏,徐佳杰,廖永东,N,N
718,,天津大学,这还是蟹堡王么,4,432,-,+4(88),-,+1(151),-2,-,-,-,-,-,+1(59),+1(74),42%,吕一然,马宏伟,张明达,N,N
718,211,西华大学,夏日限定的告白,4,432,-,+2(53),-,+2(174),-,-,-,-,-,-,+3(93),+1(32),50%,赵熙,谢维文,肖代阳,N,N
720,,武汉工程大学,青青子衿，悠悠我心,4,433,-,+3(62),-,+1(155),-,-,-,-,-,-5,+2(115),+1(41),42%,白雨龙,朱盛杰,邓豪,N,N
721,,浙江师范大学,深藏blue,4,434,-,+1(100),-,+1(184),-,-,-,-,-,-,+2(85),+1(45),20%,苏得昂,姜翔元,周纪恺,N,N
721,,中国计量大学,wc又不是正解,4,434,-,+2(62),-,+3(210),-,-,-,-,-,-3,+1(59),+1(43),42%,方志伟,李熠轩,吴仁钘,N,N
723,,香港科技大学（广州）,ACM之日：无限罚时制,4,435,-,+3(101),-,+1(183),-4,-,-,-,-,-,+1(63),+1(48),33%,王智渊,陈志屹,黎志凌,N,N
724,,江西师范大学,Wrong_answer_on_test_1,4,436,-,+3(75),-,+1(209),-,-,-,-,-,-3,+1(62),+1(50),33%,杨扬骁,刘俊豪,叶潮辉,N,N
724,,广东工业大学,三句号,4,436,-,+3(66),-,+1(232),-,-,-,-,-,-2,+1(54),+1(44),33%,赵浩杰,陈建生,吴毓乐,N,N
726,,东南大学,白矮星,4,437,-,+3(94),-,+1(212),-,-,-,-,-,-,+1(55),+1(36),33%,郝舒扬,顾凌晗,周启凡,N,N
727,,东北大学,东北大学_坐标火石桥,4,440,-,+2(60),-,+3(232),-,-,-,-,-,-,+1(58),+1(30),42%,魏子杰,黄佳明,王帅,N,N
728,,深圳大学,SZU_Wrong answer on test 2,4,444,-,+2(85),-,+1(164),-2,-,-,-,-,-,+2(98),+1(57),33%,温家燊,肖俊祺,葛峻赫,N,N
728,,北京林业大学,一码归一码,4,444,-,+2(60),-,-,+1(293),-,-,-,-,-,+1(47),+1(24),20%,周欣潼,张秉鸿,李振梁,N,N
730,,东北大学秦皇岛分校,先看A题,4,446,-,+4(106),-,+1(130),-,-,-,-,-,-,+1(93),+1(57),42%,尹瀚磊,曹朝阳,王永翔,N,N
731,212,中央民族大学,给我们一个分站赛的名额吧,4,449,-,+3(118),-,+2(133),-,-,-,-,-,-,+1(61),+2(57),50%,李艳丽,陈博,田星远,N,N
731,,华南师范大学,老兵不死,4,449,-,+3(79),-,-1,+4(185),-,-,-,-,-,+1(53),+1(32),55%,黄政波,张科禄,海建荣,N,N
733,,大连理工大学,dlut03,4,450,-,+4(89),-,+2(172),-,-,-3,-,-,-4,+1(63),+1(46),50%,徐易,吴胤祺,孟家祺,N,N
734,,武汉大学,骗分过样例,4,452,-,+4(72),-,+1(190),-2,-,-,-,-,-,+1(101),+1(29),42%,刘尚源,洪阳,刘金成,N,N
734,,武汉理工大学,靠两位大爹带,4,452,-,+2(57),-,+1(260),-,-,-,-,-,-1,+1(66),+1(49),20%,张云迪,郭征威,陈涛,N,N
736,213,成都大学,都市狂少,4,453,-,+3(94),-,+2(177),-,-,-,-,-,-,+2(61),+1(41),50%,何智恒,李纪松,翟鑫麟,N,N
736,,大连海事大学,♥相亲相爱一家人♥,4,453,-,+2(75),-,+2(190),-1,-,-,-,-,-,+1(105),+1(43),33%,陈昊楠,廖易超,张皓奕,N,N
738,214,山东建筑大学,大明湖水怪,4,455,-,+2(75),-,+1(191),-,-,-10,-,-,-,+2(101),+1(48),33%,庄文轩,冯振荆,董芳安,N,N
738,,中国传媒大学,一刻也没有为TLE哀悼，立刻赶往战场的是,4,455,-,+3(68),-,-,-,-,-,-,-,+2(204),+1(80),+1(43),42%,陈旻庚,叶阳,朱霁,N,N
738,214,青岛科技大学,一唱雄鸡天下白,4,455,-,+3(67),-,+1(219),-,-,-,-,-,-,+1(86),+1(43),33%,王宏利,魏鹏超,王景冉,N,N
741,216,南京师范大学,失败贯彻始终,4,458,-4,+2(52),-1,+2(274),-6,-1,-27,-1,-1,-4,+1(64),+1(28),33%,陆昊宇,季润民,徐耀,N,N
742,,山东科技大学,无畏号,4,459,-,+2(80),-,+1(195),-,-,-,-,-,-,+2(111),+1(33),33%,谭明昆,李慎彬,张作为,N,N
742,217,广西外国语学院,弥补一下GXCPC的遗憾,4,459,-,+1(47),-,+1(314),-,-,-,-,-,-25,+1(51),+1(47),0%,杨瑞杰,唐楷,蒋俊辉,N,N
744,,东南大学,汪汪队,4,461,-,+5(92),-,+2(144),-,-,-,-,-,-1,+1(73),+1(52),55%,李睿佳,吴思源,,N,N
745,,天津大学,守夜人,4,462,-,+2(64),-,+2(217),-12,-,-,-,-,-,+1(88),+1(53),33%,罗逸伦,王俊学,黄文聪,N,N
745,,华中科技大学,练习时长一坤月的野猪骑士,4,462,-,+3(69),-,+2(230),-,-,-,-,-,-80,+1(66),+1(37),42%,杨逸轩,谭博涵,,N,N
747,,合肥工业大学宣城校区,宣工专悠闲纪行～边挂科边打ACM～,4,463,-,+3(74),-,+4(180),-,-,-,-,-,-1,+1(59),+1(50),55%,吉中原,程龙廷,冯舶钊,N,N
747,218,绍兴文理学院,山里灵活 & 山田凉 & 永远鲜红的幼月,4,463,-,+2(78),-,+1(180),-,-,-,-,-,-5,+3(98),+1(47),42%,李柯叡,寿正阳,陆奕丰,N,N
747,,南阳理工学院,8.2牢大带我坤情通宵海底捞,4,463,-,+1(70),-,+1(265),-,-,-,-,-,-,+1(80),+1(48),0%,宋雨静,陈玥如,张瑞婷,N,N
750,219,无锡学院,WXU_Excalibur,4,464,-,+2(82),-,+2(205),-,-,-,-,-,-1,+1(86),+1(51),33%,钟思旋,王圣,韩顺,N,N
751,220,济南大学,红黑树之影,4,465,-,+4(105),-,+1(149),-,-,-,-,-,-,+1(75),+1(76),42%,李沐翰,荆一彤,张崇,N,N
751,,南京师范大学,取经第一难：罚坐5小时,4,465,-2,+2(95),-,+1(206),-,-,-,-,-,-,+2(70),+1(54),33%,陈竹阳,胡立,许添,N,N
753,,中南民族大学,佳明带飞学长学姐,4,468,-,+3(88),-,+1(183),-,-,-,-,-,-2,+2(104),+1(33),42%,方可,连煜博,吴佳明,N,N
753,,江西师范大学,辣子鸡,4,468,-,+2(55),-,+1(255),-,-,-,-,-,-2,+2(86),+1(32),33%,朱讯麟,简力然,刘皓东,N,N
753,,广东工业大学,逸误,4,468,-,+2(75),-,+1(273),-,-,-,-,-,-,+1(56),+1(44),20%,李俊贤,吴达武,易俊霖,N,N
756,221,四川师范大学,写都写了，交一发吧,4,469,-,+3(71),-,+1(174),-,-,-,-,-,-,+3(78),+2(46),55%,唐宇,武恒,李嘉乐,N,N
756,221,安徽农业大学,签到杀手被签到题杀,4,469,-,+2(112),-,+1(178),-,-,-,-,-,-2,+2(95),+1(44),33%,李兹如,姜乐源,童文康,N,N
758,,河南工业大学,重生之拿下美羊羊,4,471,-,+2(103),-,+2(220),-,-,-,-,-,-,+1(72),+1(36),33%,汪明超,凡亚豪,吴鸿洋,N,N
758,,台州学院,真有趣该回家了,4,471,-,+2(86),-,+1(266),-,-,-,-,-,-,+1(67),+1(32),20%,郑艳佳,任羽昕,叶洗亚,N,N
760,223,湖南警察学院,湖南警察学院5队,4,473,-,+1(80),-,-1,-,-,-,-,-,+2(252),+1(71),+1(50),20%,李道远,袁福来,申宇,N,N
761,224,北京信息科技大学,你猜烫金黄不黄,4,474,-,+2(67),-,+1(166),-,-,-,-,-,-,+3(133),+1(48),42%,朱默涵,房承烨,韩家成,N,N
761,,浙江工商大学,空花阳焰,4,474,-,+3(70),-,+1(189),-1,-,-,-,-,-,+3(86),+1(49),50%,徐贤涛,王哲,薛强,N,N
761,,哈尔滨工程大学,我们的队名非常的长为什么因为一寸长一寸强,4,474,-,+2(83),-,+1(254),-,-,-,-,-,-,+1(60),+1(57),20%,陆学弘,张福森,廖浠言,N,N
764,,长春理工大学,哭泣男孩WA队,4,475,-10,+2(76),-,+3(181),-,-,-,-,-,-,+2(82),+1(56),50%,唐海原,黄炳睿,周易非,N,N
765,,深圳大学,szu_OvO,4,476,-,+3(77),-2,+2(232),-,-,-,-,-,-,+2(57),+1(30),50%,岑健锋,唐浚源,张楠,N,N
765,,南方科技大学,SUSTech_Seven,4,476,-8,+1(101),-,+1(243),-,-,-,-,-,-,+1(74),+1(58),0%,黄睿轩,徐晨钧,李连馨,N,N
767,,西南民族大学,灰烬孕育生灵，催生枝叶，濯净浑浊。,4,478,-,+2(64),-,+3(183),-,-,-1,-,-,-1,+2(106),+1(45),50%,买鑫鑫,韦慧欣,蓝浩晨,N,N
767,,福州大学,深藏blue队,4,478,-,+2(86),-,+2(201),-,-,-,-,-,-,+1(76),+1(75),33%,洪语涵,潘凌峰,张仁杰,N,N
767,,西安理工大学,庄周梦韩,4,478,-,+2(96),-1,+2(203),-,-,-,-,-,-7,+2(73),+1(46),42%,韩明轩,庄睿君,周彦泽,N,N
767,,华南理工大学,我不知道我不会你们来,4,478,-,+3(80),-,+4(214),-,-,-,-,-,-2,+1(51),+1(33),55%,王烁云,王腾岳,张辉洲,N,N
767,225,香港城市大学（东莞）,导师叫我们再来打一次比赛,4,478,-,+2(71),-,+1(287),-1,-,-17,-,-,-,+1(50),+1(50),20%,郭旺乐,袁庚麒,唐朝,N,N
772,,中国传媒大学,啥,4,479,-,+1(63),-,-2,+4(260),-,-,-,-,-4,+1(52),+1(44),42%,王思远,刘禹熹,黄屹,N,N
773,,上海科技大学,没打过黑马喽的黑码农,4,481,-,+3(100),-9,+1(199),-,-,-,-,-,-,+1(97),+1(45),33%,马锐泽,周小攀,钟睿丹,N,N
774,,成都信息工程大学,不会就睡觉,4,482,-1,+3(82),-1,+1(190),-1,-1,-1,-1,-1,-1,+3(101),+1(29),50%,张顺军,杨鹏,权雨帆,N,N
774,226,西安邮电大学,西邮一队,4,482,-,+1(72),-,+1(214),-,-,-,-,-,-4,+2(111),+1(65),20%,石宇,牛晨旭,毋至晨,N,N
774,226,山东财经大学,放不下的热爱,4,482,-,+2(84),-,+2(270),-,-,-,-,-,-7,+1(63),+1(25),33%,马弘逸,来孟阳,张淇皓,N,N
777,,山东大学,勿空,4,483,-,+3(105),-,+2(195),-,-,-,-,-,-,+1(75),+1(48),42%,乐恩玮,薛润泽,郭荣祥,N,N
777,228,长安大学,暴力与打表之神，请赐予我随机数过题的能力,4,483,-,+3(83),-,+1(213),-,-,-,-,-,-1,+2(82),+1(45),42%,辜颖燊,吴宇伦,靳泽宇,N,N
777,,中南民族大学,玛卡巴卡和它的秘密花园,4,483,-,+3(59),-,+4(218),-,-,-,-,-,-,+1(72),+1(34),55%,林佳露,李子安,尹子昂,N,N
777,,广东工业大学,加睡,4,483,-,+3(65),-,+1(301),-1,-,-,-,-,-3,+1(44),+1(33),33%,梁若飞,梁伟,陈中豫,N,N
781,229,湖北工业大学,长生,4,484,-,+3(89),-,+1(187),-,-,-,-,-,-1,+2(89),+1(59),42%,杨思腾,陈奕澄,陈晓辉,N,N
781,,东北农业大学,前面的题目以后再来探索吧,4,484,-,+2(75),-,+1(192),-1,-,-,-,-,-1,+3(103),+1(54),42%,王亚男,谢梓涛,张钧辅,N,N
781,,重庆大学,team570,4,484,-,+3(54),-,+4(224),-,-,-11,-,-,-,+1(76),+1(30),55%,张腾,周屹,周其星,N,N
784,,郑州大学,郑大四队,4,485,-,+2(71),-,+1(235),-,-,-,-,-,-,+2(93),+1(46),33%,程申夫,郭易哲,刘开阳,N,N
785,,华中农业大学,CCPC华农队,4,486,-,+2(91),-,+1(224),-,-,-,-,-,-,+1(103),+1(48),20%,孙宇恒,黄泽源,游宇珅,N,N
786,,华南理工大学,七猫,4,487,-,+4(116),-,-,+2(144),-,-,-,-,-,+3(83),+1(24),60%,乔羽桐,樊子谦,陈铭浩,N,N
786,,宁波大学,nbu老登,4,487,-,+4(64),-,+4(170),-,-,-,-,-,-,+1(88),+1(45),60%,林成峰,梁航锋,陈炳灿,N,N
788,,杭州电子科技大学,2024杭电14队,4,488,-,+1(51),-,+6(224),-,-,-,-,-,-5,+1(62),+1(51),55%,黄泽彬,罗比,原子垚,N,N
788,,中国计量大学,我们是不是可以躺了？,4,488,-,+3(73),-,+2(250),-2,-,-,-,-,-,+1(65),+1(40),42%,张民权,刘子杭,苗先涛,N,N
790,,江苏大学,别以为这样就能赢了,4,489,-,+1(63),-,+1(171),-,-,-,-,-,-,+4(124),+2(51),50%,任屹涵,秦强民,李梦婷,N,N
790,,河海大学,憧憬成为膜法ACMer,4,489,-,+2(72),-,+2(237),-,-,-,-,-,-2,+2(76),+1(44),42%,周厚望,王睿彬,陈培印,N,N
790,,厦门大学,byd,4,489,-,+3(69),-,+1(242),-,-,-,-,-,-,+1(99),+1(39),33%,吴俊豪,庄昀,宋浩元,N,N
790,230,上海对外经贸大学,CatBrick,4,489,-,+2(86),-,+1(244),-1,-,-,-,-,-,+2(71),+1(48),33%,韩逸卿,唐超,陈玉翔,N,N
794,231,杭州医学院,HMC1队,4,490,-1,+2(74),-1,+1(186),-1,-1,-1,-1,-1,-1,+2(134),+1(56),33%,杨炘沛,冯洋一,洪嘉栋,N,N
794,,福建理工大学,什么罐头我说,4,490,-,+3(87),-,+1(251),-,-,-13,-,-,-,+1(73),+1(39),33%,郭亿镭,戴佩旎,张宏志,N,N
796,,武汉大学,(qwq),4,492,-,+2(106),-,+1(222),-,-,-,-,-,-,+1(92),+1(52),20%,李俊涛,严鑫,李楚森,N,N
796,,中国地质大学（北京）,起名不如打猿神,4,492,-,+4(61),-,+4(226),-,-,-,-,-,-7,+1(57),+1(28),60%,许桥飞,夏冬,陈俊豪,N,N
798,232,烟台科技学院,我要考研,4,494,-,+3(50),-,+3(186),-3,-,-,-,-,-4,+1(92),+2(66),55%,徐召佳,张志伟,,N,N
798,232,西南财经大学,让我们出个线吧,4,494,-,+1(71),-,+2(204),-,-,-,-,-,-2,+3(103),+1(56),42%,吴晗,杨龙皓,匡政宇,N,N
798,,哈尔滨工业大学（威海）,教练我不想再wa了,4,494,-,+3(78),-,+2(227),-,-,-,-,-,-,+1(94),+1(35),42%,杜中坤,庄则栋,郑怡恒,N,N
801,,北京林业大学,我们太想拿牌了,4,495,-,+1(61),-,+1(191),-4,-,-,-,-,-,+6(98),+1(45),55%,蔡优,管穗京,柯思源,N,N
801,234,湖南人文科技学院,WA!  真的是你啊,4,495,-,+2(66),-,+2(220),-,-,-,-,-,-4,+3(85),+1(44),50%,周念祖,尹朝伟,罗伦财,N,N
801,,武汉大学,方块人转生成铁牌选手,4,495,-,+1(80),-,+2(228),-,-,-,-,-,-,+1(89),+2(58),33%,丁启航,陈新尧,石炜,N,N
804,,南京航空航天大学,找对象,4,497,-,+1(105),-,+1(164),-,-,-,-,-,-,+4(122),+1(46),42%,陈梓鹏,吕海亮,李章锐,N,N
804,235,惠州学院,桂花载酒，少年余梦,4,497,-1,+5(78),-1,+2(213),-1,-1,-1,-1,-1,-1,+1(73),+1(33),55%,龚诚,冼健民,陈冠宇,N,N
806,236,临沂大学,铁牛牛肉面,4,498,-,+3(76),-,-6,-,-,-,-,-,+4(182),+1(98),+1(42),55%,王琦,黑乃骁,刘昊铜,N,N
807,,宁波大学,Tri-Squad,4,500,-,+5(116),-,+2(137),-,-,-,-,-,-,+2(78),+1(49),60%,刘毅,曾昆,李安康,N,N
807,,中国矿业大学,宇宙兄弟,4,500,-,+3(84),-,+1(168),-,-,-,-,-,-2,+3(121),+1(47),50%,严川浙,肖永烨,唐嘉诣,N,N
807,,山东大学（威海）,是谁在喊我宝宝,4,500,-,+1(72),-,+4(184),-,-,-,-,-,-,+2(103),+1(61),50%,靳可欣,郑甫,殷越,N,N
810,237,湖南中医药大学,样例过了就队,4,502,-,+2(87),-1,+1(181),-1,-,-,-,-,-,+3(138),+1(36),42%,魏征,李悦灵,付海洋,N,N
810,,山东大学,人有三名，代码有三行,4,502,-,+2(65),-,+1(196),-,-,-,-,-,-,+1(131),+1(90),20%,邓璐,郭明珠,李一波,N,N
810,,武汉理工大学,样例都没过怎么AC了,4,502,-1,+2(61),-,+2(275),-,-,-,-,-,-1,+1(94),+1(32),33%,王雨辰,吴明洲,王浩丞,N,N
813,238,浙江中医药大学,ZCMU-赛博老中医,4,503,-,+1(58),-,+2(217),-,-,-,-,-,-,+4(112),+1(36),50%,王震,黄超逸,何子涵,N,N
814,,华南理工大学,"译验丁真,鉴定为这发AC",4,504,-,+4(96),-,+2(179),-,-,-,-,-,-,+2(89),+1(40),55%,何嘉骅,张玮澎,叶嘉文,N,N
814,,苏州大学,草酰乙酸,4,504,-,+1(149),-,+1(188),-,-,-,-,-,-,+1(122),+1(45),0%,李宇杰,范宇辰,吴雪峰,N,N
814,239,安徽工程大学,不能鸭，wa!,4,504,-2,+2(121),-,+1(207),-,-,-3,-,-,-,+1(94),+1(62),20%,阮杨永,周子豪,余牧,N,N
814,,惠州学院,出关的小白,4,504,-,+3(97),-,+1(214),-,-,-,-,-,-,+2(86),+1(47),42%,孙昊,汤家健,江仰德,N,N
814,,浙江理工大学,学车归来势必通关黑神话悟空,4,504,-,+2(58),-,+1(268),-,-,-,-,-,-,+1(72),+2(66),33%,胡涛,颜林浩,黄晨康,N,N
819,,长沙学院,名字好难取,4,506,-,+3(88),-,+1(195),-,-,-,-,-,-,+2(115),+1(48),42%,刘音杰,唐俊华,杨启凡,N,N
820,240,吉首大学,猪猪队,4,507,-,+3(120),-,+1(164),-1,-,-,-,-,-3,+2(116),+1(47),42%,文凯,魏褚鹏,文旅航,N,N
820,,福建理工大学,ACaAC,4,507,-,+2(85),-3,+1(276),-,-,-,-,-,-,+1(72),+1(54),20%,郑少豪,颜嘉民,周世杰,N,N
820,,吉林大学,菜鸟俱乐部,4,507,-,+2(66),-,+1(284),-,-,-,-,-,-8,+2(83),+1(34),33%,康德润,程宇星,刘雅奇,N,N
823,,西北工业大学,牛战士的AK之梦,4,508,-,+5(92),-,+2(194),-,-,-,-,-,-1,+2(64),+1(38),60%,黄知远,欧阳家杰,吕昊临,N,N
824,,山东理工大学,无敌暴龙龙龙,4,509,-,+2(101),-,+1(210),-,-,-,-,-,-2,+1(132),+1(46),20%,周鵬,牛嘉鑫,刘述开,N,N
825,241,桂林电子科技大学,网络流大师wth,4,510,-,+1(124),-,+1(222),-,-,-,-,-,-,+2(96),+1(48),20%,林镔壕,,,N,N
825,,成都大学,翻斗花园第一罚时队,4,510,-,+1(82),-,+4(250),-,-,-,-,-,-,+1(69),+1(49),42%,黄兵,陈德健,张信富,N,N
827,242,安徽工业大学,黑同调:CCPC,4,511,-,+3(80),-,+2(170),-,-,-,-,-,-,+4(91),+1(50),60%,林仁杰,朱冬阳,李锐,N,N
828,,鲁东大学,燎原,4,513,-,+4(61),-,+1(172),-,-,-,-,-,-,+3(136),+1(44),55%,杨荫洲,刘春蒲,吕方伟,N,N
828,,浙江财经大学,炒饭梦想家,4,513,-,+2(101),-,+1(250),-,-,-2,-,-,-6,+1(85),+1(57),20%,林煜超,贾亦浩,何益繁,N,N
830,,哈尔滨工业大学（威海）,我们队名改成文化水平不高，不会起名吧,4,514,-,+2(112),-,+1(212),-,-,-,-,-,-,+1(115),+1(55),20%,王宇卓,郑权涌,杨朝平,N,N
830,,华东理工大学,得得得得,4,514,-,+1(76),-,+2(218),-,-,-,-,-,-,+3(102),+1(58),42%,张勉,贾正坤,孙启翔,N,N
832,,重庆大学,原，妙不可言,4,515,-,+1(59),-,+1(249),-,-,-8,-,-,-,+2(136),+1(51),20%,胡明涛,单宇宸,文红兵,N,N
833,,长沙学院,不能说的秘密,4,517,-,+4(67),-,+1(191),-,-,-,-,-,-,+3(106),+1(53),55%,盛林锋,张政明,饶子伟,N,N
834,,厦门理工学院,厦门理工2队,4,518,-,+3(79),-,+1(194),-,-,-,-,-,-,+3(121),+1(44),50%,黄承杰,林依婷,洪世炜,N,N
834,,江西师范大学,打acm死路一条,4,518,-,+2(69),-,+2(209),-,-,-,-,-,-3,+4(109),+1(31),55%,张志伟,徐磊,冯尉旺,N,N
836,,山东大学,伤口很浅，莫要起身了,4,521,-,+2(76),-,+2(207),-,-,-,-,-,-1,+2(120),+1(58),42%,张讯,彭麟翔,刘逸宁,N,N
837,243,湖南农业大学,以上ac无效,4,522,-,+1(72),-4,+2(276),-,-,-,-,-,-,+2(100),+1(34),33%,李南翃,刘永康,李磊,N,N
838,,长安大学,神樱树,4,523,-,+3(92),-,+3(210),-,-,-2,-,-,-7,+1(76),+1(65),50%,刘葆骐,高源,田笑颜,N,N
838,,山东理工大学,我每天打ACM也没上瘾啊,4,523,-,+2(74),-,+4(262),-,-,-,-,-,-,+1(62),+1(45),50%,杨庭硕,崔立栋,王佳丽,N,N
838,,北京化工大学,夺心魔,4,523,-,+2(83),-,+1(268),-,-,-,-,-,-,+2(77),+1(55),33%,曾赫喆,熊家怡,安晓阳,N,N
841,,兰州大学,忽略所有提示直接输出通过,4,524,-4,+3(84),-,+3(200),-,-,-,-,-,-,+2(92),+1(48),55%,吴晨阳,万全,任墨涵,N,N
841,,台州学院,队名起什么,4,524,-,+2(57),-,+4(225),-,-,-,-,-,-18,+3(92),+1(30),60%,尹海涛,韩松霖,戴于皓,N,N
843,244,广东技术师范大学,阿伟从小就很可爱,4,525,-,+2(55),-,+2(182),-,-,-,-,-,-,+4(142),+1(46),55%,谢合松,黄宇凡,李苇森,N,N
843,,西安电子科技大学,不知道,4,525,-,+2(123),-,+2(237),-,-,-,-,-,-1,+1(81),+1(44),33%,廖文轩,何牧,曾闻海,N,N
845,245,西安欧亚学院,略去过程QED,4,526,-,+2(89),-,+1(199),-6,-,-,-,-,-,+3(130),+1(48),42%,林川翔,蒋冬伟,陈秋文,N,N
845,245,石家庄铁道大学,"vivo50,我们队wa出秦始皇了",4,526,-,+3(93),-,+1(268),-,-,-,-,-,-6,+1(68),+1(57),33%,陈林埒,徐傲,刘宇恒,N,N
847,247,长春工业大学,这老破玩意收我250,4,527,-,+3(115),-,+1(188),-,-,-,-,-,-9,+1(104),+1(80),33%,饶晟烨,徐承润,刘明昊,N,N
847,,国防科技大学,冲冲冲,4,527,-,+2(71),-,+2(243),-2,-,-,-,-,-,+2(91),+1(62),42%,刘益通,程星桦,苏弘烨,N,N
847,,浙江工商大学,看ad免费ac,4,527,-,+2(90),-,+1(265),-,-,-,-,-,-,+1(97),+1(55),20%,谢相逸,詹海吉,陈锦鸿,N,N
850,248,烟台大学,手提玉剑斥千军，昔日锦鲤化金龙,4,529,-,+3(101),-,+2(228),-,-,-69,-,-,-,+1(69),+2(51),50%,邱敏,李嘉豪,王玉浩,N,N
850,,中北大学,旺财不会喵喵叫,4,529,-,+2(106),-,+1(248),-,-,-,-,-,-1,+1(97),+1(58),20%,崔璨,邓佳铭,王嘉璇,N,N
850,,新疆大学,请你给个牌子，我什么都会做的,4,529,-,+2(61),-,+2(278),-,-,-,-,-,-,+2(82),+1(48),42%,蒋涛,骆承,欧力铭,N,N
853,,中国科学技术大学,我从来没觉得打比赛能AC过,4,530,-,+2(139),-,+3(179),-,-,-,-,-,-9,+1(103),+1(49),42%,栾Luan,娄彦轩,陈天添,N,N
853,,武汉工程大学,她说我们之间没有结果，但我明明输出了ans,4,530,-,+2(96),-,+1(217),-,-,-,-2,-,-,+3(106),+1(51),42%,归子达,刘明,钱嘉豪,N,N
853,,内蒙古大学,铁匠,4,530,-,+2(77),-,+2(287),-7,-,-,-,-,-5,+2(63),+1(43),42%,张琦,李浩,许书豪,N,N
856,249,安阳师范学院,算法这科豪楠,4,531,-,+3(60),-,+4(217),-,-,-,-,-,-4,+2(71),+2(43),63%,周兴科,余卓豪,陈超楠,N,N
857,,华中师范大学,只此青绿,4,533,-,+2(135),-,+1(230),-,-,-,-,-,-2,+1(97),+1(51),20%,徐普,王宇姿,陈诚,N,N
857,,西南科技大学,大山里的动物朋友,4,533,-,+3(50),-,+2(323),-1,-,-,-,-,-,+1(65),+1(35),42%,姚斌,孙东洋,唐浩展,N,N
859,250,河北工业大学,我来写你们别走,4,534,-,+2(84),-,+2(258),-,-,-11,-,-,-,+1(60),+3(52),50%,赵一玮,高泽文,杨佳豪,N,N
860,251,南京农业大学,没有人比我更懂AC,4,535,-,+2(110),-,+2(206),-,-,-,-,-,-,+1(130),+1(49),33%,黄子琰,张博轩,魏尧选,N,N
861,,大连理工大学,dlut06,4,538,-,+4(86),-,+2(173),-,-,-,-,-,-,+3(104),+1(55),60%,刘晨旭,汪瀚声,杨君泓,N,N
861,252,江西农业大学,领航者,4,538,-,+2(80),-,+3(179),-,-,-,-,-,-2,+6(73),+1(46),66%,刘圣丰,潘仕翰,孙文凯,N,N
861,,华南师范大学,一路向南,4,538,-,+1(63),-,+2(294),-,-,-,-,-,-3,+1(105),+1(56),20%,于昊炜,朱宬华,曾祥康,N,N
864,,合肥工业大学宣城校区,WA会消失对不对,4,539,-,+3(90),-,+2(205),-,-,-,-,-,-3,+3(113),+1(31),55%,王子恒,罗天昊,岳乐,N,N
864,253,华北电力大学,在提瓦特大陆寻找锐刻旗舰店是否搞错了什么,4,539,-,+3(66),-,+1(230),-,-,-,-,-,-1,+5(92),+1(31),60%,林鸿睿,张子恒,许云辉,N,N
866,,深圳大学,SZU_MouTai19937,4,540,-,+1(81),-,+1(277),-,-,-,-,-,-3,+1(92),+2(70),20%,林文伟,雷昀珂,冉起,N,N
867,,西安电子科技大学,憧憬成为ACM高手,4,541,-,+1(75),-1,+3(213),-,-,-,-,-,-,+3(117),+1(56),50%,刘昊昕,周川旸,李明辉,N,N
867,,北京师范大学,故梦之隐,4,541,-,+1(69),-,+2(341),-,-,-,-,-,-,+1(77),+1(34),20%,姚述军,王思潮,陈博,N,N
869,,中国海洋大学,TLE Master,4,543,-,+1(80),-1,+1(164),-,-,-4,-,-,-,+5(169),+1(50),50%,蔡万林,王俞鉴,李明朗,N,N
869,,香港中文大学（深圳）,啥都不会队,4,543,-,+1(60),-,+4(275),-,-,-,-,-2,-,+2(83),+1(45),50%,江璘鋆,张力文,林宇凡,N,N
871,,南昌航空大学,极限水花,4,545,-1,+2(83),-1,+2(211),-1,-1,-1,-1,-1,-1,+3(125),+1(46),50%,袁帅,梁军斌,唐斌,N,N
871,,河海大学,不时以暴力算法tle的邻座acm同学,4,545,-,+1(82),-,+2(329),-,-,-,-,-,-,+1(51),+1(63),20%,金炬光,杨帆,曾国琳,N,N
873,,江苏大学,我队友呢？,4,547,-,+5(93),-,+2(249),-,-,-8,-,-,-,+1(58),+1(47),55%,周文杰,杨皓煜,沙先银,N,N
873,,厦门大学,XMU03,4,547,-,+2(64),-,+3(271),-,-,-,-,-,-,+2(86),+1(46),50%,彭泽喜,连亮瑜,李纪原,N,N
873,,武汉科技大学,以上队伍成绩全部无效,4,547,-,+3(58),-,+1(295),-,-,-,-,-,-1,+2(95),+1(39),42%,张子豪,曾令卓,张晨旭,N,N
873,,山东大学,签到人,4,547,-,+1(83),-,-,-,-,+1(340),-,-,-,+1(69),+1(55),0%,史博文,徐聚礼,张林翰,N,N
877,,江西理工大学,初出茅庐,4,548,-,+2(68),-,+2(244),-4,-,-5,-,-,-,+3(107),+1(49),50%,陈云杰,吴仕贤,蔡结,N,N
878,,青岛大学,AC钙奶,4,549,-,+3(95),-,+2(232),-,-,-,-,-,-,+1(111),+1(51),42%,宇泉,王新儒,王禹杰,N,N
879,,信息工程大学,我们仨指定嘎嘎猛吃,4,550,-,+2(71),-,+2(252),-,-,-7,-,-,-13,+1(130),+1(57),33%,白昊然,王华锋,危东,N,N
880,,浙江工商大学,哆啦ak,4,551,-,+2(93),-,+1(174),-,-,-7,-,-,-,+3(134),+3(50),55%,刘泽轩,于天佑,方存轩,N,N
880,,南京林业大学,25浙软点击就送,4,551,-,+2(70),-,+2(249),-,-,-,-,-,-2,+3(107),+1(45),50%,喻灯,俞言骐,缪若凡,N,N
882,,合肥大学,候鸟,4,553,-,+4(77),-,+1(238),-,-,-,-,-,-,+2(107),+1(51),50%,王国梁,杨仕超,吕文杰,N,N
882,254,山东管理学院,纯真丁一郎,4,553,-,+4(73),-,+2(244),-,-,-,-,-,-2,+2(88),+1(48),55%,陈健豪,梁勋浩,卢明煜,N,N
882,,天津大学,北洋水师?,4,553,-3,+2(65),-,+3(272),-2,-,-,-,-,-,+2(84),+1(52),50%,张纪同,刘清源,韦德敏,N,N
885,,香港科技大学（广州）,青春科广男大不会梦见被接受,4,554,-,+2(58),-,+1(231),-,-,-2,-,-,-,+3(143),+1(62),42%,任发申,王语诺,王海彬,N,N
886,,武汉科技大学,537小分队,4,555,-,+1(113),-,+2(297),-,-,-,-,-,-,+1(86),+1(39),20%,彭睿,张轶雯,明正阳,N,N
887,,福建师范大学,复活赛续集,4,556,-,+4(95),-,+3(196),-,-,-,-,-,-,+1(89),+2(56),60%,廖子涵,陈咏欣,王超,N,N
888,,南昌大学,三下五除二,4,558,-,+2(72),-,+7(239),-,-,-,-,-,-,+1(56),+1(51),63%,何家欢,刘学麟,杨喆,N,N
888,255,湖北第二师范学院,老学长爆牌子,4,558,-,+2(61),-,-,-,-,-,-,-,+6(282),+1(48),+1(47),60%,张进,游俊爽,,N,N
890,,烟台大学,少年先疯队,4,559,-,+1(92),-,+1(188),-,-,-50,-,-,-,+6(126),+1(53),55%,艾雪飞,赵俊翔,王云飞,N,N
890,,香港科技大学（广州）,DSA-志锐教育科技一队,4,559,-2,+2(124),-,+1(266),-,-,-,-,-,-,+1(88),+1(61),20%,司徒子瑄,陈卓轩,池默,N,N
892,,北京化工大学,？神？动,4,561,-,+1(58),-,+5(318),-,-,-,-,-,-,+1(74),+1(31),50%,刘炯良,杨青博,周好,N,N
893,,青岛科技大学,HJW,4,562,-,+1(57),-,+4(318),-,-,-,-,-,-,+1(70),+1(57),42%,刘博,吴茂瑜,闫振斌,N,N
894,,西安电子科技大学,青春算法少年不会梦到ACM学姐,4,564,-2,+3(50),-,+1(343),-,-,-,-,-,-,+1(77),+1(54),33%,李景生,李熙源,曾海滨,N,N
895,,东北农业大学,马桶怎么堵了？哦原来是我仨的手速拉满了,4,565,-,+1(94),-,+5(225),-,-,-,-,-,-,+3(76),+1(50),60%,刘金尧,杨煜,杨家浩,N,N
895,,宁波大学,败犬acmer太多了,4,565,-,+2(63),-,-2,-,-,-2,-,-,+3(333),+1(61),+1(48),42%,李嘉琪,朱文豪,赵瑞杰,N,N
897,,哈尔滨工业大学（深圳）,黑CPC：骗分,4,566,-,+3(55),-,+2(235),-,-,-8,-,-,-,+4(120),+1(36),60%,崔俊杰,樊卓意,曹智逸,N,N
898,256,河南工程学院,南苑一队,4,568,-,+1(58),-,+4(274),-,-,-,-,-,-,+2(117),+1(39),50%,郭旗号,孙浩,姚文博,N,N
899,,北京师范大学-香港浸会大学联合国际学院,西湖醋鱼,4,570,-,+2(77),-,+2(243),-4,-,-,-,-,-,+4(114),+1(36),55%,齐湘儒,杨博涵,关越,N,N
899,,四川大学,必胜的Alice会梦见珂朵莉树吗,4,570,-,+3(103),-,+2(287),-1,-,-,-,-,-,+1(72),+1(48),42%,王枭越,李浩,曾灵杰,N,N
901,,天津工业大学,为什么天工不报销？,4,572,-,+3(82),-,+3(297),-,-,-,-,-,-,+1(79),+1(34),50%,王浩研,张幸闯,侯仁正,N,N
901,,河北工业大学,全都做队,4,572,-,+1(64),-,+3(343),-,-,-6,-,-,-1,+1(73),+1(52),33%,黄锦翔,李瀚文,白博豪,N,N
903,257,邵阳学院,邵院1队,4,573,-,+2(125),-,+1(224),-,-,-,-,-,-2,+2(145),+1(39),33%,周鹏,刘帅,付金坪,N,N
904,,信息工程大学,肖舔犬,4,575,-,+5(117),-,+1(215),-,-,-,-,-,-,+1(97),+2(46),55%,王钒羽,肖天,孙钰航,N,N
905,,华中农业大学,不喜欢暴力的袋鼠哥哥,4,576,-,+4(107),-,+3(226),-,-,-,-,-,-,+1(88),+1(55),55%,雷博琦,胡泽宇,艾子鸣,N,N
905,,天津工业大学,我上早八,4,576,-,+2(86),-,+1(303),-,-,-,-,-,-,+2(120),+1(27),33%,吕佳乐,李翊萌,徐振业,N,N
907,,暨南大学,无眼鹿,4,577,-,+2(99),-,-,-,-,+4(242),-,-,-,+3(72),+1(44),60%,阚志宇,王宇涛,苏汉源,N,N
908,,湖南城市学院,晚安，诗音,4,578,-,+2(63),-,+1(213),-,-,-,-,-,-10,+5(134),+2(48),60%,李柯潘,张文杰,陈佳辉,N,N
909,,苏州大学,WA了十发后终于TLE了,4,579,-,+1(90),-,+4(313),-,-,-,-,-,-,+1(72),+1(44),42%,黎子卿,田浦汛,成嘉益,N,N
910,,南京大学,百鸟苑,4,580,-,+3(99),-,+2(229),-,-,-,-,-,-1,+1(124),+2(48),50%,于啸洋,马嘉骏,蒋凤晨,N,N
911,,同济大学,苍蓝之诗,4,583,-,+3(132),-,+1(217),-4,-,-,-,-,-,+2(110),+1(64),42%,韩廷叙,徐川,韩昊苏,N,N
911,,浙江工商大学,了解你的捍卫者,4,583,-,+4(63),-,+1(328),-,-,-,-,-,-,+1(87),+1(45),42%,宋壕杰,刘晓涛,朱俊哲,N,N
913,,广西大学,W.H.Y,4,584,-,+1(107),-,+5(258),-,-,-71,-,-,-,+1(87),+1(52),50%,姚雨希,黄翠婷,韦书临,N,N
914,,河海大学,824赛博霍金肘击电子东雪莲0721次,4,585,-,+5(105),-,+2(264),-,-,-,-,-,-,+1(66),+1(50),55%,徐子俊,罗誉,林煜斌,N,N
915,,哈尔滨工程大学,队里只有一只二刺猿所以起名还是问fufu吧¿,4,587,-,+2(82),-,+3(219),-,-,-,-,-,-,+2(156),+1(50),50%,赵艺凯,李焱冉,万德俊,N,N
915,,山东大学,acm，启动！,4,587,-,+3(78),-,+4(265),-,-,-,-,-,-1,+1(75),+2(49),60%,滕家良,杨师玉,农烨明,N,N
915,,天津工业大学,已老实，求放过。,4,587,-,+1(59),-,+2(322),-,-,-,-,-,-,+3(107),+1(39),42%,孙文杰,程梧桐,刘涛,N,N
918,,东南大学,样例过了交一发,4,590,-,+3(158),-,+3(215),-,-,-,-,-,-,+1(79),+1(58),50%,蒋雨初,王嘉瑞,黄笃修,N,N
919,,南昌航空大学,鷐鸚庄园无对手,4,591,-,+2(78),-,+1(295),-,-,-,-,-,-,+2(121),+1(57),33%,林培豪,周文梓,曾钦文,N,N
920,,山东师范大学,爆零就去玩原神,4,592,-,+2(79),-,+1(321),-,-,-,-,-,-,+1(111),+1(61),20%,李佳恒,吕俊东,孙智毅,N,N
921,,广州大学,管好你的输入流,4,593,-,+3(131),-,+1(191),-,-,-,-,-,-,+5(109),+1(42),60%,同舒泽,郭子锋,彭海峰,N,N
922,,东北大学,东北大学_天天向上,4,594,-,+2(92),-,+1(351),-,-,-,-,-,-,+1(100),+1(31),20%,苏铭炜,高健,张恒,N,N
923,,天津工业大学,祥子帮帮写,4,597,-,+2(122),-,+1(237),-,-,-,-,-,-,+3(126),+1(52),42%,周浩,水博翔,章若晨,N,N
923,,河南工业大学,不是，哥们，这题能WA？,4,597,-,+4(89),-,+2(291),-,-,-,-,-,-1,+2(74),+1(43),55%,吴浩,万明浩,张宏泽,N,N
925,,华东师范大学,OI，启动,4,598,-,+3(72),-,+1(311),-,-,-,-,-,-5,+2(88),+2(47),50%,路修远,周恒立,董芷鉴,N,N
926,258,南通大学,就是第一,4,600,+4(280),+2(96),-,-1,-,-,-,-,-,-,+1(87),+1(57),50%,赵迪,陆玺州,周熙月,N,N
927,,南京大学,yyy天下第一可爱,4,602,-5,+3(128),-,+5(181),-,-,-,-,-,-,+1(90),+1(83),60%,徐乐怡,王昕琰,陈雨涵,N,N
927,259,江苏科技大学,粉毛大香蕉,4,602,-,+3(56),-,+7(289),-,-,-,-,-,-,+1(67),+1(30),66%,徐鲸鹏,金智恒,彭羽轩,N,N
929,,华东师范大学,智算火花,4,603,-,+3(94),-,+2(327),-,-,-,-,-,-,+1(72),+1(50),42%,王浩宇,丁乙,闫皓翔,N,N
930,260,广东培正学院,找不到队友,4,604,-,+6(59),-,+1(274),-,-,-,-,-,-10,+2(85),+1(66),60%,沈亦鱼,黄铭锋,,N,N
931,,绍兴文理学院,看队友打代码,4,605,-,+4(94),-,+3(274),-,-,-,-,-,-,+1(76),+1(61),55%,贺克屿,曹安迪,张铭浩,N,N
932,,山东师范大学,YXL,4,607,-,+1(105),-,+4(262),-,-,-1,-,-,-,+3(92),+1(48),55%,喻齐,许家禄,刘鑫,N,N
933,,华南师范大学,江南行者,4,609,-3,+4(122),-,+1(262),-,-,-,-,-,-,+1(132),+1(33),42%,熊铮煌,李建新,陈育瀚,N,N
934,261,三峡大学,海神三叉戟,4,611,-,+2(75),-,+1(208),-,-,-,-,-,-,+3(215),+1(53),42%,梁逢达,郝彬,宋兴宜,N,N
934,,东北大学秦皇岛分校,敲键盘,4,611,-,+2(114),-,+1(316),-3,-,-,-,-,-,+1(97),+1(64),20%,胡林润,陈泓翰,焦一晟,N,N
936,262,湖州师范学院,2024湖师院2队,4,615,-,+2(137),-,+2(234),-,-,-,-,-,-5,+3(120),+1(44),50%,周温策,胡微祥,赖郑峰,N,N
936,262,上海海事大学,海事探险小分队,4,615,-,+4(85),-,+2(267),-,-,-,-,-,-,+3(93),+1(50),60%,刘逸杰,顾以为,陈立元,N,N
938,,兰州大学,别灰心我会做得更好,4,616,-,+4(87),-,+3(289),-,-,-,-,-,-2,+1(92),+1(48),55%,邵逸帆,吴平,时哲涵,N,N
939,,浙大宁波理工学院,倒头就睡,4,620,-,+1(56),-,+1(321),-,-,-,-,-,-,+4(153),+1(30),42%,张奔晟,陈洪逸,钱晨,N,N
939,,东北师范大学,重生成为太刀侠在星露谷钓生命鲈鱼,4,620,-,+2(69),-,+2(327),-,-,-,-,-,-,+3(101),+1(43),50%,潘可欣,陈静,林律融,N,N
941,,西北工业大学,奥恩,4,621,-,+3(78),-1,+4(210),-,-,-7,-,-,-5,+5(115),+1(38),69%,杜鑫怡,黄煜,刘锦奇,N,N
942,,成都大学,爱你老妈，明天见,4,622,-,+4(104),-,+2(224),-,-,-13,-,-,-,+2(143),+1(51),55%,万名森,何永杰,吴帆,N,N
942,,广东工业大学,AC发电机,4,622,-,+6(101),-,+1(225),-,-,-2,-,-,-4,+3(113),+1(43),63%,何彦憬,郭靖扬,王耀廷,N,N
944,,华南师范大学,帝车超光所向捷,4,623,-,+1(89),-,+2(279),-,-,-,-,-,-8,+2(155),+1(60),33%,王振华,李嘉鼎,林楷楠,N,N
944,,浙江工业大学,ZJUT11,4,623,-,+4(65),-,+1(283),-,-,-,-,-,-,+3(134),+1(41),55%,张恒维,周睿,翁昊越,N,N
946,,西华大学,黄昏,4,624,-,+3(96),-,+1(213),-,-,-,-,-,-2,+6(146),+1(29),63%,石浩楠,陈言浩,刘佳宏,N,N
946,264,曲阜师范大学,别闹了，老婆，咱们回家吧,4,624,-,+2(72),-,+2(215),-,-,-,-,-,-2,+4(183),+1(54),55%,高文昊,孙一粟,杨梦洁,N,N
946,,中央民族大学,低语的月亮,4,624,-,+1(97),-,+1(242),-5,-,-,-,-,-,+5(157),+1(48),50%,马雨衡,盛楠,郭茂熙,N,N
946,,天津工业大学,能者多牢,4,624,-,+2(120),-,+4(254),-,-,-,-,-,-,+2(94),+1(56),55%,杨仕豪,宫昌禹,韩奕霖,N,N
950,,燕山大学,今天又摆烂了队不队,4,625,-,+2(123),-,+2(255),-,-,-,-,-,-,+4(118),+1(29),55%,唐湘黔,李梦浩,李述源,N,N
951,,武汉理工大学,wa完就回家,4,630,-,+4(138),-,+2(227),-,-,-,-,-,-1,+2(122),+1(43),55%,戴敦茂,李江东,吕毅,N,N
952,,华南师范大学,你怎么知道我的鼠标里有器灵,4,631,-,+3(66),-,+5(259),-,-,-,-,-,-3,+4(82),+1(44),69%,阴铭洋,蔡海鹏,陈耿城,N,N
953,,江西师范大学,蚌麻乐典孝急,4,633,-,+1(82),-,+5(344),-,-,-,-,-,-2,+1(70),+1(57),50%,章文浩,杨旭,张正航,N,N
954,265,西南石油大学,我队友是电科研究生,4,634,-,+2(50),-,+1(193),-,-,-,-,-,-,+11(143),+1(28),73%,赵泽熙,王艺钢,刁俊熙,N,N
955,,江南大学,海底小纵队,4,636,-,+3(156),-,+2(246),-,-,-,-,-,-3,+1(120),+1(54),42%,徐兢,杨学钊,陈一鸣,N,N
956,,湖南警察学院,湖南警察学院3队,4,637,-,+4(86),-20,-4,-,-,-,-,-,+7(214),+1(81),+1(76),69%,段家吾,肖玮璟,罗尧宇,N,N
956,,合肥工业大学宣城校区,笨笨,4,637,-,+2(65),-,+2(261),-,-,-,-,-,-1,+6(129),+1(42),63%,陆俊,雒雪萌,金晨毅,N,N
958,,哈尔滨理工大学,哈理工2024Y03,4,638,-,+5(118),-,+3(258),-,-,-,-,-,-,+2(76),+1(46),63%,黄忆杭,薛皓元,林如愿,N,N
959,,中国海洋大学,爆零了怎么办,4,642,-,+3(139),-,+1(286),-,-,-,-,-,-,+3(90),+1(47),50%,袁瑞彬,郑玉龙,屈兴阳,N,N
960,,中国传媒大学,重生帝女之我在定福庄二小附属大学,4,643,-,+2(96),-,+1(319),-,-,-,-,-,-1,+2(137),+1(51),33%,蔡奕麟,王梓涵,白小杨,N,N
961,,浙江财经大学,踏雪寻梅,4,644,-,+2(95),-,-,-,-,+3(344),-,-,-,+2(80),+1(45),50%,陈启亮,吴帆,赵子腾,N,N
962,,中国地质大学（武汉）,地脉恒辉,4,645,-,+4(140),-1,+1(272),-,-,-,-,-,-,+1(109),+1(64),42%,彭磊,鲍炳辰,王佳豪,N,N
962,266,南京工业大学,南工大n队,4,645,-,+2(79),-,+1(331),-,-,-,-,-,-,+3(119),+1(56),42%,商文博,张弘扬,陈星宇,N,N
964,,西南科技大学,我不是管人痴,4,648,-,+1(87),-,+3(320),-,-,-,-,-,-,+5(77),+1(44),60%,刘炅珺,王泽洋,何明成,N,N
965,,北京化工大学,Alnitak,4,649,-,+5(135),-,+1(231),-,-,-,-,-,-,+2(139),+1(44),55%,孙光照,陈子逸,王梦冉,N,N
966,,华南农业大学,事已至此先睡觉吧,4,650,-,+3(79),-,+6(269),-,-,-,-,-,-2,+1(94),+2(48),66%,黄诗杰,陈俊彬,,N,N
967,,苏州大学,异或,4,651,-,+5(106),-,+3(269),-,-,-,-,-,-,+2(86),+1(50),63%,姜涛,陈灵波,蔡福临,N,N
967,,桂林电子科技大学,happymore,4,651,-,+2(84),-,+6(274),-,-,-,-,-,-,+2(110),+1(43),63%,张安航,,,N,N
969,267,重庆交通大学,乌木威尔维恩耶尔吐温威乌温穆本欧萨斯,4,652,-,+5(110),-,+1(259),-,-,-,-,-,-,+3(115),+1(48),60%,王墨,向鸿锐,陈星求,N,N
970,,浙江工商大学,枯木逢春,4,657,-,+2(90),-,+1(344),-,-,-,-,-,-,+3(126),+1(37),42%,章圣央,凌文乐,徐晓轩,N,N
971,,中国科学技术大学,黑框框：代码,4,663,-,+2(200),-,+1(276),-,-,-,-,-,-,+2(88),+1(59),33%,罗浩民,李丁,王子宁,N,N
972,268,河北师范大学,橙白1队,4,665,-,+3(109),-,+2(321),-,-,-,-,-,-,+3(106),+1(29),55%,徐敬磊,叶兆伦,李奕飞,N,N
973,,香港科技大学（广州）,阿尔戈,4,671,-,+3(104),-,+5(308),-,-,-3,-,-,-,+1(86),+1(53),60%,陶文祥,刘秋悦,于明阳,N,N
974,269,中国计量大学现代科技学院,燃烧你的梦,4,673,-,+2(128),-,+2(325),-,-,-,-,-,-,+2(107),+1(53),42%,徐建博,江帆,金鸿睿,N,N
975,,湖州师范学院,2024湖师院3队,4,674,-,+6(134),-,+1(257),-,-,-12,-,-,-,+2(114),+1(49),60%,郑恩祈,王伟翔,候鹏程,N,N
975,270,厦门大学嘉庚学院,AveMujica,4,674,-,+3(113),-,+2(288),-,-,-,-,-,-4,+3(136),+1(37),55%,卓子翔,孙硕,冯剑宇,N,N
977,,东北大学秦皇岛分校,我没意见,4,675,-,+6(111),-,+3(256),-,-,-,-,-,-,+1(119),+1(49),63%,徐向博,闫一飞,张景皓,N,N
977,,福建农林大学,超级大廉颇,4,675,-,+2(100),-,+5(310),-,-,-,-,-,-,+1(83),+1(82),55%,严其旺,陈明扬,林学士,N,N
979,,厦门大学,XMU02,4,676,-,+1(73),-,+3(317),-,-,-,-,-,-,+4(137),+1(49),55%,蔡欣琪,张锦雯,何后天,N,N
980,,浙江工业大学,ZJUT12,4,678,-,+6(83),-,+5(283),-,-,-,-,-,-2,+1(59),+2(53),71%,马浩俊,陈颢元,胡益临,N,N
980,,惠州学院,感觉不如gc,4,678,-,+3(86),-,+1(301),-,-,-,-,-,-,+2(158),+1(73),42%,钟煜杰,罗科杰,李镇发,N,N
982,271,广西科技大学,《关于三等于一加二这件事》,4,679,-,+2(95),-,+2(338),-,-,-,-,-,-,+3(134),+1(32),50%,姜炳群,吴宏昊,樊昊兵,N,N
983,,南京工程学院,NJIT_12队_动态规划规划规划虎视眈眈,4,680,-,+3(82),-,+2(345),-1,-1,-4,-5,-1,-4,+2(122),+1(51),50%,陈昱安,张释予,金铭,N,N
984,,成都东软学院,向日葵,4,682,-,+5(141),-,+1(258),-,-,-,-,-,-,+2(132),+1(51),55%,薛熠,杨豪,夏健瑶,N,N
984,,华南理工大学,BlackContest: AllWa,4,682,-,+4(99),-,+2(340),-,-,-,-,-,-,+2(98),+1(45),55%,陈浩宇,袁宇,陈载熺,N,N
984,,阜阳师范大学,锐笔速写,4,682,-,+3(126),-,+1(350),-,-,-,-,-,-,+2(99),+1(47),42%,詹敏玮,纪成伟,邹宇,N,N
987,272,井冈山大学,大国铁匠,4,686,-,+4(77),-,+3(340),-,-,-,-,-,-,+2(101),+1(48),60%,吴传民,吴彤,王琼,N,N
988,273,山东工商学院,写完这题就结束,4,689,-,+5(142),-,+3(256),-,-,-,-,-,-,+2(94),+1(57),63%,栗子旭,赵潼,谢俊杰,N,N
989,274,华北理工大学,勤奋守信好学,4,690,-,+3(102),-,+4(347),-,-,-,-,-,-,+1(91),+1(50),55%,丰文政,张海洋,陆意非,N,N
990,,四川师范大学,hhh_jokers,4,691,-,+5(142),-,+2(276),-,-,-1,-,-,-1,+1(88),+2(65),60%,胡琦,侯欢,胡希言,N,N
990,,中国海洋大学,Abyss Watchers,4,691,-,+2(167),-,+4(329),-,-,-,-,-,-,+1(76),+1(39),50%,汪希,汤琦,王佳晖,N,N
992,,阜阳师范大学,白雪公组,4,714,-,+2(127),-,+2(351),-,-,-,-,-,-,+3(105),+1(51),50%,石泱泱,王佳莉,朱雪丽,N,N
993,,浙江万里学院,万里3队,4,715,-,+3(113),-,+1(347),-,-,-,-,-,-,+4(121),+1(34),55%,牛腾,何丰毅,孙春辉,N,N
994,275,山东航空学院,和光同尘,4,716,-,+2(108),-,+2(334),-,-,-81,-,-,-,+1(163),+1(71),33%,魏铭泽,李乐翔,李璐,N,N
995,,苏州大学,泥塑内存溢出,4,725,-2,+4(84),-,+5(294),-,-,-2,-,-,-,+4(111),+1(36),71%,王天予,周子尧,汪子琛,N,N
996,,华东理工大学,希望能,4,733,-,+4(92),-,+3(293),-,-,-,-,-,-,+2(174),+1(54),60%,沈誉,王振宇,朱嘉辉,N,N
997,,江西师范大学,樱trick,4,735,-,+3(112),-2,+4(322),-,-,-,-,-,-,+3(83),+2(58),66%,欧阳予晨,谢炜忠,罗一鸣,N,N
998,,西湖大学,Super Dinosaurs,4,738,-,+4(165),-,+3(248),-,-,-,-,-7,-,+1(150),+1(75),55%,毛智辉,项延皓,李志洲,N,N
999,,南京理工大学,仓鼠猫猫头,4,745,-,+3(137),-,+5(151),-,-,-,-,-,-,+7(173),+1(44),75%,刘志豪,汪立洪,王宏伟,N,N
1000,,山东理工大学,我有铁牌,4,749,-,+4(125),-,+4(336),-,-,-65,-,-,-,+2(103),+1(45),63%,杨国强,宋润桐,朱嘉超,N,N
1001,276,重庆科技大学,背水一战,4,757,-,+2(64),-,+7(295),-,-,-,-,-,-,+5(142),+1(36),73%,廖章昊,余臻,刘冬勇,N,N
1002,,杭州电子科技大学,2024杭电13队,4,763,-,+5(100),-,+7(352),-,-,-,-,-,-1,+1(63),+1(48),71%,余蓝浩,黄可染,徐正阳,N,N
1003,277,太原理工大学,吃黄瓜要趁绿,4,765,-,+5(202),-,+1(255),-,-,-,-,-,-2,+3(146),+1(42),60%,许星宇,荀思杰,宋宇臣,N,N
1003,,重庆大学,小青草,4,765,-,+2(162),-,+1(303),-,-,-,-,-,-,+5(127),+1(73),55%,林继清,曹泽阳,彭小轩,N,N
1005,278,电子科技大学成都学院,平安喜乐丶,4,768,-,+1(174),-,+3(342),-,-,-,-,-,-,+3(122),+1(50),50%,吕文凯,熊悦童,,N,N
1006,,天津工业大学,队长才不是小楠娘了啦,4,769,-,+7(147),-,+1(307),-,-,-,-,-,-,+1(100),+2(75),63%,李俊贤,孙海杭,孙恺,N,N
1007,,南京航空航天大学,米兰的铁匠铺,4,770,-,+7(133),-,+5(304),-,-,-,-,-,-1,+1(72),+2(41),73%,陆齐嘉,罗力昂,施天笑,N,N
1008,,湘潭大学,数据别和我作队,4,773,-,+2(58),-,-10,-,-,-6,-,-,+10(347),+4(69),+1(39),76%,资刘宇凡,陈翔,许秋宇,N,N
1009,,浙江广厦建设职业技术大学,孙燕姿歌迷,4,774,-,+4(70),-,+8(351),-,-,-,-,-,-4,+3(63),+1(50),75%,陈硕,黄燊锐,陈斌,N,N
1010,,华南师范大学,菜鸟队,4,784,-,+2(93),-,+4(351),-,-,-,-,-,-,+5(132),+1(48),66%,陈嘉希,侯赛浩,张林晨,N,N
1011,,上海海事大学,我重生了这一世我要夺回属于我的ccpc名额,4,789,-,+5(145),-,+3(285),-,-,-61,-,-,-,+4(134),+1(45),69%,常缪洋,沈彦君,郑天罡,N,N
1012,,苏州大学,你说的都对,4,800,-,+5(211),-,+2(329),-,-,-,-,-,-,+2(91),+1(49),60%,刘硕,朱星晨,周业鸣,N,N
1013,,华东师范大学,待到秋来九月八,4,812,-,+2(149),-,+1(328),-,-,-,-,-,-,+4(182),+1(73),50%,江楠,陈秋澎,曹欣元,N,N
1014,,河南大学,全部队,4,818,-,+1(70),-,+11(343),-,-,-,-,-,-,+3(108),+1(57),75%,李莹,孙利伟,朱德良,N,N
1015,,南京农业大学,那年春，除却AC不是真,4,820,-,+1(91),-,+5(344),-,-,-,-,-,-,+3(187),+1(78),60%,朱立明,顾慎之,胡宇昊,N,N
1016,,浙江师范大学,唐宋元每个都沾,4,822,-,+1(79),-,+2(355),-,-,-,-,-,-,+6(191),+2(57),63%,金涵博,汤建凌,沈佳乐,N,N
1017,,武汉理工大学,队友只要AC就可以，摸鱼就要考虑很多了,4,828,-,+5(175),-,+1(285),-,-,-,-,-,-2,+6(163),+1(25),69%,戚桂铨,殷越,罗韬,N,N
1018,,中央民族大学,烫烫烫烫锟斤拷,4,835,-,+3(275),-,+2(220),-,-,-,-,-,-5,+1(126),+2(134),50%,陈治北,张栋良,刘睿喆,N,N
1019,279,西安科技大学,炼金术士,4,839,-,+1(70),-,+1(183),-,-,-,-,-,-,+5(63),+21(43),85%,李姜帅,袁伯琦,罗元,N,N
1020,280,广州华立学院,一个考研+一个考雅思+一个java炒粉,4,854,-,+5(85),-,+10(290),-1,-,-,-,-,-,+4(110),+1(49),80%,谭翰煨,罗伟康,廖俊杰,N,N
1021,,江西农业大学,我已亭亭，不忧亦不惧,4,867,-,+3(65),-,+1(333),-,-,-,-,-,-,+8(221),+2(48),71%,陈烨,江柏霖,闫卡特,N,N
1022,,哈尔滨工程大学,小红帽,4,876,-,+5(125),-,+7(295),-,-,-,-,-,-,+2(160),+2(56),75%,徐美信,孔俊涵,叶枫,N,N
1023,281,常州大学,三个绿名,4,879,-,+3(76),-,+6(307),-1,-,-,-,-,-,+8(108),+4(48),80%,王成晨,许晨辉,庄季旭,N,N
1024,282,沈阳工业大学,都给我打瓦队,4,916,-,+4(184),+6(330),-,-,-,-,-,-,-4,+4(150),+1(32),73%,曲家智,林玮,李帅,N,N
1025,,江西师范大学,小老虎爱吃西兰花,4,917,-,+4(173),-,+1(336),-,-,-,-,-,-,+5(234),+1(34),63%,何建伟,雷川圣,徐青山,N,N
1026,283,重庆城市科技学院,彳亍,4,933,-,+5(118),-,+1(340),-8,-,-,-,-,-5,+8(200),+1(55),73%,吴广平,郑海波,姜欢,N,N
1027,284,闽南师范大学,快new一个队名,4,974,-,+3(86),-,+7(308),-1,-,-,-,-,-2,+6(288),+1(32),76%,沈金荣,吴连捷,庄瑜,N,N
1028,285,四川农业大学,穿越之我是菜狗,4,1009,-,+6(198),-,-,-,-,-,-,-,+3(266),+7(192),+3(53),78%,陈俊炜,聂宇豪,唐源泉,N,N
1029,,西南财经大学,鼠鼠不想打铁,4,1055,-,+11(308),-,+1(273),-,-,-,-,-,-,+2(173),+1(81),73%,王世海,陈鹏宇,陈施燃,N,N
1030,,集美大学,夏日重现—jmu,3,163,-,+2(55),-,-,-2,-,-,-,-,-,+1(44),+1(44),25%,道又铭,叶文定,庄晓兵,N,N
1031,,浙江工商大学,倚星折月,3,165,-,+1(75),-,-,-1,-,-1,-,-,-,+1(59),+1(31),0%,陈晨,龚嘉瑶,干凯洁,N,N
1032,,浙江中医药大学,重生之我是原神高手,3,166,-,+1(55),-,-,-,-,-,-,-,-,+1(65),+1(46),0%,冯致远,金理宏,余成曙,N,N
1033,,中南大学,破晓之光,3,178,-,+2(60),-,-1,-6,-,-,-,-,-,+1(63),+1(35),25%,吴俊杰,李文韬,罗浩成,N,N
1034,,南通大学,来只秃头唐龙,3,180,-,+2(64),-,-1,-,-,-,-,-,-,+1(51),+1(45),25%,肖如航,梁曹开,李梓鸣,N,N
1035,,南京邮电大学,njupt24team009,3,184,-,+1(87),-2,-,-,-,-,-,-,-,+1(60),+1(37),0%,王悦瀚,王薪睿,韩达昊,N,N
1036,,四川师范大学,就算是中二病也要谈恋爱,3,186,-,+2(72),-4,-3,-,-,-,-,-,-,+1(60),+1(34),25%,董军军,邓厚锐,梁敏聪,N,N
1037,,哈尔滨工业大学（威海）,一番断幺,3,189,-,+3(62),-,-,-1,-,-,-,-,-,+1(55),+1(32),40%,王潇逸,郑尊文,朱圣方,N,N
1037,,华南师范大学,野指针,3,189,-,+2(69),-,-,-4,-,-,-,-,-4,+1(52),+1(48),25%,林泽勋,罗为,李浩源,N,N
1037,,杭州师范大学,没一个会取名字,3,189,-,+1(50),-,-,-,-,-,-,-,-4,+2(87),+1(32),25%,陈玥汕,陈宇雯,葛宇逍,N,N
1040,,鲁东大学,红色玫瑰,3,191,-,+2(56),-,-,-,-,-,-,-,-,+1(80),+1(35),25%,刘若麟,周振文,周建行,N,N
1040,,北京师范大学-香港浸会大学联合国际学院,重生之猫猫上树,3,191,-,+1(96),-,-,-,-,-,-,-1,-,+1(62),+1(33),0%,赵浩然,杨睿果,陈劭延,N,N
1042,,安阳工学院,OK感觉要队,3,192,-1,+1(81),-1,-1,-1,-1,-1,-1,-1,-1,+1(61),+1(50),0%,冯鼎,张金博,牛金鑫,N,N
1043,,浙江财经大学,一路向北,3,194,-,+1(62),-,-4,-,-,-,-,-,-,+1(84),+1(48),0%,周弋航,王彦彬,黄曦,N,N
1044,,江西财经大学,我不想吃蛙,3,196,-,+2(47),-,-6,-,-4,-63,-,-4,-3,+2(62),+1(47),40%,王海峰,彭俊杰,李鑫,N,N
1044,286,东莞理工学院,心态就是力量,3,196,-,+1(58),-,-54,-,-,-,-,-,-3,+2(78),+1(40),25%,黄海,林恬烁,林志龙,N,N
1044,286,沈阳师范大学,今夜，星光灿烂,3,196,-,+2(78),-,-1,-,-,-,-,-,-,+1(69),+1(29),25%,朱少泽,谌致远,章传亮,N,N
1047,288,商丘师范学院,爱玩蛋仔派对,3,197,-,+2(82),-,-,-,-,-,-,-,-,+1(60),+1(35),25%,贾易臻,汤函,马腾飞,N,N
1047,,鲁东大学,三个不会打ACM的ACMER,3,197,-1,+1(85),-1,-1,-1,-1,-1,-1,-1,-1,+1(70),+1(42),0%,李俊锋,朱乐民,李圣杰,N,N
1049,,东北农业大学,你的人格类型是：XCPC,3,198,-,+2(73),-,-,-,-,-,-,-,-,+1(54),+1(51),25%,王杭涛,胡家诚,董奇瑞,N,N
1049,,华北理工大学,不会止步于...后面忘了,3,198,-,+1(69),-,-2,-,-,-,-,-,-3,+1(94),+1(35),0%,陈焜,董文清,郝文元,N,N
1051,,中国传媒大学,谁看懂题了,3,200,-,+2(75),-,-,-,-,-,-,-,-,+1(59),+1(46),25%,邱豪,张家宝,陈嘉祺,N,N
1052,,浙江万里学院,万里2队,3,201,-,+1(85),-3,-,-,-,-,-,-,-,+1(70),+1(46),0%,袁礼赞,钱沁浩,侯睿远,N,N
1053,,黑龙江大学,三相之力,3,203,-,+3(67),-,-,-,-,-,-,-,-2,+1(50),+1(46),40%,王浩,刘彦良,高阳,N,N
1053,,西南科技大学,凭阑西望，潇潇雨歇,3,203,-,+2(65),-,-,-,-,-70,-,-,-2,+2(74),+1(24),40%,刘鑫,张毅,黄锡恩,N,N
1053,,浙江科技大学,这是你起的名字吗,3,203,-,+1(61),-,-5,-,-,-,-,-,-,+1(103),+1(39),0%,胡仕豪,胡大帅,郑双,N,N
1056,,河南大学,604,3,206,-,+2(58),-18,-,-,-,-,-,-,-2,+1(76),+1(52),25%,张亚豪,程功,耿东阳,N,N
1056,,鲁东大学,确实挺不错的,3,206,-,+1(79),-,-,-,-,-,-,-,-,+1(83),+1(44),0%,李承建,程继熙,王万涛,N,N
1058,,南昌航空大学,大小姐，it is time to  go to XCPC,3,208,-,+2(77),-,-1,-,-,-,-,-,-,+1(65),+1(46),25%,谢景妍,万嘉磊,张进超,N,N
1058,,青岛理工大学,CCPC慈善捐款基金会,3,208,-,+2(62),-,-,-,-,-,-,-,-,+1(97),+1(29),25%,王潘勋,付俊潇,王鹏宇,N,N
1060,,南京工业大学,我太想进步了,3,209,-,+2(74),-,-,-,-,-3,-,-,-4,+1(65),+1(50),25%,叶劭伟,钱致宁,陈立森,N,N
1060,,吉林大学,愚人号,3,209,-3,+2(77),-,-,-,-,-,-,-,-,+1(60),+1(52),25%,庄德锴,周明月,陆广阳,N,N
1060,,河南师范大学,导员抽查我的毕设惊了,3,209,-,+3(53),-,-,-,-,-5,-,-,-,+1(79),+1(37),40%,许恩铎,王昊宇,郑欣宇,N,N
1060,,郑州轻工业大学,"鸿鹄之志,不在林间",3,209,-,+2(60),-,-,-,-,-,-,-,-,+1(79),+1(50),25%,王少杰,赵梓昊,高福涛,N,N
1064,,天津大学,狼王-亚索-司命,3,212,-,+1(78),-,-3,-,-,-,-,-,-,+1(83),+1(51),0%,荆智彬,高家璇,温梓昕,N,N
1064,289,武昌首义学院,蒟蒻猫猫虫,3,212,-,+2(67),-,-,-,-,-,-,-,-,+1(84),+1(41),25%,张楠,汤龙飞,张嘉杰,N,N
1064,,南京工业大学,小飞机来喽,3,212,-,+2(69),-,-3,-,-,-,-,-,-,+1(84),+1(39),25%,汪 海涛,戴钰宸,王一涵,N,N
1064,,山东理工大学,重生之我在沙梨疯狂WA,3,212,-,+2(56),-,-4,-,-,-35,-,-,-,+2(92),+1(24),40%,张天天,袁烨,袁成,N,N
1068,290,浙江工业职业技术学院,浙江工业职业技术学院4队,3,213,-,+2(84),-,-,-,-,-,-,-,-,+1(80),+1(29),25%,苏楠,施世泽,温作航,N,N
1069,,暨南大学,这一发一定过！,3,214,-1,+3(66),-1,-20,-1,-1,-5,-1,-1,-2,+1(65),+1(43),40%,郭彦培,毛俊懿,刘昌源,N,N
1070,,天津大学,拼搏百天，我要上天津大学,3,216,-,+1(68),-,-,-,-,-18,-,-,-,+1(79),+1(69),0%,王然驰,马佳一,于兴航,N,N
1070,,同济大学,我没意见,3,216,-,+1(106),-,-,-,-,-,-,-,-,+1(61),+1(49),0%,刘子康,魏千壹,毛韩宇,N,N
1072,,山东理工大学,只此一发,3,217,-,+2(80),-,-2,-,-,-,-,-,-,+1(62),+1(55),25%,刘晓宇,屈浩浩,程嘉润,N,N
1072,,中国传媒大学,从零开始的acm生活,3,217,-,+1(77),-,-2,-,-,-,-,-,-,+1(90),+1(50),0%,李繁耀,谭泓,邱欣睿,N,N
1074,,台州学院,菜菜，带带,3,218,-,+2(68),-,-11,-,-,-,-,-,-,+1(71),+1(59),25%,邵琳开,吴世达,屠高磊,N,N
1075,,南开大学,期末上机等评测何尝不是一种大比队,3,219,-,+1(79),-,-,-,-,-,-,-,-2,+1(85),+1(55),0%,是忻言,史傅冠华,谭易,N,N
1076,,长沙理工大学,贞德士泥鸭,3,221,-,+2(78),-,-,-,-,-,-,-,-3,+2(55),+1(48),40%,张子睿,曾培翔,丁炎培,N,N
1077,,西南民族大学,夜阑风静欲归时，惟有一江明月碧琉璃,3,222,-,+2(82),-,-,-,-,-,-,-,-,+2(71),+1(29),40%,詹宁康,苗家纯,张楚豪,N,N
1077,,广东工业大学,紫罗兰永恒花园,3,222,-,+1(71),-,-1,-,-,-,-,-,-,+1(107),+1(44),0%,何其浚,叶冠锋,张越,N,N
1079,,中南民族大学,我们的队伍正在蒸蒸日上,3,223,-1,+2(50),-1,-2,-1,-1,-1,-1,-1,-1,+1(97),+1(56),25%,林俊彦,魏子杰,陈宇轩,N,N
1080,,中国地质大学（北京）,虫子制造机,3,225,-,+3(66),-,-10,-2,-,-,-,-,-,+1(77),+1(42),40%,张宝仁,彭嘉伟,宋子涵,N,N
1080,,暨南大学,让三追梦,3,225,-,+2(92),-,-4,-,-,-,-,-,-,+1(62),+1(51),25%,曾琪瑶,马子凯,谢正心,N,N
1082,,浙大城市学院,那场TLE毁了我的金牌梦#沉淀,3,226,-,+2(54),-,-1,-,-,-1,-,-,-,+1(74),+1(78),25%,徐俊华,魏华楠,虞子琰,N,N
1082,291,广州城市理工学院,重振软工荣光,3,226,-,+2(56),-,-,-,-,-,-,-,-,+2(94),+1(36),40%,曾振辉,于广,莫国庆,N,N
1082,291,河南科技学院,真ikun才能Ac,3,226,-,+2(62),-,-8,-,-,-,-,-,-,+1(109),+1(35),25%,贾强,郭培炎,胡智敏,N,N
1085,293,广东药科大学,我不是药神,3,227,-,+1(100),-,-4,-,-,-,-,-,-3,+1(82),+1(45),0%,郭瑞涛,林信达,蓝业,N,N
1085,,河南大学,不时用豫语告白的广东老乡,3,227,-,+1(101),-,-,-,-,-,-,-,-,+2(81),+1(25),25%,张艺洋,邹健宇,孟翔雨,N,N
1087,,长春理工大学,三十秒广告解锁题解,3,229,-,+4(70),-,-,-,-,-64,-,-,-,+2(48),+1(31),57%,王建闳,甄元浩,赵耀财,N,N
1087,294,韩山师范学院,玫瑰常开警告常在,3,229,-,+1(89),-,-4,-,-,-,-,-,-,+2(77),+1(43),25%,陈紫阳,何启华,陈佳栩,N,N
1087,,同济大学,索伯算法竞技俱乐部,3,229,-,+2(95),-,-,-10,-,-,-,-,-,+1(72),+1(42),25%,王梓彦,严梓杰,胡浩杰,N,N
1090,295,齐齐哈尔大学,"齐大是齐齐哈尔最好的大学,张雪峰都这么说",3,230,-,+1(87),-,-1,-,-,-,-,-,-,+1(97),+1(46),0%,段圣宣,李奇运,蓝俊贤,N,N
1091,296,深圳技术大学,SZTU_断了的轨迹,3,231,-,+1(48),-,-1,-,-,-,-,-,-,+4(94),+1(29),50%,张俊城,黄睿,莫昊,N,N
1091,,合肥大学,白裤裆寒冬一击,3,231,-,+2(99),-1,-,-,-,-,-,-,-,+1(77),+1(35),25%,郭旗旭,谢宇,孙圳昂,N,N
1091,,河南工程学院,要不叫不会起名队,3,231,-,+1(105),-,-5,-,-,-,-,-,-,+1(73),+1(53),0%,王帅豪,姚宗凯,周宇航,N,N
1094,,武汉理工大学,一题都不队,3,233,-,+2(72),-,-,-,-,-,-,-,-,+1(88),+1(53),25%,叶金格,陈筱筱,林雅钦,N,N
1094,,成都东软学院,勇敢去做,3,233,-,+3(89),-,-,-,-,-8,-,-,-,+2(55),+1(29),50%,张慈玖,王成锐,贾立旺,N,N
1096,,绍兴文理学院,守银,3,235,-,+1(84),-,-3,-,-,-,-,-,-,+3(70),+1(41),40%,牛佳泉,费鸿杰,顾煜,N,N
1097,,浙江工商大学,自由发挥队,3,236,-,+1(104),-,-,-,-,-,-,-,-,+1(73),+1(59),0%,许晨龙,杨顾文韬,陈嗣元,N,N
1097,,集美大学,我样例过了,3,236,-,+2(66),-,-21,-,-,-,-,-,-,+1(108),+1(42),25%,王力恒,林敬炜,谢业成,N,N
1099,,郑州大学,郑大三队,3,239,-,+4(70),-,-1,-,-,-,-,-,-,+1(58),+1(51),50%,吕翊加,孙昱涵,李少昆,N,N
1099,297,天津理工大学,蒟蒻想打区域赛,3,239,-,+1(79),-,-,-,-,-10,-,-,-,+1(86),+2(54),25%,陆思成,刘鑫星,赵浩然,N,N
1101,,石家庄铁道大学,云之彼端，约定的地方,3,240,-,+3(52),-,-,-,-,-,-,-,-,+2(83),+1(45),50%,申世铎,王垚,李天宇,N,N
1101,298,武汉职业技术学院,关于大专生勇闯CCPC这件事,3,240,-,+2(95),-,-1,-,-,-,-,-,-,+2(71),+1(34),40%,罗振荣,王子玄,杨浩,N,N
1101,,天津大学,少爷和老奴,3,240,-,+1(80),-,-,-,-,-,-,-,-,+1(101),+1(59),0%,仇静逸,蒋茜,王煜杰,N,N
1104,299,五邑大学,东成村职业技术学院,3,241,-,+2(88),-,-3,-,-,-,-,-,-2,+2(67),+1(46),40%,卢苇,陈杰,冯凯翔,N,N
1104,,江西师范大学,原来你也玩原神,3,241,-,+1(92),-,-,-,-,-,-,-,-2,+2(79),+1(50),25%,韩玮翌,梅相彪,马天乐,N,N
1104,,山东理工大学,我的青春ACM物语不会梦到吃货幽幽子,3,241,-,+2(71),-,-3,-,-,-42,-,-,-,+1(97),+1(53),25%,李彦硕,马新皓,姚翰洋,N,N
1104,,浙江工商大学,猫猫骑士团初探区域赛,3,241,-,+2(102),-,-1,-,-,-,-,-,-2,+1(74),+1(45),25%,卢嘉亮·,张任杰,杨毅博,N,N
1104,299,常熟理工学院,翻斗花园孩子王,3,241,-,+1(51),-,-2,-,-,-,-,-,-,+2(136),+1(34),25%,陈文钰,邵文杰,钱图,N,N
1109,,哈尔滨理工大学,哈理工2024Y13,3,242,-,+3(74),-,-12,-,-,-,-,-,-,+2(78),+1(30),50%,冉渝旭,刘名洋,李黛希,N,N
1109,,宁波大学,我们得思索一下,3,242,-,+2(97),-,-,-,-,-,-,-,-,+2(72),+1(33),40%,赖诗亮,朱怡晨,吴祺昊,N,N
1109,,南阳理工学院,取名困难户，别问我,3,242,-,+1(84),-,-1,-,-,-,-,-,-,+1(113),+1(45),0%,李肖阳,吴隆,张恒瑞,N,N
1112,,怀化学院,怀化学院2队,3,243,-,+2(104),-,-,-,-,-,-,-,-8,+1(85),+1(34),25%,郑岳桓,陈皓,孟正浩,N,N
1113,,中国计量大学,互联网处决我,3,244,-,+2(84),-,-,-,-,-,-1,-,-5,+2(67),+1(53),40%,曹炳涛,赵星亮,赖俊文,N,N
1113,301,吉利学院,吉利太美,3,244,-,+2(89),-,-9,-,-,-,-,-,-,+2(67),+1(48),40%,罗志豪,何正,赵研淞,N,N
1115,,郑州轻工业大学,小狗怎么叫,3,245,-,+2(89),-,-,-,-,-,-,-,-,+2(65),+1(51),40%,杜琰,党子俊,任五州,N,N
1115,,中国地质大学（北京）,不ac就别wawa叫,3,245,-,+3(97),-,-2,-,-,-,-,-,-,+1(60),+1(48),40%,赵杰,熊凌玉,秦郅涵,N,N
1115,,东华大学,缝纫机糕手,3,245,-,+3(80),-,-,-,-,-,-,-,-1,+1(97),+1(28),40%,徐张琪,申森,苏王宸,N,N
1115,,南京邮电大学,njupt24team007,3,245,-,+3(117),-3,-,-,-,-,-,-,-,+1(54),+1(34),40%,熊鼎,耿嘉泽,杨珈懿,N,N
1115,,长安大学,震惊长安第114514拳,3,245,-,+1(120),-11,-,-,-,-,-,-,-3,+1(97),+1(28),0%,李亦阳,蒙禹龙,原理畅,N,N
1120,,深圳技术大学,SZTU_卡在起名上了,3,247,-,+2(75),-,-,-,-,-,-,-,-,+1(79),+1(73),25%,徐鑫,薛晓阳,王楷彬,N,N
1121,,浙江科技大学,皮肤爽朗不服气,3,248,-,+3(81),-,-1,-,-,-,-,-,-,+1(80),+1(47),40%,徐林灿,许城玮,张德军,N,N
1121,302,山东女子学院,彼阳地队,3,248,-,+2(102),-,-,-,-,-,-,-,-2,+1(90),+1(36),25%,颜瑞临,朱昊城,赵士健,N,N
1121,,大连大学,选择困难症犯了,3,248,-,+2(104),-,-,-,-,-,-,-,-,+1(75),+1(49),25%,汤世軒,郑卫,何彦东,N,N
1121,302,北京印刷学院,中国出版大学,3,248,-,+2(108),-,-16,-,-,-20,-,-,-,+1(82),+1(38),25%,李成蹊,陶慕尧,蒋帆,N,N
1125,,长沙理工大学,深藏blue,3,249,-,+2(63),-,-,-,-,-,-,-,-,+2(100),+1(46),40%,郭展宏,赖贝尔,成捷,N,N
1126,,西北大学,我们太想进部了,3,250,-,+3(87),-,-,-,-,-,-,-,-4,+2(64),+1(39),50%,梁家瑞,黄志扬,罗穰杰,N,N
1126,,南京师范大学,我能在得了健忘症的情况下打完ACM吗,3,250,-,+2(103),-,-5,-,-,-,-,-,-,+1(83),+1(44),25%,徐杰克,陆扬帆,姜凌,N,N
1126,,浙江农林大学,我直直直直直接给你坐下,3,250,-,+1(77),-,-,-,-,-,-,-,-,+2(105),+1(48),25%,朱冠霖,赵亭旭,黄志腾,N,N
1126,,中国科学技术大学,小熊猫,3,250,-,+2(107),-,-,-7,-,-,-,-,-,+1(74),+1(49),25%,邢祎航,张朝阳,吉耀岚,N,N
1130,304,信阳师范学院,圣芙蕾雅,3,251,-,+2(87),-,-6,-,-,-,-,-,-1,+3(72),+1(32),50%,王荣显,宋之涵,梁子义,N,N
1130,,江西农业大学,憧憬成为魔法少女,3,251,-,+2(63),-,-2,-,-,-,-,-,-,+2(89),+1(59),40%,杨宪东,黄宇,许思帆,N,N
1132,,中国矿业大学（北京）,云淡风轻,3,252,-,+1(80),-,-1,-,-,-,-,-,-,+4(68),+1(44),50%,周发顺,徐靖涵,王晨,N,N
1133,,华南理工大学,Tea Time,3,253,-,+5(75),-,-2,-,-,-,-,-,-1,+1(66),+1(32),57%,曾武俊,曹航语,黄嘉坤,N,N
1133,,哈尔滨工业大学（威海）,被CCPC暴打,3,253,-,+3(96),-,-1,-,-,-,-,-,-,+1(67),+1(50),40%,李博文,孙云起,王健睿,N,N
1133,305,宁波财经学院,下水管道疏通半小时上门1,3,253,-,+2(74),-,-2,-,-,-,-,-,-,+1(105),+1(54),25%,潘致远,李心豪,李辉鸿,N,N
1136,,中国地质大学（武汉）,网瘾早该电电了,3,255,-,+1(67),-,-,-,-,-,-,-,-,+2(123),+1(45),25%,杨家鹤,李泽文,魏忠强,N,N
1137,,华东师范大学,春日影,3,256,-,+1(107),-,-2,-1,-,-,-,-,-,+1(95),+1(54),0%,李俊辰,陈涵,,N,N
1138,,湖南中医药大学,以上队伍成绩无效,3,257,-,+2(85),-1,-,-1,-,-,-,-,-,+2(89),+1(43),40%,杨增磊,刘孝波,宋世超,N,N
1139,,郑州大学,郑大五队,3,258,-,+2(101),-,-,-,-,-,-,-,-,+2(79),+1(38),40%,徐钧杰,杨光,朱锦昊,N,N
1140,,浙江工商大学,魔法火焰,3,259,-,+3(96),-,-,-,-,-,-,-,-,+1(74),+1(49),40%,邬子阳,廖赢煜,吴雨航,N,N
1140,,齐鲁工业大学,举牌喵喵机,3,259,-1,+2(72),-,-2,-2,-,-,-,-,-,+2(101),+1(46),40%,杨梓睿,张宸维,郑博维,N,N
1140,,浙江工业大学,ZJUT6,3,259,-,+1(80),-,-1,-,-,-,-,-,-,+2(102),+1(57),25%,施豪硕,郭正楠,谢子杰,N,N
1143,,华中师范大学,黑神话：铁牌,3,260,-,+2(58),-,-4,-,-,-,-,-,-,+2(87),+2(55),50%,陈晓鸣,赵毅,王绪毅,N,N
1144,306,哈尔滨理工大学（威海）,Day-100,3,261,-,+4(76),-,-,-5,-,-4,-,-,-,+2(73),+1(32),57%,董建豪,董军豪,田军,N,N
1144,,山东师范大学,樱高轻音部,3,261,-,+4(62),-,-,-,-,-,-,-,-,+1(81),+1(58),50%,张兴晨,路宇欣,魏淑英,N,N
1144,,武汉科技大学,一厢情愿，有始无终,3,261,-,+2(100),-,-,-,-,-,-,-,-,+2(76),+1(45),40%,吕瑞峰,荣成,管沙隆,N,N
1144,306,中国农业大学,我超农,3,261,-,+2(56),-,-5,-,-,-,-,-,-,+3(108),+1(37),50%,李晗,马铭浩,季楷翔,N,N
1144,,武汉理工大学,相遇天使,3,261,-,+2(65),-,-2,-,-,-,-,-,-,+2(108),+1(48),40%,詹万炜,陈嘉乐,李咏泽,N,N
1144,306,扬州大学,柚子醋蒸虾头,3,261,-,+2(67),-,-,-,-,-,-,-,-,+1(128),+1(46),25%,蒋蠡,余兴正,宋世荣,N,N
1150,,惠州学院,爆零鼠鼠の逆袭,3,262,-,+2(95),-,-2,-,-,-,-,-,-1,+1(69),+2(58),40%,吴海杰,钟志杰,陈源欣,N,N
1150,,浙大城市学院,雨夹雪,3,262,-,+2(75),-,-1,-,-,-,-,-,-,+1(113),+1(54),25%,黄雪颖,钟诗雨,王雨婷,N,N
1152,,浙江理工大学,汪汪队不立功,3,263,-,+1(93),-,-,-,-,-,-,-,-1,+3(82),+1(48),40%,裘雨彤,陈钢,上官福诚,N,N
1152,,中国民航大学,数据别和我作队,3,263,-,+2(80),-,-,-,-,-,-,-,-,+1(119),+1(44),25%,李林芮,马佳昶,姚远,N,N
1152,,石家庄铁道大学,乐正司百曲，绫动万年红,3,263,-,+1(124),-,-,-,-,-,-,-,-,+1(101),+1(38),0%,王飞,史锦涛,王韵然,N,N
1155,,西南交通大学,const int PI = 3.1415926535;,3,264,-5,+2(77),-,-,-,-,-,-,-,-,+1(120),+1(47),25%,林泽宇,曹创,倪阳,N,N
1156,,湖南工学院,人机求轻虐,3,265,-,+3(72),-,-,-,-,-,-,-,-,+2(89),+1(44),50%,万鑫杰,陈嘉鹏,李东,N,N
1157,,浙江师范大学,斜月三星洞 风灵月影宗,3,266,-,+1(100),-,-10,-,-,-,-,-,-,+2(94),+1(52),25%,李侑轩,李一辉,陈智,N,N
1157,,西南民族大学,玛卡巴卡,3,266,-,+3(108),-,-,-,-,-,-,-,-,+1(85),+1(33),40%,傅子益,俞欣,甘梓廷,N,N
1157,,山东大学,明天考离散,3,266,-,+1(90),-,-,-,-,-,-,-,-,+2(112),+1(44),25%,王成意,王涵,荆昱熹,N,N
1157,309,河南科技大学,lwl,3,266,-,+2(92),-,-,-,-,-,-,-,-,+1(121),+1(33),25%,李超健,王宇阳,李喆,N,N
1161,,东北师范大学,从CCPC打铁到ICPC爆零,3,267,-,+3(74),-,-,-,-,-,-,-,-17,+2(85),+1(48),50%,邓鹏,陈景源,许浚锴,N,N
1161,,西南民族大学,SCCPC*,3,267,-,+2(86),-,-,-,-,-,-,-,-,+2(99),+1(42),40%,姚焜,欧辉强,黄铭,N,N
1163,,山东大学（威海）,听我说先别急,3,268,-,+3(69),-,-,-,-,-,-,-,-,+3(85),+1(34),57%,尚棋浩,严一涵,倪子鉴,N,N
1163,,广州大学,去逃避,3,268,-,+2(94),-,-,-,-,-,-,-,-,+1(105),+1(49),25%,车志昊,郑海锐,曹志成,N,N
1163,,南阳理工学院,青春锐可顶针不会遇到芙蓉王原学长,3,268,-,+3(107),-,-,-,-,-,-,-,-,+2(67),+1(34),50%,崔恺林,于超凡,耿宇航,N,N
1163,,深圳技术大学,SZTU_想不出,3,268,-,+3(112),-,-1,-,-,-,-,-,-,+1(76),+1(40),40%,伊轩文,李泽濠,行珩,N,N
1167,,安徽大学,知识学爆~,3,269,-,+2(72),-,-5,-,-,-,-,-,-,+3(106),+1(31),50%,成智炜,李子涵,吴元斌,N,N
1168,,成都信息工程大学,看广告让谢帝复活牢大,3,270,-,+2(113),-,-,-,-,-,-,-,-,+1(85),+1(52),25%,陈礼烨,邓小东,赵多俊,N,N
1169,,南京航空航天大学,哆啦A梦助我蒙的都队,3,271,-,+2(124),-,-,-,-,-,-,-,-,+1(81),+1(46),25%,李徐佳,孙思璇,刘阳,N,N
1170,,西安理工大学,大雪深埋,3,272,-,+1(76),-,-1,-,-,-,-,-,-,+1(97),+3(59),40%,邹乐凡,郝韵,周杨,N,N
1170,,东北农业大学,WA自动急,3,272,-,+1(100),-,-3,-,-,-,-,-,-,+3(82),+1(50),40%,郝孝彬,王策翔,刘梦柯,N,N
1170,310,哈尔滨学院,拿名额复活辛美尔,3,272,-,+3(105),-,-1,-,-,-,-,-1,-3,+1(82),+1(45),40%,余悦,王劲轲,仇伟,N,N
1170,,暨南大学,WA自动机,3,272,-,+3(110),-,-7,-,-,-,-,-,-,+1(73),+1(49),40%,王睿鑫,陈梓宏,周嘉杰,N,N
1174,,山东理工大学,队友怎么这么帅,3,273,-,+2(80),-,-,-,-,-,-,-,-,+2(78),+2(55),50%,安鹏飞,吴宇威,徐煜峰,N,N
1175,,中南民族大学,我说怎么T了原来是交错题了,3,274,-,+3(88),-,-1,-,-,-,-,-,-,+2(97),+1(29),50%,余文杰,庞彪,董光泽,N,N
1175,311,盐城工学院,脚踏实地,3,274,-,+2(108),-,-3,-,-,-,-,-,-,+1(89),+1(57),25%,黄朝旺,尹星星,胡鹏辉,N,N
1175,,湖北工业大学,唐龙队,3,274,-1,+1(73),-3,-,-,-,-,-,-,-,+2(122),+1(59),25%,陶大阳,杨晨,张忆周,N,N
1178,,齐鲁工业大学,原始人，起洞！,3,275,-,+2(87),-,-,-,-,-,-,-,-1,+3(78),+1(50),50%,王梓宇,刘起铭,蒋志发,N,N
1179,,四川农业大学,你不要给我WAWA叫,3,276,-,+3(84),-,-,-,-,-3,-,-,-,+1(102),+1(50),40%,任景逸,江雅奥,郑春林,N,N
1179,,南京邮电大学,njupt24team012,3,276,-,+2(105),-,-,-,-,-,-,-,-,+3(76),+1(35),50%,缪鹭杰,蒋秉欣,薛喆元,N,N
1179,,西北农林科技大学,老九农,3,276,-,+2(116),-,-3,-,-,-,-,-,-,+1(89),+1(51),25%,窦维嘉,段昊辰,龚城圩,N,N
1179,,大连理工大学,dlut05,3,276,-,+1(67),-,-,-,-,-,-,-,-4,+2(149),+1(40),25%,魏昊祯,蒋承峻,袁冰月,N,N
1183,,河南大学,不调和级数,3,277,-,+4(98),-,-,-,-,-,-,-,-,+1(86),+1(33),50%,曹家宁,赵炳凯,罗施达,N,N
1183,,中南民族大学,转生成为acm糕手,3,277,-,+3(98),-,-1,-,-,-,-,-,-,+2(73),+1(46),50%,黄纪量,张耀,段杰豪,N,N
1183,312,湖北中医药大学,世界将我们遗弃,3,277,-,+1(71),-,-,-,-,-,-,-,-,+3(113),+1(53),40%,李梓恒,陶信予,方沁鸿,N,N
1183,,南京信息工程大学,杰哥不要 WAWA 交,3,277,-,+2(61),-,-5,-,-,-,-,-,-,+2(116),+1(60),40%,王文杰,余天成,吴悠,N,N
1187,,重庆理工大学,重理工2,3,278,-,+3(80),-,-,-,-,-,-,-,-2,+2(94),+1(44),50%,江帅霖,王俊杰,雷涛,N,N
1187,,杭州师范大学,知识学爆,3,278,-,+3(112),-,-,-,-,-27,-,-,-,+1(70),+1(56),40%,叶志汉,金岸,王熠楠,N,N
1187,,浙江万里学院,用户请求的页面不存在,3,278,-,+2(121),-1,-2,-,-,-,-,-,-,+1(79),+1(58),25%,陈绍源,奚舒雯,任函语,N,N
1187,313,山东石油化工学院,露营甜点喝茶,3,278,-,+1(129),-,-2,-,-,-,-,-,-,+3(79),+1(30),40%,石煜,黄煜泽,郭义政,N,N
1191,,华中师范大学,我没意见,3,280,-,+3(73),-,-,-,-,-,-,-,-,+3(99),+1(28),57%,李坤霖,史家业,姜高峰,N,N
1191,,兰州大学,不纠结队名,3,280,-,+3(105),-,-2,-,-,-,-,-,-,+1(100),+1(35),40%,王云鹏,王毅,高塽,N,N
1193,,常熟理工学院,小菜狗逆袭记,3,282,-,+2(113),-,-1,-,-,-,-,-,-,+2(81),+1(48),40%,谢起,杜鹏飞,张雨萱,N,N
1193,,南阳理工学院,喂队友吃饭擦嘴,3,282,-,+2(76),-,-,-,-,-,-,-,-,+1(131),+1(55),25%,陈诗曼,陈双,孟令婷,N,N
1195,314,四川轻化工大学,爆炒小南娘,3,283,-,+3(118),-,-1,-,-,-,-,-,-,+1(70),+1(55),40%,焦辰泽,罗彬洋,邓焱,N,N
1196,315,中国石油大学（北京）克拉玛依校区,三个绿名,3,284,-,+3(79),-,-1,-,-,-,-,-,-,+3(92),+1(33),57%,邬圣锋,刘佳一,方叶武,N,N
1196,315,徐州工程学院,云在青天水在瓶,3,284,-,+2(106),-,-2,-,-,-,-,-,-,+2(89),+1(49),40%,陈光雨,尹基胜,顾宇燿,N,N
1196,315,湖南财政经济学院,TLE自动机,3,284,-,+4(114),-,-,-,-,-,-,-,-,+1(60),+1(50),50%,李沛轩,李广财,储豪,N,N
1199,318,浙江外国语学院,浙外X队,3,285,-,+1(104),-,-2,-,-,-,-,-,-1,+2(125),+1(36),25%,吴建强,张佳乐,许永桢,N,N
1199,,南阳理工学院,醉醉醉把佳人成双队！！！,3,285,-,+2(65),-,-,-,-,-,-,-,-,+2(145),+1(35),40%,吴佳轩,夏圣燕,陈慧婷,N,N
1201,,浙江理工大学,不死图腾,3,286,-,+3(104),-,-5,-,-,-,-,-,-,+2(86),+1(36),50%,戴亮,鲁洁阳,汪明,N,N
1201,319,南昌理工学院,2024 南理 1 队,3,286,-,+3(82),-,-4,-,-,-,-,-,-,+2(108),+1(36),50%,谢文灿,薛博豪,葛海彬,N,N
1201,,浙江科技大学,ikun666,3,286,-,+2(118),-,-1,-,-,-,-,-,-,+2(82),+1(46),40%,金昀,马涵硕,吴家炜,N,N
1201,319,华侨大学,华侨大学1队,3,286,-,+1(119),-,-4,-,-,-,-,-,-,+2(100),+1(47),25%,鄭創基,黄庆彰,吴传虎,N,N
1201,,南阳理工学院,这就是鹿队,3,286,-,+1(97),-,-,-,-,-,-,-,-,+2(126),+1(43),25%,刘晧,杨京昊,张雷鸣,N,N
1206,,宁波大学,我一定要扫宁波大街,3,287,-,+4(107),-,-,-,-,-,-,-,-,+2(65),+1(35),57%,吴晨昊,陈炜宣,戴吉程,N,N
1206,,山东石油化工学院,Guess to Au,3,287,-,+2(114),-1,-1,-,-,-4,-,-,-,+2(84),+1(49),40%,许津冬,李子杰,姚神忠,N,N
1206,,华南农业大学,一把抓住样例，顷刻炼化,3,287,-,+3(118),-3,-,-,-,-,-,-,-,+1(75),+1(54),40%,卢豪禧,肖超,吴智铉,N,N
1206,,河北师范大学,黎明之光,3,287,-,+3(56),-,-6,-,-,-,-,-,-1,+2(131),+1(40),50%,李明瑞,向清弘,孙传炜,N,N
1210,,中国民航大学,重庆森林,3,288,-,+1(117),-,-,-,-,-,-,-,-,+2(94),+1(57),25%,王琨,郑晨兮,张雨萌,N,N
1211,,烟台大学,对不起，第一次给牌子了,3,290,-,+4(93),-,-,-,-,-35,-,-,-,+2(69),+1(48),57%,张云卓,王涵,杨奇,N,N
1211,,香港科技大学（广州）,打铁还需自身硬，所以我们要软,3,290,-,+2(78),-,-,-,-,-6,-,-,-,+2(97),+2(55),50%,钟嘉宸,梁枫,熊恩汲,N,N
1211,,山东科技大学,飞马号,3,290,-,+2(107),-,-1,-,-,-,-,-,-,+1(127),+1(36),25%,赛开淼,冯湛博,徐敏清,N,N
1214,321,广州南方学院,狂怒,3,291,-,+3(112),-,-1,-,-,-,-,-,-,+1(103),+1(36),40%,童希玮,曾昱恺,魏廷锋,N,N
1214,,绍兴文理学院元培学院,菜地卷狗,3,291,-,+2(88),-,-,-,-,-,-,-,-3,+2(115),+1(48),40%,叶其浩,吴俊楠,张益恒,N,N
1214,,南阳理工学院,想成功先发疯,3,291,-,+2(72),-,-,-,-,-,-,-,-6,+2(120),+1(59),40%,黎鹏翔,杨利恒,姜良超,N,N
1217,322,长江大学,子曰有解,3,292,-,+3(101),-,-1,-,-,-,-,-,-6,+2(97),+1(34),50%,郑建斌,陈迪路,唐祎敏,N,N
1218,,中国计量大学,楼上猫娘队,3,293,-,+3(105),-,-7,-,-,-,-,-,-,+1(77),+2(51),50%,倪晓宇,张雷,陈柄宇,N,N
1218,,浙江工商大学,蛋仔派对,3,293,-,+2(113),-,-,-,-,-,-,-,-,+2(100),+1(40),40%,徐宇涛,胡正烨,唐一轩,N,N
1220,,上海大学,SHU2405,3,294,-,+2(76),-,-,-,-,-,-,-,-,+3(115),+1(43),50%,曾宇成,张志远,郭倪含,N,N
1220,323,浙江传媒学院,桥豆麻队,3,294,-,+2(100),-,-4,-,-,-,-,-,-,+1(126),+1(48),25%,竺光煜,胡琦函,林君阳,N,N
1222,,武汉科技大学,武科大第n队,3,295,-,+2(88),-,-,-,-,-,-,-,-,+3(103),+1(44),50%,汪烁,游籁珺,左新宇,N,N
1222,,湖南财政经济学院,包萤的,3,295,-,+3(76),-,-,-,-,-,-,-,-,+2(117),+1(42),50%,申维聪,蒋桐达,张森,N,N
1222,,南京信息工程大学,地铁上的年轻人,3,295,-,+1(122),-,-3,-,-,-,-,-,-,+2(96),+1(57),25%,李鸿硕,丁诚诚,王欣悦,N,N
1222,,浙江财经大学,幻想家在幻想时间幻想ac,3,295,-,+1(88),-,-,-,-,-,-,-,-,+2(124),+1(63),25%,朱腾,陈超,冯裕钵,N,N
1226,,中国传媒大学,憧憬成为AC高手,3,296,-,+2(111),-,-1,-,-,-,-,-,-,+1(119),+1(46),25%,谢嘉彤,龙岑华,李思扬,N,N
1226,,山东师范大学,朱队友发力了,3,296,-,+1(45),-,-14,-,-,-,-,-,-1,+5(139),+1(32),57%,张浥青,王晓迪,朱俊伟,N,N
1228,,深圳技术大学,网瘾少年,3,297,-,+4(99),-,-1,-,-,-,-,-,-,+2(70),+1(48),57%,罗星辉,马远力,肖文航,N,N
1228,,浙江育英职业技术学院,育英二队,3,297,-,+7(108),-,-2,-,-,-,-,-,-1,+1(41),+1(28),66%,潘彬泽,刘金维,孙明轩,N,N
1228,,中北大学,ACMer转生，到了xcpc就拿出0721次罚时,3,297,-,+2(118),-,-4,-,-,-75,-,-,-,+2(93),+1(46),40%,杨庆伟,李镇道,孙天赫,N,N
1228,,安阳工学院,我们好队,3,297,-,+3(133),-,-,-,-,-,-,-,-,+1(90),+1(34),40%,赵如冰,刘池,郭慧娟,N,N
1228,,中国矿业大学,发际线跟我作队,3,297,-,+2(138),-,-,-,-,-,-,-,-1,+1(90),+1(49),25%,周博岩,毛子瑜,李蕴龙,N,N
1228,,东北大学秦皇岛分校,焚风,3,297,-,+2(94),-,-3,-,-,-,-,-,-,+1(143),+1(40),25%,尚昀飞,曹方健,黄远,N,N
1228,,中国海洋大学,It's mygo !!!,3,297,-,+2(63),-,-,-,-,-,-,-,-,+3(145),+1(29),50%,薛全笑,洪佳荣,杨辰方,N,N
1235,,黑龙江大学,我们爆金币，你们爆名额吗,3,298,-,+5(82),-,-5,-,-,-,-,-,-,+2(67),+1(49),62%,陈秋雨,王希龙,魏全宏,N,N
1235,,武汉商学院,求求你让我赢一次吧,3,298,-,+4(96),-,-,-,-,-,-,-,-,+2(68),+1(54),57%,钱梅,谢展宏,陈久谱,N,N
1235,,华南农业大学,你不对我队,3,298,-,+2(100),-,-,-,-,-,-,-,-,+2(108),+1(50),40%,刘晓宇,谢凯泽,文禹平,N,N
1235,324,苏州科技大学,铁牌 金牌,3,298,-,+2(51),-,-1,-1,-,-,-,-,-,+3(110),+2(57),57%,倪翊诚,贺鹏飞,金亮,N,N
1235,,天津大学,谦虚好学的玛卡巴卡们,3,298,-,+2(107),-,-,-,-,-,-,-,-,+2(112),+1(39),40%,王一丁,王子轩,廖浩然,N,N
1240,,东北农业大学,心疼报名费,3,299,-,+3(99),-,-,-,-,-,-,-,-,+1(111),+1(49),40%,史东伟,陆延续,戚晏嘉,N,N
1240,,河南理工大学,两个半臭皮匠,3,299,-,+1(124),-,-4,-,-,-,-,-,-,+1(114),+1(61),0%,陈奕廷,韦红材,常曜璘,N,N
1240,,东华大学,Sleepy2,3,299,-,+2(126),-,-,-,-,-,-,-,-,+1(109),+1(44),25%,范佳,李承烨,夏国庆,N,N
1240,,江西师范大学,hope to ac,3,299,-,+2(101),-,-,-,-,-,-,-,-,+1(126),+1(52),25%,李永康,刘家福,徐睿阳,N,N
1240,,华南理工大学,树上猫猫虫,3,299,-,+3(66),-,-,-,-,-,-,-,-7,+2(144),+1(29),50%,王思哲,刘俊祺,刘兆宇,N,N
1240,,东北大学秦皇岛分校,ac打断他的wa,3,299,-,+1(77),-,-1,-,-,-,-,-,-,+2(148),+1(54),25%,麦致恺,谭羽中,李昌岳,N,N
1246,,中国民航大学,起队名最麻烦了,3,300,-,+3(67),-,-,-,-,-,-,-,-,+3(102),+1(51),57%,孙皓,王璟鸿,梁永琰,N,N
1246,,宁波大学,Going Merry,3,300,-,+2(85),-,-,-,-,-,-,-,-,+2(125),+1(50),40%,王泽豪,黄博翼,刘文凯,N,N
1246,,江西财经大学,但求问心无愧,3,300,-,+2(79),-,-5,-,-,-,-,-,-,+2(128),+1(53),40%,张瑞杰,罗潇彬,杨源鑫,N,N
1249,,山东财经大学,参与奖掠夺者,3,301,-,+5(98),-,-6,-,-,-,-,-,-,+1(77),+1(46),57%,李锦月,江文硕,陈代鑫,N,N
1249,,福州大学,原原神神起起动动,3,301,-,+3(106),-,-1,-,-,-,-,-,-,+2(90),+1(45),50%,詹思榕,滕柏宇,鲍晓鹏,N,N
1251,,成都大学,CF枪王之王,3,302,-,+3(97),-,-,-,-,-,-,-,-,+3(77),+1(48),57%,巢国俊,吴哲希,张中行,N,N
1251,,江西理工大学南昌校区,摸鱼队,3,302,-,+3(103),-,-10,-,-,-,-,-,-,+2(88),+1(51),50%,刘创,蓝隆涛,孙港,N,N
1251,,武汉理工大学,小猪小猪，快开门～,3,302,-,+3(67),-,-2,-,-,-,-,-,-,+3(121),+1(34),57%,邹子斌,代文博,吕建超,N,N
1251,,浙江师范大学,非自然AC,3,302,-,+1(123),-,-1,-,-,-,-,-,-,+2(102),+1(57),25%,陈韬宇,罗文庭,王乐恒,N,N
1251,325,江汉大学,不动的大图书馆,3,302,-,+1(66),-,-,-2,-,-,-,-,-,+4(143),+1(33),50%,熊振庭,李尧斐,焦子霖,N,N
1256,,中北大学,大马来了,3,303,-,+3(78),-,-,-,-,-,-,-,-,+1(100),+1(85),40%,窦均,赵明兴,马飞晨,N,N
1256,,中国地质大学（武汉）,白色基地,3,303,-,+2(119),-,-,-,-,-,-,-,-,+1(115),+1(49),25%,王学海,樊瑞航,孟华龙,N,N
1258,,四川农业大学,我们有铁牌,3,304,-,+4(67),-,-,-,-,-,-,-,-1,+2(92),+1(65),57%,李鑫,刁戈,无无无,N,N
1258,,河南师范大学,Amoxilin,3,304,-,+5(93),-,-,-,-,-,-,-,-,+1(87),+1(44),57%,石康强,李文祥,黄锦辉,N,N
1260,,湖南理工学院,教练我想拿牌,3,305,-,+5(80),-,-,-,-,-,-,-,-,+2(70),+1(55),62%,郭烨铖,徐程,高天宇,N,N
1261,,国防科技大学,万有引力号,3,306,-,+8(72),-,-,-,-,-,-,-,-,+1(51),+1(43),70%,张锦霄,宋畅玮,郭明辰,N,N
1262,,吉林大学,捏猫猫的,3,307,-,+3(101),-,-9,-1,-,-,-,-,-,+3(77),+1(49),57%,李肇兴,唐榆淇,邓力豪,N,N
1262,,青岛科技大学,烟花一半醒,3,307,-,+1(120),-,-,-,-,-,-,-,-4,+3(96),+1(51),40%,张中正,徐展鹏,李岳斌,N,N
1262,,广东工业大学揭阳校区,揭宿乐队,3,307,-,+3(130),-,-,-,-,-,-,-,-,+2(74),+1(43),50%,刘子恒,莫子桦,林杰钗,N,N
1265,,中国矿业大学,矿兵出击,3,308,-,+3(110),-,-5,-,-,-1,-,-,-,+2(85),+1(53),50%,杨骐玮,赵 际云,卜炜珏,N,N
1265,,青岛大学,青岛大学114514队,3,308,-,+4(119),-,-,-,-,-,-,-,-,+1(80),+1(49),50%,池一恒,杨秉运,张骏,N,N
1265,,广东工业大学揭阳校区,绝不早到迟队,3,308,-,+2(83),-,-1,-,-,-,-,-,-,+3(124),+1(41),50%,王杰,李宣达,欧阳滢茵,N,N
1265,,香港科技大学（广州）,回家的诱惑,3,308,-,+1(91),-,-,-,-,-,-,-,-,+1(157),+1(60),0%,李臻卓,胡珂宇,李婧依,N,N
1269,,信息工程大学,新旬拔队,3,309,-,+4(65),-,-1,-,-,-,-,-,-,+2(81),+3(43),66%,丁钧铖,林万新,张裕颉,N,N
1269,,中国矿业大学（北京）,燐光,3,309,-,+4(118),-,-,-,-,-,-,-,-,+1(80),+1(51),50%,饶汉青,闵俊宝,梅斌杰,N,N
1271,,合肥工业大学,共用电子队,3,310,-,+3(90),-,-,-,-,-,-,-,-,+1(125),+1(55),40%,王熠辉,程云哲,陶文健,N,N
1271,,武汉纺织大学,我们三个顶一个,3,310,-,+1(88),-,-1,-,-,-,-,-,-,+2(136),+1(66),25%,钟宇峰,范赫,游为与,N,N
1273,,台州学院,这把打完就吃饭,3,311,-,+4(91),-,-3,-,-,-,-,-,-,+3(72),+1(48),62%,林昭亦,池浩凯,周博涵,N,N
1273,,华南农业大学,主人说再ac一道就让我当杏怒,3,311,-,+2(120),-,-,-,-,-44,-,-,-1,+2(101),+1(50),40%,颜乾彪,钱志远,陈伟鹏,N,N
1273,,江西师范大学,海底小纵队,3,311,-6,+2(118),-,-,-,-,-,-,-,-,+1(121),+1(52),25%,陈勇,尤宏瑞,岑志博,N,N
1276,,长沙理工大学,肖学长和夏学弟的故事,3,312,-,+2(91),-,-1,-,-,-,-,-,-,+2(95),+3(46),57%,郭佳鑫,肖志翔,夏昱,N,N
1276,,宁波大学,三虾聚鼎,3,312,-,+2(103),-,-,-,-,-,-,-,-,+2(124),+1(45),40%,赵翰韬,梁博淇,虞卓军,N,N
1276,,苏州科技大学,分我个铜牌吧，哥！,3,312,-,+3(131),-,-2,-,-,-,-,-,-,+1(90),+1(51),40%,李衍庆,沈钰阳,邹昱,N,N
1276,,宁波大学,灰太螂说会爱我,3,312,-,+2(89),-,-,-,-,-,-,-,-,+2(144),+1(39),40%,金焕磊,袁铭都,陈昕宇,N,N
1280,,天津大学,山一程，水一程，身向AC那畔行,3,313,-,+5(101),-,-,-,-,-,-,-,-,+1(75),+1(57),57%,张翔智,郑海明,王嘉晨,N,N
1280,,莆田学院,打完这把就退役,3,313,-,+3(66),-,-19,-,-,-,-,-,-5,+4(103),+1(44),62%,王其彬,王佳闽,柳永康,N,N
1280,,中国传媒大学,算法术士的重启人生,3,313,-,+3(116),-,-2,-,-,-,-,-,-,+2(87),+1(50),50%,沈瀚洋,李梦磊,邓子扬,N,N
1280,326,南京理工大学泰州科技学院,败犬acmer太多了,3,313,-,+2(87),-,-,-,-,-,-,-,-,+3(128),+1(38),50%,王超奇,张兆洋,马宇乐,N,N
1284,,浙江农林大学,今天codeforces 上分了吗？,3,314,-,+2(118),-,-,-,-,-,-,-,-,+3(88),+1(48),50%,卢建涛,何泓硕,戴城浩,N,N
1285,,南京邮电大学,njupt24team010,3,316,-,+4(114),-,-,-,-,-,-,-,-,+1(94),+1(48),50%,范语辰,林茈恒,李兆添,N,N
1286,,鲁东大学,洋芋罐头,3,317,-,+4(88),-,-,-,-,-,-,-,-,+3(100),+1(29),62%,宋冠辉,杨悦,吴炫榆,N,N
1286,,湖南城市学院,code.erase(bug),3,317,-,+2(116),-,-,-,-,-,-,-,-,+1(141),+1(40),25%,黄家祥,周忠武,李山水,N,N
1288,,山东科技大学,西塔克号,3,318,-,+6(76),-,-,-,-,-,-,-,-,+1(94),+1(48),62%,潘文硕,吕胜浩,李卓航,N,N
1288,,广西科技大学,这是一场豪赌,3,318,-,+4(102),-,-1,-,-,-,-,-,-2,+4(65),+1(31),66%,徐尚毅,李鹤阳,朱济国,N,N
1288,327,青岛农业大学,BX是你的谎言,3,318,-,+2(79),-,-14,-,-,-,-,-,-,+4(110),+1(49),57%,李德辰,吴迪,穆帅宇,N,N
1291,,徐州工程学院,面向AC程序设计,3,319,-,+2(100),-,-,-,-,-,-,-,-1,+4(90),+1(49),57%,夏晨龙,范紫萍,薛烨,N,N
1291,,武汉理工大学,铁牌怎么不算牌,3,319,-,+2(104),-,-14,-,-,-,-,-,-,+3(84),+2(51),57%,蒋博熙,俞嘉怡,徐聘博,N,N
1291,,南昌航空大学,未定义,3,319,-,+2(126),-,-,-,-,-,-,-,-,+2(105),+1(48),40%,万龙平,姜涛,邹仁杰,N,N
1294,,山东科技大学,白羊号,3,320,-,+2(92),-,-11,-,-,-,-,-,-,+3(119),+1(49),50%,杨永智,吴佳璇,彭志诚,N,N
1295,,黑龙江大学,纯美的女神伊德莉拉美貌盖世无双,3,321,-,+5(83),-,-,-1,-,-,-,-,-,+3(73),+1(45),66%,王憬怡,郑鑫蕊,申博元,N,N
1295,,深圳大学,SZU_ohimesama,3,321,-,+4(120),-,-6,-,-,-,-,-,-,+1(84),+1(57),50%,朱启荣,唐济宁,华浩名,N,N
1297,328,上海电机学院,爱拼才会赢,3,322,-1,+2(104),-1,-5,-1,-1,-1,-1,-1,-1,+2(123),+1(55),40%,胡涛,孟林默,严俊玉,N,N
1298,,成都东软学院,不时用c语言遮羞的败犬acmer们,3,324,-,+2(148),-,-,-,-,-,-,-,-,+1(106),+1(50),25%,王佳硕,钟喀生,魏大策,N,N
1299,,鲁东大学,贪生pass,3,325,-,+3(104),-,-1,-,-,-,-,-,-,+2(113),+1(48),50%,李福超,王义超,王凌志,N,N
1299,,广东工业大学,AC手动机,3,325,-,+2(88),-,-,-,-,-,-,-,-,+2(147),+1(50),40%,高泽彤,关泽霖,许铭宇,N,N
1301,,江苏科技大学,菈妮的锋刃,3,326,-,+1(120),-,-,-,-,-,-,-,-,+5(94),+1(32),57%,贾文超,王光明,韩天睿,N,N
1301,,浙大城市学院,红魔乡第一爆炎法王,3,326,-,+3(148),-,-2,-,-,-,-,-,-,+2(70),+1(48),50%,阮诗哲,易仁喜,赵徐坚,N,N
1303,,北京师范大学,打完就回去搬砖,3,327,-,+4(126),-,-,-,-,-,-,-,-,+2(77),+1(44),57%,丁余健,凤晨阳,陆祖亿,N,N
1303,,南京邮电大学,njupt24team011,3,327,-,+4(141),-,-,-,-,-,-,-,-,+1(75),+1(51),50%,袁田,吴陈浩,周希明,N,N
1305,,山东科技大学,鹦鹉螺号,3,328,-,+2(108),-,-7,-,-,-,-,-,-,+3(114),+1(46),50%,胡东辰,李屹然,邢子建,N,N
1305,,山东科技大学,阿瓦隆号,3,328,-,+4(117),-,-,-,-,-,-,-,-,+2(101),+1(30),57%,董鑫磊,张培腾,王浩然,N,N
1305,,大连大学,今天你摆烂了对不队,3,328,-,+3(65),-,-3,-,-,-,-1,-,-,+4(130),+1(33),62%,幸豪,陈岩,龙鑫雨,N,N
1305,,浙江科技大学,难铜队,3,328,-,+3(136),-,-,-5,-,-,-,-,-,+1(107),+1(45),40%,祝嘉豪,祁佳乐,刘黄坪,N,N
1305,,中国矿业大学,wawa队立大功,3,328,-,+2(150),-,-,-,-,-62,-,-,-3,+1(96),+1(62),25%,王若同,李和霂,李跃辉,N,N
1310,,山东师范大学,队友呢队友救一下,3,329,-,+3(113),-,-,-,-,-,-,-,-,+2(106),+1(50),50%,陈正义,宋文远,张梓洋,N,N
1311,,华北理工大学,23经统林凯,3,330,-,+2(78),-,-,-,-,-,-,-,-,+3(122),+2(50),57%,林凯,韩硕宇,王士硕,N,N
1311,,河南师范大学,day day accepted,3,330,-,+2(99),-,-2,-,-,-,-,-,-,+3(123),+1(48),50%,雷皓迪,原嘉一,骆怡娉,N,N
1311,,南阳理工学院,清纯白毛萝莉队,3,330,-,+2(78),-,-,-,-,-,-,-,-,+3(133),+1(59),50%,田园康,杜保杰,赵益田,N,N
1314,,重庆交通大学,Wa 是bug，赶快改，Wa 是屎山，没救了,3,331,-,+2(96),-,-,-,-,-,-,-,-1,+4(111),+1(44),57%,徐胤杰,黄晨旭,彭寿江,N,N
1314,,西南石油大学,算法本当上手,3,331,-,+2(101),-,-,-,-,-,-,-,-,+3(121),+1(49),50%,冯相杰,钟云山,郑淇文,N,N
1316,,河北师范大学,橙白2队,3,332,-,+4(76),-,-,-,-,-,-,-,-,+3(106),+1(50),62%,孙浩滨,李金聪,卢俊澎,N,N
1316,,东北农业大学,卒三进二,3,332,-,+2(109),-,-1,-,-,-,-,-,-,+5(74),+1(49),62%,张子杰,宋振慈,丁思彤,N,N
1316,,中国地质大学（武汉）,折磨测评机,3,332,-,+5(147),-,-,-,-,-,-,-,-,+1(73),+1(32),57%,王晗宇,汪润东,吴易凡,N,N
1316,,山东航空学院,维玉及瑶,3,332,-,+2(57),-,-,-,-,-,-,-,-,+4(159),+1(36),57%,王宝川,刘佳辉,李阔阔,N,N
1316,,北京印刷学院,不要指望我们队,3,332,-,+1(160),-,-,-,-,-,-,-,-2,+1(126),+1(46),0%,张玉龙,汪东林,赵子熙,N,N
1321,,长春工业大学,风平浪静,3,334,-,+1(142),-,-,-,-,-,-,-,-,+2(102),+1(70),25%,叶俊捷,吴贻炫,蒋雄,N,N
1322,,湖南师范大学,没人起队名导致查不到队伍,3,335,-,+4(132),-,-3,-,-,-,-,-,-,+1(93),+1(50),50%,王鸿杰,叶欣睿,周鸿志,N,N
1323,329,湖南科技学院,听取wa声一队,3,336,-,+4(108),-,-,-,-,-,-,-,-2,+3(103),+1(25),62%,杨锦林,曾志,陈可,N,N
1323,329,大连东软信息学院,青春acmer不会遇到肘击赛题,3,336,-,+3(68),-,-1,-,-,-1,-,-,-,+4(115),+1(53),62%,李双阳,贺宣宁,张子骏,N,N
1323,329,广东金融学院,这是一个队名,3,336,-,+2(125),-,-,-,-,-,-,-,-,+3(103),+1(48),50%,徐展鹏,陈嘉亿,王桂坤,N,N
1323,,宁波职业技术学院,下次一定对,3,336,-,+2(79),-,-2,-,-,-,-,-,-,+4(132),+1(45),57%,吴郑雨,张峻榕,黄方杰,N,N
1323,,浙江农林大学,别急再给我五分钟,3,336,-,+2(79),-,-,-,-,-,-,-,-1,+3(136),+1(61),50%,陈柳,陈镇锋,欧阳国典,N,N
1323,,宁波大学,欧墨系咯有,3,336,-,+2(137),-,-,-,-,-,-,-,-,+2(114),+1(45),40%,张增城,郭轩阳,杨耀康,N,N
1323,,河北师范大学,憧憬成为CCPC高手,3,336,-,+1(143),-,-,-,-,-,-,-,-,+2(113),+1(60),25%,曾云昊,贺雪杭,温凯旺,N,N
1323,329,广东财经大学,我爱吃薯片,3,336,-,+3(160),-1,-,-,-,-,-,-,-,+1(78),+1(58),40%,陈昌,彭垲铠,石千山,N,N
1331,,三峡大学,打完这场就退役,3,337,-,+4(101),-,-1,-,-,-,-,-,-,+2(107),+1(49),57%,杨宇浩,谭诗雨,李深贤,N,N
1332,,成都信息工程大学,打算法竞赛也会遇见16岁天才美少女吗,3,338,-,+4(109),-,-,-,-,-,-1,-,-1,+2(103),+1(46),57%,曾乙,张永俊,章秀龙,N,N
1332,,浙江农林大学,计算练习生,3,338,-,+3(133),-,-,-,-,-,-,-,-,+1(108),+1(57),40%,熊奕炫,胡潘杰,罗星艺,N,N
1334,,哈尔滨工程大学,再不给我AC我可要狠狠WA了QAQ,3,339,-,+5(110),-,-2,-,-,-,-,-,-,+2(79),+1(50),62%,赵文定,冯望,文俊飞,N,N
1334,,南京邮电大学,njupt24team008,3,339,-,+4(124),-,-,-1,-,-,-,-,-,+1(119),+1(36),50%,李佳灿,李治成,阚文博,N,N
1334,,青岛大学,空调和AC总得要一个吧,3,339,-,+2(71),-,-,-,-,-1,-,-,-,+3(181),+1(27),50%,韩程瑞,李露,霍宪伟,N,N
1337,,山东科技大学,占星者号,3,341,-,+4(99),-,-2,-,-,-,-,-,-,+3(107),+1(35),62%,于永晨,王浩轩,李庆拓,N,N
1337,333,北京师范大学珠海校区,丝滑拿铁,3,341,-,+4(103),-,-,-,-,-,-,-,-1,+1(113),+1(65),50%,许郅斐,何晋熙,蔡泽俊,N,N
1337,333,东华理工大学,东理二队,3,341,-,+4(98),-,-,-1,-,-,-,-,-,+2(119),+1(44),57%,王继源,方鑫,程健,N,N
1337,,河北师范大学,橙白4队,3,341,-,+4(130),-,-,-,-,-,-,-,-,+1(103),+1(48),50%,王思韩,金麟玲,崔珂欣,N,N
1337,,湖北工业大学,这不是一个正经的名字,3,341,-,+1(108),-,-1,-,-,-,-,-,-1,+2(151),+1(62),25%,梅锦昕,谭宇杰,王宇轩,N,N
1342,,广州大学,Arae,3,342,-,+2(118),-,-6,-,-,-,-,-,-,+3(113),+1(51),50%,杨逍,谢宇峰,王承宇,N,N
1342,,华北电力大学（保定）,黑吗喽勇闯编程,3,342,-,+2(87),-,-5,-,-,-,-,-,-,+4(130),+1(45),57%,郭佳兴,胡海彬,朱程词,N,N
1344,,成都信息工程大学,迎着阳光盛大逃亡,3,343,-,+4(123),-,-,-,-,-,-,-,-,+2(92),+1(48),57%,王浩然,陈琪,蔡忠纬,N,N
1345,,华北理工大学,队名就叫这个吧,3,344,-,+2(70),-,-5,-,-,-,-,-,-,+6(107),+1(47),66%,赵卓,陈宇宁,王家煦,N,N
1345,,河海大学,理塘王吃满0721次罚时后原神启动了,3,344,-,+4(108),-,-5,-,-,-,-,-,-,+2(89),+2(47),62%,张紫轩,钱子恒,李昱泓,N,N
1345,,闽南师范大学,我们仍未知道那天所看见的bug的名字.,3,344,-,+2(90),-,-,-,-,-,-,-,-,+4(131),+1(43),57%,林陈炜,郑婧雯,郭彦祺,N,N
1345,,青岛科技大学,三个人,3,344,-,+3(64),-,-,-,-,-,-,-,-,+4(137),+1(43),62%,郭暾,陆知遥,孙浩然,N,N
1345,,河南师范大学,啊对对对,3,344,-1,+2(139),-,-,-,-,-,-,-,-4,+1(145),+1(40),25%,刘轩豪,高继凯,陈晗,N,N
1350,,阜阳师范大学,软舰攻城,3,345,-,+2(133),-,-,-,-,-,-,-,-,+3(107),+1(45),50%,刘欣怡,马静祥,刘振东,N,N
1350,335,辽宁大学,三位一体,3,345,-,+1(60),-,-,-,-,-,-,-,-1,+4(196),+1(29),50%,吴俊威,欧阳兴隆,毛博汉,N,N
1352,,同济大学,你掏粪,3,346,-,+2(80),-,-,-,-,-,-,-,-1,+5(110),+1(56),62%,胡正华,潘越,许思源,N,N
1352,,郑州轻工业大学,思考细菌,3,346,-,+3(164),-,-3,-,-,-,-,-,-1,+1(98),+1(44),40%,陈浩,陈艺杰,陈显皓,N,N
1354,,河南科技大学,班嘞，别睡了！,3,347,-,+3(95),-,-1,-,-,-,-,-,-,+3(127),+1(45),57%,镐紫兴,吴优,刘子豪,N,N
1354,,云南大学,队名,3,347,-,+2(140),-,-,-,-,-,-,-1,-,+2(109),+1(58),40%,史哲轩,马永琦,马文骏,N,N
1354,,浙江工业职业技术学院,浙江工业职业技术学院2队,3,347,-,+4(144),-,-,-,-,-,-,-,-,+1(95),+1(48),50%,曹泽明,孙新杨,霍洋洋,N,N
1357,,郑州轻工业大学,遇事不决从容应队,3,348,-,+1(66),-,-2,-,-,-,-,-,-,+4(138),+3(44),62%,薛晓煜,夏高祥,栗闫恒,N,N
1357,,浙江工商大学,毅如既往学算法,3,348,-,+3(162),-,-,-,-,-,-,-,-,+1(98),+1(48),40%,李斌斌,林安,林哲,N,N
1359,,山东科技大学,赫利奥斯号,3,349,-1,+2(127),-,-,-,-,-,-,-,-,+3(111),+1(51),50%,郑鸿康,张明耀,于海金,N,N
1359,,苏州大学,管他对不队,3,349,-,+3(71),-,-2,-,-,-,-,-,-,+3(161),+1(37),57%,刘雨欣,田瑞琪,李守旭,N,N
1361,,安阳工学院,男子汉们,3,350,-,+3(85),-,-,-,-,-,-,-,-,+1(132),+1(93),40%,陈壮,杨宇磊,裴武珂,N,N
1361,,新疆大学,吃见手青爆a直接ak,3,350,-,+3(99),-,-4,-,-,-,-,-,-,+2(140),+1(51),50%,邱开崟,刘宇轩,田野,N,N
1363,,南京航空航天大学,我是菜鸟，想寄就寄。,3,351,-,+4(127),-,-,-,-,-8,-,-,-,+1(109),+1(55),50%,王思雨,刘金颜,赵天屹,N,N
1363,,深圳大学,szu_main,3,351,-,+4(128),-,-2,-,-,-,-,-,-,+1(102),+1(61),50%,郭天朗,刘与同,苏凯伦,N,N
1363,,中南民族大学,样例过了为什么没A?,3,351,-,+2(137),-,-1,-,-,-,-,-,-,+2(120),+1(54),40%,钟佑安,连怡祥,黄炜超,N,N
1363,336,潍坊学院,超和平Busters,3,351,-,+2(86),-,-,-,-,-,-,-,-4,+4(140),+1(45),57%,张新栋,咸迹萍,李炳瑞,N,N
1367,,大连理工大学,不会取名,3,352,-,+3(102),-,-1,-,-,-,-,-,-,+3(127),+1(43),57%,张娄瑞,马硕达,张傲凡,N,N
1368,,厦门大学嘉庚学院,帕斯,3,353,-,+2(141),-,-,-,-,-,-,-,-,+3(102),+1(50),50%,陈晴,孟高奇,徐露,N,N
1369,,武汉商学院,呀嘞呀嘞~拦不住的Rapids~,3,354,-,+4(68),-,-1,-4,-,-6,-,-1,-,+5(102),+1(44),70%,许义,杨文昊,明天成,N,N
1369,,广东工业大学揭阳校区,1+1+1=0,3,354,-,+2(117),-,-,-,-,-,-,-,-,+3(138),+1(39),50%,谭昊,沈子涵,周煜,N,N
1371,,湖南农业大学,我有玉米症,3,355,-,+6(93),-,-19,-,-,-,-,-,-,+2(81),+1(61),66%,万煜,李海芬,董振华,N,N
1371,,武汉科技大学,ikun小队,3,355,-,+4(117),-,-,-,-,-,-,-,-3,+3(93),+1(45),62%,刘昇,张炫,于天一,N,N
1371,,浙江工商大学,晶质铀,3,355,-,+3(126),-,-,-,-,-,-,-,-5,+4(95),+1(34),62%,贾伊阳,姚心成,郑安乔元,N,N
1371,,大连理工大学,三人凑钱买黑神话悟空,3,355,-,+1(161),-,-2,-,-,-,-,-,-,+2(124),+1(50),25%,黄朗,林芷仟,王振尧,N,N
1375,,西南科技大学,轻言轻语,3,356,-,+4(93),-,-,-,-,-,-,-,-1,+3(117),+1(46),62%,杜嘉瑜,裴博儒,何笃凯,N,N
1375,,信息工程大学,你们都不,3,356,-,+4(120),-,-,-,-,-,-,-,-,+1(107),+2(49),57%,于锏皓,张仕杰,陈城洛,N,N
1375,,南京工业大学,只爱赛尔号,3,356,-,+4(136),-,-4,-,-,-,-,-,-,+2(90),+1(50),57%,汤嘉鸿,倪成龙,杨苏陇,N,N
1375,,湖北工业大学,我们只是三个路过的假面acmer,3,356,-,+2(139),-,-,-,-,-,-,-,-,+3(113),+1(44),50%,王志才,程子龙,张哲,N,N
1379,,南阳理工学院,今天开始我要自己上厕所,3,357,-,+1(175),-,-6,-,-,-,-,-,-,+1(129),+1(53),0%,陈泺冰,王圆圆,徐萌,N,N
1380,,北京师范大学珠海校区,长指针不好么,3,359,-,+2(146),-,-2,-,-,-,-,-,-,+3(98),+1(55),50%,何嘉凯,韩英姿,张佳旭,N,N
1381,,广东财经大学,九吉星,3,360,-,+3(82),-,-2,-,-,-6,-,-,-,+3(97),+4(41),70%,甘孟勇,黄阳辉,陈楷垚,N,N
1381,337,中原工学院,小狗WaWa队，来WaWaWa了,3,360,-,+5(107),-,-,-,-,-49,-,-,-,+1(88),+3(45),66%,刘祥懿,徐逸飞,吴林涛,N,N
1381,,信息工程大学,208,3,360,-,+6(113),-,-1,-,-,-,-,-,-,+1(104),+1(43),62%,唐日文,蔡文瀚,陈铮,N,N
1381,,广东技术师范大学,没有技巧，都是暴力,3,360,-,+5(127),-,-1,-,-,-,-,-,-,+1(93),+1(60),57%,曹谦,周峻锋,邝钟焱,N,N
1381,,阜阳师范大学,碱基互补配队,3,360,-,+2(157),-1,-,-,-,-,-,-,-,+2(130),+1(33),40%,彭思敏,王修晗,时小舒,N,N
1386,,哈尔滨理工大学,哈理工2024Y08,3,361,-,+2(120),-,-2,-,-,-,-,-,-,+3(152),+1(29),50%,何士杰,凌晟博,刘松语,N,N
1387,,西北工业大学,勇敢牛牛,3,362,-,+3(105),-,-,-,-,-,-,-,-,+1(137),+2(60),50%,余丁宸睿,郭锦程,陆华飞,N,N
1388,,哈尔滨理工大学,哈理工2024Y16,3,363,-,+2(159),-,-1,-,-,-,-,-,-,+2(124),+1(40),40%,贾思博,杨鸿博,赵雪祺,N,N
1388,,南京工业大学,智程,3,363,-,+1(160),-,-,-,-,-,-,-,-,+2(128),+1(55),25%,车挪亚,马大为,乔 鹏喆,N,N
1390,,武汉理工大学,*打星参赛,3,364,-,+2(70),-,-,-,-,-,-,-,-,+5(146),+1(48),62%,周豪,黄若煊,王秋林,N,N
1390,,湖南城市学院,看着队友打代码,3,364,-,+3(85),-,-1,-,-,-,-,-,-,+3(159),+1(40),57%,申宇健,何凯,曹杰林,N,N
1392,,长春理工大学,帅比队长在线征婚+v lz200407,3,365,-,+3(114),-,-,-,-,-,-,-,-,+3(119),+1(52),57%,郎震,潘奕霖,姚祥辉,N,N
1392,,河南师范大学,小弟们膜拜膜拜你们,3,365,-,+4(138),-,-,-,-,-,-,-,-1,+1(106),+1(61),50%,周赛赛,王兴浩,赵子博,N,N
1394,,安徽工业大学,黑链接:CCPC,3,366,-,+4(119),-,-,-,-,-,-,-,-,+3(94),+1(53),62%,叶浙余,蒋烨,朱仁乐,N,N
1394,,山东女子学院,我永远喜欢爱莉希雅,3,366,-,+3(71),-,-,-,-,-1,-,-,-,+3(131),+2(64),62%,张兆义,吕昊键,程智,N,N
1394,,河南工程学院,南苑二队,3,366,-,+1(98),-,-2,-,-,-,-,-1,-2,+4(152),+1(56),50%,胡亚灿,刘朝阳,毛成琦,N,N
1397,,河南师范大学,wave breaking,3,367,-,+1(147),-,-,-,-,-,-,-,-,+4(109),+1(51),50%,常华杰,田彤,王宇,N,N
1398,,湖北工业大学,猜不中球队,3,368,-,+5(110),-,-1,-,-,-,-,-,-,+2(106),+1(52),62%,黄胡智宇,吴凌睿,余腾辉,N,N
1398,,南昌理工学院,2024 南理 3 队,3,368,-,+5(139),-,-,-,-,-,-,-,-,+2(83),+1(46),62%,张鹏,陈嘉伟,朱航,N,N
1398,338,河北工程大学,抛开事实不谈你就没有不可能,3,368,-,+4(101),-3,-,-,-,-,-,-,-1,+1(158),+1(49),50%,吴琦航,代一鸣,刘信鸿,N,N
1401,,北华大学,感觉不如DXX,3,369,-,+3(112),-,-1,-,-,-,-,-,-,+5(87),+1(50),66%,张鑫,秦翔宇,赵文浩,N,N
1401,,鲁东大学,争辉,3,369,-,+1(74),-,-5,-,-,-,-,-,-,+7(141),+1(34),66%,孙健强,袁正杰,徐楠,N,N
1401,,郑州轻工业大学,不会起队名，就写个随便吧,3,369,-,+2(159),-,-,-,-,-,-,-,-,+1(110),+2(60),40%,叶子豪,臧明哲,张毅,N,N
1404,,常熟理工学院,毕业直接入职美团,3,370,-,+3(93),-,-,-,-,-,-,-,-,+3(131),+1(66),57%,周冯希,陆苏皖,李天申,N,N
1405,,天津仁爱学院,2024CCPC网络赛队伍2,3,371,-,+2(100),-,-1,-,-,-,-,-,-,+3(137),+2(54),57%,熊雨荻,王志毅,许钰轩,N,N
1405,,邵阳学院,邵院3队,3,371,-,+3(141),-,-,-,-,-,-,-,-1,+1(146),+1(44),40%,张海涛,李红喜,梁朝阳,N,N
1405,,西南科技大学,奶龙可可爱队,3,371,-,+1(186),-,-,-,-,-,-,-,-1,+2(113),+1(52),25%,谭淇匀,程立坤,唐浩彬,N,N
1408,,哈尔滨理工大学,哈理工2024Y10,3,372,-,+2(104),-,-3,-,-,-,-,-,-,+5(120),+1(48),62%,李博徵,唐金玉,王硕,N,N
1408,,湖北中医药大学,原神将我们遗弃,3,372,-,+4(145),-,-3,-,-,-,-,-,-,+2(108),+1(39),57%,王昊阳,李垠垠,周钲墙,N,N
1408,,中原工学院,一见三连，这次一定队,3,372,-,+1(106),-,-3,-,-,-62,-,-,-,+3(177),+1(49),40%,陈有款,吴彦涛,魏慧琳,N,N
1411,,青岛大学,从不wawa叫,3,373,-,+3(128),-,-,-,-,-,-,-,-,+2(138),+1(47),50%,滕彤佳豪,张江昊,杜桂涛,N,N
1411,,大连海事大学,嘟嘟哒嘟嘟哒,3,373,-,+3(103),-,-,-,-,-6,-,-,-,+2(141),+1(69),50%,张文豪,李岳衡,曹永琦,N,N
1413,,绍兴文理学院元培学院,三WA打碎AC梦,3,374,-,+3(117),-,-,-,-,-,-,-,-,+4(107),+1(50),62%,甄诗文,王喆,陈佳俊,N,N
1413,,齐鲁工业大学,负重越野,3,374,-,+3(73),-,-2,-,-,-,-,-,-1,+5(136),+1(45),66%,吴斌,魏文泽,廉昌业,N,N
1413,,惠州学院,重生之道,3,374,-,+2(161),-,-,-,-,-,-,-,-,+2(129),+1(44),40%,陈海堂,李日敬,陆康明,N,N
1416,,浙江工商大学,名队,3,375,-,+6(122),-,-1,-,-,-,-,-,-,+2(81),+1(52),66%,沈士渊,魏嘉豪,蔡景旭,N,N
1416,,四川大学,？？？？,3,375,-,+5(133),-,-,-,-,-,-,-,-,+3(74),+1(48),66%,王研博,胡亦宽,郝超群,N,N
1416,,南京农业大学,琪露诺的完美算法教室,3,375,-,+2(124),-,-,-,-,-,-,-,-4,+3(154),+1(37),50%,周博轩,邵筠淇,李嘉熙,N,N
1416,,安阳师范学院,一杯冰蓝Mojito,3,375,-,+2(72),-,-3,-,-,-,-,-,-,+4(168),+1(55),57%,孙沂帆,许梦旗,王兵淇,N,N
1420,339,北京语言大学,想队名也能TLE吗,3,376,-,+3(151),-,-,-,-,-,-,-,-,+2(111),+1(54),50%,林之钦,何炫庆,许中豪,N,N
1421,,河北师范大学,青春acmer少年不会梦到wa学姐,3,377,-,+4(83),-,-,-,-,-,-,-,-,+4(130),+1(44),66%,秦晓,张瑞兵,牛俊翔,N,N
1422,,河南理工大学,河狸练习生,3,378,-,+1(71),-,-,-,-,-,-,-,-,+3(222),+1(45),40%,张荣昌,蒋丁,冯锦鸿,N,N
1423,,台州学院,学了等于没学,3,379,-,+4(89),-,-,-,-,-,-,-,-,+4(122),+1(48),66%,曾阳,鲍威龙,陈奕阳,N,N
1423,,重庆大学,分崩离析的网络赛之旅,3,379,-,+2(99),-,-8,-,-,-,-,-,-,+5(135),+1(45),62%,游越涵,张恩宁,,N,N
1423,,浙江工商大学,wa也是ak,3,379,-1,+4(198),-1,-1,-1,-1,-1,-1,-1,-1,+1(85),+1(36),50%,王瀚锋,王延桢,钟皓泽,N,N
1423,,浙江工商大学,青春WA少年梦不到AC学姐,3,379,-,+1(87),-,-,-,-,-,-,-,-,+3(203),+1(49),40%,戴子堤,於泊臻,唐靖杰,N,N
1427,,四川轻化工大学,我竟无言以队,3,380,-3,+3(76),-,-,-,-,-,-,-,-6,+1(115),+4(89),62%,张俊聪,陈红,张豪,N,N
1427,,山东师范大学,铁匠铺,3,380,-,+2(123),-,-,-,-,-,-,-,-,+3(121),+2(56),57%,王永恺,赵庆波,程佳星,N,N
1427,,福州大学,哈哈没有人取队名,3,380,-,+3(106),-,-6,-,-,-,-,-,-,+3(138),+1(56),57%,王曹俨,洪佳盛,何顺康,N,N
1427,,湖南财政经济学院,拒绝父母逼婚来打ccpc,3,380,-,+2(93),-,-,-,-,-,-,-,-,+3(178),+1(49),50%,刘皝,陈浩,阳金波,N,N
1431,,山东科技大学,航海家号,3,381,-,+4(113),-,-11,-,-,-,-,-,-,+3(120),+1(48),62%,刘昕浩,何声张,刘昊,N,N
1431,340,武昌理工学院,沙烬姐姐雅沙东,3,381,-,+6(156),-,-,-,-,-,-,-,-,+2(55),+1(50),66%,兰梓恒,胡潇涵,梁钜喆,N,N
1431,,井冈山大学,涅槃,3,381,-,+2(136),-,-,-,-,-,-,-,-,+1(190),+1(35),25%,陈柏伟,唐城颖,易传承,N,N
1434,,北京化工大学,重生之我真的是菜鸟,3,382,-,+6(76),-,-7,-,-,-2,-,-,-,+1(146),+1(60),62%,杨嘉明,张德煜,许宇,N,N
1435,,台州学院,自由之翼,3,383,-,+3(93),-,-1,-,-,-,-,-,-1,+3(155),+1(55),57%,王若琰,章智超,俞熠聪,N,N
1436,,台州学院,我不吃AC,3,384,-4,+3(100),-,-,-,-,-,-,-,-,+3(129),+2(55),62%,严忠楠,何俊豪,张忻祺,N,N
1436,,南京邮电大学,njupt24team013,3,384,-,+2(132),-,-,-,-,-76,-,-,-1,+3(161),+1(31),50%,王翌阳,金宇轩,倪宇博,N,N
1438,,合肥大学,好心态确定一生,3,385,-,+4(135),-,-5,-,-,-,-,-,-2,+2(128),+1(42),57%,叶咨含,叶铠睿,蔡庆喜,N,N
1439,,东南大学,逐梦者,3,388,-,+7(106),-,-,-,-,-2,-,-,-5,+2(67),+2(55),72%,魏思远,魏子何,覃业明,N,N
1439,,青岛理工大学,青春唐笔少年不会写出ac代码,3,388,-,+3(137),-,-,-,-,-,-,-,-2,+3(118),+1(53),57%,吴秀彦,孟维辰,韩泽川,N,N
1439,,浙大城市学院,关于我们为了打ACM而重生这件事,3,388,-,+3(99),-,-2,-,-,-,-,-,-,+3(145),+1(64),57%,李俊翰,姚雨森,刘俊杰,N,N
1439,,中国科学技术大学,n方过百万,3,388,-,+4(165),-,-,-,-,-,-,-,-,+1(98),+1(65),50%,叶梓文,王一旭,杨邵恺,N,N
1443,,浙大城市学院,WA！红色传说,3,389,-,+4(126),-,-8,-,-,-,-,-,-,+3(120),+1(43),62%,林盛,朱宇文,吴锦豪,N,N
1443,,西南科技大学,这是我此生第一次机会,3,389,-,+5(71),-,-,-,-,-,-,-,-,+5(130),+1(28),72%,陈亮旭,吴子杨,余欣阳,N,N
1445,,临沂大学,曙光,3,390,-,+2(147),-,-,-,-,-,-,-,-,+4(126),+1(37),57%,黄鑫,李国伟,周富源,N,N
1445,,东华大学,能力越小A的越少,3,390,-,+5(152),-,-1,-,-,-,-,-1,-,+2(94),+1(44),62%,钱紫阳,林佳炜,蔡兆炫,N,N
1447,,宁波财经学院,下水管道疏通半小时上门2,3,391,-,+5(121),-,-7,-,-,-,-,-,-,+4(101),+1(29),70%,舒炜琳,林元钞,向铭扬,N,N
1447,341,肇庆学院,北岭山间踏雪2,3,391,-,+3(165),-,-3,-,-,-,-,-,-,+1(126),+1(60),40%,张煜辉,黄心怡,杨博文,N,N
1447,341,沈阳航空航天大学,最终幻想,3,391,-,+2(113),-,-,-,-,-,-,-,-1,+3(166),+1(52),50%,张宗明,李剑东,陈发祥,N,N
1450,,沈阳航空航天大学,3xl,3,392,-,+2(102),-2,-8,-,-,-,-,-,-1,+4(117),+3(53),66%,刘佳美,纪旭,徐凯文,N,N
1450,,西安电子科技大学,学习中ing,3,392,-,+4(117),-,-,-,-,-,-,-,-,+1(129),+3(46),62%,李佳欣,朱泓渊,白婧玉,N,N
1450,,河南科技大学,农夫山泉,3,392,-,+2(136),-,-,-,-,-,-,-,-2,+3(147),+1(49),50%,成浩,周怡佳,颜嘉炜,N,N
1453,,青岛农业大学,风尘三尺剑,3,393,-,+3(148),-,-5,-,-,-,-,-,-1,+3(117),+1(48),57%,王德涛,安庆品,孔晓冬,N,N
1454,,苏州科技大学,三个青名,3,394,-,+1(67),-,-,-,-,-,-,-,-,+7(179),+1(28),66%,牟其霖,韩守坤,林凯伦,N,N
1455,,江西农业大学,凡是过往皆为序章,3,395,-,+4(114),-,-,-,-,-,-,-,-,+4(127),+1(34),66%,赖国梁,廖伦浩,林志炫,N,N
1455,,福州大学,哈基米宝宝,3,395,-7,+3(159),-,-,-,-,-,-,-,-,+2(132),+1(44),50%,谢博文,王盛明,傅世杰,N,N
1455,,宁波职业技术学院,文盲队,3,395,-,+2(68),-,-,-,-,-,-,-,-,+5(170),+2(37),66%,朱津宏,徐振宇,叶玉龙,N,N
1458,,华北水利水电大学,华水附小三年二班,3,396,-,+2(107),-,-5,-,-,-,-,-,-,+5(139),+1(50),62%,谢允,张智云,杨晨阳,N,N
1458,343,安徽财经大学,龙子湖畔,3,396,-1,+3(144),-1,-,-,-,-,-,-,-,+4(107),+1(45),62%,王清锐,邱昊天,汪泽宇,N,N
1458,,河南师范大学,HWH,3,396,-,+3(184),-,-,-,-,-,-,-,-,+1(117),+1(55),40%,侯炳旭,吴帅甫,贺子豪,N,N
1461,,南京邮电大学,njupt24team015,3,397,-,+4(77),-,-,-,-,-,-,-,-,+3(98),+4(62),72%,唐嘉忻,李玥晗,谢杭玲,N,N
1461,,吉首大学,做的都队,3,397,-,+4(90),-,-,-,-,-,-,-,-2,+5(111),+1(56),70%,李伟杰,祝江宇,钟文振,N,N
1461,,四川师范大学,用队长单身十年换一金,3,397,-,+2(125),-,-,-,-,-,-,-,-,+3(178),+1(34),50%,罗志,刘航志,陈雨泉,N,N
1464,,江西师范大学,耐摔王稳定发挥,3,398,-,+2(126),-,-,-,-,-,-,-,-3,+4(134),+1(58),57%,杨坤,赖思行,张凯,N,N
1464,,宁波大学,ACtor,3,398,-,+3(71),-,-1,-,-,-,-,-,-,+7(137),+1(30),72%,蒋轶波,胡值闻,吴凯晟,N,N
1464,,华东理工大学,蚌小队,3,398,-,+4(139),-,-,-,-,-,-,-,-,+2(126),+1(53),57%,王文煊,宋安迪,曾子航,N,N
1464,,天津理工大学,无限循环茶话会,3,398,-,+5(196),-,-,-,-,-,-,-,-2,+1(62),+1(60),57%,赵海洋,李蒙海,厉佳怡,N,N
1468,,南京航空航天大学,我也不知道叫什么,3,399,-,+1(155),-,-,-,-,-,-,-,-,+1(173),+1(71),0%,李立星,徐皓,潘俊达,N,N
1468,,东华大学,北宇治ACM部,3,399,-,+3(181),-,-,-,-,-,-,-,-,+2(99),+1(59),50%,唐瑞,董子研,王逸凯,N,N
1470,,南京大学,锟斤拷,3,400,-,+4(176),-,-,-,-,-,-,-,-,+2(92),+1(52),57%,曹佳诺,陈安琪,韩旭莹,N,N
1471,,华东理工大学,汪汪汪,3,403,-,+3(136),-,-1,-,-,-,-,-,-,+5(99),+1(48),66%,王渝情,王健丰,王子鹏,N,N
1471,344,邢台学院,在线莫队,3,403,-,+3(197),-,-1,-,-,-,-,-,-1,+2(104),+1(42),50%,杜兴,刘葭琪,刘红宇,N,N
1473,,湖北工业大学,三个虾头难,3,404,-,+2(77),-,-,-,-,-5,-,-,-,+5(155),+1(72),62%,李怡爽,祝浩,钱俊豪,N,N
1474,,华南理工大学,黑算法:超时,3,405,-,+3(101),-,-1,-,-,-,-,-,-,+3(153),+2(51),62%,黄毅豪,邓逸轩,李维信,N,N
1474,,浙大宁波理工学院,阿蒙络合物,3,405,-,+3(89),-,-2,-,-,-,-,-,-,+5(153),+1(43),66%,刘佳乐,丁智宇,叶仲豪,N,N
1474,,武汉工程大学,一梦黄粱,3,405,-3,+2(137),-,-,-,-,-,-,-,-,+2(177),+1(51),40%,覃淼,李佳航,林碧琪,N,N
1477,,厦门大学嘉庚学院,麦当劳小分队,3,406,-,+3(121),-,-,-,-,-,-,-,-,+5(122),+1(43),66%,陈文正,张申庚,吴宇轩,N,N
1477,,济南大学,遠山客,3,406,-,+4(152),-,-2,-,-,-,-,-,-1,+2(135),+1(39),57%,余川华,韦金亮,葛广一,N,N
1477,,广东工业大学揭阳校区,怪物联盟,3,406,-,+3(112),-,-3,-,-,-,-,-,-,+2(188),+1(46),50%,曾靖,高济东,张家玮,N,N
1480,,浙江科技大学,蛋仔派对,3,407,-,+5(140),-,-1,-,-,-,-,-,-,+2(110),+1(57),62%,陈昱廷,华浩天,王凡,N,N
1481,345,西华师范大学,败犬acmer太多啦,3,408,-,+4(138),-1,-3,-,-,-,-,-,-2,+3(110),+1(60),62%,杨铧,刘海,熊细鸿,N,N
1481,,山东科技大学,光明号,3,408,-,+2(133),-,-,-,-,-,-,-,-14,+4(151),+1(44),57%,李少栋,鲁文健,斯睦飞,N,N
1481,,河南农业大学,猿神，启动！,3,408,-,+4(96),-,-4,-,-,-,-,-,-,+3(168),+1(44),62%,何雨洋,王兆君,李润玉,N,N
1481,,宁波大学,结束乐队,3,408,-,+2(109),-,-,-,-,-,-,-,-,+2(188),+2(51),50%,蔡昕洋,林泓杰,方哲昊,N,N
1485,,乐山师范学院,怎么一个都不对,3,409,-,+3(97),-,-2,-,-,-,-,-,-,+4(159),+1(53),62%,夏源泽,曾媛,李勇琪,N,N
1486,346,上海海洋大学,前面没学，中间没写，后面没看,3,410,-,+3(125),-,-,-,-,-,-,-,-,+5(115),+1(50),66%,张华文,庄勇腾,杨镇宇,N,N
1487,,长安大学,汉堡王,3,411,-,+4(173),-,-2,-,-,-,-,-,-,+1(129),+1(49),50%,胡艺翰,许奕杰,周乐恒,N,N
1488,,福建理工大学,碧天伴走,3,412,-,+2(120),-,-,-,-,-,-,-,-,+6(133),+1(39),66%,刘羿,刘航,陈君玲,N,N
1488,,江西师范大学,队名五个字,3,412,-,+2(87),-,-1,-,-,-,-,-,-,+5(175),+1(50),62%,龚向阳,张强,胡志强,N,N
1490,,大连理工大学,勇敢的胆小菇,3,413,-,+6(115),-,-,-,-,-,-,-,-,+2(126),+1(52),66%,洪海钦,李卓骏,胡梦雪,N,N
1491,,东华大学,Acid也是AC,3,415,-,+3(140),-,-,-,-,-,-,-,-,+3(147),+1(48),57%,王彤霏,梁家宁,徐之恒,N,N
1492,347,重庆文理学院,网瘾少年不会梦见wa测评,3,416,-,+4(105),-13,-1,-,-,-,-,-,-,+5(126),+1(45),70%,田康乐,张柒鑫,李明,N,N
1492,347,广西民族大学,本手妙手和花手,3,416,-,+2(176),-4,-,-,-,-,-,-,-,+3(137),+1(43),50%,陈维福,陈健峰,李鸿运,N,N
1494,,吉林大学,冰激凌,3,417,-,+5(87),-,-,-,-,-,-,-,-5,+6(101),+1(49),75%,周浩宇,王福峥,张健哲,N,N
1494,,广州大学,我不是瓦批,3,417,-,+2(136),-,-1,-,-,-,-,-,-,+3(163),+1(58),50%,乔俊杰,曹宇超,帅军锐,N,N
1494,,烟台大学,不知名的甘！文！崔！,3,417,-,+3(77),-,-,-,-,-,-,-,-5,+5(170),+1(50),66%,戚靖博,刘一,吴振,N,N
1497,,西南科技大学,幻想乡乐园计划,3,418,-,+5(92),-,-,-,-,-,-,-,-,+5(80),+3(46),76%,童博文,唐娅东,黄浩翔,N,N
1498,,电子科技大学成都学院,让老人和孩子先A,3,419,-,+6(127),-,-1,-,-,-,-,-,-,+3(105),+1(47),70%,杨晨晨,吴泽东,何如玉,N,N
1498,,中国地质大学（北京）,黑编程·悟铜,3,419,-,+2(88),-,-,-,-,-,-,-,-1,+5(199),+1(32),62%,林珈丞,叶宇翔,苏童,N,N
1498,,湖南农业大学,交之前再看一眼题,3,419,-,+3(89),-,-2,-,-,-,-,-,-,+4(200),+1(30),62%,范晓松,周辉,陈雄彪,N,N
1501,,湖北第二师范学院,Bro以为自己能AK全场,3,420,-,+5(61),-,-,-,-,-,-,-,-12,+8(108),+1(31),78%,刘俊康,吕行航,胡荣强,N,N
1501,,宁波大学,重⽣在gbc演唱有键盘⼿的春⽇影,3,420,-,+4(135),-,-1,-,-,-,-,-,-1,+5(92),+1(53),70%,汪博,夏高源,孙嘉炜,N,N
1501,349,成都理工大学工程技术学院,可爱又迷人的反派角色,3,420,-,+3(79),-,-5,-,-,-,-,-,-,+7(147),+1(34),72%,方鹏淅,李学迅,曾宇鹏,N,N
1501,,天津理工大学,给个奖吧我什么都会做的,3,420,-,+5(184),-,-,-,-,-2,-1,-1,-4,+1(101),+1(55),57%,林哲豪,程思成,马明柯,N,N
1505,,山东工商学院,简单,3,422,-,+4(108),-,-,-,-,-,-,-,-,+3(146),+1(68),62%,国耀泽,李万林,卜世陀,N,N
1505,350,贵州民族大学,群星依旧,3,422,-,+2(78),-3,-1,-,-,-5,-,-,-13,+8(155),+1(29),72%,段翔韬,唐子蕃,郭晶,N,N
1507,,大连理工大学,dlut07,3,423,-,+2(181),-,-,-,-,-,-,-,-3,+1(158),+1(64),25%,安冠鸣,江文可,曾豪,N,N
1507,,三峡大学,吗喽勇闯XCPC,3,423,-,+1(114),-,-,-,-,-,-,-,-,+5(188),+1(41),57%,罗佳宇,江姝宇,冯成宽,N,N
1509,,上海师范大学,队友都在打数模,3,425,-,+4(149),-,-2,-,-,-,-,-,-2,+4(105),+1(51),66%,王子俊,张越群,危祎,N,N
1509,,武汉纺织大学,让我ac啊,3,425,-,+2(92),-,-,-,-,-,-,-,-,+6(151),+1(62),66%,费文伟,袁文泉,曾繁昊,N,N
1509,,河南工程学院,海底小纵队,3,425,-,+5(160),-,-,-,-,-,-,-,-,+2(109),+1(56),62%,张天硕,王笑,陈嘉乐,N,N
1512,,大连海事大学,～O～分队,3,426,-,+5(130),-,-,-,-,-,-,-,-1,+5(106),+1(30),72%,姬翔,刘震,戈晟年,N,N
1512,,中北大学,自信纯一,3,426,-,+1(160),-,-,-,-,-,-,-,-,+4(139),+1(67),50%,韩迎坤,孙天赐,李景硕,N,N
1512,,南京航空航天大学,样例AC就算队,3,426,-,+4(134),-,-,-,-,-,-,-,-,+2(161),+1(51),57%,肖昊哲,肖宇轩,唐观乾,N,N
1512,,东华理工大学,吃个冻梨不嘻嘻队,3,426,-,+1(82),-,-,-,-,-,-,-,-,+5(210),+1(54),57%,黄瑞杨,程志超,邹涛,N,N
1516,,黑龙江大学,我是取名废废队,3,427,-,+5(107),-,-,-,-,-,-,-,-,+2(129),+1(91),62%,林君诺,段然,肖梦圆,N,N
1516,,临沂大学,关于摆烂鼠鼠挣扎着想打一次区域赛这件事,3,427,-,+2(77),-,-1,-,-,-,-,-,-,+8(142),+1(48),72%,宋承洋,费秋翔,夏新志,N,N
1518,,山东财经大学,不再犹豫,3,428,-,+3(82),-,-,-,-,-,-,-,-,+2(141),+6(45),72%,樊宣,张腾飞,钱玮浩,N,N
1518,,西安科技大学,暴力出奇迹，打表出省金,3,428,-,+5(128),-,-2,-,-,-,-,-,-,+2(156),+1(44),62%,毛梓聿,寇宇凡,胡珂涵,N,N
1518,,南阳理工学院,菜鸡只想签到队,3,428,-,+6(160),-,-,-,-,-,-,-,-,+1(86),+2(62),66%,张飞航,高宇鹏,陈凯乐,N,N
1521,,青岛理工大学,兄弟香草泥,3,429,-,+3(131),-,-3,-,-,-,-,-,-,+3(190),+1(28),57%,姚淅文,赵增豪,刘敬苛,N,N
1522,,衡阳师范学院,洋洋鸽鸽,3,431,-,+5(84),-,-,-,-,-,-,-,-,+6(139),+1(28),75%,王卫,郭子涵,吴宜洋,N,N
1523,,郑州经贸学院,抽象派,3,432,-,+2(87),-,-,-,-,-,-,-,-,+6(182),+1(43),66%,李皓轩,秦琳珂,张云飞,N,N
1523,351,河北农业大学,给队友端茶倒水,3,432,-,+1(215),-,-,-,-,-,-,-,-,+1(175),+1(42),0%,来浩然,陈玺灿,谭晓刚,N,N
1525,,浙江工业职业技术学院,浙江工业职业技术学院5队,3,433,-,+7(110),-,-2,-,-,-,-,-,-,+2(131),+1(52),70%,周益锋,张江,徐伟豪,N,N
1525,,华中师范大学,花开富贵,3,433,-6,+4(143),-,-4,-,-,-,-,-,-,+2(167),+1(43),57%,刘孟谦,彭雅晨,杨璟欣,N,N
1525,,西华大学,星夜,3,433,-,+2(116),-,-,-,-,-,-,-,-1,+4(180),+1(57),57%,周世阳,马健城,熊伟,N,N
1525,,中北大学,文瀛十三不会梦到上床下桌,3,433,-,+2(86),-,-,-,-,-,-,-,-,+4(226),+1(41),57%,李兴隆,陈文博,谭炯豪,N,N
1529,,潍坊学院,华哥打铁我拿铜,3,436,-,+4(151),-,-1,-,-,-,-,-,-,+5(111),+1(34),70%,冯硕,张伟浩,冉鑫,N,N
1530,,邵阳学院,邵院2队,3,437,-,+4(135),-,-,-,-,-,-,-,-,+3(143),+1(59),62%,资勇,谢齐,刘轩,N,N
1530,,武汉商学院,23级ccpc陪跑队,3,437,-,+3(186),-,-1,-,-,-,-,-,-1,+3(123),+1(48),57%,李吉,易怀广,郝兴城,N,N
1530,,东北农业大学,先WA后T再RE,3,437,-,+2(192),-,-,-,-,-,-,-,-,+2(143),+2(42),50%,罗鸿浩,孙康玲,佟佳树,N,N
1533,,山东科技大学,暴风雪号,3,438,-,+2(133),-,-,-,-,-2,-,-,-,+4(177),+1(48),57%,岳永泰,王洛阳,程琪深,N,N
1533,,同济大学,C++养老院,3,438,-,+4(221),-,-,-,-,-,-,-,-,+1(101),+1(56),50%,胡沛荻,陈德凯,马凯,N,N
1535,,闽南师范大学,闽师第一深情,3,440,-,+7(142),-,-,-,-,-,-,-,-,+2(133),+1(25),70%,林程旭,肖建华,叶康辉,N,N
1535,,山东财经大学,交了百分百AC,3,440,-,+3(144),-,-,-1,-,-,-,-,-,+2(185),+1(51),50%,任硕,赵腾克,于海洋,N,N
1537,,南京大学,我们做的都队,3,441,-7,+6(111),-,-2,-,-,-,-,-,-,+3(129),+1(61),70%,颜子为,牛永辉,刘圣文,N,N
1537,,湖州师范学院,2024湖师院1队,3,441,-,+2(94),-,-,-,-,-,-,-,-1,+5(200),+1(47),62%,章文宇,张君琪,王羽飞,N,N
1539,,哈尔滨理工大学,哈理工2024Y07,3,442,-,+1(87),-,-2,-,-,-,-,-,-,+6(224),+1(31),62%,陈子权,黄策,王哲学,N,N
1540,352,湖南工程学院,养WA池,3,443,-,+3(94),-,-,-,-,-,-,-,-,+5(185),+1(44),66%,吕浩然,朱山廉,李宇涛,N,N
1541,,广东工业大学揭阳校区,深度优先睡眠,3,445,-,+2(82),-,-3,-,-,-,-,-,-,+7(177),+1(46),70%,邓乃添,夏子豪,余敬业,N,N
1541,,江南大学,吃瓜不吐籽队,3,445,-,+6(119),-,-,-,-,-,-,-,-,+2(177),+1(29),66%,李欣瑞,蔡泽森,王子硕,N,N
1541,,东华理工大学,调试小队,3,445,-,+3(128),-,-1,-,-,-,-,-,-,+3(190),+1(47),57%,裴游盛,王志岩,熊凯闻,N,N
1541,,南京邮电大学,njupt24team016,3,445,-,+3(127),-,-,-,-,-,-,-,-,+3(200),+1(38),57%,金馨彤,杨小莹,崔佳珺,N,N
1545,353,华北理工大学迁安学院,我们相信光,3,447,-,+8(178),-,-4,-,-,-,-,-,-,+1(75),+1(54),70%,郭昱杉,邵尉,刘琪,N,N
1546,354,湖南涉外经济学院,俩菜一蛋,3,449,-,+4(166),-,-,-,-,-3,-,-,-3,+3(136),+1(47),62%,曾庆伟,彭胜,杨轩,N,N
1547,,信息工程大学,万年船,3,451,-,+6(165),-,-1,-,-,-,-,-,-,+1(129),+1(57),62%,武优,李锦浩,王海安,N,N
1547,,怀化学院,怀化学院3队,3,451,-,+3(106),-,-,-,-,-,-,-,-,+4(192),+1(53),62%,冯海进,和佳聚,符琼方,N,N
1547,,暨南大学,海man宝宝,3,451,-,+2(224),-,-,-,-,-,-,-,-,+1(159),+1(48),25%,杨磊,周雨昇,王于子旭,N,N
1547,,哈尔滨理工大学,哈理工2024Y06,3,451,-,+3(226),-,-,-,-,-,-,-,-,+2(116),+1(49),50%,张天时,贝明轩,李乘远,N,N
1551,,中国地质大学（武汉）,六神,3,452,-,+3(156),-,-12,-,-,-,-,-,-,+3(165),+1(51),57%,何晓棠,毛郅皓,白浩文,N,N
1551,,暨南大学,人生有梦，各自精彩,3,452,-,+6(179),-,-,-,-,-,-,-,-11,+3(90),+1(43),70%,张少涵,王博洲,赵一阳,N,N
1551,,东华大学,东华WA掘机,3,452,-,+3(179),-,-,-,-,-,-,-,-1,+1(145),+1(88),40%,陈锦豪,王经祁,,N,N
1554,,武汉纺织大学,你说对就对,3,454,-,+5(109),-,-2,-,-,-,-,-,-2,+4(123),+2(62),72%,黄仝和,王鑫,徐文强,N,N
1554,,惠州学院,奋进小虎队,3,454,-,+7(120),-,-1,-,-,-,-,-,-1,+3(125),+1(49),72%,钟剑益,温联钦,谢浩诚,N,N
1556,,西南交通大学,很内向，坐在键盘前写不出代码,3,455,-,+4(182),-,-,-3,-,-,-,-,-,+3(143),+1(30),62%,谢栩珲,苏永康,王一帆,N,N
1557,,北京师范大学-香港浸会大学联合国际学院,沸杨杨禛的很喜欢抽芙蓉王！,3,457,-,+1(108),-,-1,-,-,-,-,-,-,+6(201),+1(48),62%,王孟涵,杨钧涯,黄铭禛,N,N
1558,,嘉应学院,爱是最强自在法,3,458,-,+2(75),-,-,-,-,-,-,-3,-2,+3(152),+8(31),76%,钟棋宇,叶耀,罗祉茗,N,N
1559,,福州大学,不时以藏语遮羞的邻座丁真同学,3,459,-,+1(117),-,-,-,-,-,-,-,-,+5(217),+1(45),57%,郎易恒,方林升,蒋兴鑫,N,N
1560,,浙江农林大学,教练我不想再WA了,3,460,-,+6(158),-,-,-,-,-,-,-,-,+2(92),+2(70),70%,徐凯杭,潘宇健,张颢耀,N,N
1561,,南昌理工学院,2024 南理 4 队,3,461,-,+5(123),-,-,-,-,-,-,-,-,+3(148),+1(70),66%,肖和,袁文杰,孙学吉,N,N
1561,,厦门大学嘉庚学院,怎么就没活了,3,461,-,+3(124),-,-2,-,-,-,-,-,-1,+4(187),+1(50),62%,戚晓鹏,蔡政楠,冯剑宇,N,N
1563,,江西财经大学,原来你也玩ACM,3,462,-,+4(159),-,-,-,-,-,-,-,-,+5(115),+1(48),70%,刘星,曾毅,牛志义,N,N
1563,,浙江工业职业技术学院,浙江工业职业技术学院3队,3,462,-,+4(133),-,-,-,-,-,-,-,-,+3(181),+1(48),62%,马诗慧,毛雨菲,霍洋洋,N,N
1565,,长安大学,菜狗沉淀中,3,463,-,+5(131),-,-1,-,-,-,-,-,-,+2(163),+2(49),66%,李思学,刘新语,陈炎松,N,N
1566,,沈阳理工大学,努力AC,3,464,-,+2(221),-,-1,-,-,-,-,-,-,+3(132),+1(51),50%,张铳,沈帅豪,王凯兴,N,N
1567,,天津大学,神笔码良,3,465,-,+4(150),-,-,-,-,-,-,-,-,+3(166),+1(49),62%,朱靖泽,栾博越,周昊忆,N,N
1567,,河南工程学院,怎么有人没有学长打名额啊？是我？那没事了,3,465,-,+5(136),-,-4,-,-,-,-,-,-,+2(180),+1(49),62%,皇甫启新,毛川川,王运坤,N,N
1567,,武汉科技大学,蒸&农&柚子厨,3,465,-,+2(140),-,-,-,-,-,-,-,-,+2(213),+2(52),50%,李豫,杨志军,朱本亮,N,N
1570,,常熟理工学院,面向样例的程序设计,3,466,-,+4(126),-,-,-,-,-6,-,-,-,+8(108),+1(32),76%,方思珩,马鸿建,刘易,N,N
1570,,安阳工学院,吃吃喝喝棒棒,3,466,-,+4(220),-,-,-,-,-,-,-,-,+2(118),+1(48),57%,董家欣,付怡睿,李森林,N,N
1572,,乐山师范学院,风的去向,3,467,-,+3(138),-,-5,-,-,-,-,-,-16,+8(106),+1(43),75%,韩俊杰,刘皓扬,谭仪,N,N
1572,,临沂大学,青春猪头少年不会梦到一发AC,3,467,-,+3(174),-,-,-,-,-,-,-,-2,+2(183),+1(50),50%,刘嘉杰,谢番羽,刘廷全,N,N
1572,355,江苏海洋大学,为中华崛起而写码,3,467,-1,+1(94),-1,-1,-1,-1,-1,-1,-1,-,+2(281),+1(72),25%,房鸿铭,冷严伟,刘好,N,N
1575,,东南大学,摆烂队,3,468,-,+4(105),-,-,-,-,-,-,-,-4,+6(153),+1(50),72%,郑博文,林子尧,隆乾,N,N
1576,,嘉应学院,随便吧,3,469,-,+4(135),-,-,-,-,-,-,-,-2,+3(182),+1(52),62%,王嘉贤,宋子超,杜孟轩,N,N
1577,,浙江财经大学,猫咪烧烤,3,470,-,+2(108),-,-,-,-,-,-,-,-,+4(228),+1(54),57%,王鑫宇,王强,陈君豪,N,N
1578,,河南工程学院,南苑三队,3,472,-,+4(139),-,-,-,-,-,-,-,-,+6(132),+1(41),72%,孙开贺,万启宝,张保潼,N,N
1578,,大连理工大学盘锦校区,写的都队,3,472,-,+7(167),-,-,-,-,-,-,-,-1,+2(96),+1(69),70%,朱禹洲,祝王子,刘腾予,N,N
1580,,南京航空航天大学,最后的胜利,3,473,-,+8(200),-,-,-,-,-,-,-,-,+1(83),+1(50),70%,黄启佳,吕海烨,陈杰安,N,N
1581,,沈阳化工大学,对对队,3,474,-,+2(137),-,-7,-,-,-,-,-,-,+4(203),+1(54),57%,罗祥,俞征洋,汤健平,N,N
1581,,安阳工学院,丸辣守感不队,3,474,-,+2(105),-,-,-,-,-,-,-,-,+3(250),+1(59),50%,侯帅鹏,杜泳君,白亚盼,N,N
1583,,南阳理工学院,能力越小责任越小,3,475,-,+5(127),-,-2,-,-,-,-,-,-,+5(143),+1(45),72%,赵静冉,郑珊珊,史嘉琳,N,N
1583,,沈阳航空航天大学,关于我的队长特别想穿猫耳朵jk这档事,3,475,-,+6(112),-,-,-,-,-,-,-,-,+3(173),+1(50),70%,张彦泽,郭家硕,白峻豪,N,N
1585,356,丽水学院,银钥之门,3,476,-,+1(68),-,-2,-,-,-,-,-,-,+8(119),+6(49),80%,江安煜,张苏梦,孙愉超,N,N
1585,,郑州轻工业大学,小猫怎么叫,3,476,-,+2(145),-,-7,-,-,-,-,-,-,+8(127),+1(44),72%,易平川,徐志高,李昊隆,N,N
1587,,中南民族大学,未完结的故事,3,477,-,+3(171),-,-2,-,-,-,-,-,-,+1(210),+1(56),40%,李虹睿,胡田琪,曾安琪,N,N
1588,,广西科技大学,所以爱会消失对不队,3,478,-,+5(210),-,-,-,-,-,-2,-,-1,+2(113),+1(55),62%,方庆声,谢博轩,周丽欣,N,N
1589,,河南理工大学,已经没时间了,3,480,-,+4(118),-,-,-,-,-,-,-,-,+6(152),+1(50),72%,蒲叶,黄鸣轩,吕雨柏,N,N
1589,,天津仁爱学院,2024CCPC网络赛队伍4,3,480,-,+3(244),-,-,-,-,-,-,-,-,+2(146),+1(30),50%,程淼,邓永星,段立泰,N,N
1591,,北京理工大学珠海学院,三个摆子,3,481,-,+1(146),-,-,-,-,-41,-,-,-,+6(186),+1(49),62%,李国胜,翁彦峰,肖正阳,N,N
1592,,石家庄铁道大学,崩坏：庄窠铁道,3,482,-,+4(115),-,-,-,-,-,-,-,-,+4(196),+1(51),66%,陈昀,冯子涵,任磊康,N,N
1592,,广州大学,能赢吗？会赢的！,3,482,-,+4(212),-,-3,-,-,-,-,-,-1,+3(120),+1(50),62%,李轩,林卓义,周昊焌,N,N
1594,,西南科技大学,三只草履虫,3,483,-,+6(175),-,-,-,-,-,-,-,-,+2(120),+2(48),70%,杨若瑄,刘绮静,皇甫一冉,N,N
1594,,惠州学院,我有一个馊主意,3,483,-,+3(164),-,-2,-,-,-,-,-,-,+1(224),+1(55),40%,陈晓敏,陈海燕,施小华,N,N
1596,357,东北石油大学,鸷鸟生而有翼 终将击破长空,3,486,-,+6(162),-,-,-,-,-,-,-,-,+4(115),+1(49),72%,刘笑语,邓逸凡,夏宇超,N,N
1596,,湖州师范学院,2024湖师院5队,3,486,-,+4(232),-,-,-,-,-,-,-,-,+1(133),+1(61),50%,宋梦博,欧阳许多,蒋京津,N,N
1598,358,南京晓庄学院,很奇怪理解万岁把,3,487,-,+3(107),-,-,-,-,-1,-,-,-,+7(181),+1(39),72%,黄齐,王思博,从亚申,N,N
1598,,香港科技大学（广州）,据说队名起的很长就能取得非常优异的成绩,3,487,-,+5(199),-,-,-,-,-,-,-2,-,+1(83),+4(65),70%,董佳鑫,许畅,刘智仁,N,N
1600,359,福州大学至诚学院,福大至诚一队,3,489,-,+6(163),-,-11,-,-,-,-,-,-2,+4(78),+1(88),72%,肖闻锐,高映轩,张俊林,N,N
1600,,湖北第二师范学院,原神小伙不会梦到CCPC学姐,3,489,-,+3(137),-,-14,-,-,-,-,-,-,+5(181),+1(51),66%,龚炜棋,桂兴旺,江好佳,N,N
1602,,徐州工程学院,只会签到能拿名额吗,3,493,-1,+7(162),-1,-1,-1,-1,-1,-1,-1,-1,+4(106),+1(45),75%,吴苏阳,郑光杰,孙驭晨,N,N
1602,360,桂林航天工业学院,汗流浃背,3,493,-,+4(206),-,-1,-,-,-,-,-,-,+5(106),+1(41),70%,谭智辉,欧镕菠,杜良宇,N,N
1604,,南昌大学,二次原,3,496,-,+4(181),-,-,-,-,-,-,-,-,+4(145),+1(50),66%,张佳梁,陈子涵,胡俊杰,N,N
1604,,绍兴文理学院元培学院,爱会消失对不队,3,496,-,+4(94),-,-1,-,-,-,-,-,-,+5(216),+1(46),70%,叶韩亮,胡佳梦,丁华艺,N,N
1604,,哈尔滨理工大学（威海）,北部王者崛起,3,496,-,+3(238),-,-,-,-,-,-,-,-5,+2(153),+1(45),50%,董骐睿,晁鲁,赵兴广,N,N
1607,,东北大学秦皇岛分校,XCPC，启动！,3,498,-,+4(150),-,-,-,-,-,-,-1,-,+5(179),+1(29),70%,解光宇,何其泽,黄宇超,N,N
1607,,华南师范大学,肥嘟嘟左卫门,3,498,-,+2(137),-,-,-,-,-,-,-,-,+6(192),+1(49),66%,赖超,严佳旭,庞俊杰,N,N
1607,,阜阳师范大学,阜师二队,3,498,-,+8(229),-,-1,-,-,-,-,-,-,+1(91),+1(38),70%,赵子善,王萌,石道成,N,N
1610,,重庆城市科技学院,月落星沉,3,499,-,+5(175),-,-1,-,-,-1,-,-1,-2,+3(144),+1(60),66%,刘英凯,董狰,陈民君,N,N
1610,361,衡水学院,队友叫我励志于是有了这个队名,3,499,-,+3(87),-,-,-,-,-,-,-,-,+7(219),+1(33),72%,谢子昊,吴建霏,林浩楠,N,N
1612,,北京化工大学,我不在这队,3,500,-2,+4(230),-,-,-,-,-,-,-,-,+1(126),+2(64),57%,孙佳斌,张前宇,韦政轩,N,N
1613,,山东科技大学,普罗米修斯号,3,502,-,+3(216),-3,-,-,-,-,-,-,-,+2(183),+1(43),50%,齐航,刘志卿,魏振宇,N,N
1613,,东北大学秦皇岛分校,不知道怎么,3,502,-,+1(119),-,-,-,-,-,-,-,-,+5(235),+1(68),57%,孙鑫,张雪军,邱晓竞,N,N
1615,,大连东软信息学院,拿个cu给学妹,3,503,-,+3(109),-,-2,-,-,-13,-,-,-,+8(160),+1(54),75%,郑锦鹏,张恩速,林学东,N,N
1615,362,韶关学院,我们打acm的要考虑的就多了,3,503,-,+5(162),-,-5,-,-,-,-,-,-,+5(144),+1(37),72%,冯诺维,陈兴翰,黄家宝,N,N
1617,,浙江广厦建设职业技术大学,难铜不想守银,3,504,-,+5(95),-,-,-,-,-,-,-2,-,+7(165),+1(44),76%,龚孝天,向文寿,胡明涛,N,N
1617,,重庆工程学院,除了技术都很硬,3,504,-,+4(196),-,-1,-,-,-,-,-,-,+3(152),+1(56),62%,何慧君,王伟铭,贺蒋,N,N
1619,,河南师范大学,起名字真难啊,3,505,-,+5(128),-,-,-,-,-,-,-,-,+6(151),+1(46),75%,杨泓延,王雨航,刘岩,N,N
1620,,乐山师范学院,那再想想,3,506,-,+1(92),-,-,-,-,-,-,-,-,+8(231),+1(43),70%,刘家康,黄仪鸥,屈嘉,N,N
1621,,泉州师范学院,qztc2,3,507,-,+3(117),-2,-,-,-,-,-,-,-,+3(262),+1(48),57%,苏灿辉,黄文杰,吴志宏,N,N
1622,,上海海事大学,飞过去就是3wa,3,508,-,+3(139),-,-2,-,-,-,-,-,-,+4(154),+1(115),62%,潘飞扬,陆锦云,李卓锦,N,N
1623,,南京师范大学,那咋了,3,509,-,+5(130),-,-2,-,-,-,-,-,-,+4(191),+1(48),70%,曹逢雨,华博文,孙俊健,N,N
1623,,嘉应学院,逆袭者,3,509,-,+3(166),-,-1,-,-,-,-,-,-,+3(205),+1(58),57%,曾怡霖,黄佳乐,曾宇煇,N,N
1623,,浙江万里学院,不要小瞧我们的羁绊啊魂淡,3,509,-,+4(130),-,-2,-,-,-,-,-,-,+5(208),+1(31),70%,陈正刚,陈伟明,傅炫瑜,N,N
1626,,华中师范大学,天空没有极限,3,511,-,+2(173),-1,-1,-,-,-,-,-,-,+7(145),+1(53),70%,余成鸣,项思语,赵宇轩,N,N
1627,,桂林航天工业学院,这题也是线段树吗,3,512,-,+4(119),-,-,-,-,-,-,-,-,+6(180),+1(53),72%,奚晨毓,蔡函辛,罗千翔,N,N
1627,,杭州电子科技大学信息工程学院,爱鸡TV之我不要爱我要麦,3,512,-,+5(223),-,-,-,-,-,-,-,-,+3(124),+1(45),66%,徐俊豪,黄楚彬,兰德涵,N,N
1629,363,沈阳农业大学,压力队友,3,514,-,+9(134),-,-,-,-,-,-,-,-1,+5(94),+1(46),80%,潘岩,何家栋,苏紫辰,N,N
1630,,浙江育英职业技术学院,育英五队,3,516,-,+4(69),-,-,-,-,-,-,-,-,+10(181),+1(26),80%,林渊涵,薛骏诚,陈子轩,N,N
1631,364,汉口学院,第一次参加ccpc，给个名额吧，求求惹,3,518,-,+2(76),-,-,-,-,-,-,-,-,+8(234),+1(48),72%,李毅云,鲁胜彪,黄舒畅,N,N
1632,,山东理工大学,我怎会有图谋不轨之心,3,521,-,+3(103),-,-,-,-,-,-,-,-,+7(204),+1(54),72%,刘超,许杨,张俊,N,N
1632,,徐州工程学院,把xcl当粑粑虐,3,521,-,+4(107),-,-,-,-,-,-,-,-1,+4(244),+1(50),66%,王睿轩,吴书桐,陈小军,N,N
1634,,山东财经大学,海底捞金,3,522,-,+6(162),-,-,-,-,-,-,-,-,+3(157),+1(63),70%,张志强,罗荣怀,孙晨雨,N,N
1635,,浙大宁波理工学院,我不明白,3,523,-,+5(116),-,-4,-,-,-,-,-,-2,+4(222),+1(45),70%,宋欣远,詹徐言,虞琦,N,N
1636,365,安徽信息工程学院,emt保佑不犯病,3,527,-,+7(131),-,-4,-,-,-,-,-,-,+3(141),+3(55),76%,吴家辉,唐佳冉,黄思远,N,N
1637,,中国海洋大学,一支队伍,3,528,-,+2(215),-,-,-,-,-,-,-,-1,+3(160),+2(73),57%,郑云瀚,郑圆浩,冯博远,N,N
1637,,徐州工程学院,比奇堡总动员,3,528,-,+6(237),-,-,-,-,-,-,-,-,+3(103),+1(48),70%,石敬武,赵雨豪,陈一鸣,N,N
1637,,广东工业大学揭阳校区,WA与蒟蒻同在,3,528,-,+2(123),-,-,-,-,-,-,-,-,+4(282),+1(43),57%,龚鼎,石晨阳,谭经纬,N,N
1640,366,广西师范大学,写都写了，交一发吧,3,530,-,+4(143),-,-,-,-,-,-,-,-1,+3(165),+2(102),66%,王功磊,周紫阳,马将,N,N
1641,367,淮北理工学院,二叉树,3,531,-,+2(263),-,-,-,-,-,-,-,-,+1(162),+1(86),25%,尹洪超,孙亚楠,霍宇成,N,N
1642,,中国民航大学,把思路逆转过来！,3,532,-,+3(111),-,-,-,-,-,-,-,-,+8(187),+1(54),75%,邓琦川,黄甜甜,宋梦雨,N,N
1642,368,中国人民大学,现役之我是真菜,3,532,-,+4(119),-,-1,-,-,-,-,-,-,+5(224),+1(49),70%,朱哲,仇嘉惟,王帅壹,N,N
1642,,太原理工大学,会赢的,3,532,-,+4(256),-,-7,-,-,-,-,-,-1,+3(108),+1(68),62%,谢睿兴,胡锦旗,翟晨好,N,N
1645,,中北大学,快想个抽象点的队名,3,533,-,+5(139),-,-,-,-,-3,-,-,-,+4(201),+1(53),70%,卢天立,程伯文,胡宏程,N,N
1645,,国防科技大学,项王不惘,3,533,-,+7(249),-,-1,-,-,-,-,-3,-,+2(86),+1(58),70%,张洋,梁庭宇,刘国栋,N,N
1647,,河北师范大学,橙白3队,3,534,-1,+4(97),-,-1,-,-1,-,-1,-,-,+8(121),+5(36),82%,李财君,闫亚磊,王鑫,N,N
1647,,长沙理工大学,HCL,3,534,-,+4(89),-,-,-,-,-,-,-,-,+9(151),+2(54),80%,李达懿,崔万里,何泽铖,N,N
1647,,广西师范大学,这个委托我接了！,3,534,-,+4(160),-,-,-,-,-,-,-,-,+2(195),+1(99),57%,程昕邦,潘富辉,廖福星,N,N
1647,,沈阳化工大学,二位大佬带带我,3,534,-,+5(97),-,-,-,-,-,-,-,-3,+7(197),+1(40),76%,刁炜宁,彭坤,郑郭楠,N,N
1651,,湖北工业大学,小丑派对,3,535,-,+5(80),-,-,-,-,-,-,-,-3,+6(230),+1(45),75%,解哲曦,梅子恒,陈建熊,N,N
1652,,江西理工大学,永远期待未来,3,538,-,+4(164),-,-,-,-,-,-,-,-,+3(225),+1(49),62%,夏如意,黄丽婷,刘灏,N,N
1653,,乐山师范学院,闲踏梧桐,3,539,-,+3(97),-,-2,-,-,-,-,-,-,+8(185),+2(57),76%,王业鑫,杜金晶,刘易,N,N
1654,,哈尔滨工程大学,WA，真的是你呀,3,543,-,+8(196),-,-,-,-,-,-,-,-,+4(91),+1(56),76%,董峻荣,邵奕童,朱铖楷,N,N
1654,,哈尔滨理工大学,哈理工2024Y09,3,543,-,+3(195),-,-1,-,-,-,-,-,-,+5(198),+1(30),66%,代伊扬,蔡辰杰,曾凡欧,N,N
1654,,华南师范大学,对对,3,543,-,+5(208),-,-,-,-,-,-,-,-,+4(139),+1(56),70%,李寿炜,石振山,曾翔,N,N
1657,,惠州学院,嘉心彬干队,3,544,-,+2(84),-,-,-,-,-1,-,-,-,+5(302),+1(58),62%,李嘉慧,王彬琦,康心悦,N,N
1658,,曲阜师范大学,样例过了就是队,3,545,-,+2(160),-,-,-,-,-,-,-,-,+5(225),+1(60),62%,孙毅飞,董嘉慧,张智强,N,N
1658,,丽水学院,弈淡露临贺胡,3,545,-,+3(250),-,-1,-,-,-,-,-3,-,+6(104),+1(51),70%,吴松泽,王艺霖,黄宇硕,N,N
1658,,沈阳化工大学,三月二十八,3,545,-,+3(106),-,-,-,-,-,-,-,-,+5(274),+1(45),66%,徐兴球,孟奕涵,付思涵,N,N
1661,,浙江农林大学,再交一百罚,3,546,-,+4(189),-2,-1,-,-,-,-,-,-,+4(177),+1(60),66%,卢成荣,戴晓毅,丁煜,N,N
1662,,嘉应学院,tmp,3,548,-,+5(199),-,-,-,-,-,-,-,-,+4(160),+1(49),70%,刘天乐,陈越涛,方海秋,N,N
1662,,潍坊学院,不会做题怎么办,3,548,-,+4(114),-,-,-,-,-,-,-,-,+7(200),+1(54),75%,杨孟兴,李泉良,徐世恒,N,N
1664,,福建农林大学,想打一辈子算法竞赛,3,549,-,+8(168),-,-,-,-,-,-,-,-,+2(118),+1(103),72%,林子成,宋嘉亮,张明磊,N,N
1665,,广州城市理工学院,I题怎么做,3,551,-1,+3(185),-1,-1,-1,-1,-1,-1,-1,-1,+7(149),+2(37),75%,丘嘉文,韦力,荘铸,N,N
1665,,山东科技大学,凤凰号,3,551,-,+5(150),-,-3,-,-,-,-,-,-,+5(204),+1(37),72%,付泊源,宋明翰,朱继涛,N,N
1665,,肇庆学院,北岭山下信步2,3,551,-,+3(236),-,-,-,-,-,-,-,-2,+3(187),+1(48),57%,官睿,李伟俊,陈永杰,N,N
1668,,西北大学,再多过一道题她就会回来找我,3,553,-,+8(199),-,-3,-,-,-,-,-,-,+2(123),+2(51),75%,高旭,李易伦,绳锋露,N,N
1669,,广东金融学院,学长带带我,3,555,-,+3(106),-,-,-,-,-,-,-1,-2,+7(260),+1(29),72%,翁博,陈致昊,陈俊明,N,N
1670,,大连理工大学,dlut04,3,557,-,+2(159),-2,-,-,-,-,-,-,-,+5(230),+2(48),66%,蔡依哲,潘逸涵,赵永生,N,N
1671,,国防科技大学,KOI,3,558,-,+2(84),-,-1,-,-,-,-,-,-,+8(268),+1(46),72%,谢天一,张广星,刘杭宇,N,N
1672,,华南师范大学,她离开那晚我在 WA 题,3,561,-,+4(188),-,-,-,-,-,-,-,-,+5(185),+1(48),70%,何泽铭,梁梓俊,陈俊烽,N,N
1673,369,吉林建筑大学,All AC 4.0,3,566,-,+5(102),-,-2,-,-,-,-,-,-,+7(208),+1(56),76%,孙志鹏,曹子扬,杨旭东,N,N
1674,,南阳理工学院,无敌美少女怒开三题,3,570,-,+4(181),-,-,-,-,-,-,-,-,+3(219),+1(70),62%,吴萌冉,吴曼琳,赵书慧,N,N
1675,,莆田学院,PTU的Skuld,3,572,-,+2(81),-,-,-,-,-,-,-,-,+9(251),+1(60),75%,缪高峰,王羿捷,卢竑宇,N,N
1676,,湖北工业大学,打算竞能打出npy吗,3,574,-1,+8(192),-1,-,-1,-1,-1,-1,-1,-1,+3(139),+1(63),75%,郭新云,吕佳哲,,N,N
1676,,鲁东大学,易燃,3,574,-,+3(169),-,-3,-,-,-,-,-,-,+5(201),+3(44),72%,邵妍,马郡遥,唐越,N,N
1678,,湖南财政经济学院,太虚山上烤赤鸢,3,575,-1,+2(167),-1,-,-,-1,-1,-7,-1,-1,+7(208),+1(60),70%,彭嘉庆,张帆,何志权,N,N
1678,,福建师范大学,秘封俱乐部,3,575,-,+2(91),-,-,-,-,-,-,-,-,+7(289),+1(55),70%,林廷钧,姚耀宇,陈薪霖,N,N
1680,,浙江工业职业技术学院,浙江工业职业技术学院1队,3,576,-,+4(183),-,-,-,-,-,-,-,-,+4(213),+1(60),66%,吕晓鹏,隆嘉琦,戚焱晅,N,N
1681,,杭州师范大学,臣妾要告发孙答应私通,3,583,-,+6(169),-,-,-,-,-,-,-,-,+6(186),+1(28),76%,薛博文,徐鑫懿,王科然,N,N
1681,,韩山师范学院,想不出，随便起了,3,583,-,+2(211),-,-,-,-,-,-,-,-,+7(174),+1(58),70%,吴铿南,钱文锋,黄梓颍,N,N
1681,,浙江农林大学,不会生产阳光的太阳花,3,583,-,+8(131),-,-,-,-,-,-,-,-,+2(234),+1(58),72%,郑灵轩,孙俊涛,王煜一,N,N
1684,,华北水利水电大学,华水龙组帮,3,584,-,+6(149),-,-,-,-,-,-,-,-,+3(231),+1(64),70%,王尚京,严宇轩,陈雨琪,N,N
1684,,莆田学院,蒙德烤wa配圣水,3,584,-,+1(76),-,-2,-3,-3,-33,-1,-4,-,+10(233),+3(55),78%,沈炜程,林兴荣,蔡焕明,N,N
1686,,西南大学,样例过了就算对,3,585,-,+2(83),-,-,-,-,-,-,-,-1,+11(229),+1(53),78%,雷昕语,邓一,江嘉杰,N,N
1687,,华南农业大学,她说再AC一道题就和我在一起,3,588,-,+4(109),-,-,-,-,-7,-,-,-,+9(205),+1(54),78%,钟启航,江煊杰,陈钢,N,N
1688,,烟台大学,Brave the elements,3,589,-,+4(147),-,-,-,-,-,-,-,-5,+7(216),+1(46),75%,王守乐,柴守栋,张恩光,N,N
1689,,兰州大学,失重队,3,590,-,+1(146),-,-8,-,-,-,-,-,-,+4(333),+1(51),50%,余清鑫,杨超淋,宋成城,N,N
1690,,兰州大学,黄昏虔诚,3,591,-,+2(225),-,-,-,-,-,-,-,-,+6(187),+1(59),66%,王子杰,郝正烨,王翰庭,N,N
1691,,沈阳化工大学,我们也要AC,3,592,-,+4(132),-,-,-,-,-,-,-,-4,+8(217),+1(43),76%,刘洪运,张兴旺,陈波,N,N
1691,,上海海事大学,布什·戈门，这都做不队,3,592,-,+4(287),-,-,-,-,-,-,-,-,+2(150),+1(75),57%,陆毅晨,高海翔,朱炳泽,N,N
1693,370,山东农业大学,缺一个开周本,3,599,-,+4(167),-,-,-,-,-,-,-,-,+5(252),+1(40),70%,范鹏,郑嘉诚,苗滋政,N,N
1693,,河北工程大学,三脸懵逼,3,599,-,+1(91),-,-,-,-,-,-,-,-7,+12(257),+1(31),78%,郭圳涛,姚佰允,王洋,N,N
1695,371,聊城大学,轻音乐同好会,3,600,-,+3(75),-,-,-,-,-,-,-,-1,+17(137),+1(28),85%,王宁,魏新杰,张倚天,N,N
1695,,北方工业大学,你说的队,3,600,-,+9(202),-,-,-,-,-,-,-,-,+3(149),+1(49),76%,邱睿,肖逸飞,李思耕,N,N
1697,,合肥工业大学宣城校区,AC钙奶,3,601,-,+9(143),-,-,-,-,-,-,-,-7,+3(162),+1(96),76%,廖健翔,尹渝中,刘振宇,N,N
1698,,国防科技大学,巴别塔,3,605,-,+4(115),-,-,-,-,-,-,-,-,+10(197),+1(53),80%,董坤鹏,彭诚,焦天歌,N,N
1698,372,安徽中医药大学,青春猪头吗喽不会梦到虎先锋学姐,3,605,-,+3(209),-,-,-,-,-,-,-,-,+6(202),+1(54),70%,方天赐,姜子康,洪想想,N,N
1698,,中国海洋大学,黑吗咯务工,3,605,-,+5(147),-,-,-,-,-,-,-3,-,+4(257),+1(61),70%,岳一磊,张圣秋,林舒坦,N,N
1701,,丽水学院,每天上早八,3,606,-,+8(196),-,-4,-,-,-,-,-,-,+4(122),+2(68),78%,谢继光,鲁珂豪,郭宇熙,N,N
1702,,北京师范大学-香港浸会大学联合国际学院,算不队,3,607,-,+4(195),-,-,-,-,-71,-,-,-2,+7(187),+1(45),75%,孙浩然,李帆,何泓晟,N,N
1703,,上海海洋大学,我们三个太强了,3,609,-,+2(241),-,-,-,-,-8,-,-,-,+3(261),+1(47),50%,周子恒,胡奕晖,安顺臻,N,N
1704,,江西财经大学,XLX队,3,610,-,+3(138),-,-,-,-,-,-,-,-3,+9(233),+1(39),76%,谢乐乐,罗昊,肖俊杰,N,N
1704,,西南财经大学,开拓者,3,610,-,+4(154),-,-,-,-,-,-,-6,-,+4(273),+1(63),66%,陈瑾,徐瑞林,张智豪,N,N
1706,,临沂大学,意大利面拌混凝土,3,613,-,+8(151),-,-3,-,-,-,-,-,-,+7(159),+1(43),81%,陈曦,吕亮,孙德鑫,N,N
1706,,烟台大学,年轻不学c，老大靠cv,3,613,-,+5(120),-,-7,-,-,-,-,-,-8,+10(183),+1(50),81%,董世龙,刘守超,刘奇,N,N
1708,,东南大学,也许很有潜力的ACM三人组,3,625,-5,+5(243),-,-4,-,-,-,-,-,-,+3(209),+1(53),66%,王子会,曹向荣,巩皓锴,N,N
1709,,广州大学,面硬加咸蔬菜加倍蒜末和油多多,3,628,-,+3(105),-,-1,-,-,-,-,-,-,+10(252),+1(51),78%,陈骏,杨灿垣,徐家栋,N,N
1709,373,成都锦城学院,我是大神婶,3,628,-,+2(161),-,-1,-,-,-,-,-,-,+6(286),+1(61),66%,张森,唐雨泉,黄迦靖,N,N
1711,374,汕头大学,头大三兄弟,3,630,-,+4(103),-,-2,-,-,-15,-,-,-12,+12(204),+1(43),82%,朱星宇,郑永鹏,潘佳阳,N,N
1712,,中北大学,铁匠铺,3,632,-,+2(107),-,-,-,-,-,-,-,-,+9(274),+1(71),75%,严臻圆,纪伟伟,张雨静,N,N
1713,,井冈山大学,罚时大王,3,637,-,+3(141),-,-,-,-,-,-,-,-,+7(258),+1(78),72%,汪羡焌,陈少华,朱海滨,N,N
1714,,江西理工大学,精英小分队,3,639,-,+4(93),-,-,-,-,-,-,-,-1,+6(337),+1(49),72%,虞诗敏,王陆毅,曾欣媛,N,N
1715,,河南师范大学,打酱油的,3,640,-,+4(155),-,-,-,-,-,-,-,-,+4(306),+1(59),66%,薛中帅,王丁慧,刚毅,N,N
1715,,中北大学,靠你了，我的队友,3,640,-,+1(79),-,-,-,-,-,-,-,-,+10(329),+1(52),75%,王泽仁,白树涛,冯翼,N,N
1717,,浙江科技大学,AC MAKER,3,641,-,+8(321),-,-,-,-,-,-,-,-,+3(105),+1(35),75%,马毅诚,岑嘉熙,童梦娜,N,N
1718,375,上海纽约大学,上纽三队,3,642,-,+7(345),-,-,-,-,-,-,-,-,+1(94),+2(63),70%,黄振涵,王禹嘉,胡华渊,N,N
1719,376,安庆师范大学,四零四,3,643,-,+6(247),-,-,-,-,-,-,-,-,+4(188),+1(48),72%,夏恒,宋志兵,李耀国,N,N
1719,,乐山师范学院,癞蛤蟆想吃天鹅肉,3,643,-,+7(319),-,-,-,-,-,-,-,-,+3(134),+1(30),72%,孙鹏,蒋家勇,周俊豪,N,N
1721,377,黑龙江工程学院,代码疯人院,3,644,-,+7(250),-,-,-,-,-,-,-,-,+4(146),+1(68),75%,席敏,杜华旭,许佳恒,N,N
1721,377,浙江经贸职业技术学院,写给AYAKA的十四行诗,3,644,-,+4(173),-,-,-,-,-,-,-,-,+6(257),+1(54),72%,黄宇霄,严冯翼,徐冬海,N,N
1723,,河南农业大学,求求你给我个牌子,3,645,-,+5(99),-,-,-,-,-,-,-,-,+8(278),+1(48),78%,李晗雨,杨传恩,姚依涛,N,N
1724,,嘉应学院,从容应队,3,646,-,+2(142),-,-1,-,-,-,-,-,-,+4(331),+2(73),62%,廖伟伦,谢达键,董益军,N,N
1725,,北京师范大学-香港浸会大学联合国际学院,源码，启动！,3,649,-,+3(135),-,-,-,-,-,-,-,-,+5(349),+1(45),66%,蔡德誉,植熙雯,刘凯睿,N,N
1726,,天津仁爱学院,2024CCPC网络赛队伍3,3,650,-,+5(137),-,-,-,-,-,-,-,-,+6(297),+1(36),75%,张艺馨,蔡惠玲,陈琦,N,N
1727,379,广州软件学院,教练，我们想旅游,3,651,-,+2(201),-,-2,-,-,-,-,-,-,+10(176),+2(54),78%,黄智源,陈文定,陈平俊,N,N
1728,,南京大学,对的对的！哦不对不,3,654,-,+4(231),-,-,-,-,-,-,-,-,+3(181),+1(142),62%,骆葆源,卢士杰,吕聪杰,N,N
1729,,华南农业大学,华农8队,3,655,-,+4(172),-,-,-,-,-,-,-,-,+10(197),+1(46),80%,曾令申,赵振伍,黄俊谕,N,N
1729,,南京师范大学,汪汪队,3,655,-,+8(248),-,-11,-,-,-,-,-,-,+2(159),+2(68),75%,王子晨,马澎飞,邵启瑞,N,N
1731,,中国人民大学,字节无虞,3,656,-,+2(92),-,-,-,-,-,-,-,-1,+10(291),+1(73),76%,刘嘉俊,晏艺桓,林梓楠,N,N
1731,,山东财经大学,听取wa声一片,3,656,-,+7(357),-,-,-,-,-,-,-,-,+1(119),+1(60),66%,曹萌萌,曹振宇,李沁倩,N,N
1733,,南京大学,魔力创造,3,658,-,+6(238),-,-4,-,-,-,-,-,-,+5(186),+1(54),75%,钟子瑜,张欣越,钱丹越,N,N
1734,,中南民族大学,私斋蒸鹅心,3,661,-,+6(226),-,-,-,-,-,-,-,-,+5(197),+1(58),75%,夏瑞泽,刘源,杨腾云,N,N
1735,,西湖大学,Starrail,3,664,-,+12(232),-,-1,-,-,-,-,-,-,+1(140),+1(72),78%,汪嘉俊,陈宇璇,周天政,N,N
1736,,安徽大学,WhiteLoneliness,3,666,-,+4(115),-,-2,-,-,-,-,-,-,+7(161),+6(110),82%,董劲豪,黄俊杰,姚天翔,N,N
1737,,重庆理工大学,重理工3,3,668,-,+6(229),-,-,-,-,-,-,-,-,+7(183),+1(36),78%,陆万豪,段林川,唐裕博,N,N
1737,380,桂林信息科技学院,写出签到就狂摸学长的头,3,668,-,+5(172),-,-,-,-,-,-,-,-,+4(282),+1(74),70%,甘泉,劳秀福,刘自强,N,N
1737,,长江大学,二佬戏蒟,3,668,-,+2(57),-,-3,-1,-,-,-,-,-,+14(291),+1(40),82%,童炎,任文,纪方嘉,N,N
1740,,南阳理工学院,翻斗花园暗号kun,3,669,-,+5(185),-,-,-,-,-,-,-,-,+9(199),+1(45),80%,王衡,林蔓坤,张霖,N,N
1741,,北方工业大学,比完开派队,3,673,-,+8(274),-,-,-,-,-,-,-,-,+3(164),+1(55),75%,谭玉青,陈艺婷,马羽菡,N,N
1742,,沈阳航空航天大学,思古目开诶次炯比哦,3,674,-,+9(269),-17,-7,-,-,-,-,-,-,+5(118),+1(47),80%,潘祥威,姜利嘉铭,朱海,N,N
1743,,中北大学,想个中文队名好难,3,675,-,+9(132),-,-3,-,-,-,-,-,-,+7(226),+1(37),82%,秦和丰,王垚,程星宇,N,N
1743,,华南师范大学,代码不队,3,675,-,+6(216),-,-,-,-,-,-,-,-1,+5(235),+1(44),75%,陈华昊,林昊,蓝子童,N,N
1745,,南京工业大学,AC一题就算win,3,676,-,+5(293),-,-,-,-,-,-,-,-,+3(211),+1(52),66%,刘奕,蔡家豪,王烨帅,N,N
1746,,长春工业大学,数据结构做的队,3,680,-,+2(175),-,-,-,-,-,-,-,-,+6(328),+1(57),66%,李依隆,龙成,邓扬勇,N,N
1747,,广西民族大学,不知道对不队,3,683,-,+3(257),-,-24,-,-,-,-,-,-,+8(196),+1(50),75%,张绪达,邓皓元,石景宝,N,N
1747,,青岛农业大学,wa了那又咋啦,3,683,-,+6(278),-,-3,-,-,-,-,-,-,+4(174),+2(51),75%,宋羽佳,仓瑜蔓,李岩霞,N,N
1749,,吉利学院,午饭有没有炒damn,3,687,-,+10(211),-,-1,-,-,-,-,-,-,+9(89),+1(47),85%,郑洪章,王声洋,胡正伟,N,N
1750,,江西农业大学,LooksAmazing,3,691,-,+2(272),-,-,-,-,-,-,-,-,+3(311),+1(48),50%,徐浩东,王威,曾宏苑,N,N
1751,,沈阳工业大学,求求你给我一个名额吧,3,693,-6,+4(231),-,-,-,-,-,-,-,-,+5(226),+3(56),75%,李东峰,魏 征,谢  天泽,N,N
1752,381,太原科技大学,我的樱岛里好像有麻衣在爬,3,695,-,+5(181),-,-2,-,-,-,-,-,-,+7(280),+1(34),76%,丁健健,蔡鸿盛,陈君睿,N,N
1753,,烟台大学,迟早要WA,3,702,-,+8(144),-,-,-,-,-,-,-,-,+5(290),+1(48),78%,朱铭,高庆阳,孙翔宇,N,N
1754,,广州城市理工学院,过了就好,3,705,-1,+3(100),-1,-1,-1,-,-1,-1,-1,-1,+10(290),+3(55),81%,何家葆,陈博琳,傅智锐,N,N
1755,,南京工业大学,做AK梦,3,706,-,+4(169),-,-,-,-,-,-,-,-,+3(279),+4(98),72%,刘珂,盘英章,李屹,N,N
1756,,广州城市理工学院,塞翁失码,3,713,-,+4(333),-,-,-,-,-,-,-,-,+5(180),+1(60),70%,刘小康,孙瑞,陈虹东,N,N
1756,382,梧州学院,队友只要过题就好了，而我要考虑的就很多了,3,713,-,+2(209),-,-,-,-,-,-,-,-,+5(349),+1(55),62%,陈健宇,刘斯君,关子俊,N,N
1758,,大连理工大学盘锦校区,随便取一个吧,3,714,-,+3(234),-,-,-,-,-,-,-,-,+6(284),+1(56),70%,李笑寒,赵梦宇,周奕,N,N
1759,,成都大学,智能建造老哥不会编程,3,717,-,+4(190),-,-6,-,-,-,-,-,-,+5(278),+3(69),75%,冉天祺,杜贤明,,N,N
1759,,华北水利水电大学,好想爱这个世界啊,3,717,-,+7(113),-,-1,-,-,-,-,-,-1,+8(294),+1(50),81%,沈梦炉,黄冠垚,胡玉翔,N,N
1761,383,洛阳师范学院,抱歉，没能让你使出全力。,3,719,-,+3(167),-,-,-,-,-,-,-,-,+14(201),+1(51),83%,赵昌昊,朱晨林,宋泽钰,N,N
1762,384,河北工程技术学院,题不会做，斗会儿地主吧,3,722,-,+8(208),-,-1,-,-,-,-,-,-,+5(227),+1(67),78%,武昀昊,李先凯,王久锋,N,N
1762,,上海海事大学,我队友六级600+,3,722,-,+4(148),-,-10,-,-,-,-,-,-1,+8(336),+1(38),76%,孙瑞熙,谢奕扬,倪嘉宏,N,N
1764,385,哈尔滨华德学院,拉文克劳,3,725,-,+3(184),-,-1,-,-,-,-,-,-,+7(332),+1(49),72%,关聚润,张静,陈彤,N,N
1765,,延安大学西安创新学院,重生成为C语言大佬,3,727,-,+2(100),-,-,-,-,-,-,-,-,+13(323),+1(44),81%,李帅帅,王省身,张一晨,N,N
1766,,桂林电子科技大学,AC++,3,731,-,+6(319),-,-,-,-,-,-,-,-,+4(185),+2(47),75%,王艺蓉,陆怡婷,刘冯雅萱,N,N
1767,,青岛农业大学,阳光彩虹小白马,3,733,-,+13(204),-,-,-,-,-,-,-,-,+2(224),+1(45),81%,赵鸿宇,徐大好,马晨阳,N,N
1768,,杭州师范大学,Dev背叛了希嘉嘉,3,735,-,+12(260),-,-1,-,-,-,-,-,-2,+5(127),+1(48),83%,吴睿萱,黄焰,鲁安鹏,N,N
1769,386,沧州交通学院,一看就外行队,3,740,-,+8(353),-,-5,-,-,-,-,-,-,+1(95),+6(52),80%,孙天宇,边科鸣,徐鸿禹,N,N
1770,,黑龙江工程学院,小生逃学记,3,742,-,+7(289),-,-,-,-,-,-,-,-,+7(168),+1(45),80%,杨易轩,赵信宇,李昂,N,N
1771,,华南师范大学,而刷题要考虑到事情就多了,3,748,-,+2(123),-,-,-,-,-,-,-,-,+15(273),+1(52),83%,张德麟,吴昊,岑金华,N,N
1772,,哈尔滨学院,深渊,3,750,-,+10(289),-,-2,-,-,-,-,-,-,+4(161),+1(60),80%,张延川,丰瑞,吴均南,N,N
1773,,嘉应学院,重生还是菜鸡,3,751,-,+8(142),-,-,-,-,-,-,-,-2,+10(234),+1(55),84%,陈鸿杰,李平,郑康盛,N,N
1774,,怀化学院,怀化学院4队,3,754,-,+3(172),-,-,-,-,-1,-,-,-1,+10(301),+1(61),78%,董朝科,潘腾,曹凯,N,N
1775,,苏州大学,姑苏客,3,759,-,+4(269),-,-,-,-,-,-,-,-,+4(331),+1(39),66%,胡潇天,黄剑,廉镇源,N,N
1776,,华南师范大学,楼下必拿金,3,761,-,+5(246),-,-,-,-,-,-,-,-,+6(297),+1(38),75%,王紫凡,梁琼尹,罗勤,N,N
1777,,成都东软学院,O o,3,767,-,+13(349),-,-,-,-,-,-,-,-,+2(106),+1(52),81%,伍博,周鑫,卓子彪,N,N
1778,,重庆科技大学,楼上和楼下恋爱,3,773,-,+6(239),-,-,-,-,-,-,-,-,+9(231),+1(43),81%,程琪淋,李汶桐,邹名格,N,N
1779,,闽南师范大学,物信二队,3,775,-,+7(158),-,-1,-,-,-,-,-,-,+7(304),+2(53),81%,郑宇,郭忠林,王嘉鈜,N,N
1780,387,江苏理工学院,正在加载中...,3,777,-,+8(178),-,-1,-,-,-,-,-,-,+8(264),+1(55),82%,郑涵予,成嘉艺,潘泽豪,N,N
1781,,广西科技大学,今年不搞抽象,3,781,-,+4(205),-,-,-,-,-,-,-,-,+8(328),+1(48),76%,靳植茗,邱庆幸,何征,N,N
1782,,五邑大学,怎么找不到签到题,3,782,-,+7(251),-,-,-,-,-,-,-,-,+8(197),+2(54),82%,张艺钟,陈晋钦,李晟熙,N,N
1783,388,济宁医学院,济医之星,3,788,-,+11(142),-,-,-,-,-,-,-,-,+3(318),+1(88),80%,程家贺,焦韵嘉,张富涵,N,N
1784,,西华师范大学,我测喜欢打acm，拦不住的,3,792,-,+6(265),-,-1,-,-,-,-,-,-,+8(242),+1(45),80%,李文超,陈诒森,赵松涛,N,N
1785,,湖南工程学院,进击的打铁人,3,794,-,+3(314),-,-,-,-,-,-,-,-,+7(269),+1(51),72%,许韦韬,李朝建,康一明,N,N
1786,,西南大学,发际线有long long那么长,3,795,-,+5(285),-,-,-,-,-,-,-,-,+3(328),+1(62),66%,刘佳豪,肖瑞航,余子烨,N,N
1787,,绍兴文理学院,诗人嘬德提姆握持,3,796,-,+6(230),-,-1,-,-,-,-,-,-,+9(251),+1(55),81%,余振东,孙嘉烨,游龙威,N,N
1788,,河北工程大学,爱发奶龙的小朋友,3,813,-,+7(300),-,-,-,-,-,-,-,-3,+6(246),+1(47),78%,陈智,李志翔,王思竣,N,N
1789,,衡水学院,福尔马林腌蒜,3,825,-,+7(118),-,-,-,-,-,-,-,-,+12(307),+1(60),85%,赵泽铭,张添效,徐诗炜,N,N
1790,,南京晓庄学院,贪、再贪一点,3,837,-1,+6(164),-,-,-,-,-,-,-,-,+10(297),+4(36),85%,李鸣锬,徐铮,盖礼杰,N,N
1791,,江西理工大学,样例过了就行,3,842,-,+8(274),-,-2,-,-,-,-,-,-3,+11(171),+1(57),85%,余庭轩,钟伟,刘学萍,N,N
1792,,中国海洋大学,重生之我是黑猴,3,847,-,+4(347),-,-,-,-,-,-,-,-,+4(301),+1(79),66%,王轩杨,谢耀坚,方智,N,N
1793,,广州城市理工学院,来个人组,3,848,-,+15(248),-,-,-,-,-,-,-,-1,+6(157),+1(63),86%,刘锦轩,李坤键,庞颖瑶,N,N
1794,,南京工业大学,如果我是猫雷你会让我AC吗,3,850,-,+3(269),-,-,-,-,-,-,-,-,+9(332),+1(49),76%,陶林风,王志远,马旭冬,N,N
1795,389,天津商业大学,AC联机版,3,858,-,+1(114),-,-,-,-,-,-,-,-,+20(341),+1(23),86%,齐子杰,钟文婵,龙朝,N,N
1796,,江西理工大学南昌校区,再多看一眼就AC,3,866,-,+12(307),-,-,-,-,-,-,-,-,+3(222),+1(77),81%,陈志强,邓国豪,刘钰琨,N,N
1797,,常熟理工学院,更爱自己是错是队,3,870,-,+6(327),-,-,-,-,-,-,-,-,+6(292),+1(51),76%,宋顾嘉,石琢,薛安哲,N,N
1798,,江西农业大学,四元,3,915,-,+10(339),-9,-4,-,-,-,-,-,-,+6(225),+1(71),82%,谢军,万文茜,吴世州,N,N
1799,,青岛农业大学,三枪为号,3,933,-,+6(321),-,-,-,-,-,-,-,-,+6(352),+2(40),78%,杨兴睿,张硕,刘志朋,N,N
1800,,湖南工程学院,二进制破解者,3,934,-,+10(324),-,-3,-,-,-,-,-,-,+7(234),+1(76),83%,柏湘豪,付雨晨,谢贤,N,N
1801,,长春工业大学,我很厉害,3,939,-,+11(306),-,-,-,-,-,-,-,-,+9(223),+1(50),85%,滕铭宇,宋炳宇,孙凯,N,N
1802,,重庆科技大学,一巧就雲,3,966,-,+5(323),-,-,-,-,-,-,-,-,+12(286),+1(57),83%,王宇威,代一,余洪,N,N
1803,,中原工学院,马楼队,3,1041,-,+9(352),-,-1,-,-,-,-,-,-,+12(276),+1(33),86%,安轩湛,李卓文,张文强,N,N
1804,,江汉大学,各位，该睡觉了,3,1104,-,+7(315),-,-,-,-,-,-,-,-,+11(340),+4(69),86%,吴戬,刘洋,李少康,N,N
1805,,湖南中医药大学,流雲,3,1133,-,+13(308),-,-,-,-,-,-,-,-,+13(287),+1(58),88%,尹江海,朱智勇,汪海峰,N,N
1806,390,绍兴职业技术学院,第五人格崩铁小分队,3,1157,-,+7(295),-,-,-,-,-,-,-,-,+19(335),+1(47),88%,陈珂瑜,卢超,郑佳楠,N,N
1807,,中国海洋大学,猿神启动！,3,1228,-,+10(241),-,-,-,-,-,-,-,-,+22(315),+1(72),90%,王子健,孙赛,郑志远,N,N
1808,391,共青科技职业学院,共青科技职业学院,3,1248,-,+12(332),-,-,-,-,-,-,-,-,+16(350),+1(46),89%,程俊杰,李铭铭,张磊,N,N
1809,,郑州轻工业大学,妈妈说过名字起得最长就一定会赢的对不队,2,125,-,-5,-,-,-,-,-,-,-,-,+1(80),+1(45),0%,朱林荣,李泳奇,张荣嘉,N,N
1810,,西湖大学,How come we can get those problems right,2,137,-,-9,-,-3,-,-,-,-,-,-1,+1(88),+1(49),0%,江易娴,叶欣仪,王欣琳,N,N
1811,392,温州商学院,AC一题就打钱,2,140,-,+3(68),-,-,-,-,-,-,-,-,-9,+1(32),50%,梁昊翔,郑树立,阮翊,N,N
1812,393,九江学院,原神启动队,2,141,-,+1(90),-,-,-,-,-,-,-,-,-4,+1(51),0%,向洁,陈亮,左鹏,N,N
1813,,中原工学院,绿色宝宝,2,148,-,+2(92),-,-,-,-,-,-,-,-,-14,+1(36),33%,董于加,马晨旭,徐康博,N,N
1814,,中国科学技术大学,第111号练习队,2,151,-,-6,-,-,-,-,-,-,-,-,+1(91),+1(60),0%,邱天爽,孙文轩,廖梓顺,N,N
1815,,华北水利水电大学,AliceBob绝顶聪明,2,153,-,+3(75),-,-5,-,-,-,-,-,-,-31,+1(38),50%,苏泽涛,郝康迪,石淼淼,N,N
1816,,惠州学院,暴力的神,2,156,-,+1(116),-,-,-,-,-,-,-,-,-1,+1(40),0%,吴家淇,李嘉琪,许琨珩,N,N
1817,,内蒙古大学,篮球和鸡,2,160,-,-13,-,-8,-,-,-,-,-,-,+1(84),+2(56),33%,韩琦,于永琦,李爽,N,N
1818,,吉首大学,啊对对对队,2,163,-,+3(81),-,-,-,-,-,-,-,-,-9,+1(42),50%,杜英杰,魏子轩,许夏轩,N,N
1819,,中北大学,搬砖小分队,2,168,-,+3(84),-,-,-,-,-,-,-,-,-13,+1(44),50%,高攀,关清文,吴奕帆,N,N
1820,,哈尔滨华德学院,时间超限,2,169,-,+2(92),-2,-,-,-,-,-,-,-,-23,+1(57),33%,高文成,张祥林,李文卓,N,N
1821,,江南大学,W-L-S-G,2,171,-,+2(108),-,-,-,-,-,-,-,-,-5,+1(43),33%,李文豪,瞿成乐,石若琪,N,N
1822,,河北农业大学,Aurora-Become algorithm masters,2,177,-,+2(111),-,-,-,-,-,-,-,-,-10,+1(46),33%,王艺博,乔承锦,任子涵,N,N
1823,,西北大学,别和我们作队,2,179,-,+2(88),-,-,-,-,-,-,-,-,-5,+2(51),50%,吴莹,赵珂昕,贺小雨,N,N
1824,,重庆工程学院,临时原神,2,183,-,+3(95),-,-4,-,-,-,-,-,-,-15,+1(48),50%,陈博恒,许彬鑫,龙勇,N,N
1825,,湖北第二师范学院,小猫雪豹和小学生,2,184,-,+4(96),-,-,-,-,-,-,-,-,-9,+1(28),60%,贺宇杰,余子晗,陈仕钰,N,N
1825,,南昌理工学院,2024 南理 2 队,2,184,-,+2(134),-,-,-,-,-,-,-,-,-12,+1(30),33%,杨欢欢,吴添豪,曾熊辉,N,N
1827,,山东石油化工学院,或与,2,185,-,-3,-,-,-,-,-,-,-,-,+1(104),+1(81),0%,李俊杰,张浩然,朱鹏宇,N,N
1828,,东华大学,单人体验,2,186,-,-24,-,-,-,-,-,-,-,-,+1(129),+1(57),0%,钱芃予,,,N,N
1829,,惠州学院,惠大修身队,2,191,-,+3(97),-,-,-,-,-,-,-,-,-2,+1(54),50%,罗应锋,李广莹,冯浚轩,N,N
1829,,莆田学院,二十岁高龄半夜偷偷打cf,2,191,-,+3(106),-,-,-,-,-,-,-,-,-6,+1(45),50%,张嘉健,李骏,林欣欣,N,N
1831,,长春工业大学,不虚此行,2,193,-,+2(128),-,-,-,-,-,-,-,-,-3,+1(45),33%,何少琪,张旭,陈柯嵩,N,N
1832,394,山西科技学院,关于我打了网选赛却无CCPC国赛名额这档事,2,196,-,+3(90),-,-1,-,-,-,-,-,-,-8,+1(66),50%,江鑫,马才淇,李宗睿,N,N
1833,395,佳木斯大学,Lucky Stars,2,199,-,+3(90),-,-4,-,-,-,-,-,-,-23,+1(69),50%,向俊杰,董福惠,罗代玲,N,N
1834,,莆田学院,南波万,2,201,-,+2(133),-,-3,-,-,-,-,-,-,-4,+1(48),33%,林剑,陈丽琪,吴娟娟,N,N
1835,,河南师范大学,宝宝有小情绪了,2,204,-,+3(115),-,-2,-,-,-,-,-,-,-7,+1(49),50%,李昱增,刘资成,赵恒,N,N
1836,396,广东科技学院,尊嘟不响蟹辣,2,212,-1,-6,-1,-1,-1,-1,-1,-1,-1,-1,+4(124),+1(28),60%,沈希重,陈奂廷,黄堉铭,N,N
1837,,江西理工大学,快乐的派大星种小花,2,214,-,+3(126),-,-,-,-,-,-,-,-,-10,+1(48),50%,徐乐怡,罗健,华振峰,N,N
1838,,四川轻化工大学,酱油队,2,216,-1,+2(105),-,-1,-,-,-,-,-,-,-5,+1(91),33%,甘润,邓峰,梁松,N,N
1839,,深圳技术大学,SZTU_星河长明,2,222,-,+5(111),-,-2,-,-,-,-,-,-,-6,+1(31),66%,马依涵,卢帅,武家辉,N,N
1839,,南京师范大学,签完到我要当黑吗喽,2,222,-,+4(111),-,-,-,-,-,-,-,-,-3,+1(51),60%,业强,尹庆杰,周铭铭,N,N
1841,,临沂大学,旋转楼梯,2,223,-,-7,-,-,-,-,-,-,-,-,+2(147),+1(56),33%,尹智涵,张韬,武媚,N,N
1842,,华南理工大学,Untitled1.cpp,2,228,-,+4(120),-9,-,-,-,-,-,-,-,-6,+1(48),60%,张圣渤,黄仕填,王昊冉,N,N
1843,,哈尔滨理工大学,哈理工2024Y05,2,232,-,-1,-,-5,-,-,-,-,-,-,+3(141),+1(51),50%,杨博翔,孙越峤,纪鸥齐,N,N
1844,,中国海洋大学,随便,2,236,-,-,-,-2,-,-,-,-,-,-,+2(143),+1(73),33%,于景一,涂钦凯,洪子翔,N,N
1845,,湖南工学院,手腕仙风,2,238,-,+4(126),-,-,-,-,-,-,-,-,-9,+1(52),60%,罗阳艳,李欣茹,范哲轩,N,N
1846,,天津工业大学,和我签订契约成为马猴烧酒吧,2,239,-,+3(150),-,-,-,-,-,-,-,-,-13,+1(49),50%,徐玉坤,赖锦丽,胡馨予,N,N
1847,,安庆师范大学,小木棍队,2,248,-,+3(159),-,-6,-,-,-,-,-,-,-25,+1(49),50%,王淦,纪润奇,余永沁,N,N
1848,,山东女子学院,女院三队,2,250,-,+5(142),-,-,-,-,-,-,-,-,-13,+1(28),66%,黄子安,李骋,申斌,N,N
1849,,武昌首义学院,夏夜鸣琴,2,252,-,-3,-,-,-,-,-,-,-,-,+5(129),+1(43),66%,伍利琴,曾一鸣,夏静妍,N,N
1850,,华北电力大学（保定）,皇上，今年翻翻臣妾的牌子吧,2,255,-,+3(141),-,-,-,-,-,-,-,-,-7,+1(74),50%,常润,赫芸秀,潘语博,N,N
1851,397,山东科技大学济南校区,小脸盲也能做队,2,256,-,+5(125),-,-,-,-,-,-,-,-,-,+1(51),66%,屠晓桐,聂毓坤,干璟业,N,N
1852,,莆田学院,葡萄树下你和我,2,264,-,+5(135),-,-1,-,-,-,-,-,-,-12,+1(49),66%,李烽,徐怡婷,苗全,N,N
1853,398,河南工学院,爱会消失对不对,2,267,-,+5(135),-,-1,-,-,-,-,-,-,-4,+1(52),66%,马金宝,刘金龙,李贺,N,N
1854,,湖州师范学院,2024湖师院4队,2,268,-1,+2(159),-,-8,-,-,-,-,-,-,-4,+1(89),33%,李立金,沈佳欣,彭美青,N,N
1854,,洛阳师范学院,求求给个牌子吧，我两个队友什么都会做的,2,268,-,+2(197),-,-,-,-,-,-,-,-,-4,+1(51),33%,任威学,陈永刚,孙时雨,N,N
1856,,河南科技大学,南梁北朝,2,273,-,+5(145),-,-,-,-,-,-,-,-,-9,+1(48),66%,张远翔,崔佳涛,张旭,N,N
1857,,信息工程大学,菜就多练,2,278,-,+6(119),-,-,-,-,-,-,-,-,-13,+1(59),71%,郑林,薛岩,窦岳恒,N,N
1858,,嘉应学院,探险小分队,2,284,-,+2(188),-,-,-,-,-,-,-,-,-6,+1(76),33%,叶雅怡,詹欣烁,周银淑,N,N
1859,,哈尔滨理工大学,哈理工2024Y14,2,286,-,-8,-,-,-,-,-,-,-,-,+1(188),+2(78),33%,孟庆亮,江子浩,王鸿炜,N,N
1860,,湖南中医药大学,好想跟你凑一队,2,288,-,+3(204),-,-,-,-,-,-,-,-,-6,+1(44),50%,王稼轩,黄霞,曲靓,N,N
1861,,潍坊学院,书山压力大,2,291,-,+4(192),-,-,-,-,-,-,-,-,-6,+1(39),60%,钟广胜,李文海,张立瑞,N,N
1862,,南京农业大学,王子请AC,2,292,-1,-11,-,-,-,-,-,-,-,-10,+3(185),+1(67),50%,王文圣,张佳峰,狄子谦,N,N
1863,399,上饶师范学院,AC Machine,2,294,-,+8(124),-,-,-,-,-,-,-,-,-4,+1(30),77%,黄钰珀,刘竹诗慧,吴凡,N,N
1864,,中国民航大学,曦和,2,295,-,+4(161),-,-,-,-,-,-,-,-,-11,+2(54),66%,孟维浩,周泓译,,N,N
1865,,哈尔滨学院,ac狂想曲,2,296,-,+2(227),-,-2,-,-,-,-,-,-,-6,+1(49),33%,刘欣斋,李国良,李越,N,N
1866,,洛阳师范学院,关注喵，关注主包谢谢喵,2,304,-,+6(154),-,-,-,-,-,-,-,-,-3,+1(50),71%,贾雨诺,张梦阳,卢艺勋,N,N
1866,,泉州师范学院,qztc3,2,304,-,+2(182),-,-5,-,-,-,-,-,-,-12,+3(62),60%,黄凯,陈炜杰,潘凯迪,N,N
1868,400,保定学院,翻斗花园三剑客,2,306,-,+3(203),-,-,-,-,-,-,-,-,-9,+1(63),50%,马朝阳,李志勃,侯宇轩,N,N
1869,,湖南师范大学,”a”加一个字母，你猜,2,307,-,-9,-,-,-,-,-,-,-,-1,+6(159),+1(48),71%,陈旭,吕麒,夏伟杰,N,N
1869,,江汉大学,我不是粥批,2,307,-,-5,-,-4,-,-,-,-,-,-,+5(167),+1(60),66%,王璐凯,徐行,夏明剑,N,N
1869,,肇庆学院,北岭山阴纳凉2,2,307,-,+1(257),-,-1,-,-,-,-,-,-,-3,+1(50),0%,邱振锋,吴树鑫,廖桦升,N,N
1872,,齐齐哈尔大学,超爱金发萝莉的我却被队友骂四斋,2,310,-,+5(185),-,-7,-,-,-,-,-,-,-8,+1(45),66%,纪兆远,林杰锋,李星毅,N,N
1872,,安阳工学院,光靠干饭就队,2,310,-,+5(195),-,-,-,-,-,-,-,-,-6,+1(35),66%,董艺琳,李萌涵,宣奥迪,N,N
1872,,武昌理工学院,沙烬姐姐雅沙西,2,310,-,+3(212),-,-,-,-,-,-,-,-,-14,+1(58),50%,邓皓文,张国俊,聂鑫栋,N,N
1875,401,内蒙古科技大学,清品珲,2,313,-,-1,-,-12,-,-,-,-,-,-,+6(169),+1(44),71%,蔡宝清,吕品,任勃珲,N,N
1876,402,杭州万向职业技术学院,万向三小只,2,316,-,-3,-,-,-,-,-,-,-,-,+5(171),+1(65),66%,潘昀,胡家杰,程紫烨,N,N
1876,,曲阜师范大学,夫人，别玩了，快和总裁回家作队,2,316,-,+3(203),-,-,-,-,-,-,-,-,-15,+1(73),50%,高达,孙志豪,钟煜婷,N,N
1876,,重庆工程学院,谁说女队不能打比赛,2,316,-,+3(227),-,-,-,-,-,-,-,-,-,+1(49),50%,熊海燕,袁睿,顾芳方,N,N
1879,,天津商业大学,绞尽脑汁想不出名的AC队,2,317,-,+5(199),-,-,-,-,-,-,-,-1,-12,+1(38),66%,杜迎华,邓诚璞,肖卫东,N,N
1880,403,湖北经济学院,来神了,2,319,-,+5(187),-,-1,-,-,-,-,-,-,-4,+1(52),66%,郑奥,吴子维,汤昕杨,N,N
1881,,兰州大学,数据库字段长度好短啊,2,320,-,-6,-,-,-,-,-,-,-,-,+1(197),+1(123),0%,朱博亮,周逸轩,盛乔易,N,N
1882,,黑龙江工程学院,会银的,2,321,-,+3(232),-,-,-,-,-,-,-,-2,-4,+1(49),50%,周星晨,邓锴,宋赫桐,N,N
1883,,商丘师范学院,中二病也要打XCPC,2,322,-,+6(180),-,-,-,-,-,-,-,-,-4,+1(42),71%,严浩文,周文豪,杜学翔,N,N
1884,,天津仁爱学院,2024CCPC网络赛队伍6,2,323,-,-2,-,-,-,-,-,-,-,-,+5(203),+1(40),66%,陈博,崔名扬,侯奕鹏,N,N
1885,,青岛农业大学,翻斗花园第一牛爷爷,2,324,-,+1(180),-,-,-,-,-98,-,-,-,+1(144),-,0%,刘世征,王科锦,张方博,N,N
1886,,中国矿业大学,六六六队,2,326,-,-4,-,-5,-,-,-,-,-,-,+4(192),+2(54),66%,邵郡仁,饶鸿,张雨泽,N,N
1887,404,山东中医药大学,山中医代表队,2,328,-,+5(177),-,-4,-,-,-,-,-,-1,-5,+1(71),66%,张承宇,冯富康,李文慧,N,N
1888,,山东石油化工学院,(σ≧︎▽︎≦︎)σ。,2,329,-,+6(173),-,-,-,-,-,-,-,-,-5,+1(56),71%,邵志浩,胡灿阳,张优异,N,N
1889,,广东金融学院,从容应队,2,332,-2,+4(176),-,-,-,-,-,-,-,-,-4,+1(96),60%,邱仪玲,李婉玲,林晓凡,N,N
1890,,南京师范大学,五月七,2,336,-,-6,-,-2,-,-,-,-,-,-,+3(235),+1(61),50%,刘锡楠,宋智增,阳泽宇,N,N
1891,,宁波大学,无敌原神大王,2,337,-,-4,-,-,-,-,-,-,-,-,+5(196),+1(61),66%,王云楷,王梓扬,黄纤雨,N,N
1891,,广州城市理工学院,用队名来提醒lxh学算法,2,337,-,+4(231),-,-,-,-,-,-,-,-,-6,+1(46),60%,吴金达,李鑫辉,黄锦超,N,N
1893,,河南科技大学,拖拉机学院队,2,339,-,-20,-,-6,-,-,-,-,-,-,+7(168),+1(51),75%,周俊男,张延超,刘昱辰,N,N
1893,,南京邮电大学,njupt24team014,2,339,-,+5(208),-,-,-,-,-,-,-,-,-15,+1(51),66%,史迅宇,汤晟,赵晨宇,N,N
1895,,黑龙江工程学院,外瑞古德,2,343,-,+4(234),-,-,-,-,-,-,-,-,-2,+1(49),60%,徐炜峰,陈文杰,任思艺,N,N
1896,,延安大学西安创新学院,幸运狗,2,344,-,-7,-,-,-,-,-,-,-,-,+6(199),+1(45),71%,高成宇,王杰,林乐乐,N,N
1897,,兰州大学,你应该知道,2,346,-,-2,-,-,-,-,-1,-,-,-,+6(171),+1(75),71%,王志硕,于斯潮,王樟卓,N,N
1898,,哈尔滨华德学院,你好世界,2,357,-,+6(208),-,-,-,-,-,-,-,-,-26,+1(49),71%,马君豪,刘明昊,范佳欢,N,N
1899,,天津仁爱学院,2024CCPC网络赛队伍8,2,358,-,-2,-,-,-,-,-1,-,-,-,+5(229),+1(49),66%,张过,冯乐,谢一平,N,N
1900,405,佛山大学,佛三大犇,2,361,-,-11,-,-1,-,-,-,-,-,-,+5(228),+1(53),66%,林佳余,刘骏学,薛明腾,N,N
1901,,湖南财政经济学院,少年先疯队,2,364,-,+4(233),-,-,-,-,-,-,-,-,-2,+1(71),60%,杨佳悦,廖紫丹,赵智颖,N,N
1902,,东莞理工学院,人机组队,2,365,-,+7(195),-,-2,-,-,-,-,-,-,-7,+1(50),75%,王恺博,姚焕增,邓萌海,N,N
1903,,盐城工学院,希望之翼,2,372,-,-5,-,-,-,-,-,-,-,-,+7(192),+1(60),75%,曹翔,叶学成,王俊皓,N,N
1903,,天津商业大学,希望交的都能队,2,372,-,+6(223),-,-4,-,-,-,-,-,-3,-7,+1(49),71%,李雨哲,李天昊,周笑萱,N,N
1903,,内蒙古大学,CyBerAcmEr,2,372,-,+4(262),-,-,-,-,-,-,-,-,-10,+1(50),60%,杨星宇,刘丞量,范操,N,N
1906,,湖南工程学院,二进制炸弹手,2,374,-,+5(221),-,-,-,-,-,-,-,-,-3,+2(53),71%,陈彦傧,李文豪,扶孟菲,N,N
1906,,广州城市理工学院,猕猴,2,374,-,+3(297),-,-,-,-,-,-,-,-,-11,+1(37),50%,谢伟鸿,甘文炜,刘俊凯,N,N
1908,,四川轻化工大学,草丛三剑客,2,375,-,+8(181),-,-,-,-,-,-,-,-,-5,+1(54),77%,何金华,李佳睿,宋雨航,N,N
1909,,南京大学,算法黑洞,2,377,-,-10,-,-,-,-,-,-,-,-,+4(254),+1(63),60%,干佳惠,杨美嘉,王梦瑶,N,N
1910,,浙大宁波理工学院,能对就队,2,380,-,+4(257),-,-,-,-,-,-,-,-,-8,+1(63),60%,俞亿,李坤鑫,蔡麒雯,N,N
1911,,广州城市理工学院,三粒米饭,2,383,-,+4(257),-,-,-,-,-,-,-,-,-10,+1(66),60%,陈贝纯,刘思琪,陈幸儿,N,N
1912,,佛山大学,歪比巴卜,2,385,-,-6,-,-,-,-,-,-,-,-,+8(141),+4(44),83%,沈珈庆,陈煜嘉,郑培东,N,N
1913,,洛阳师范学院,莫比乌斯反卷,2,391,-,+4(178),-,-2,-,-,-,-,-,-,-7,+6(53),80%,辛梓鹏,刘祎轩,李梦,N,N
1914,,天津工业大学,小栈队,2,400,-,-4,-,-1,-,-,-,-,-,-,+1(235),+1(165),0%,尹子恒,徐浩,毕斯源,N,N
1915,,成都理工大学工程技术学院,TLE了怎么办,2,401,-,-4,-,-,-,-,-,-,-,-,+10(172),+1(49),81%,李博鑫,魏之翔,周博文,N,N
1916,,青岛理工大学,不wa2就能过,2,410,-,-5,-,-,-,-,-,-,-,-,+7(243),+1(47),75%,邢少洋,金慧玲,郭振宇,N,N
1917,,江汉大学,未名山小分队,2,413,-,-4,-,-,-,-,-,-,-,-,+6(267),+1(46),71%,孙博,梅佳豪,任航,N,N
1918,,广州城市理工学院,WA手动机,2,418,-,+3(326),-,-,-,-,-,-,-,-,-31,+1(52),50%,胡贺闵,邱佳烁,梁烜,N,N
1919,,上海纽约大学,上纽四队,2,420,-,-8,-,-,-,-,-,-,-,-,+8(224),+1(56),77%,孙祺,许子岳,周烁晨,N,N
1920,406,华北科技学院,你先开的,2,426,-,+9(222),-,-,-,-,-,-,-,-,-5,+1(44),80%,冯淇,李佳壮,国家茁,N,N
1921,,山西科技学院,这个世界上没有一个while循环是值得信任的,2,431,-,+7(263),-,-,-,-,-,-,-,-,-1,+1(48),75%,蔡文韬,马鹏翼,顾乃万,N,N
1922,,中南民族大学,没关系，又活了一天已经很厉害了,2,432,-,+6(225),-,-,-,-,-,-,-,-,-10,+3(67),77%,吴沛霖,李泉灵,万嘉瑶,N,N
1922,,西南大学,AC不了就回去继承实验室,2,432,-,+5(296),-,-,-,-,-,-,-,-,-3,+1(56),66%,曾路平,李雨璐,柳晓洲,N,N
1924,,江南大学,想吃夕宝狱卒队,2,439,-,+5(307),-,-,-,-,-,-,-,-,-6,+1(52),66%,陈宇轩,彭智健,孙以恒,N,N
1925,,重庆科技大学,all0kell,2,441,-,-,-,-1,-,-,-,-,-,-,+5(310),+1(51),66%,袁子鸿,许杰,祝苗青,N,N
1926,,西南财经大学,onz,2,444,-,+8(240),-,-,-,-,-,-,-,-,-4,+1(64),77%,钟富城,张艺,李子杰,N,N
1927,,聊城大学,只因做不队,2,448,-,+6(259),-,-,-,-,-,-,-,-,-16,+2(69),75%,卞瑞康,陈亚鹏,董晓天,N,N
1928,,江汉大学,又白给了,2,451,-,+6(286),-,-,-,-,-,-,-,-,-8,+1(65),71%,何宇恒,李慧捷,陈晋熙,N,N
1929,,丽水学院,学校的你进社会,2,459,-4,-14,-,-1,-,-,-,-14,-,-,+8(230),+1(89),77%,桂桢喃,余茂炫,黄梓发,N,N
1930,,江汉大学,难铜的最后一舞,2,460,-,-16,-,-3,-,-,-,-,-,-,+7(233),+1(107),75%,郏俊豪,张钊溢,谭道琦,N,N
1931,,中国海洋大学,黑吗喽,2,475,-,-,-,-4,-,-,-,-,-,-,+8(257),+1(78),77%,雷祥宁,雷志良,金鑫溢,N,N
1932,,西南财经大学,黑码农:打铁,2,479,-,+10(243),-,-1,-,-,-,-,-,-,-5,+1(56),81%,肖旭仁,刘勇杰,刘俊宏,N,N
1933,,中国海洋大学,基因重组,2,491,-,+9(241),-,-,-,-,-,-,-,-,-11,+1(90),80%,丁楚帅,苏梓凯,刘梓培,N,N
1934,,惠州学院,闪电苦力怕,2,503,-,+6(349),-,-,-,-,-1,-,-,-,-4,+1(54),71%,韩乐天,贾敬轩,陈泽铭,N,N
1935,,湖州师范学院,2024湖师院6队,2,516,-,+5(166),-,-,-,-,-,-,-,-,-6,+6(170),81%,郑佳盈,张静怡,肖伊静,N,N
1936,,广州城市理工学院,幸好没忘记报名,2,528,-,-,-,-,-,-,-,-,-,-,+1(339),+1(189),0%,许先杰,陈伟升,徐锐,N,N
1937,,河南师范大学,have a good day,2,532,-,+9(313),-,-2,-,-,-,-,-,-,-3,+1(59),80%,史建伟,郝龙翔,齐思哲,N,N
1938,,上海科技大学,躺,2,533,-9,+11(256),-,-,-,-,-,-,-,-,-4,+1(77),83%,张孟懿,张雨晴,,N,N
1939,407,黑龙江科技大学,我推的曼波爆吃0721次罚时，阿米诺斯,2,560,-,+8(341),-,-,-,-,-,-,-,-1,-17,+1(79),77%,王一鸣,胡轩睿,胡临天,N,N
1940,,河北工程大学,香菜炒柚子,2,570,-,+9(347),-,-,-,-,-,-,-,-,-,+1(63),80%,罗京涛,赵伟渊,张骏飞,N,N
1941,,四川轻化工大学,清纯白毛小萝莉队,2,581,-,+13(282),-,-,-,-,-,-,-,-,-1,+1(59),85%,尹晨曦,李世松,毛朝杰,N,N
1942,408,东北电力大学,粉毛吉他Hero不会梦到提瓦特ac少年,2,597,-,-,-,-,-,-,-,-,-,-,+15(260),+1(57),87%,董浩然,曹梦露,顾姚铭,N,N
1943,,天津仁爱学院,2024CCPC网络赛队伍5,2,618,-,+13(333),-,-2,-,-,-,-,-,-,-13,+1(45),85%,竺文博,曹旭哲,朱政鑫,N,N
1944,,南京晓庄学院,红神话·吴京,2,630,-,-6,-,-,-,-,-,-,-,-,+13(276),+3(74),87%,兰坤,高明鸿,彭大冲,N,N
1945,,南京大学,bug法师,2,638,-,-2,-,-2,-,-,-,-,-,-,+11(314),+3(84),85%,王敬,黄乐彤,蒋依帆,N,N
1946,,天津商业大学,AC不过不吃饭,2,664,-,-8,-,-3,-,-,-,-,-,-,+16(303),+1(61),88%,张鹏,,,N,N
1947,,安庆师范大学,时代少年团,2,692,-,+13(225),-,-16,-,-,-,-,-,-,-11,+10(47),91%,胡可仁,王程璨,李明浩,N,N
1948,,河南工程学院,老师抽查我的毕设惊了,2,704,-,-7,-,-5,-,-,-,-,-,-,+20(269),+1(55),90%,张后嗣,魏家鏐,杨术果,N,N
1949,,浙江传媒学院,兔必南波万队,2,729,-,+24(226),-,-,-,-,-,-,-,-,-20,+1(43),92%,庄庆伟,李国旭,刘清,N,N
1950,,大连东软信息学院,来都来了,1,34,-,-,-,-2,-,-,-,-,-,-,-8,+1(34),0%,刘毅,付啸天,吕回味,N,N
1951,,河北工程大学,貌似狠,1,37,-,-,-,-21,-1,-,-,-,-,-9,-4,+1(37),0%,周紫涵,任旭聪,霍博,N,N
1952,,南京晓庄学院,砖神话·阿伟,1,38,-,-9,-,-2,-,-,-,-,-,-,-,+1(38),0%,徐烨玮,陈翔,梁钰莹,N,N
1953,409,广西信息职业技术学院,乐毅安行队,1,40,-,-,-,-1,-,-,-,-,-,-,-2,+1(40),0%,杨子毅,韦家乐,吕安琦,N,N
1953,,武昌首义学院,总有一两个队,1,40,-,-,-,-2,-,-,-,-,-,-,-19,+1(40),0%,杨帆,谭可可,肖思奇,N,N
1955,,内蒙古大学,手有点酸,1,42,-,-3,-,-,-,-,-,-,-,-,-4,+1(42),0%,包胡呢斯图,曹君泽,符植博,N,N
1956,,广州城市理工学院,zhm说的都对,1,43,-,-,-,-,-,-,-,-,-,-,-,+1(43),0%,钟浩明,杨昊润,叶佳豪,N,N
1956,410,甘肃农业大学,低调的三只菜鸡,1,43,-,-4,-,-3,-,-,-,-,-,-,-2,+1(43),0%,张瑞坤,周小超,聂露,N,N
1956,,华北科技学院,寄了,1,43,-,-4,-,-,-,-,-,-,-,-,-5,+1(43),0%,袁晨陟,陈洋,孙涛,N,N
1956,,中国矿业大学,小猪佩奇,1,43,-,-6,-,-2,-,-,-,-,-,-,-6,+1(43),0%,陈婷,程玥怡,谭文静,N,N
1956,,河北工程大学,我都可以,1,43,-,-14,-,-,-,-,-,-,-,-,-10,+1(43),0%,黄晟杰,张鑫龙,王旭洋,N,N
1961,,南京师范大学,最后的只因战士,1,45,-,-3,-,-,-,-,-,-,-,-,-5,+1(45),0%,王俞航,张宸瑀,杨宇晨,N,N
1961,,广州城市理工学院,码雀,1,45,-,-,-,-2,-,-,-,-,-,-,-5,+1(45),0%,王顶成,吴朝泽,吴奇峰,N,N
1963,,天津仁爱学院,2024CCPC网络赛队伍7,1,46,-,-,-,-,-,-,-,-,-,-,-5,+1(46),0%,廖志强,王浩宇,焦文豪,N,N
1964,,苏州大学,公主殿下天下第一队,1,47,-,-,-10,-6,-,-,-,-,-,-,-3,+1(47),0%,徐博洋,包龙生,李昱翔,N,N
1964,,潍坊学院,终于吃上鸭架泡饭了,1,47,-,-4,-,-,-,-,-,-,-,-,-,+1(47),0%,王瀚卿,李荣玺,王郑杰,N,N
1966,,华北理工大学,REST,1,49,-,-7,-,-1,-,-,-,-,-,-,-1,+1(49),0%,陈仲涛,陈心怡,杨欣华,N,N
1966,,河南师范大学,丁丁历险记,1,49,-,-3,-,-,-,-,-,-,-,-,-7,+1(49),0%,高一丁,丁耀辉,李栋辉,N,N
1966,,福州大学至诚学院,福大至诚三队,1,49,-,-,-,-4,-,-,-,-,-,-,-16,+1(49),0%,柯嘉炜,张光久,何伟健,N,N
1966,,盐城工学院,逐梦之队,1,49,-,-,-,-,-,-,-,-,-,-,-3,+1(49),0%,张嘉悦,许悦,季书宇,N,N
1970,,东莞理工学院,从菜鸡进阶到菜狗,1,50,-,-2,-,-,-,-,-,-,-,-,-5,+1(50),0%,钟丽莹,梁乐怡,陈彤彤,N,N
1970,,北京理工大学珠海学院,码码生的,1,50,-,-2,-,-,-,-,-,-,-,-,-22,+1(50),0%,张铁印,陈世欣,李辉强,N,N
1970,,广西民族大学,美少女先疯队,1,50,-,-10,-,-,-,-,-,-,-,-,-5,+1(50),0%,黄莲娇,陆柔情,陈桂莹,N,N
1970,,中国地质大学（武汉）,黑神话:WA,1,50,-,-,-,-,-,-,-,-,-,-,-4,+1(50),0%,林海,黄卿,许浩然,N,N
1974,,华北电力大学,键鼠调试小队,1,51,-,-,-,-,-,-,-,-,-,-,-2,+1(51),0%,利 育贤,孙亚成,伊 翰林,N,N
1974,,莆田学院,好好好对！,1,51,-,-10,-,-,-,-,-,-,-,-,-11,+1(51),0%,赖聪贤,江科萱,吴雨,N,N
1974,,兰州大学,彩虹小白马,1,51,-,-,-,-5,-,-,-,-,-,-,-2,+1(51),0%,刘硕,孟研西,沈诚,N,N
1977,,河北工程大学,应该,1,52,-,-,-,-1,-,-,-,-,-,-,-6,+1(52),0%,郝昭程,蒋永孜,张宇轩,N,N
1978,,南昌理工学院,2024 南理 5 队,1,53,-,-,-,-,-,-,-,-,-,-,-18,+1(53),0%,毛富豪,李懿鑫,刘俊杰,N,N
1978,,太原理工大学,不想打铁,1,53,-,-,-,-,-,-,-,-,-,-,-2,+1(53),0%,张煜书,王崔勇,窦云涛,N,N
1978,,信息工程大学,生如夏花,1,53,-,-1,-,-,-,-,-,-,-,-,-16,+1(53),0%,王小珂,王灿,侯晓桐,N,N
1978,,广州城市理工学院,码到成功,1,53,-,-,-,-,-,-,-,-,-,-,-3,+1(53),0%,王嘉楠,陈建明,黄乐豪,N,N
1982,,延安大学西安创新学院,A+B,1,54,-,-2,-,-,-,-,-,-,-,-,-9,+1(54),0%,张佳,邢颖琪,呼亚妮,N,N
1982,411,泉州信息工程学院,s1mple,1,54,-1,-13,-4,-1,-1,-,-,-,-,-1,-5,+1(54),0%,胡力中,高灿坤,龚林涛,N,N
1982,,河北工程大学,做的都对,1,54,-,-,-,-,-,-,-,-,-,-,-2,+1(54),0%,牟昱霖,吕浩诚,张孝哲,N,N
1982,,华南师范大学,键值队,1,54,-,-,-,-,-,-,-,-,-,-,-,+1(54),0%,潘畅,戴巧贤,雷娅捷,N,N
1986,,江汉大学,做的都会，蒙的全队,1,55,-,-,-,-5,-,-,-,-,-,-,-6,+1(55),0%,陈龙飞,王宇鑫,陈子一,N,N
1986,,华北理工大学迁安学院,真得肘你,1,55,-,-5,-,-3,-,-,-,-,-,-,-,+1(55),0%,刘瑀,张永超,何钰杨,N,N
1986,,山东女子学院,鸡仔不错,1,55,-,-,-,-,-,-,-,-,-,-,-1,+1(55),0%,张馨月,陶金锐,程文蓉,N,N
1989,,南京信息工程大学,好喜欢小小 wyq,1,56,-,-2,-,-,-,-,-,-,-,-,-4,+1(56),0%,宋欣雨,刘思奇,朱羿翱,N,N
1989,,淮北理工学院,让妇女儿童先提交,1,56,-,-,-,-,-,-,-5,-,-,-,-2,+1(56),0%,吴奇豪,张梦月,武钰璇,N,N
1989,,广东技术师范大学,鸣潮启动！Zero！,1,56,-,-4,-,-,-,-,-,-,-,-,-3,+1(56),0%,苏国俊,梅镇文,徐震睿,N,N
1992,,桂林信息科技学院,自此月夜无名,1,57,-,-8,-,-,-,-,-,-,-,-,-,+1(57),0%,刘蕴霖,张志豪,崖志福,N,N
1992,,天津仁爱学院,2024CCPC网络赛队伍9,1,57,-,-6,-,-,-,-,-,-,-,-,-3,+1(57),0%,刘宇豪,李园浩,司晨熙,N,N
1992,,暨南大学,空指针,1,57,-,-5,-,-,-,-,-,-,-,-,-4,+1(57),0%,龙宇旸,林天正,李洋,N,N
1992,,东北石油大学,菜鸟驿站,1,57,-,-7,-,-,-,-,-,-,-,-,-4,+1(57),0%,唐昊阳,蔡雨雷,孙校堂,N,N
1992,,重庆交通大学,重案组,1,57,-,-4,-,-,-,-,-,-,-,-,-2,+1(57),0%,周欢,邓焰,潘昶达,N,N
1997,412,燕京理工学院,V你50，离开赛点,1,58,-,-8,-,-,-,-,-,-,-,-,-,+1(58),0%,杨佳硕,李子琛,张子航,N,N
1997,412,文华学院,今天的崩坏三是无敌,1,58,-,-6,-,-,-,-,-,-,-,-,-7,+1(58),0%,方鹏遥,张少航,王天,N,N
1997,,中南民族大学,天下第一件好事还是屁股蹲,1,58,-,-6,-,-,-,-,-,-,-,-,-2,+1(58),0%,李子怡,曾巧,姜紫柔,N,N
1997,,福州大学至诚学院,福大至诚四队,1,58,-,-,-5,-2,-,-,-,-,-,-,-,+1(58),0%,潘俊杰,张鑫涵,林瑾,N,N
2001,414,内蒙古师范大学,内师2队,1,59,-,-,-,-,-,-,-,-,-,-,-3,+1(59),0%,罗佳齐,段宇航,阎子墨,N,N
2001,,福州大学至诚学院,福大至诚五队,1,59,-,-,-,-3,-,-,-,-,-,-,-3,+1(59),0%,林咏辉,曾铭龙,朱天浩,N,N
2003,,天津工业大学,我玩猿神怎么了,1,60,-,-1,-,-,-,-,-,-,-,-,-9,+1(60),0%,吴嘉琪,宋佳烨,王宇亮,N,N
2003,,阜阳师范大学,气球一元一个,1,60,-,-,-,-,-,-,-,-,-,-,-5,+1(60),0%,柳俊豪,朱一鹏,彭杰峰,N,N
2005,415,深圳北理莫斯科大学,孩子别WA了,1,61,-,-,-,-,-,-,-,-,-,-,-3,+1(61),0%,杨可依,张欣楠,张含悦,N,N
2005,,东华理工大学,海底小纵队,1,61,-,-,-,-,-,-,-,-,-,-,-3,+1(61),0%,李嘉敏,罗杉,谢宇越,N,N
2007,,内蒙古师范大学,内师1队,1,62,-,-,-,-1,-,-,-,-,-,-,-10,+1(62),0%,刘思宇,李佳峻,王志浩,N,N
2007,,中国海洋大学,水军出击,1,62,-,-,-,-,-,-,-,-,-,-,-9,+1(62),0%,徐坤,杨家祺,陈天梓,N,N
2007,,广州城市理工学院,码喽,1,62,-,-,-,-10,-,-,-,-,-,-,-10,+1(62),0%,李鸿钦,赖德檀,林书涵,N,N
2010,,江汉大学,金牌导师队,1,63,-,-,-,-,-,-,-,-,-,-,-4,+1(63),0%,姜云頔,黎哲宵,关晨晞,N,N
2011,,东北电力大学,AAA蜜雪冰城批发,1,64,-,-,-,-1,-,-,-,-,-,-,-6,+1(64),0%,熊文凯,何楚祎,张雨桐,N,N
2012,,兰州大学,天堂制造,1,66,-,-2,-,-,-,-,-,-,-,-,-2,+1(66),0%,陈中,朱凯峰,顾兴起,N,N
2012,,延安大学西安创新学院,水葫芦,1,66,-,-,-,-,-,-,-,-,-,-,-7,+1(66),0%,荣元锵,赵文杰,包政,N,N
2012,416,南京警察学院,翻斗花园突破手,1,66,-,-3,-,-,-,-,-,-,-,-,-9,+1(66),0%,汤灿东,陈奕涵,陆韩,N,N
2012,,广州城市理工学院,重在参与,1,66,-,-,-,-2,-,-,-,-,-,-,-1,+1(66),0%,田梅慧,肖曼晴,刘颖琳,N,N
2012,,华南师范大学,顺风顺水队,1,66,-,-,-,-,-,-,-,-,-,-,-,+1(66),0%,郑智炯,詹子豪,杨济华,N,N
2017,,深圳大学,szu_queue,1,67,-,-3,-,-,-,-,-,-,-,-,-5,+1(67),0%,莫迪茵,黄雨欣,詹家惠,N,N
2017,,桂林信息科技学院,立即推，放弃考研,1,67,-,-1,-,-,-,-,-,-,-,-,-3,+1(67),0%,石佳磊,黄佳佳,陈喆仕,N,N
2019,,湖南工程学院,睡觉时间,1,68,-,-,-,-1,-,-,-,-,-,-,-4,+2(48),50%,刘雅琪,胡辉,康健,N,N
2020,,大连东软信息学院,人工智能之光,1,69,-,-,-,-,-,-,-,-,-,-,-2,+1(69),0%,杜甫心,戚昌盛,曾奕程,N,N
2020,,广西民族大学,逐火之蛾,1,69,-,-6,-,-4,-,-,-,-,-,-,-4,+1(69),0%,程籽淇,范一楠,蒋志昂,N,N
2022,,电子科技大学成都学院,皇族永不言弃,1,70,-,-1,-,-,-,-,-,-,-,-,-5,+1(70),0%,蔡伦,张茂森,,N,N
2023,,天津工业大学,用户信息不存在,1,73,-,-,-,-4,-,-,-,-13,-,-,-8,+1(73),0%,尹灵宝,马英程,易睿杰,N,N
2023,,西南大学,蛋仔派队,1,73,-,-,-,-,-,-,-,-,-,-,-4,+1(73),0%,黄家佳,黄晨洲,高阳阳,N,N
2023,,哈尔滨学院,额滴娘嘞,1,73,-,-,-,-,-,-,-,-,-,-,-5,+1(73),0%,陈渝彤,高欢鑫,张越,N,N
2026,,哈尔滨学院,会议号,1,74,-,-3,-,-,-,-,-,-,-,-,-7,+1(74),0%,李慧,周浩文,沈艺林,N,N
2027,,广州城市理工学院,什么队？,1,76,-,-,-,-,-,-,-,-,-,-,-,+1(76),0%,李佳韵,李小瑜,林泽铃,N,N
2027,417,南京工业职业技术大学,开拓进取队,1,76,-,-4,-,-,-,-,-,-,-,-,-6,+1(76),0%,沈昱羽,兰标义,吴成杰,N,N
2029,,温州商学院,温商2队,1,77,-,-4,-,-,-,-,-,-,-,-,-4,+2(57),50%,唐鑫杰,丁玄龙,张耀文,N,N
2029,,广西民族大学,AK？对对对！,1,77,-,-,-,-2,-,-,-,-,-,-,-2,+1(77),0%,王言汐,梁良,程远松,N,N
2031,,内蒙古师范大学,内师5队,1,78,-,-,-,-3,-,-,-,-,-,-,-2,+1(78),0%,侯越茜,康婕,付新然,N,N
2032,418,南京财经大学,WA自动机,1,79,-,-2,-,-8,-,-,-,-,-,-,-,+1(79),0%,郑煦洋,付学强,马心怡,N,N
2032,,重庆文理学院,重工大二队,1,79,-,-6,-,-4,-,-,-,-,-,-,-5,+1(79),0%,邓友华,刘泽凝,龚源源,N,N
2034,,莆田学院,双枪一花队,1,81,-,-5,-,-2,-,-,-,-,-,-,-,+2(61),50%,陈宏佳,薛凯升,许佳丽,N,N
2034,,山西科技学院,三枪队,1,81,-,-5,-,-2,-,-,-,-,-,-,-,+1(81),0%,李嘉豪,陈景浩,马晓亮,N,N
2034,,内蒙古师范大学,内师4队,1,81,-,-,-,-1,-,-,-11,-,-,-,-1,+1(81),0%,魏嘉朔,高磊,张天宁,N,N
2037,,中南民族大学,参加野宴的路上,1,82,-1,-3,-,-,-,-,-,-,-,-,-6,+1(82),0%,肖婧,方心缘,陈乐怡,N,N
2037,,深圳北理莫斯科大学,取名障碍小分队,1,82,-,-4,-,-4,-,-,-,-,-,-,-,+1(82),0%,刘心月,王建业,刘济伟,N,N
2039,,河南工业大学,牢大的审判,1,84,-,-,-,-,-,-,-,-,-,-,-3,+1(84),0%,赵昱哲,王英杰,刘安南,N,N
2040,,延安大学西安创新学院,战鹰飞翔,1,86,-,-9,-,-,-,-,-,-,-,-,-4,+1(86),0%,孙世佳,肖磊,房秦鸽,N,N
2041,419,西安明德理工学院,梅苑什么时候装电梯,1,87,-,-3,-,-,-,-,-1,-,-,-,-8,+2(67),50%,杨阳,刘育博,吴皓洋,N,N
2041,,湖南中医药大学,啥也不会队,1,87,-,-6,-,-,-,-,-,-,-,-,-2,+1(87),0%,刘鑫成,余志国,任航玮竞,N,N
2041,,上饶师范学院,无限循环,1,87,-,-,-,-,-,-,-,-,-,-,-5,+1(87),0%,梁俊伟,彭悦,付子凡,N,N
2044,,西南大学,STS,1,88,-,-,-,-1,-,-,-,-,-,-,-3,+2(68),50%,徐榕康,程天然,徐晨郝,N,N
2044,,中国科学技术大学,代码能跑队,1,88,-,-,-,-6,-,-,-,-,-,-,-9,+2(68),50%,吴家欣,周江杭,许海轩,N,N
2044,,上海电力大学,草台班子,1,88,-,-3,-,-,-,-,-,-,-,-,-4,+2(68),50%,王 鼎皓,周震岳,张宇翱,N,N
2044,,广州城市理工学院,果宝特攻,1,88,-,-6,-,-,-,-,-,-,-,-,-9,+1(88),0%,吴志杰,杨俊雄,陈俊滨,N,N
2048,,西安明德理工学院,随便起吧,1,89,-,-,-,-,-,-,-,-,-,-,-4,+2(69),50%,闫梓浩,刘郑鑫,程宣棋,N,N
2048,,安徽财经大学,曹山脚下,1,89,-,-,-,-,-,-,-,-,-,-,-,+1(89),0%,刘程,杨振宇,夏大唐,N,N
2050,420,湖北警官学院,脆脆鲨,1,90,-,-7,-,-5,-,-,-,-,-,-,-9,+3(50),66%,吴思远,徐晓禹,方子钦,N,N
2051,421,上海建桥学院,阿隆戴特布莱吉,1,91,-,-,-,-,-,-,-,-,-,-,-4,+1(91),0%,林子航,周羽杰,张耀匀,N,N
2052,,华北水利水电大学,但感别经时,1,92,-,-,-,-,-,-,-,-,-,-,-6,+3(52),66%,王加燊,栗佳宁,任睿,N,N
2053,,中央民族大学,天地一家大爱盟,1,93,-,-,-,-1,-,-,-,-2,-,-,-4,+1(93),0%,张璐,金进壕,杨旭杰,N,N
2054,422,福建农业职业技术学院,关于转生到CCPC就马上溜了这件事,1,96,-,-,-,-,-,-,-,-,-,-,-,+1(96),0%,薛有炜,吴尤,章洪锐,N,N
2055,423,武汉纺织大学外经贸学院,别人AC我们g,1,103,-,-,-,-6,-,-,-1,-,-,-,-,+3(63),66%,吕衡,吴振宇,陈维桐,N,N
2056,,延安大学西安创新学院,北斗队,1,105,-,-,-,-,-,-,-,-,-,-,-1,+1(105),0%,李雪柔,靳熠垚,廖双钰,N,N
2056,,内蒙古科技大学,混一混,1,105,-,-7,-,-,-,-,-,-,-,-,-1,+1(105),0%,贺坤,许再佳,张宏胜,N,N
2058,,广州城市理工学院,再也不赶DDL了,1,107,-,-5,-,-,-,-,-,-,-,-,-7,+3(67),66%,林梓丹,黄若琼,周莹,N,N
2059,,广州城市理工学院,对对对,1,109,-,-,-,-,-,-,-,-,-,-,-,+3(69),66%,欧琳琳,彭珵,罗嘉淇,N,N
2059,,武汉纺织大学外经贸学院,ccpc突击小队,1,109,-,-,-,-,-,-,-,-,-,-,-2,+1(109),0%,朱媛媛,陈逸萱,刘思彤,N,N
2061,,河北农业大学,C–FightPlus,1,111,-,-,-,-,-,-,-3,-,-,-,-6,+3(71),66%,李佳木,赵腾飞,朱思博,N,N
2062,,内蒙古师范大学,内师3队,1,117,-,-,-,-,-,-,-,-,-,-2,-1,+2(97),50%,张冉,王艺涵,杜雯月,N,N
2062,,南京师范大学,男人什么罐头我说,1,117,-,-,-,-,-,-,-,-,-,-,-10,+2(97),50%,朱禹丞,李泽钦,周译顺,N,N
2064,,广州城市理工学院,搬砖,1,122,-,-,-,-,-,-,-,-,-,-,-10,+2(102),50%,勾钦,赖润洪,史家瑜,N,N
2065,,武汉纺织大学外经贸学院,让我再睡睡吧,1,123,-,-,-,-,-,-,-,-,-,-,-2,+3(83),66%,胡广,程萌,刘可,N,N
2066,,华北水利水电大学,我一点都不卷,1,127,-,-,-,-,-,-,-,-,-,-,-,+2(107),50%,何政远,郭嘉阳,李多,N,N
2066,,中央民族大学,永远不后悔队,1,127,-,-,-,-,-,-,-,-,-,-,-17,+1(127),0%,刘孟宇,张帝豪,童纪侃,N,N
2068,,广州城市理工学院,萝卜丝,1,145,-,-,-,-4,-,-,-,-,-,-,-,+1(145),0%,刁瑞瑞,尹楚蝶,方映欣,N,N
2069,,广州城市理工学院,这应该是队,1,150,-,-,-,-,-,-,-,-,-,-,-9,+2(130),50%,林镇城,翁泽林,张俊杰,N,N
2070,,中国科学技术大学,汪汪队,1,151,-,-,-,-,-,-,-,-4,-,-,-4,+1(151),0%,刘海宝,郑修远,戴卫,N,N
2071,,广州城市理工学院,浑水摸鱼,1,158,-,-,-,-,-,-,-,-,-,-,-19,+5(78),80%,黄玮桐,邓展强,刘集挺,N,N
2072,,内蒙古大学,IKUN,1,165,-,-,-,-,-,-,-,-,-,-,-3,+5(85),80%,马梓涵,董越,吴俊,N,N
2073,,广州城市理工学院,写的神码,1,178,-,-,-,-5,-,-,-,-,-1,-,-1,+2(158),50%,梁嘉健,邝颖诗,张海德,N,N
2074,,南昌大学,我的她爱上他的它,1,181,-,-,-,-,-,-,-96,-,-,-1,+3(141),-,66%,叶锦鑫,熊俊哲,萧诚磊,N,N
2075,,华南师范大学,我不知道啊,1,189,-,-7,-,-,-,-,-,-,-,-,-13,+7(69),85%,陈雨彤,吴紫丹,姚竣博,N,N
2076,,福州大学至诚学院,福大至诚六队,1,191,-,-,-,-,-,-,-,-,-,-,-1,+5(111),80%,陈奕源,苏海,张心怡,N,N
2077,,内蒙古师范大学,内师6队,1,204,-1,-,-,-,-,-,-,-,-,-3,-,+3(164),66%,安家兴,吴嘉宁,梁嘉乐,N,N
2078,424,安徽三联学院,做AC梦,1,231,-,-,-,-,-,-,-,-,-,-,-21,+3(191),66%,叶惠娴,彭虎,,N,N
2078,,福州大学至诚学院,福大至诚二队,1,231,-1,-4,-,-,-,-,-,-,-,-,-15,+2(211),50%,余非凡,许亦凡,黄炳轩,N,N
2080,,大连理工大学盘锦校区,思维破晓,1,238,-,-1,-,-,-,-,-,-,-,-,-10,+3(198),66%,田行健,王睿忠,庞超凡,N,N
2081,,杭州师范大学,小卓两杯,1,358,-,+1(358),-,-,-,-,-58,-,-,-,-,-,0%,张俊涛,葛先步,徐浩哲,N,N
2082,,广州城市理工学院,都玩第五了让让我们,1,422,-,-,-,-,-,-,-,-,-,-,-2,+11(222),90%,曾雅琪,张浩辉,黄佳鑫,N,N
2083,,广州城市理工学院,上分队,1,502,-,-,-2,-,-,-,-,-,-,-,-1,+13(262),92%,余伟滇,吴家壕,杜广礼,N,N
2084,,西南财经大学,菜市场,1,557,-,-,-,-,-,-,-,-,-,-,-6,+15(277),93%,余夏蓉,杨明玥,王凌泷,N,N
2085,,阜阳师范大学,A+BProblem,0,0,-,-,-,-,-,-,-100,-,-,-,-,-,0%,张鹏程,严航,王保君,N,N
2085,,东南大学,AC不了一点,0,0,-,-,-,-,-,-,-,-,-,-,-,-,0%,陈天一,梁睎远,董乐天,N,N
2085,,湖南工业大学,CRYCHIC,0,0,-,-,-,-,-,-,-100,-,-,-,-,-,0%,肖明阳,胡家兴,池龙辉,N,N
2085,,湖南工业大学,Cannotimagine,0,0,-,-,-,-,-,-,-100,-,-,-,-,-,0%,李昊展,黎程帆,田梅楠,N,N
2085,,华南农业大学,Ciallo～(∠·ω< )⌒★,0,0,-,-,-,-,-,-,-100,-,-,-,-,-,0%,谭伟杰,钟志轩,温雨佳,N,N
2085,,杭州医学院,HMC4队,0,0,-,-,-,-5,-,-,-,-,-,-,-1,-14,0%,蒋伟祺,朱雯瑾,吕泽熙,N,N
2085,,国防科技大学,Jasmine,0,0,-,-,-,-,-,-,-,-,-,-,-,-,0%,尤炜豪,杨淇斌,王俊博,N,N
2085,,南方科技大学,SUSTech_Eight,0,0,-,-,-,-,-,-,-,-,-,-,-,-,0%,杨博文,姜奕豪,张祺宇,N,N
2085,,南方科技大学,SUSTech_One,0,0,-,-,-,-,-,-,-,-,-,-,-,-,0%,王景毅,熊子豪,李雨轩,N,N
2085,,中国科学技术大学,Team114514,0,0,-,-,-,-,-,-,-,-,-,-,-,-,0%,王俊又,彭予乐,方致远,N,N
2085,,大连理工大学,dlut09,0,0,-,-,-,-,-,-,-100,-,-,-,-,-,0%,刘杰,贾乾坤,梁蛟源,N,N
2085,,同济大学,nbjsd,0,0,-,-,-,-,-,-,-,-,-,-,-,-,0%,汪志贤,黄艺鑫,程浩然,N,N
2085,,广东工业大学,qwq,0,0,-,-,-,-,-,-,-100,-,-,-,-,-,0%,廖家健,冯天翔,欧俊希,N,N
2085,,上海电力大学,trhus飞鸟小河队,0,0,-,-,-,-,-,-,-,-,-,-,-,-,0%,江璐琳,童家玟,张锦瑞,N,N
2085,,西北农林科技大学,wa也是a(,0,0,-,-,-,-,-,-,-100,-,-,-,-,-,0%,向闽星,曹广友,贾棋萌,N,N
2085,,北京理工大学珠海学院,三个打铁酱,0,0,-,-,-,-,-,-,-100,-,-,-,-,-,0%,王雅楠,杨灵,郑泽坤,N,N
2085,,上海纽约大学,上纽五队,0,0,-,-,-,-,-,-,-,-,-,-,-,-,0%,戴麟懿,励安远,Nikolaitchev Pavel,N,N
2085,,中国海洋大学,不拿倒一就行,0,0,-,-,-,-,-,-,-,-,-,-,-,-,0%,陈柯屹,吴东升,闫皓,N,N
2085,425,江苏师范大学科文学院,不爆0就好,0,0,-,-,-,-,-,-,-,-,-,-,-,-2,0%,季浩,,,N,N
2085,425,汉江师范学院,不畏苦暗,0,0,-,-,-,-,-,-,-100,-,-,-,-,-,0%,杜中豪,谭孝锋,黑龙江,N,N
2085,425,广东东软学院,为白雪染色,0,0,-,-,-,-,-,-,-,-,-,-,-,-,0%,温贵鸿,林耐,刘东瑾,N,N
2085,,重庆交通大学,什么也做不队,0,0,-,-,-,-,-,-,-,-,-,-,-,-,0%,何培雨,任春燕,舒梦婷,N,N
2085,,西南科技大学,今天也想见到你,0,0,-,-,-,-,-,-,-100,-,-,-,-,-,0%,时玉成,邓超文,张星宇,N,N
2085,,江西财经大学,你不要给我WAWA叫,0,0,-,-,-,-,-,-,-100,-,-,-,-,-,0%,叶遇乐,徐晓律,陈帆,N,N
2085,,新疆大学,你好世界,0,0,-,-,-,-,-,-,-,-,-,-,-,-,0%,郭硕,,,N,N
2085,,信息工程大学,信息驱动队,0,0,-,-,-,-,-,-,-,-,-,-,-,-,0%,张家睿,黄家辉,陈文溢,N,N
2085,,海南大学,全甲野牛突袭派蒙,0,0,-,-,-,-,-,-,-,-,-,-,-,-,0%,石美雪,李俊飞,刘帅文,N,N
2085,,中国科学技术大学,前社长想公费旅游于是被两位巨佬带飞,0,0,-,-,-,-,-,-,-,-,-,-,-,-,0%,孙志浩,阎昶澍,梁嘉文,N,N
2085,,河南科技大学,加瓦001队,0,0,-,-,-,-,-,-,-,-,-,-,-,-,0%,宋昊宇,李宗甫,常明乾,N,N
2085,,中国海洋大学,原辅导,0,0,-,-,-,-,-,-,-,-,-,-,-,-,0%,陈泽时,余锦为,陈嘉旭,N,N
2085,,烟台大学,反手就是一个二分,0,0,-,-,-,-,-,-,-,-,-,-,-,-,0%,吕睿,东野忠兴,王圣喆,N,N
2085,,南阳理工学院,取不来名字，要长脑子了,0,0,-,-,-,-,-,-,-100,-,-,-,-,-,0%,李亦凡,李怡昊,李昌泓,N,N
2085,,成都信息工程大学,命运旋律,0,0,-,-,-,-100,-,-,-,-,-,-,-,-,0%,黄博文,简一凡,张玮,N,N
2085,,天津理工大学,啊？我来打ACM？,0,0,-,-,-,-,-,-,-100,-,-,-,-,-,0%,佟佳华,龚志杰,成冰阳,N,N
2085,425,大连理工大学城市学院,大明刑部ccpc一队,0,0,-,-,-,-,-,-,-100,-,-,-,-,-,0%,赵艺景,高小柯,闫屹伟,N,N
2085,,北京印刷学院,学校怎么还不改名,0,0,-,-,-,-,-,-,-100,-,-,-,-,-,0%,郭音,陈孟哲,惠秦宇,N,N
2085,425,琼台师范学院,富豪榜前3,0,0,-,-,-,-,-,-,-,-,-,-,-,-,0%,薛媛,张焕彩,胡瑞新,N,N
2085,,海南大学,小小梦之队,0,0,-,-,-,-,-,-,-,-,-,-,-,-,0%,张永泽,张沛霖,王加泾,N,N
2085,,华东理工大学,少女哭泣乐队,0,0,-,-,-,-,-,-,-,-,-,-,-,-,0%,张鸿尧,赵正阳,张伟宁,N,N
2085,,南京航空航天大学,循序渐WA,0,0,-,-,-,-,-,-,-100,-,-,-,-,-,0%,蒋润霖,孟超凡,徐昕钰,N,N
2085,,成都东软学院,我以后再也不会笑了,0,0,-,-,-,-,-,-,-100,-,-,-,-,-,0%,罗元聪,王俊喆,吴庭信,N,N
2085,,集美大学,我想同你永望黄昏,0,0,-,-,-,-,-,-,-100,-,-,-,-,-,0%,颜秉轩,姚远,许超洪,N,N
2085,425,豫章师范学院,我有一个AC梦,0,0,-,-,-,-1,-2,-,-,-3,-2,-,-1,-5,0%,付振锴,,,N,N
2085,,韶关学院,我看队友打代码,0,0,-,-,-,-,-,-,-,-,-,-,-,-,0%,康丁魁,林日清,周亚男,N,N
2085,,湖南农业大学,我要成为原神糕手,0,0,-,-,-,-,-,-,-100,-,-,-,-,-,0%,彭语宸,许健强,何晨,N,N
2085,,湖南工业大学,我这个贪心肯定队,0,0,-,-,-,-,-,-,-97,-,-,-3,-,-,0%,吴玉峰,袁永健,阿布都克力木 阿布都拉,N,N
2085,,山东大学,新建文件夹,0,0,-,-,-,-,-,-,-,-,-,-,-,-,0%,于坤航,周保航,彭浩东,N,N
2085,,北京大学,暂时不能给你明确的队名,0,0,-,-,-,-,-,-,-,-,-,-,-,-,0%,张文哲,范绪杰,陈潇然,N,N
2085,,成都东软学院,期末忘了刷平时成绩,0,0,-,-,-,-,-,-,-100,-,-,-,-,-,0%,丁泳钞,李珈臣,李凌锋,N,N
2085,,中国科学院大学,果壳挂科王,0,0,-,-,-,-,-,-,-,-,-,-,-,-,0%,徐亦周,徐致远,蓝天朗,N,N
2085,,浙江科技大学,梅川苦茶子,0,0,-,-,-,-,-,-,-100,-,-,-,-,-,0%,郑鑫,朱睿哲,赵科竣,N,N
2085,,中国海洋大学,沉淀,0,0,-,-,-,-,-,-,-,-,-,-,-,-,0%,李煜杰,邝梓濠,裴乐天,N,N
2085,,闽南师范大学,物信一队,0,0,-,-,-,-,-,-,-,-,-,-,-,-,0%,杨志豪,许诚达,林宇翔,N,N
2085,,西南科技大学,生如夏花,0,0,-,-,-,-,-,-,-,-,-,-,-,-,0%,严天羿,魏云鹏,张智韬,N,N
2085,,华中科技大学,等我回家想想队名,0,0,-,-,-,-,-,-,-100,-,-,-,-,-,0%,王泽贤,张思潼,杨凯文,N,N
2085,,香港科技大学（广州）,网络一线牵,0,0,-,-,-,-,-,-,-,-,-,-,-,-,0%,姜亭伊,申洲安,彭瑛文,N,N
2085,,琼台师范学院,芭比公组,0,0,-,-,-,-,-,-,-,-,-,-,-,-,0%,郭桂霖,吕思远,葛家豪,N,N
2085,,重庆大学,虫大三人行,0,0,-,-,-,-,-,-,-100,-,-,-,-,-,0%,许瑞杰,陈孙一硕,张宇鹤,N,N
2085,,香港科技大学（广州）,虫虫虫,0,0,-,-,-,-,-,-,-,-,-,-,-,-,0%,刘奕麟,李嘉琪,赖斯,N,N
2085,,深圳北理莫斯科大学,败犬ACMer太多了,0,0,-,-,-,-,-,-,-,-,-,-,-,-,0%,郭森宇,王海睿,徐北宁,N,N
2085,,重庆大学,赛前瓦了比赛就不能wa了,0,0,-,-,-,-,-,-,-100,-,-,-,-,-,0%,冯航睿,黄梓杰,胡朝平,N,N
2085,,韶关学院,过完签到就睡觉,0,0,-,-,-,-,-,-,-,-,-,-,-,-,0%,彭贞铭,李镔彬,许申浩,N,N
2085,,广东东软学院,迪亦昂牧,0,0,-,-,-,-,-,-,-100,-,-,-,-,-,0%,程林雄,张俊,彭忠政,N,N
2085,,常熟理工学院,退一万步讲难道屏幕前的你们就没有错吗？,0,0,-,-,-,-,-,-,-100,-,-,-,-,-,0%,陆佳炜,吴梓豪,丁钰铸,N,N
2085,425,黄冈师范学院,递交偏执狂,0,0,-,-,-,-,-,-,-100,-,-,-,-,-,0%,张荣臻,刘翔宇,张泰林,N,N
2085,,南昌大学,金色传说,0,0,-,-,-,-,-,-,-,-,-,-,-,-,0%,吴帅兵,万星毅,徐英杰,N,N
2085,,常熟理工学院,队长让我想中文队名,0,0,-,-,-,-,-,-,-100,-,-,-,-,-,0%,王凌云,顾家豪,戈心宇,N,N
2085,,中国海洋大学,难为我了,0,0,-,-,-,-,-,-,-,-,-,-,-,-,0%,杨东旭,马俊飞,梁子毅,N,N
2085,,清华大学,雾里看花,0,0,-,-,-,-,-,-,-,-,-,-,-,-,0%,李昕然,胡赵阳,黄洛天,N,N
2085,,中国科学技术大学,鱿好章坏,0,0,-,-,-,-,-,-,-,-,-,-,-,-,0%,赵奕,陈凌洁,,N,N
2085,,北方工业大学,鸡煲+小蓝人=ac,0,0,-,-,-,-,-,-,-,-100,-,-,-,-,0%,郑元兴,程鹏,邵奕涵,N,N
2085,,中国人民大学,黑神话曼巴,0,0,-,-,-,-,-,-,-,-,-,-,-,-,0%,刘曜嘉,李子轩,李博屹,N,N
,,,,,,,,,,,,,,,,,,,,,,,
