Rank,School Rank,School,Team Name,Member1,Member2,Member3,Coach,Girl,Official,Solved,Penalty,Medal,A,B,C,D,E,F,G,H,I,J,K,L,M
1,1,北京大学,飞带不长队,方心童,蒋承佑,郑钧,,False,True,12,1462,,+(28),+1(75),+(46),+3(120),+(4),+1(109),+1(24),+(57),+8(277),,+(34),+5(241),+1(47)
2,2,清华大学,零基础新生 1 队,刘海峰,陈诺,徐骁扬,,False,True,12,1720,,+1(34),+1(159),+(77),+5(196),+1(5),+2(100),+2(22),+1(174),+1(272),-1,+(19),+(232),+1(130)
3,,北京大学,一步之遥,钱易,彭博,施开成,,False,True,11,1111,,+1(45),+1(126),+(23),+(165),+1(9),+2(64),+2(6),+1(76),,-6,+(26),+2(225),+(146)
4,,清华大学,击中月亮,程思元,戚朗瑞,魏佳泽,,False,True,11,1431,,+1(67),+1(128),+2(162),+(178),+(4),+(43),+2(56),+(94),-1,-2,+(45),+6(255),+(159)
5,,北京大学,不渡轮回,郭羽冲,沈吉滪,陈昕阳,,False,True,11,1473,,+(48),+1(145),+1(79),+3(51),+(10),+2(121),+2(26),+(138),,+3(294),+(36),,+2(245)
6,,北京大学,没队名,张恒毅,李铭乐洋,翟锦程,,False,True,10,1223,,+(32),+3(162),+(72),+1(114),+(5),+2(211),+1(25),+1(179),,,+(40),-19,+(223)
7,3,浙江大学,可莉不知道哦！,张湫阳,朱天煜,侯之远,,False,True,10,1245,,+(83),+(200),+1(166),+1(131),+(8),+2(105),+(46),+(251),,,+(31),,+(144)
8,,清华大学,雾里看花,李昕然,胡赵阳,黄洛天,,False,True,10,1271,,+(41),+2(192),+1(58),+(183),+(5),+1(107),+2(38),+5(109),-1,,+(27),,+4(211)
9,,清华大学,惊觉往事历历已经年,郭米乐,苏明阳,李宁远,,False,True,10,1298,,+(40),+2(266),+2(55),+2(191),+(10),+(239),+(65),+(149),,,+(53),,+1(90)
10,4,中山大学,中山大学-中大25一队,董睿嘉,孔德锐,刘铭仁,,False,True,10,1300,,+(35),+1(284),+(48),+1(99),+(7),+3(196),+(24),+3(248),,,+(26),,+(173)
11,5,杭州电子科技大学,2025杭电1队,马文浩,何卓锟,黄光升,,False,True,10,1325,,+(33),+1(82),+1(196),+2(287),+(7),+3(160),+(19),+(105),,,+(39),,+1(237)
12,,中山大学,中山大学-游客模式,陈景泰,吴永聪,薛炜鹏,,False,True,10,1339,,+(50),+3(271),+1(94),+(135),+(4),+1(154),+3(40),+(171),,,+1(27),,+(213)
13,,北京大学,呜呜杂班,李嘉佑,马未然,蔡立一,,False,True,10,1363,,+(15),+1(267),+4(162),+1(136),+(7),+2(55),+(33),+(150),-3,,+1(35),,+3(263)
14,,北京大学,小怪兽训练中心,严思珩,葛致远,翟鹏昊,,False,True,10,1401,,+(110),+3(271),+1(90),+(200),+(5),+(164),+2(32),+(129),,,+(45),,+1(215)
15,,清华大学,有标号带花树计数,黄思远,林卓铖,汪直方,,False,True,10,1432,,+(66),+1(274),+(88),+(102),+(3),+4(158),+1(44),+1(262),,,+(70),,+(225)
16,,清华大学,家里蹲,史家丞,仲煦北,李静榕,,False,True,10,1478,,+(92),-2,+3(164),+1(66),+(4),+4(261),+(47),+(125),+6(283),,+(46),,+(110)
17,6,北京交通大学,《有时间起队名不如把时间抽出来打CF》,郭昱哲,夏鹤鸣,斯修远,,False,True,10,1517,,+(137),+1(111),+2(289),+(249),+1(25),+1(162),+2(53),+(179),,,+(27),,+(145)
18,7,东南大学,薄暮冥冥,杜岩旭,颜熙,周天一,,False,True,10,1557,,+(71),+1(292),+2(197),+(147),+(5),+(240),+(28),+(190),,,+1(36),,+1(251)
19,,清华大学,momomorphism,闫陈效,曹立,陈实,,False,True,10,1558,,+(62),+4(212),+2(57),+(160),+(15),+2(243),+3(106),+(215),-2,,+(69),,+(199)
20,,浙江大学,十发罚时,吴与伦,徐锐扬,万弘,,False,True,10,1565,,+(52),+1(256),+4(174),+3(153),+(10),+3(269),+(21),+1(83),,,+(30),,+(277)
21,,清华大学,队仨,宋浩然,张力玺,刘乐天,,False,True,10,1682,,+1(75),-1,+3(166),+3(293),+1(11),+2(127),+1(46),+2(193),,,+(30),+(264),+2(177)
22,8,中国科学技术大学,铜铜铜sahur,孙志浩,梁嘉文,钱易,,False,True,10,1683,,+(98),+3(265),+(108),+3(254),+(8),+(182),+2(32),+(281),,,+(48),,+2(207)
23,9,吉林大学,故障吉奇人,于之航,陈鹏旭,徐梓博,,False,True,9,909,,+(52),-7,+(64),+(101),+(6),+1(150),+3(39),+(161),,,+(35),,+1(201)
24,,清华大学,能陪我延一辈子的毕吗？,魏辰轩,陈亮舟,王思图,,False,True,9,972,,+(45),+2(169),+(56),+(250),+1(8),+1(90),+(34),+1(200),,,+(20),,-1
25,10,哈尔滨工业大学（威海）,为帅比毕业老学长征婚QQ名“莱芜贝克汉姆”,龙禺辰,吴昊亮,李义朋,,False,True,9,1099,,+(19),,+(93),+4(177),+(8),+2(258),+(33),+(214),,,+(40),,+(137)
26,11,南方科技大学,南方科技大学一队,姜奕豪,张祺宇,杨博文,,False,True,9,1121,,+(24),+3(240),+1(79),+3(164),+1(17),+2(138),+(35),+1(153),,,+1(31),,-1
27,,清华大学,进行一个象的抽,王锦博,张睿阳,张怀沙,,False,True,9,1186,,+(50),,+2(97),+(119),+(3),+1(237),+(32),+1(220),,,+(39),,+1(289)
28,12,哈尔滨工业大学,哈工大ACM招新美女学姐即将跑路有意者私,丁文涛,张彭凯,张城玮,,False,True,9,1228,,+(74),-1,+2(124),+2(209),+(11),+(148),+(42),+1(236),,,+(52),,+1(212)
29,,哈尔滨工业大学,你有一块真正的金牌吗,邱思宇,郭昕旸,杜沛键,,False,True,9,1239,,+(103),,+1(101),+(142),+(5),+3(280),+2(43),+(167),,,+(57),,+3(161)
30,,清华大学,你们这是什么队啊,唐一文,马梓航,舒熙皓,,False,True,9,1277,,+(111),+4(193),+2(135),+(85),+(7),+(238),+3(18),+(254),,,+(56),,
31,,清华大学,Centroid（重心）,周桓毅,朱屹帆,杨鑫和,,False,True,9,1293,,+(57),+6(197),+(117),+2(238),+(10),+2(157),+3(76),+(131),-1,,+(50),,
32,,中国科学技术大学,无垠,王怡钧,韩尚格,赖浩宸,,False,True,9,1305,,+(16),,+2(80),+1(217),+1(8),+1(257),+(37),+1(160),,,+1(20),,+5(270)
33,13,广东工业大学,打ACM导致的,庞翔,杨子弘,林正,,False,True,9,1319,,+(76),,+(168),+1(246),+1(10),+2(143),+(44),+(209),,,+(26),,+2(277)
34,,浙江大学,假如像他一样语文 130,毛艺婷,姜圻圣,张涵硕,,False,True,9,1380,,+(38),,+2(127),+2(147),+(9),+1(220),+3(32),+1(248),,,+(66),,+1(293)
35,,杭州电子科技大学,2025杭电5队,杨钧昊,徐中天,蔡睿诚,,False,True,9,1394,,+(79),,+4(129),+3(262),+(8),+1(202),+3(44),+(161),,,+(54),,+(235)
36,,清华大学,Running on Test 826,梁宸铭,吴理源,胡梓康,,False,True,9,1443,,+(72),+1(277),+(86),+1(184),+1(21),+6(291),+3(77),+1(145),,,+(30),,
37,14,南京大学,我们仍未知道那天所看见的acmer的名字,张瑞珉,朱羽宽,陈子达,,False,True,9,1566,,+(115),-11,+1(127),+4(241),+1(117),+3(144),+(115),+3(185),,,+1(119),,+1(123)
38,,北京交通大学,BJTU01,陈可致,杨展宇,李沛桐,,False,True,9,1589,,+1(40),,+2(163),+(231),+(8),+1(255),+2(102),+(295),,,+1(68),,+1(267)
39,,哈尔滨工业大学,CQOI Flames,方智鉴,雷钧森,陈泺嘉,,False,True,9,1603,,+(42),,+1(120),+5(232),+(6),+2(234),+(23),+8(292),,,+(51),,+1(263)
40,15,上海交通大学,启明星,杨崇烨,李俊毅,唐星珣,,False,True,8,790,,+(27),-1,+(114),+(88),+(12),-3,+1(61),+1(141),,,+(36),,+1(251)
41,16,北京航空航天大学,天铸币,龚锦勋,徐宏烯,李博琛,,False,True,8,799,,+(26),,+(86),+3(170),+(3),,+1(42),+(227),,,+(52),,+(113)
42,,清华大学,青一色,陈紫阳,胡昊,褚轩宇,,False,True,8,828,,+(91),,+1(177),+(142),+(4),-3,+2(33),+(194),,,+(44),,+1(63)
43,17,中国人民大学,字节无虞,陈礼邦,刘嘉俊,钱泽瑄,,False,True,8,844,,+(23),,+3(168),+(72),+(3),+2(220),+(48),+1(149),,,+(41),,-3
44,,南京大学,RE的怪物正从窗边看着,李睿星,陈新,金昕炜,,False,True,8,852,,+(41),,+3(88),+4(220),+(15),+(174),+(34),,,,+(29),,+(111)
45,18,哈尔滨工业大学（深圳）,哈气五小时,曹鹏宇,高俊垚,曹锦程,,False,True,8,891,,+(74),,+1(106),+1(144),+(10),-8,+1(43),+(161),,,+(50),,+(243)
46,,上海交通大学,青蘋之末,谭钧豪,江若泓,朱添翼,,False,True,8,902,,+(47),-2,+1(110),+2(180),+(7),+(141),+(41),,,,+(31),,+(285)
47,,清华大学,铸剑,张洋铭,姚竣涛,田铭展,,False,True,8,953,,+(42),-1,+(96),+4(288),+(11),-4,+1(51),+(171),,,+(63),,+(131)
48,,北京航空航天大学,口嗨战神,董和军,蒋槟阳,王大禹,,False,True,8,1007,,+(29),+2(247),+1(107),+1(159),+(9),,+1(126),,,,+(39),,+(191)
49,19,同济大学,于‎离别之朝束起约定之花,高胜寒,靳嘉成,刘诗奇,,False,True,8,1017,,+(83),,+1(205),+(174),+(6),+1(190),+(39),+(253),,,+(27),,
50,20,湖南师范大学,雾之湖,段天琦,钟啸,曾磊鑫,,False,True,8,1034,,+(51),,+(154),+3(256),+(8),+1(113),+(36),+(278),,,+(58),,
51,,中山大学,中山大学-无限天堂,邱恺铭,李昊洲,韩冠东,,False,True,8,1049,,+(44),,+(162),+2(193),+(4),-2,+4(69),+(213),,,+3(62),,+(122)
52,,浙江大学,快整点大英五,林滨,陈奕翔,李沐阳,,False,True,8,1057,,+(49),,+(94),+1(289),+(9),+1(176),+3(84),,,,+(47),,+1(189)
53,21,四川大学,超级洋医,王鹏超,杨轶涵,熊一鸣,,False,True,8,1080,,+(73),-12,+2(195),+1(132),+(7),+(234),+(41),,,,+1(55),,+(263)
54,22,北京师范大学,ACM一缺二速来！！,王梓霁,,,,False,True,8,1090,,+(64),-2,+3(273),+(258),+(3),+2(169),+1(19),+2(116),,,+(28),,
55,,清华大学,因为我要转ai了哈哈哈哈哈哈,冯政玮,肖子尧,吴畅,,False,True,8,1119,,+(160),,+1(176),+3(96),+(7),+(117),+2(86),+3(253),,,+(44),,-4
56,23,华中科技大学,长夜杯空,万睿朋,邓本永,李鑫,,False,True,8,1132,,+(71),,+(114),+7(230),+(8),+1(176),+1(43),-5,,,+(42),,+(268)
57,,南京大学,呢喃得了mvp,王意诚,卢泰烨,荣恒嬉,,False,True,8,1138,,+1(67),,+4(205),+(162),+(10),+(237),+(36),+(273),,,+(48),,
58,,浙江大学,还没想好诶,应宸宇,周学诚,,,False,True,8,1151,,+(53),-5,+(285),+2(150),+(16),,+3(86),+1(185),,,+(89),,+(167)
59,24,武汉大学,很弱的低手,罗汇翔,蔡骐羽,张心悦,,False,True,8,1160,,+(31),,+1(155),+1(230),+(6),+1(287),+1(67),,,,+(37),,+(267)
60,,中山大学,中山大学-永不倒闭,廖海涛,何亮,陈浩贤,,False,True,8,1193,,+(86),,+1(93),+3(287),+(7),+(232),+(38),,,,+1(84),,+(266)
61,,南京大学,平流层,潘谟天,陆华均,陈梓睿,,False,True,8,1195,,+(87),,+1(119),+2(290),+(6),+1(207),+5(51),,,,+(53),,+1(182)
62,25,电子科技大学,UESTC_十斤鸭梨,黄霖,徐辰烨,祁泓金,,False,True,8,1215,,+(59),,+3(134),+2(254),+(5),+3(298),+3(40),,,,+(53),,+(152)
63,,清华大学,泰拉大陆打星队,戈卿辉,华恒逸,程誉,,False,True,8,1223,,+(44),-5,+(178),+3(225),+(25),-1,+1(78),+1(196),,,+(82),,+(295)
64,,东南大学,三英荟寝室,靳赫涛,杜鑫研,毛周祥,,False,True,8,1268,,+(60),,+3(192),+(139),+(6),,+7(174),+1(272),,,+(41),,+1(144)
65,26,武汉理工大学,猫猫虫可爱捏,朱振傲,段宇坤,朱选文,,False,True,8,1362,,+(88),,+1(175),+1(247),+(11),,+2(73),+(284),,,+(37),,+5(267)
66,,中国人民大学,人大零队,颜黎,孙奕豪,吴致楷,,False,True,8,1442,,+(29),,+(90),+4(291),+(9),+1(246),+6(171),,,,+1(56),,+1(290)
67,,电子科技大学,UESTC_DebugSimulator,徐立,褚睿极,汪澄,,False,True,8,1573,,+2(280),,+4(185),+1(242),+(8),+1(285),+6(123),+(114),,,+(56),,-2
68,,华中科技大学,零,刘星佳,黄暄骜,刘铖,,False,True,7,635,,+(69),,+(141),+1(122),+(7),+(172),+(46),-7,,,+(58),,
69,,北京大学,蒟蒻排队,史皓嘉,鲜博宇,袁浩为,,False,True,7,653,,+(63),-4,+(102),+1(174),+1(5),+1(127),+3(37),-2,-3,,+(25),,
70,,电子科技大学,UESTC_等下掉线一会,赵锐枫,蔡锦哲,王东威,,False,True,7,655,,+(93),,+(73),+1(150),+(7),+(228),+(39),-7,,,+(45),,
71,27,浙江师范大学,姜还是老的辣知道不,童培峻,许凯胤,刘思源,,False,True,7,678,,+(41),,+(155),+(131),+(7),+(206),+2(67),,,,+(31),,
72,28,东北大学,东北大学_狐生一梦,谢天石,苏焜,张佳栋,,False,True,7,682,,+(51),,+3(148),+(178),+(11),+(142),+1(35),,,,+(37),,
73,29,武汉科技大学,RELX悦刻幻影PRO,孙煜恒,万家梁,朱俊杰,,False,True,7,719,,+(66),,+1(105),+(159),+(8),-2,+3(34),,,,+(41),,+(226)
74,30,上海理工大学,妈妈,董柯演,章振杰,张皓宇,,False,True,7,744,,+(77),,+(125),+1(147),+(7),+(280),+(57),-6,,,+(31),,
,,北京邮电大学,天绫绫地宁宁,秦维斌,谢楠,徐慕政,,False,False,7,748,,+(60),,+(202),+(140),+(5),-4,+1(36),,,,+(44),,+(241)
75,,清华大学,摇奖出力,黄子睿,颜桉,周与锋,,False,True,7,763,,+(34),-1,+2(141),+4(254),+(4),,+(22),-8,,,+(36),,+(152)
76,,清华大学,暂时不能给你明确的答复队,赵沄充,洪扬,臧启超,,False,True,7,767,,+(30),,+(115),+3(191),+(3),+1(235),+1(58),-4,,,+(35),,
77,,中山大学,中山大学-Ainbow,张宸睿,周睿韬,张益晟,,False,True,7,792,,+(55),-4,+3(197),+(117),+(4),+1(283),+(21),,,,+(35),,
78,31,香港中文大学（深圳）,Mynoghra,周莫非,王泽诚,陈嘉年,,False,True,7,824,,+(28),,+(76),+(158),+(9),+6(282),+2(54),,,,+(57),,
79,,南方科技大学,南方科技大学六队,易楚曦,陈恺桉,叶翰邦,,False,True,7,830,,+(73),,+2(140),+3(236),+(4),-3,+1(27),+1(161),,,+(49),,
,,南京大学,招魂时刻,陈煜航,何平,杨涵宇,,False,False,7,830,,+(99),+1(97),-3,+2(257),+(7),-2,+3(39),+(173),,,+(38),,
,,南京大学,最后一舞,胡伟江,李豪,张道涵,,False,False,7,849,,+(65),,+(122),-6,+(8),+(219),+2(44),,,,+1(62),,+(269)
80,,四川大学,球状闪电,韩子睿,林宸,李祉橙,,False,True,7,863,,+(59),,+5(199),+1(125),+(4),+1(254),+1(24),-8,,,+(38),,
81,32,绍兴理工学院,讨厌字符串数论构造,陈佳俊,谢琳涵,胡凯淇,,False,True,7,870,,+(70),,+1(189),+(177),+1(9),-2,+(102),+1(218),,,+(45),,
82,,吉林大学,久世浮倾,孔泉智,邱天,赵星宇,,False,True,7,882,,+(47),,+(144),+(184),+(9),-2,+3(56),,,,+(67),,+1(295)
83,,武汉大学,西柚柠檬气泡水,陶赞宇,徐嘉浩,金润禾,,False,True,7,896,,+(62),,+(175),+(233),+(5),,+(26),+3(279),,,+1(36),,
84,33,北京理工大学,Penalty这么高它的意思一定是分数吧,柯宁皓,张思哲,黄康,,False,True,7,896,,+(43),,+1(130),+2(217),+1(11),-2,+(75),,,,+(51),,+(289)
85,,哈尔滨工业大学（深圳）,不知道动了谁的蛋糕我的金牌没了你们赢了,秦绍竣,王一鸣,任德阳,,False,True,7,898,,+(89),,+(158),+2(274),+(8),,+1(77),,,,+(56),,+(176)
86,34,西安交通大学,过往的画面全都是我不队,石皓文,邱宇成,王博想,,False,True,7,900,,+1(68),,+3(123),+2(182),+(10),+(292),+1(57),,,,+(28),,
87,,西安交通大学,与蝶共舞 与花同寂,方亦晨,殷嘉鹏,陈儒恒,,False,True,7,911,,+(44),+2(288),+(97),+2(211),+(5),,+4(72),,,,+(34),,
88,35,武汉纺织大学,2007,孔浩杰,费文伟,刘洋,,False,True,7,920,,+1(100),,+(120),+(210),+(14),+2(281),+(93),,,,+(42),,
89,,中国人民大学,1+1,房子珈,江易洋,晏艺桓,,False,True,7,922,,+(86),,+3(243),+1(167),+(8),-4,+1(37),+1(200),,,+(61),,
90,36,西安电子科技大学,无色透明,杨润彬,李聿垲,卢宇欣,,False,True,7,922,,+(123),-4,+1(156),+(196),+(11),,+1(79),,,,+(49),,+(268)
91,37,河海大学,我有打表依赖症,蔡松廷,杨帆,江晟东,,False,True,7,957,,+(52),,+(175),+(283),+(15),,+1(115),,,,+(65),,+(232)
92,38,湖南大学,131072,朱名扬,张世东,吕乐,,False,True,7,963,,+(72),,+1(153),+(288),+1(15),-1,+(59),,,,+(32),,+1(284)
93,,武汉大学,秘封俱乐部,潘非,李佳隆,熊师飏,,False,True,7,972,,+(141),,+2(109),+2(250),+(18),+(245),+1(38),,,,+1(51),,
94,,浙江大学,幻想时刻,朱睿哲,张厚华,柯怀俊,,False,True,7,996,,+(64),,+2(154),+(152),+(12),,+7(180),+(206),,,+(48),,
,,上海交通大学,华丽收场+,梁航宇,蒋天杭,黄烨威,,False,False,7,1000,,+(68),,+4(271),+(135),+(8),+4(259),+(43),,,,+(56),,
95,,河海大学,罚时之羽如深渊相伴 血色acm人生！,林桁,周厚望,吕广信,,False,True,7,1001,,+(81),,+(211),+2(214),+1(12),,+1(93),,,,+(57),,+(253)
96,,吉林大学,未来纵澜,刘昱,王宗凡,张力文,,False,True,7,1009,,+(121),,+1(145),+2(233),+(10),+1(298),+2(53),,,,+(29),,
97,,电子科技大学,UESTC_______,吕东阳,赵聪,林子豪,,False,True,7,1012,,+(94),,+(142),+1(244),+(15),,+3(106),,,,+(58),,+(273)
98,39,上海纽约大学,小男娘,陈智谦,刘濮铭,郭凯越,,False,True,7,1020,,+1(228),,-1,+2(144),+(9),+(246),+(89),,,,+(45),,+(199)
99,40,山东大学,SDU_ENG,钟以楠,刘智豪,陈方航,,False,True,7,1031,,+(55),,+2(171),+2(284),+1(8),,+1(33),+2(270),,,+(50),,
100,41,浙江工业大学,ZJUT2,周泳良,闵士轩,周睿,,False,True,7,1039,,+(67),,+(294),+3(240),+(8),+(197),+1(114),,,,+(39),,
101,,清华大学,罚时小队,孙梓皓,李春进,华羽帆,,False,True,7,1049,,+(56),,+(158),+5(290),+(6),+4(255),+1(44),,,,+(40),,
102,42,东华大学,不可视境界线,杨韵清,金浩帆,沈兴波,,False,True,7,1074,,+(51),,+2(280),-2,+(5),+2(214),+1(98),,,,+(71),,+1(235)
103,43,中南大学,你抚琵琶奏琴弦,文启智,刘鸣晓,叶楷,,False,True,7,1075,,+(129),,+2(229),+(251),+(8),,+2(40),+(286),,,+(52),,
104,44,西湖大学,有点武李,严密,李品樟,武子宸,,False,True,7,1081,,+(28),,+(255),+1(292),+(10),-2,+1(75),+(290),,,+(91),,
105,,浙江大学,石莓,曾皓威,周圣杰,谭睿,,False,True,7,1093,,+(52),,+(166),+3(221),+(9),,+(59),+9(292),,,+(54),,
106,,浙江大学,透明哀歌,周俊康,潘永健,叶纳诚,,False,True,7,1105,,+1(59),,+2(139),+5(298),+(11),+4(239),+1(67),-2,,,+(32),,-1
107,45,厦门大学,闪光春日影,邹品聪,栾英石,李林泽,,False,True,7,1113,,+(33),-1,+4(272),+1(221),+(7),,+3(97),,,,+(37),,+2(246)
108,,南京大学,随家仓,樊书岩,邓淇,李承泽,,False,True,7,1115,,+4(95),,+2(269),,+(9),+(255),+(47),,,,+(28),,+3(232)
109,,北京航空航天大学,双星很难吗？我rks12.66,刘睿知,陈文卓,金厚泽,,False,True,7,1115,,+(59),,+3(260),+2(294),+(9),,+(91),,,,+(47),,+(255)
110,,中山大学,中山大学-破晓之旅,赵肖睿,刘志源,古鸣浩,,False,True,7,1182,,+3(100),,+(210),+5(178),+(11),+3(297),+2(86),,,,+(40),,
111,,中山大学,中山大学-打铁旅游,苏律硕,肖淇,吴明禹,,False,True,7,1182,,+(45),,+11(298),+2(155),+(10),,+2(94),+1(212),,,+(48),,
112,,南京大学,点银成金,熊俊淇,李方泽,陈哲敏,,False,True,7,1191,,+1(132),,+(110),+(241),+(15),,+12(193),,,,+(64),,+(176)
113,46,北京邮电大学,此队伍名由AI生成,蔡芝林,张鲁豫,赵思涵,,False,True,7,1209,,+1(103),,+4(126),+3(197),+(12),+4(268),+7(78),-2,,,+(45),,
114,,南京大学,CS-408,黄亮,叶昱圻,刘玉琢,,False,True,7,1222,,+(58),,+(202),-2,+1(10),+(126),+10(244),+1(271),,,+(71),,-4
115,,清华大学,B站多于20粉丝,牛宏昊,朱珈良,周子哲,,False,True,7,1345,,+2(157),,+5(265),+(161),+2(18),+(234),+8(78),,,,+(92),,-1
116,47,广州大学,西哈诺,郑灵杰,陈全隆,潘胜云,,False,True,6,465,,+(46),,+(111),+1(175),+(6),,+1(28),,,,+(59),,
117,,浙江工业大学,ZJUT0,陈泓睿,冯梓航,陆仙梁,,False,True,6,495,,+1(50),,+(174),-1,+(19),+1(117),+1(24),,,,+1(31),,-2
118,48,江南大学,你怎么知道队友六级423？,董万里,赵泓博,刘珺哲,,False,True,6,529,,+(56),,+(102),+1(218),+(12),-1,+1(39),,,,+(62),,
119,,哈尔滨工业大学（深圳）,从这里开始,陈彦波,赵飞羽,李源恺,,False,True,6,539,,+(26),,+2(156),+(175),+(9),,+2(39),,,,+(54),,
120,49,北京建筑大学,yeVegetable 我将亲手操办你的退役仪式,张禾,朱智睿,王弘毅,,False,True,6,542,,+(77),,+1(98),+1(197),+(10),,+1(43),-4,,,+(57),,-1
121,,南京大学,拂晓之刃,张罗亮,钟佳伦,黄哲轩,,False,True,6,545,,+(33),,+(134),-3,+1(5),+3(192),+1(35),,,,+(46),,
122,50,南开大学,山西大学附属中学校,车昱辉,杨澍,王治中,,False,True,6,548,,+(68),-3,-4,+1(132),+(14),,+1(49),+1(164),,,+(61),,
123,,同济大学,云开自天明,姜乃珲,李烨,杜宇轩,,False,True,6,572,,+1(83),,+(99),-4,+(12),+2(242),+(50),,,,+(26),,-2
124,51,南京航空航天大学,空悲切,胡昊天,赵乐坤,匡显然,,False,True,6,575,,+(66),,+1(121),+2(222),+1(5),,+(37),-2,,,+(44),,-5
125,52,中国传媒大学,再演,陈旻庚,叶阳,朱霁,,False,True,6,606,,+(66),,-5,+(249),+(9),+1(197),+1(33),,,,+(12),,
126,,中山大学,中山大学-2333er,刘翔乐,高祖伟,高艺桐,,False,True,6,610,,+(62),,+(129),+(248),+1(12),,+1(47),,,,+(72),,
127,,武汉大学,有个队友在机房睡了一暑假地铺,黄祯,李书纬,丁启航,,False,True,6,636,,+(61),,+1(156),+(219),+(5),,+(111),,,,+1(44),,
128,,杭州电子科技大学,2025杭电2队,乐星宇,张雨泽,王秉杭,,False,True,6,639,,+(149),-6,+(82),+4(233),+(8),-4,+1(26),,,,+(41),,
129,,华中科技大学,再过一题,邱卓珩,孙航雨,王凯俊,,False,True,6,648,,+(68),,+(158),+2(242),+(9),,+(88),,,,+(43),,
130,,南方科技大学,南方科技大学二队,王泰翔,殷铭轩,李佳霖,,False,True,6,661,,+(59),,+2(266),-7,+(5),,+(32),+(218),,,+(41),,
131,,中国科学技术大学,失去梦想变成猫猫猫,涂建鹏,朱雨田,何煜恒,,False,True,6,666,,+(65),,+(83),+7(221),+(4),,+2(63),,,,+1(30),,-4
132,53,南京邮电大学,njupt25team002,王普立,赵聿祺,田晓亮,,False,True,6,670,,+(71),,+3(197),+1(243),+(6),,+(32),,,,+(41),,
133,,东南大学,西西弗斯,刘一鸣,何辰玮,王俊迪,,False,True,6,670,,+(72),,+1(174),,+(12),,+(89),,,,+(57),,+(246)
134,,北京理工大学,英文队名,王翔宇,谭意青,戴睿,,False,True,6,674,,+(73),,-8,+2(137),+(9),,+4(58),,,,+(33),,+1(224)
135,54,香港科技大学广州,我坐戏子楼台前,郭沣,宋锦儒,赖宣宇,,False,True,6,681,,+1(52),,+1(258),+2(148),+(16),-1,+(80),,,,+1(27),,
136,,西安电子科技大学,风起鹰翔,陈俊睿,洪龙颖,王骏杰,,False,True,6,693,,+(102),,+2(229),+(216),+(9),,+(63),,,,+(34),,
137,55,华南理工大学,《袁宇阳的日常报备》,吕浩天,徐睿,梁立州,,False,True,6,693,,+(101),,-26,+(133),+2(11),,+1(36),,,,+(36),,+2(276)
138,,上海交通大学,霞染长空,黄佳瑞,钱智煊,林乐逍,,False,True,6,696,,+1(105),,+1(233),+(161),+(14),-2,+1(53),,,,+(70),,
139,56,浙大城市学院,别碰我键盘,项天聪,张宸赫,杨烨锋,,False,True,6,699,,+(119),,+(137),+(227),+1(12),,+3(70),,,,+(54),,
140,,电子科技大学,UESTC_在理工学校想邂逅艺术学妹搞错了什么,冉泽宇,许庆山,梁育诚,,False,True,6,709,,+(101),,+1(156),+2(238),+(5),,+3(45),-1,,,+(44),,
141,,上海交通大学,且歌,魏可臻,于恩帝,秦一苇,,False,True,6,709,,+(41),,+1(120),+4(288),+(7),-4,+1(81),,,,+(52),,
142,,山东大学,电话微波炉（暂定）,詹靖杰,宿子腾,董家豪,,False,True,6,715,,+(61),,+4(256),+2(162),+(6),,+2(31),,,,+(39),-3,
143,,厦门大学,随机增量,杨晟明,季裕杰,戴思杰,,False,True,6,722,,+1(164),,+(136),+1(206),+(11),,+2(73),,,,+(52),,
144,,哈尔滨工业大学（威海）,昨日圆车,李欣鹏,焦浩清,廖航,,False,True,6,722,,+(92),,+1(165),-4,+(12),+4(217),+2(41),,,,+(55),,
145,,吉林大学,一发猜对,拱垲,张健哲,袁英麒,,False,True,6,724,,+1(80),,+1(186),,+(7),+1(254),+2(40),,,,+(57),,
146,,上海交通大学,蛹,徐君翊,蒋宇涵,张铭轩,,False,True,6,726,,+(27),,+(235),+2(218),+(14),,+2(113),,,,+(39),,
147,,西安交通大学,天狼星的心脏,洪家庆,刘一可,许孜诚,,False,True,6,733,,+(74),,+1(187),+(236),+(7),,+3(103),-3,,,+(46),,-3
148,,香港科技大学广州,#define long long long,张晋杰,叶秉宪,郑凯文,,False,True,6,733,,+(46),,-7,,+(7),+1(243),+(89),,,,+(102),,+1(206)
149,57,台州学院,三乌鲁鲁赌铜牌,韩松霖,陈逸轩,戴于皓,,False,True,6,736,,+(98),,+1(197),+1(267),+(7),,+(43),,,,+1(64),,
150,58,湖南科技大学,湖南科大一队,胡博潇,毛祎昀,蒋心妍,,False,True,6,736,,+(81),,+(170),+3(298),+(12),-2,+1(40),,,,+(55),,
151,,电子科技大学,UESTC_BYR,张诗杨,幸子豪,郑祯宇,,False,True,6,738,,+(24),,+2(265),+1(261),+(12),,+1(60),,,,+(36),,
152,59,大连理工大学,dlut01,徐昊天,毛谦韵,李泽与,,False,True,6,740,,+1(135),,+(190),+(256),+(7),,+(63),,,,+(69),,-2
153,60,重庆工程学院,重工一队,张翔,晏席,杨灿,,False,True,6,748,,+(182),,+2(258),+1(155),+(7),,+1(24),,,,+(42),,
154,61,南京信息工程大学,奇异递归模板,龚敏,刘一鸣,崔嘉豪,,False,True,6,749,,+(118),,+(178),-2,+(12),,+(48),,,,+(64),,+4(249)
155,,南京大学,非空集合,冯梓轩,金涵彬,苏敬烨,,False,True,6,755,,+(106),,+(186),,+(6),-5,+2(75),,,,+(23),,+2(279)
156,,北京邮电大学,我太想进步了,蔡佩霖,黄志阳,徐嘉晨,,False,True,6,759,,+(116),,+2(180),-2,+1(15),,+(93),+(252),,,+(43),,
157,,香港中文大学（深圳）,WTYTO,孙悠然,涂宵箫,杨久知,,False,True,6,764,,+(96),-3,+1(157),-5,+(13),+3(221),+3(84),,,,+(53),,
158,62,上海科技大学,羽生萌萌香鱼子酱,李承熙,黄扬铭,陶孜铖,,False,True,6,769,,+(35),,+4(220),-3,+(7),-4,+(45),,,,+(47),,+5(235)
159,63,重庆大学,三模哈希米,胡远卓,杨展途,,,False,True,6,769,,+(89),,+4(274),,+1(19),-10,+(66),,,,+(54),,+1(147)
160,,电子科技大学,UESTC_Null_Pointer_Titans,蒋帅泉,胡新奇,李书奇,,False,True,6,787,,+(91),,+(226),+3(275),+(9),,+1(48),,,,+(58),,-1
161,,中山大学,中山大学-潮落梦呓,何宇扬,覃锐麟,杨立伟,,False,True,6,789,,+(92),,+6(154),+2(239),+(11),-1,+(59),,,,+(74),,
162,64,阜阳师范大学,爆裂黎明,张鹏程,严航,刘欣怡,,False,True,6,798,,+(103),-1,+(186),+2(287),+(10),-1,+(121),-1,-1,-1,+(51),-1,-1
163,,华中科技大学,哈斯特坐牢领域大神,杨逸轩,潘裕洲,武琪峻,,False,True,6,799,,+1(94),,+4(204),+3(230),+(9),,+1(40),,,,+(42),,
164,65,天津大学,【已被标记为菜鸡】,韦德敏,刘清源,张纪同,,False,True,6,800,,+(93),,+1(174),+1(291),+(12),,+2(105),,,,+(45),,
165,66,浙江理工大学,彰耗堡堡代我妃,姚仁杰,任麒源,卢一鸣,,False,True,6,801,,+(93),,-3,+3(159),+(2),-2,+1(80),,,,+2(46),,+1(281)
166,67,华东师范大学,mex｛fe，cu，ag｝,王江扬,刘俊毅,严之皓,,False,True,6,805,,+(83),,+2(227),+3(204),+1(9),,+1(98),,,,+(44),,
167,,南京大学,点击输入队名,法童,李林,陈智霖,,False,True,6,807,,+(45),,+3(202),+(282),+(13),,+4(72),,,,+(53),,
168,,中南大学,天堂鸟,张博源,孙汉涛,沈宇科,,False,True,6,817,,+(124),,+(234),+2(286),+(7),,+(37),,,,+1(69),,
169,,南开大学,唯独可以做到的就是线段树,金继烨,赵思远,郭鑫源,,False,True,6,824,,+(104),-4,,+1(158),+(7),,+5(97),+(287),,,+(51),,
170,,华南理工大学,天降之物,何嘉骅,黄嘉坤,陆韦陶,,False,True,6,824,,+(49),,+2(289),,+(12),+2(242),+1(103),,,,+(29),,
171,,中国人民大学,深睡眠,张梓桐,施涵森,段宇哲,,False,True,6,825,,+(98),,-15,+1(264),+(5),,+2(63),+4(222),,,+(33),,
172,,华中科技大学,昔之软糯者，已然逝去。,严原一,赖明恺,盖政华,,False,True,6,826,,+(53),,+(266),+2(278),+(11),,+1(89),-1,,,+(69),,
173,,四川大学,熊猫茶盐鸭,夏知齐,邹昔贝,张逸涵,,False,True,6,826,,+(128),,+3(214),+(288),+(10),,+(89),,,,+(37),,
174,,中山大学,中山大学-爱谁打谁打,陈鸿睿,卓郅杰,黄淇轩,,False,True,6,828,,+(53),,+5(295),+1(209),+1(14),,+1(37),,,,+(60),,
,,南京大学,不是解散了只是没人来,张成禹,邓铭越,张弛,,False,False,6,832,,+(175),,+(195),,+(8),,+2(86),,,,+(61),,+(267)
175,,香港中文大学（深圳）,正在验证该队是否是真人。,孙超逸,张力文,周天,,False,True,6,842,,+(66),,+(183),+2(297),+1(12),,+1(131),,,,+1(53),,-5
176,,山东大学,圆一定要是圆形的,孙更欣,高士轩,叶世昕,,False,True,6,847,,+(137),,+2(156),+3(255),+(12),-2,+1(105),,,,+(62),,
177,68,西北工业大学,wanna be free,龚熙尧,尹新祥,程文楷,,False,True,6,852,,+(58),,+1(244),+1(290),+(9),,+3(107),,,,+(44),,-2
178,,厦门大学,打铁还需自身硬,王业盛,彭泽喜,吴俊豪,,False,True,6,852,,+(76),,+3(221),+3(299),+(7),,+2(56),,,,+(33),,
179,69,山东大学（威海）,咕咕嘎嘎,张胜熙,连君朴,陆柯旭,,False,True,6,857,,+1(97),,+1(139),+8(252),+1(21),-2,+1(48),,,,+(60),,
180,,西安电子科技大学,什么都不会也能参加ACM吗？,汤修齐,潘振,吴晨,,False,True,6,858,,+(107),,+3(159),+2(291),+(8),,+3(70),,,,+(63),,
181,,华中科技大学,烟雨孤生,吴高宇,阮弘毅,,,False,True,6,864,,+1(166),,+2(256),+(82),+(11),-2,+1(136),,,,+2(93),,
182,,南京邮电大学,njupt25team001,胡乐安,崔晨曦,展翼,,False,True,6,866,,+(132),,+(148),+6(291),+(9),,+2(84),,,,+(42),,
183,,杭州电子科技大学,2025杭电6队,伍耀文,姜浥尘,王泽,,False,True,6,870,,+(64),,+1(150),+1(257),+(12),,+(255),,,,+2(52),,
184,70,长沙理工大学,流萤,陈师贤,赵翰熙,沈彬宇,,False,True,6,873,,+(112),,+5(188),+(251),+(12),,+4(60),,,,+(70),,
185,71,兰州大学,今晚来我床上打三国杀,曹家硕,沈天辰,张照博,,False,True,6,877,,+(24),,+5(198),+3(266),+(10),,+4(96),,,,+(43),,
186,,浙江大学,歪比巴卜,王子尧,朱航逸,朱容阳,,False,True,6,878,,+2(120),,+(205),-1,+(8),,+3(165),,,,+(35),,+1(225)
187,72,福州大学,惡·即·斬,陈建涛,陈宇,程棋晖,,False,True,6,881,,+(114),,-5,+(233),+(10),,+2(60),+(296),,,+(128),,
188,73,深圳大学,关注Akie秋绘谢谢喵～,王荟斐,邹瀚泓,梁展宇,,False,True,6,882,,+(72),,+(232),+4(262),+(7),-2,+3(134),,,,+(35),,
189,,电子科技大学,UESTC_雪色光晕,吕书武,陈治臻,李毅远,,False,True,6,887,,+(62),,+11(285),+2(188),+(9),,+(36),,,,+(47),,-3
190,,西湖大学,螳螂妹不会梦到神罗天征,楼鑫浩,周扬帆,王宇涵,,False,True,6,896,,+(72),,+5(246),+1(222),+(8),,+4(111),,,,+(37),,
191,,杭州电子科技大学,2025杭电3队,王佳栋,吴启航,王远涛,,False,True,6,900,,+(71),,+(261),+1(222),+(11),,+5(123),,,,+1(72),,
192,,中国人民大学,人咪小学,李昊森,熊洋铭,朱家琛,,False,True,6,904,,+(142),,+(156),,+(15),,+6(114),+2(249),,,+(68),,
193,,杭州电子科技大学,2025杭电8队,陈旭,罗立诚,陈瀚锐,,False,True,6,905,,+(145),,+(217),,+(9),,+(124),+3(292),,,+(58),,
194,74,华东理工大学,回响形态,傅正航,朱晨煊,景梓云,,False,True,6,932,,+1(181),,+(284),+6(250),+(6),,+(25),,,,+(46),,
195,,天津大学,WA自动机,郭智柯,丁浩然,曾瑞,,False,True,6,947,,+(119),,+2(271),+4(299),+(7),,+(83),,,,+(48),,
196,,湖南师范大学,心动段甜妻,高嘉鑫,董爵硕,殷浩文,,False,True,6,951,,+(102),,+2(215),+(282),+(8),-2,+4(139),,,,+1(65),,
197,75,杭州师范大学,去玛尼那买只小鸡取名叫AC,黄焰,吴睿萱,王昊琛,,False,True,6,956,,+(229),,+2(189),-4,+(6),,+6(50),+1(223),,,+(79),,
198,,中山大学,中山大学-喵喵队想旷工,邱泽敏,陈悠然,曹子键,,False,True,6,969,,+3(253),,+2(167),+2(51),+(4),-1,-8,+1(286),,,+(48),,-1
199,,中国科学技术大学,25时，美食广场见。,陈聆祎,谈天,王浛丞,,False,True,6,980,,+1(134),,+1(294),,+(8),+2(258),+2(109),,,,+(57),,
,,哈尔滨工业大学,北风与秋水,朱峰,王羽婷,谢书泱,,False,False,6,986,,+1(56),,+4(254),+1(260),+(12),,+8(76),,,,+1(28),,
200,,山东大学,海鸥灭火器,苏苏,王艺臻,刘子龙,,False,True,6,1011,,+(120),,+6(210),+4(288),+(9),,+2(88),,,,+(56),,
201,,北京邮电大学,逐月之城,雷童,吴语乐天,毕皓天,,False,True,6,1015,,+(182),,+3(93),,+1(4),,+1(207),,,,+(52),,+4(297)
202,,华中科技大学,糖果酱,赵亮亮,丁易然,李嘉明,,False,True,6,1024,,+(41),,+5(273),+2(280),+(9),-1,+5(132),,,,+(49),,
203,,哈尔滨工业大学（深圳）,不如加训,罗烺韬,邹锦宇,黄婉彤,,False,True,6,1034,,+(72),,+5(297),+2(241),+(8),,+5(137),,,,+(39),,
204,,中山大学,中山大学-512526,陈睿泓,何杨炀,毛子弘,,False,True,6,1094,,+1(160),,+2(286),+4(234),+(7),,+1(181),,,,+(66),,
205,,四川大学,灵感满溢的程序创想,唐文可,王凯睿,张翰辰,,False,True,6,1097,,+(124),,+1(281),+4(296),+(8),,+4(143),,,,+(65),,
206,,武汉大学,队名长度小于0,苏泓宇,胡文锦,李王城,,False,True,6,1115,,+(99),,+8(277),+5(249),+(13),,+1(84),,,,+3(53),,
207,76,上海大学,树上的忍者,松浩然,耿鹏成,李哲楷,,False,True,6,1126,,+2(166),,+(115),,+1(5),,+7(299),,,,+(69),,+2(232)
208,,西安电子科技大学,咖啡馆的贴贴物语,邹文定,王翼天,洪健力,,False,True,6,1172,,+(235),,+9(228),+1(284),+2(33),,+2(62),,,,+(50),,
209,77,重庆邮电大学,罪人舞步旋,舒显航,黄宇哲,向炳权,,False,True,6,1214,,+(194),,+4(286),+4(265),+(5),,+7(81),,,,+1(63),,
210,,浙江大学,吃你家大米,李俊睿,张驰,盛宝宝,,False,True,6,1272,,+2(145),,+(275),+4(295),+(9),,+11(179),,,,+(29),,
211,78,济南大学,花开之夜,肖远志,丁浩宇,程明达,,False,True,6,1293,,+(18),,+17(243),+13(276),+(13),,+2(54),,,,+(49),,
212,,上海大学,树上猫猫头,房辰燏,潘铧超,韦杰恒,,False,True,6,1295,,+(106),,+1(178),+7(290),+1(10),,+12(244),,,,+(47),,
213,,中山大学,中山大学-深度睡眠,刘亘煊,许钢帆,黄一凡,,False,True,5,287,,+(94),,+(106),-7,+(8),,+(29),-12,,,+(50),,
214,79,中国计量大学,兄弟，我还想拿牌,曹炳涛,吴仁钘,何劭弘,,False,True,5,331,,+(100),,+(110),-1,+(8),,+(49),,,,+(64),,
215,,哈尔滨工业大学（威海）,神秘客,易子杰,李泳明,顾伟宸,,False,True,5,338,,+(79),,+(150),,+(9),,+(58),,,,+(42),,
216,,南京大学,该名称已被占用,罗荣鑫,卢林强,汪文韬,,False,True,5,344,,+(62),,+(129),-3,+(11),,+1(54),,,,+(68),,-2
217,80,东北大学秦皇岛分校,三日凌空,肖轲闻,冯阳阳,刘峻畅,,False,True,5,368,,+(67),,+(222),,+(8),,+(27),,,,+(44),,-2
218,,山东大学,应用随机过程,苏岳,李玉庭,王源鑫,,False,True,5,370,,+(59),,+1(154),-3,+(6),-3,+1(46),,,,+(65),,
219,,武汉大学,ACM也有小巧思吗,李泽基,袁磊,袁仁远,,False,True,5,371,,+(53),,+2(153),,+(7),-6,+2(32),,,,+(46),,
220,,天津大学,黄金9,李佳璘,刘天轩,冯开淇,,False,True,5,378,,+(84),,+1(138),,+(5),-4,+(36),,,,+2(55),,
221,,南京航空航天大学,hum,吕海亮,黄子源,胡弘泰,,False,True,5,391,,+(65),,-5,+1(146),+1(18),,+(82),,,,+(40),,
222,,北京邮电大学,邮男之旅,王昰妍,蔡禹煊,冯仁宇,,False,True,5,392,,+(121),,+(154),-2,+(7),-1,+(57),,,,+(53),,
223,81,湖南城市学院,灰姑娘的故事,王钦荣,张文杰,周忠武,,False,True,5,398,,+(59),,-11,,+(9),,+2(92),+1(151),,,+(27),,
224,,北京邮电大学,Synthesis.,吴显熠,詹笙平,李天阳,,False,True,5,415,,+(70),,-11,+(238),+(12),-3,+(41),,,,+(54),,
225,,北京航空航天大学,极危物种,李墨之,杭洋,邹广健,,False,True,5,425,,+(41),,+(151),-4,+(10),,+3(108),,,,+1(35),,-2
226,,中山大学,中山大学-345,蔡震轩,钟梓俊,江雨桐,,False,True,5,426,,+(67),,-4,+2(198),+(8),,+1(49),-6,,,+(44),,
227,,东北大学秦皇岛分校,最澄澈的空与海,张昱东,王若翔,张裕博,,False,True,5,427,,+(88),,-6,+1(152),+(10),,+2(61),,,,+(56),,
228,82,宁波大学,泥巴动物园,吴镇桥,沈天佑,胡健山,,False,True,5,441,,+(92),,+(191),,+1(10),,+2(66),,,,+(22),,
229,,浙江师范大学,我是猫娘,潘锦桦,俞天琦,曹钰超,,False,True,5,446,,+1(100),,+(202),-2,+(8),-1,+(49),,,,+(67),,
230,83,北京林业大学,创4我算了,付耀刚,张锦秀,周欣潼,,False,True,5,449,,+(83),,+3(217),,+(10),,+1(25),,,,+(34),,
231,,山东大学（威海）,进击的奶龙,温泽林,陈汶泽,赵禹权,,False,True,5,452,,+(112),,+1(196),,+(6),-3,+1(73),,,,+(25),,
232,84,惠州学院,时茧织光,冼健民,孙昊,吴海杰,,False,True,5,459,,+(139),,+(182),,+(8),-1,+(86),,,,+(44),,-3
233,,北京理工大学,木叶三忍,陈家辉,邵子鸣,王煜皓,,False,True,5,462,,+(120),,+(194),-10,+(9),-2,+1(75),,,,+(44),,
234,,香港科技大学广州,因为太怕 WA 就全点大模拟了,王向前,罗浩,储文皓,,False,True,5,467,,+(32),-2,-5,-3,+(8),-5,+2(37),+3(247),,,+(43),,
235,85,西南民族大学,永远都像初次见你那样使我心荡漾,王海潮,张伟模,石珈豪,,False,True,5,471,,+1(94),,+(192),,+(8),,+(116),,,,+(41),,
236,,华南理工大学,三蓝两题，铁定晋级,马成均,邵弈,欧天毅,,False,True,5,476,,+(98),,+(190),-10,+(6),,+1(117),,,,+(45),,
237,,哈尔滨工业大学（深圳）,溢出,李俊铖,谢明啸,李有维,,False,True,5,476,,+(105),,+1(227),-1,+(7),,+(53),,,,+(64),,
238,86,西南科技大学,No Responds,谢世杰,刘卓志,官畅宇,,False,True,5,477,,+(64),,+(164),,+(13),,+(111),-1,,,+2(85),,
239,,杭州师范大学,楚庾风月,徐浩哲,戴子晟,张俊涛,,False,True,5,478,,+1(174),,+(134),,+(8),,+1(62),,,,+(60),,
240,87,华中师范大学,兄弟我来助你,郑壹腾,张凯文,杨哲灏,,False,True,5,479,,+2(105),,+(211),,+(10),,+1(52),,,,+(41),,
241,,北京师范大学,数数又学学,罗一粟,季涛,王儒斌,,False,True,5,481,,+(110),,+2(179),-2,+(7),,+3(41),,,,+(44),,
242,,华南理工大学,走地鸡的幻想乡,杨燊杰,何佳晟,杨舒翔,,False,True,5,485,,+1(84),,+(193),-5,+(10),-1,+(104),,,,+(74),,
243,,上海纽约大学,()不是回文,吕和睿,张乐楠,解丰羽,,False,True,5,488,,+(55),,+1(175),+(198),+(7),,-7,-1,,,+(33),,
,,上海交通大学,空月之歌,朱一铭,周学信,任子杭,,False,False,5,490,,+(66),,-5,+2(196),+(6),,+(121),,,,+(61),,
244,,中国科学技术大学,中科大少女班代表队,冯正桦,邵晓玮,李俊辰,,False,True,5,491,,+2(86),,-7,-4,+1(10),,+(90),,,,+(31),,+1(194)
245,,西南科技大学,春风又绿僵男岸,杜嘉瑜,石申圆,陈阳,,False,True,5,497,,+(125),,+(215),-6,+(4),,+1(93),,,,+(40),,
246,88,中央民族大学,低语的月亮,马雨衡,盛楠,谌恒骏,,False,True,5,501,,+(189),,+3(116),,+(6),-7,+3(28),,,,+(42),,
247,,武汉理工大学,力扣大神,李晨,俞烨宸,李意峰,,False,True,5,502,,+(103),,+(282),,+(9),,+(45),,,,+(63),,
248,,南京大学,会二分会图论会博弈论啥都会,陈端锐,张植翔,葛文清,,False,True,5,505,,+(89),,-7,,+(12),,+(56),+1(263),,,+(65),,
249,89,山东科技大学,柏林号,岳立冬,张一炜,徐熙睿,,False,True,5,506,,+(108),,+1(240),,+(13),-1,+(93),,,,+(32),,
250,,华东师范大学,至此，一锤定音,冯顾炜,许乐,冯嘉一,,False,True,5,510,,+(101),,+2(241),,+(9),,+1(51),,,,+(48),,
251,,南京大学,Never break;,李冠辰,范成,李响,,False,True,5,511,,+(113),,+1(293),-1,+(5),,+(35),,,,+(45),,
252,90,中国矿业大学（北京）,Fortune,梁凯,杜若琳,崔文水,,False,True,5,514,,+(121),,+(257),,+(8),,+(91),,,-2,+(37),,
253,91,南京理工大学,你怎么知道我在四级考试得了433分,彭锐政,陈静波,刘懿臻,,False,True,5,515,,+(121),,-7,+2(218),+(5),,+(60),,,,+(71),,
254,,北京邮电大学,太空漫游999ms,马云霄,侯尔为,刘奕安,,False,True,5,521,,+(58),,+2(213),,+(9),,+2(114),,,,+(47),,
255,,南京理工大学,天梯赛 136,陈宇航,谭清海,许廷阳,,False,True,5,523,,+1(85),,+(170),,+(12),,+4(114),,,,+(42),,
256,92,西南大学,SWU-Mygo,游斯惟,韩清泉,盛明睿,,False,True,5,526,,+(116),,-8,+1(272),+(9),,+(64),,,,+(45),,
257,93,湖南理工学院,君不见高堂评测悲全WA,林卫昱,费峥宇,陈天好,,False,True,5,528,,+(66),,+2(284),,+(6),-4,+1(43),,,,+(69),,
258,,西北工业大学,练多就菜,罗隆华,刘锦奇,朱合众,,False,True,5,529,,+1(92),,+(208),,+(11),,+(149),,,,+(49),,
259,94,成都信息工程大学,冰冷帝企鹅,林莫豪,刘雨葳,秦朝超,,False,True,5,530,,+(123),,,,+(5),+1(265),+1(39),,,,+(58),,-5
260,95,河北师范大学,AAA校园卡诚招代理,孙传炜,向清弘,李武,,False,True,5,536,,-1,,+(133),+(233),+(13),,+2(48),,,,+(69),,
261,,华中科技大学,再WA我要哈气了,李东豪,万仁杰,黄国栋,,False,True,5,540,,+(117),,+3(220),-4,+1(21),,+1(33),,,,+(49),,
262,,大连理工大学,dlut04,汪瀚声,吴胤祺,孟家祺,,False,True,5,542,,+(56),,+2(249),,+(8),,+(113),,,,+(76),,
263,,南京航空航天大学,XML,任衍硕,邵嘉奇,张鑫雨,,False,True,5,543,,+(42),,+3(282),,+(9),,+1(73),,,,+(57),,-3
264,96,华南师范大学,A了这题就吃麦旋风,袁浩轩,黄家谦,侯俊宇,,False,True,5,549,,+(132),,+(189),-7,+(10),,+2(67),,,,+1(91),,
265,,哈尔滨工业大学,睡到自然醒,徐明拯,任相龙,曾浩锐,,False,True,5,551,,+(165),,+(171),,+(8),-5,+3(85),,,,+(62),,
266,,香港科技大学广州,仲夏夜之金梦,钟嘉宸,吴星智,王语诺,,False,True,5,551,,+(149),,+(212),,+(11),,+1(112),,,,+(47),,
267,,西安交通大学,齐宣王,姜宇骋,王君睿,陈弘烜,,False,True,5,552,,+(47),,-12,+(238),+(11),,+6(81),,,,+(55),,
268,,大连理工大学,这么六！,钟剑辉,毛祥宇,刘泽轩,,False,True,5,552,,+(145),,+1(290),-3,+(5),,+(38),,,,+(54),,
269,97,长春理工大学,BoysACMerCry!!!,唐海原,黄炳睿,周易非,,False,True,5,554,,+1(190),,+(162),-5,+(13),,+(76),,,,+(93),,
270,,上海大学,全做不队,郭懿涵,陈亦善,赵文宇,,False,True,5,554,,+3(130),,+(236),,+(11),,+(80),,,,+(37),,
271,98,浙江农林大学,天河圣芒斩,任益超,朱冠霖,陈柳,,False,True,5,555,,+(200),,-13,+(156),+(7),-1,+3(84),,,,+(48),,
272,99,南京大学苏州校区,无名队,林晨浩,计昀,蒋雨泽,,False,True,5,555,,+(78),,+1(245),,+1(14),,+1(117),,,,+(41),,
273,100,浙江工商大学,迷迭香_fan,沈士渊,魏嘉豪,徐晨阳,,False,True,5,555,,+(91),,+2(265),-4,+(9),,+2(48),,,,+(62),,
274,101,中国科学院大学,啥,石曜铭,吕安哲,尤俊翔,,False,True,5,555,,+(106),,,,+1(14),,+(57),,,,+(49),,+1(289)
275,102,福建理工大学,福建理工大学1队,林舜华,颜嘉民,陈少鹏,,False,True,5,556,,+(125),,+(240),,+(13),-4,+1(46),,,,+2(72),,
276,,华东师范大学,164ovo Fan Club,谢书骁,程籽实,,,False,True,5,559,,+(234),,+1(192),-9,+(11),,+(42),,,,+(60),,
277,,电子科技大学,UESTC_lyc_fan_club,赵城尧,周蛰粼,徐明君,,False,True,5,561,,+(144),,+(215),,+(11),,+1(127),,,,+(44),,
278,,湖南科技大学,湖南科大二队,黄家兴,梁涵,彭璟焱,,False,True,5,561,,+(149),,+(252),,+(12),,+(103),,,,+(45),,
279,,南方科技大学,南方科技大学三队,娄午尘,李钰曦,侯宇轩,,False,True,5,562,,+(157),,+2(218),,+1(9),,+1(40),-1,,,+(58),,-1
280,,武汉理工大学,不再曼波,周泽鹏,孙晨奥,邢家童,,False,True,5,563,,+(101),,-6,+2(281),+1(11),,+1(58),,,,+(32),,
281,,中山大学,中山大学-队,吴振熙,万耀文,谭栋泽,,False,True,5,567,,+(151),,+4(206),,+(8),,+1(30),,,,+1(52),,-2
282,,四川大学,打 ACM 从没开心过,钟诚,刘泽勋,许圳达,,False,True,5,567,,+(107),,+1(231),,+(10),,+2(111),,,,+(48),,-4
283,,南开大学,可以和我打一辈子acm吗,陈馨颍,陈伯远,曲恒睿,,False,True,5,569,,+(126),,+2(230),,+(9),,+2(60),,,,+(64),,
284,,华南理工大学,散养走地鸡,张麟,王奕凯,陈祖榆,,False,True,5,572,,+(156),,-3,+1(184),+(7),-5,+2(113),,,,+(52),,
285,,浙江工业大学,ZJUT3,蔡柏航,雷昊喆,王池康,,False,True,5,573,,+1(132),,-7,-3,+(12),+2(194),+1(111),,,,+(44),,
286,,浙大城市学院,二三四,许航杰,林盛,宋珂鑫,,False,True,5,573,,+(153),,+(248),,+(18),,+1(99),,,,+(35),,
287,,南京理工大学,流明猫猫头,谢景帆,黄苏闽,郭思易,,False,True,5,575,,+(96),,-4,,+(16),,+2(121),,,,+(41),,+1(241)
288,,河海大学,从零开始的ACM生活,金炬光,曾国琳,罗誉,,False,True,5,577,,+(133),,+(268),-7,+(8),,+1(96),,,,+(52),,
289,,山东大学,我不曾忘记,燕学烨,孙语聪,杨师玉,,False,True,5,582,,+(138),,+3(240),,+(9),,+1(71),,,,+(44),,
290,,南方科技大学,南方科技大学四队,丁哲昊,李滨,王惠民,,False,True,5,582,,+(55),,-3,+3(289),+(14),,+(96),-3,,,+(68),,
291,,西安交通大学,六兆年零一夜的 ACM,薛楠恺,黄万平,李子涵,,False,True,5,588,,+1(253),,+(165),,+(8),-3,+1(55),,,,+(67),,
292,103,哈尔滨工程大学,备用账号0721,蒋渡,金炜东,孙张畅,,False,True,5,601,,+(193),,+3(218),-1,+(11),,+1(57),,,,+(42),,
293,,华中科技大学,stick16,王子石,郭梓洋,刘嘉恒,,False,True,5,601,,+(80),,-12,,+(10),+5(298),+(81),,,,+(32),,
294,,浙大城市学院,云水璃灯外,林嘉亮,林景阳,张洋鸣,,False,True,5,603,,+(157),,+1(198),,+(12),,+(111),,,,+2(65),,
295,,西北工业大学,DDD,吴语,严诚治,武守恒,,False,True,5,605,,+(143),,+(260),,+(11),,+1(63),,,,+1(88),,
296,,杭州电子科技大学,2025杭电10队,吴宝欣,张王彬,叶育豪,,False,True,5,609,,+(95),,-2,+3(261),+(7),,+(121),,,,+(65),,
297,,西安电子科技大学,憧憬成为ACM高手,周川旸,郑冬阳,郑少寒,,False,True,5,610,,+(83),,,,+1(14),+2(256),+3(71),,,,+(66),,
298,,南京邮电大学,njupt25team008,李永鑫,杨颖翔,白耀文,,False,True,5,612,,+1(174),,+(243),,+(9),,+(118),,,,+(48),,
299,104,河南理工大学,呆头呆脑,张立攀,张科文,宋幸威,,False,True,5,614,,+(164),,+1(295),,+(10),,+(40),,,,+1(65),,
300,,天津大学,调一下午还不队,周北辰,王心桐,刘泽培,,False,True,5,615,,+(119),,+4(251),,+(11),-1,+2(48),,,,+(66),,
301,,同济大学,广铁集团,吴晶承,李堂辉,,,False,True,5,618,,+(66),,+2(296),-2,+(19),,+2(119),,,,+(38),,
302,,深圳大学,待甲为四才弊,张博汉,梅刚浩,姜顺元,,False,True,5,619,,+(55),,-8,+4(277),+(7),,+(122),,,,+(78),,
303,,南京大学,不对不对哦对的对的,胡世远,宣天宇,黄嘉扬,,False,True,5,621,,+1(123),,+1(169),-5,+(9),,+2(111),,,,+(129),,
304,,北京航空航天大学,哟哟,孙健钧,李澎瑞,黄伟宁,,False,True,5,621,,+(63),,+3(262),,+(16),,+2(103),,,,+(77),,
305,,兰州大学,驾着马车的OIer,马良,万全,张皓然,,False,True,5,624,,+1(90),,+1(269),-7,+(11),,+(131),,,,+(83),,
306,,哈尔滨工业大学,长崎不爽世 2,闫睿,陈信帆,黎子川,,False,True,5,627,,+2(88),,+(240),,+(10),,+3(160),,,,+(29),,
307,,浙江大学,小蜜蜂,陈子谦,靳鹏举,俞博,,False,True,5,635,,+(69),,-17,,+(8),+9(296),+(35),,,,+(47),,
308,,北京理工大学,过了样例也不队,邬宇炼,王舒晗,何大鹏,,False,True,5,637,,+(63),,+4(273),-4,+1(18),,+2(91),,,,+(52),,
309,105,中国矿业大学,忘记开spj,龚子贤,黄科海,梁浩均,,False,True,5,638,,+(150),,+1(215),,+(9),-2,+2(90),,,,+1(94),,
310,,中国科学技术大学,摸鱼之魂终将归来,温家睿,陈凌峰,林度,,False,True,5,638,,+(53),,-13,+2(229),+(10),,+5(141),,,,+(65),,
311,106,北京信息科技大学,苯环，我将亲手操办你的退役仪式,朱默涵,房承烨,方梓谦,,False,True,5,640,,+(105),,+(237),,+(11),-1,+4(179),,,,+(28),,
312,,中南大学,少猪哭泣乐队,吴让尧,吴俊杰,裴心童,,False,True,5,642,,+(96),,+1(262),,+(17),,+(164),,,,+(83),,
313,,天津大学,^v^,王嘉晨,万文彬,张翔智,,False,True,5,646,,+(75),,+3(268),,+(6),,+(119),,,,+(118),,
314,,重庆大学,次元沸腾,陈孙一硕,包函睿,韩金东,,False,True,5,647,,+(163),,+(221),,+(10),-1,+5(96),,,,+(57),,
315,,杭州电子科技大学,2025杭电16队,张舟,木义豪,谢之晗,,False,True,5,648,,+1(87),-1,+3(230),,+(7),,+4(73),,,,+(91),,
316,107,山东理工大学,果宝特攻,李彦硕,马新皓,姚翰洋,,False,True,5,651,,+(179),,+1(246),,+(8),,+1(141),,,,+(37),,
317,,北京邮电大学,我不道啊,陈启元,唐士淼,刘永琰,,False,True,5,655,,+1(109),,+4(254),-6,+(6),,+1(107),,,,+(59),,
318,,哈尔滨工业大学（深圳）,这么出题是吧？,蔡易轩,陈佳横,陈畅霖,,False,True,5,656,,+(134),,,+5(265),+(4),,+2(49),,,,+(64),,
319,108,丽水学院,月相人生,杨楠,孙愉超,江安煜,,False,True,5,659,,+(98),,+4(265),,+(9),,+1(162),,,,+(25),,
320,,成都信息工程大学,冷焰,陈帅,袁铭远,王浩然,,False,True,5,660,,+1(169),,+(236),,+(11),,+3(97),,,,+(67),,-5
321,,南京大学,黑骑士,鲍辰睿,周尹丞,寇裕林,,False,True,5,660,,+(128),,-4,+4(240),+(9),-1,+4(56),,,,+(67),,
322,,浙江工商大学,魔法火焰,邬子阳,詹海吉,徐晓轩,,False,True,5,661,,+(53),,+1(287),,+(16),,+4(163),,,,+(42),,
323,109,国防科技大学,刷题两天会做AC自动机,杨天鹏,彭正圣,马艺洋,,False,True,5,662,,+(230),,+(260),,+(5),-1,+2(52),,,,+(75),,
324,110,深圳技术大学,SZTU_水银之毒,蔡泽垲,刘俊豪,林坚炜,,False,True,5,662,,+(97),,+2(281),,+(14),-2,+1(180),,,,+(30),,
325,111,西华大学,鸡蛋糕,石浩楠,吴岚轩,先江涛,,False,True,5,667,,+(155),,+1(258),,+(15),,+2(100),,,,+(79),,
326,112,南昌航空大学,集训吃饭不排队,于峰,赖剑峰,邹仁杰,,False,True,5,669,,+1(180),-1,+3(295),-2,+(8),-1,+(45),-1,-1,-1,+(61),-1,-1
327,,浙江理工大学,这题真做不队,张峻松,苏沛铭,柴春阳,,False,True,5,678,,+(170),,,,+(9),,+3(144),,,,+(46),,+2(209)
328,,四川大学,猎捕算法队,黄雨阳,陈启越,付乙淼,,False,True,5,678,,+(141),,-9,+1(264),+1(14),,+3(89),,,,+(70),,
329,,中南大学,十四行诗十四行,高显堤,龚垚淼,李奕儒,,False,True,5,684,,+2(205),,+(273),,+(9),,+2(37),,,,+(80),,
330,,杭州师范大学,调和线束,张卓,何敏璐,温从锭,,False,True,5,692,,+(82),,+7(294),,+(8),-2,+(128),,,,+(40),,
331,113,宁波工程学院,叮咚哈基米,陆弘杰,蔡浩宇,胡一鸣,,False,True,5,696,,+(170),,+2(286),,+(12),,+2(112),,,,+(36),,
332,114,湖北工业大学,Doro给你带了哦润吉,梅锦昕,李怡爽,黄胡智宇,,False,True,5,697,,+1(147),,+(261),-3,+1(18),,+1(136),,,,+1(55),,
333,115,长安大学,斑斓色彩,胡艺瀚,钱麦曲,周乐恒,,False,True,5,699,,+1(178),,+2(295),,+(8),,+1(68),,,,+(70),,
334,,华南师范大学,注意到用Zeta(1)表示素数阶乘的魔法,蔡润钦,余昕烨,温则葆,,False,True,5,702,,+(216),,,+2(116),+(12),,+(257),,,,+1(41),,
335,116,衡阳师范学院,WA就是AC,王葡豪,郑庆,戴璐瑶,,False,True,5,704,,+(182),,+5(289),,+(8),,+(37),,,,+1(68),,
336,,东北大学秦皇岛分校,Fire Bird,邓逸飞,尹瀚磊,段俊宏,,False,True,5,706,,+(187),,+2(223),-1,+1(28),,+2(100),,,,+(68),,
337,117,广西大学,远航者的幻想乡,张健明,陶康,孙怿翔,,False,True,5,710,,+(151),,+1(227),-3,+(9),,+3(184),,,,+(59),,
338,118,浙大宁波理工学院,倒头就睡,张奔晟,陈洪逸,钱晨,,False,True,5,715,,+(117),,+(279),,+1(10),,+4(176),,,,+(33),,
339,,重庆邮电大学,流离之人追逐幻影,欧阳馨,任明乾,孙艺恒,,False,True,5,718,,+3(185),,+2(254),-5,+(7),,+3(64),,,,+(48),,
340,119,赣东学院,世界遗忘我,李垚隆,,,,False,True,5,719,,+3(169),,+2(254),,+(10),,+3(57),,,,+(69),,
341,120,南京工业大学,我太想进步了,叶劭伟,钱致宁,,,False,True,5,719,,+(184),,+2(267),,+(9),,+3(133),,,,+(26),,
342,,同济大学,Non-Trivial TLE,潘越,许思源,上官思洋,,False,True,5,722,,+(188),,+4(285),,+(9),,+2(80),,,,+(40),,
343,,北京邮电大学,LAA is ALL,林米乐,安奕轩,安澍,,False,True,5,724,,+(93),,-1,+2(282),+(10),,+3(170),,,,+1(49),,
344,,清华大学,暴力都能队,林声熙,邱名浩,李凌岳,,False,True,5,725,,+(75),,+2(187),,+(11),,+4(291),,,,+(41),,
345,121,暨南大学,晋级就行,黄一帆,郭志翔,陈弈帆,,False,True,5,726,,+(204),,+(242),,+(12),,+2(129),,,,+1(79),,
346,122,西南财经大学,狼狼狼,吴晗,杨龙皓,匡政宇,,False,True,5,726,,+1(175),,+5(297),,+(5),,+(86),,,,+(43),,
347,,深圳大学,青春5d0学姐不会梦见ACM少年,徐嘉哲,吴岱琳,冉起,,False,True,5,738,,+(174),,+1(296),,+(11),,+3(137),,,,+(40),,
348,,武汉大学,核心算法,魏俊涛,杨锦熙,戴天奕,,False,True,5,740,,+1(117),,+(259),,+(8),-2,+3(218),,,,+1(38),,
349,,暨南大学,没测样例就交,刘昌源,王宇涛,杨希桐,,False,True,5,742,,+(142),,+8(267),-1,+(8),,+1(99),,,,+(46),,
350,123,上海电力大学,沉入奈落之底,朱凯年,胡凌,王鼎皓,,False,True,5,745,,+(168),,-4,+5(299),+(8),,+1(113),,,,+(37),,
351,,华东师范大学,假飞了！,冯中信,姜朝顺,陈赵润,,False,True,5,752,,+(219),,+1(174),,+(7),,+6(133),,,,+1(59),,-2
352,124,青岛理工大学,哈气之路,付俊潇,方同俊,姚淅文,,False,True,5,754,,+(174),,+2(271),,+(10),,+1(194),,,,+(45),,
353,125,天津理工大学,带派不,李衍硕,佟佳华,白佳明,,False,True,5,754,,+(98),,+3(299),,+(6),,+3(189),,,,+(42),-1,
354,,西湖大学,轰炸机数学学院,汪阳,贾岚晴,俞开,,False,True,5,762,,+1(175),,,,+(5),+4(240),+5(103),,,,+(39),,
355,,成都信息工程大学,BanG Dream! It's MyALGO!!!!!,陈礼烨,常旭海,吴沂谦,,False,True,5,764,,+(267),,-1,,+1(14),,+3(150),,,,+(56),,+3(137)
356,126,安徽大学,众梦之聚,许钧剑,周宇轩,姚锐,,False,True,5,767,,+(211),,+2(293),,+(15),,+2(69),,,,+(99),,
357,,中南大学,老司机带带我,吴子健,林宇煌,朱芝毅,,False,True,5,768,,+(80),,+7(297),,+(9),-3,+3(144),,,,+(38),,
358,127,西北大学,忆月葬雪,安俊杰,蒋宏烨,顾舜天,,False,True,5,769,,+(91),,+8(294),,+(10),,+2(125),,,,+(49),,
359,,杭州电子科技大学,2025杭电9队,黄泽彬,金品曦,吴晨涛,,False,True,5,776,,+(216),,+2(191),,+(12),-3,+1(256),,,,+(41),,
360,128,安徽理工大学,我永远喜欢Chtholly,厉东霖,徐歌,林逸晖,,False,True,5,781,,+(269),,,+1(230),+(7),,+4(108),,,,+1(47),,
361,,福州大学,我什么都做不到,王镜翔,林陈邦,吴玮航,,False,True,5,786,,+3(177),,,+4(298),+(6),,+3(77),,,,+(28),,
362,129,成都锦城学院,XiaoMo最后一舞,邓力豪,程义威,杨哲,,False,True,5,792,,+(207),,+(291),,+(16),,+3(137),,,,+(81),,
363,,浙江师范大学,ACM（★）| 花开富贵（崭新出厂）,李燕斌,张之娴,吴昂泽,,False,True,5,795,,+(182),,+(289),-3,+2(16),,+2(151),,,,+(77),,
364,,东北大学,东北大学_氕氘氚氦氖氩氪氙氡鿫,吴皓天,李天宇,施禛祾,,False,True,5,798,,+1(130),,+1(299),,+(10),,+2(240),,,,+(39),,
365,,西安交通大学,锦筝叹,胡辰同,钟宇,李牧远,,False,True,5,802,,+(124),,+4(277),,+(6),,+7(137),,,,+(38),,
366,,河北师范大学,指尖破晓,曾云昊,贺雪杭,秦晓,,False,True,5,803,,+1(111),,+2(283),,+(10),,+4(188),,,,+(71),,
367,,东北大学,东北大学_实在不行输出随机数吧,王百汇,施博文,董新畅,,False,True,5,804,,+(52),,+5(258),,+(8),,+11(102),,,,+(64),,
368,,兰州大学,迷途之子!!!,吕澎,吴晨阳,张恩彬,,False,True,5,807,,+1(117),,,+4(228),+1(9),,+7(135),,,,+1(38),,
369,,山东理工大学,我是天选，也是唯一,梁嘉坤,张龙庆,王一铭,,False,True,5,808,,+1(207),,+7(280),,+(11),,+(115),,,,+(35),,
370,,同济大学,重生之不可以总司令,韩昊苏,武煦,宋瑞,,False,True,5,811,,+(131),-3,-1,+3(247),+(17),,+6(176),,,,+(60),,
371,,浙江工业大学,ZJUT6,李明锋,庄榕程,陈圣威,,False,True,5,817,,+(170),,-1,,+(6),,+3(234),,,,+(66),,+(281)
372,,浙大宁波理工学院,青梅绿茶,涂荣基,吴东,吴泽坤,,False,True,5,821,,+(218),,+(298),,+(11),,+4(159),,,,+(55),,
373,,香港中文大学（深圳）,saber，saber，什么时候吃完饭,梁皓,余哲伟,许可捷,,False,True,5,830,,+(199),,+2(277),,+(7),,+6(135),,,,+(52),,
374,130,华北电力大学（保定）,红绿色奶龙,朱浩宇,刘强,黄佳乐,,False,True,5,837,,+(190),,,,+2(20),-1,+2(165),,,,+(60),,+3(262)
375,,厦门大学,三占从二,宋浩元,江彦韬,陈嘉硕,,False,True,5,840,,+(125),,+4(267),,+(6),,+5(227),,,,+(35),,
376,,南京航空航天大学,星群,徐皓,明昇,李立星,,False,True,5,852,,+(126),,+(292),,+(9),,+4(266),,,,+1(59),,
377,,长安大学,丝玛龙仆,刘葆骐,高源,辜颖燊,,False,True,5,870,,+1(128),,+1(217),,+(9),-9,+15(121),,,,+(55),,
378,,上海科技大学,队名++;,陈籽安,何宗原,伍行,,False,True,5,881,,+(207),,-5,+2(272),+(5),,+6(186),,,,+(51),,
379,,中国科学技术大学,静蓝,杨思汗,李翰阳,马亦凡,,False,True,5,881,,+4(207),,,,+(5),,+4(116),,,,+(29),,+4(284)
380,,哈尔滨工业大学（威海）,"WA,AC!",尹瀚铭,孙云起,王尧中,,False,True,5,882,,+(131),,+5(256),,+(10),,+4(263),,,,+(42),,
,,南京大学,九九,许世泽,朱伟鹏,张宸源,,False,False,5,893,,+(39),,-6,+14(236),+(9),,+10(88),,,,+(41),,
381,131,湘潭大学,湘大二队,王兮,谭诚,颜伟斌,,False,True,5,915,,+(243),,+2(288),,+(6),,+6(160),,,,+(58),,
382,,深圳大学,太空曼波,肖俊祺,温家燊,廖昱堃,,False,True,5,957,,+(127),,,+6(293),+(3),,+7(235),,,,+(39),,
383,132,苏州大学,憧憬成为算竞糕手,张天伦,余睿,刘科润,,False,True,5,964,,+(61),,+6(275),,+1(9),,+12(204),,,,+(35),,
384,,浙大宁波理工学院,漫长的夏季,陈泽楷,周艺杰,余健林,,False,True,5,969,,+3(293),,+6(263),,+(12),,+3(120),,,,+(41),,
385,133,西安科技大学,炼金术士,李姜帅,袁伯琦,罗元,,False,True,5,985,,+2(253),,+9(284),,+(8),,+3(121),,,,+(39),,
386,134,北京工业大学,铁牌也是牌,李俊良,江云天,冯际鸣,,False,True,5,1013,,+(109),,+6(238),,+(7),,+13(219),,,,+1(40),,
387,,电子科技大学,UESTC_EndlessEmbrace,王彬丞,王鹏,余天羽,,False,True,5,1080,,+(110),,-4,+4(298),+(14),,+11(231),,,,+1(107),,
388,,长春理工大学,那一天的寂寞寂寞起来,李佳阳,满统勋,何宇航,,False,True,5,1117,,+8(256),,,,+(9),,+11(119),+(244),,,+1(89),,
389,135,中国海洋大学,养马王,杨辰方,王佳昊,马英硕,,False,True,5,1131,,+(133),,+4(297),,+(10),,+10(277),,,,+2(94),,
390,,山东大学,不万元申万的,张讯,荆昱熹,彭麟翔,,False,True,5,1214,,+(175),,,,+(13),,+23(192),,,,+(30),,+4(264)
391,,上海科技大学,军训时在做什么？,姜昕宇,王俊篪,陈钊堃,,False,True,4,176,,+(21),,-11,,+(14),,+1(75),,,,+(46),,
392,,上海科技大学,WACMLE,付余阳光,李卓轩,陈冠宇,,False,True,4,197,,+(85),,-11,,+1(10),-1,+(34),,,,+(48),,
393,136,新疆大学,星恒开曙色,夏健翔,蒋佳宇,候雅虹,,False,True,4,203,,+(101),,-3,-3,+(23),,+(32),,,,+(47),,
394,137,安徽师范大学,天码行空,张春龙,吕金霖,梁峻铭,,False,True,4,227,,+(74),,-4,,+(3),,+2(82),,,,+(28),,
395,138,湖南农业大学,会赢的,李海芬,李南翃,董振华,,False,True,4,237,,+(102),,-17,-5,+(6),-7,+1(56),,,,+(53),,
396,,重庆邮电大学,蓝桥杯喵之队,李悦,朱易轩,陈楷文,,False,True,4,241,,+(100),,-7,-1,+(9),,+1(48),,,,+(64),,
397,,杭州电子科技大学,2025杭电7队,高书捷,王磊,祁梵森,,False,True,4,247,,+(88),,-7,,+(9),,+(113),,,,+(37),,
398,,浙江工商大学,空花阳焰,徐贤涛,王哲,薛强,,False,True,4,249,,+(94),,-5,-3,+(9),,+(62),,,,+(84),,
399,,福州大学,我喜欢你,叶志杰,王志浩,邱镇海,,False,True,4,249,,+(118),,-10,,+(16),-1,+2(47),,,,+(28),,
400,,福州大学,风雪夜归人,饶凯辰,官瑜,肖羽石,,False,True,4,252,,+(78),,-8,,+(10),,+1(121),,,,+(23),,
401,,暨南大学,码物语,梁子龙,姚沛雨,郑天翔,,False,True,4,256,,+(103),,-1,-1,+(6),,+2(60),,,,+(47),,
402,,吉林大学,终焉夜雨,席乐媛,欧阳承风,唐德睿,,False,True,4,261,,+1(119),,-7,-4,+(7),-1,+1(57),,,,+(38),,
403,,同济大学,菜的 Fe 弃子队,宋冠程,付伟吉,杨欣然,,False,True,4,267,,+(28),,-2,-4,+(9),,+2(135),,,,+(55),,
404,139,浙江科技大学,老人带新人,范思哲,孙以恒,徐林灿,,False,True,4,268,,+1(89),,,,+1(8),,+1(62),,,,+(49),,
405,,北京理工大学,树状数组,谭笑,高天翔,张振宇,,False,True,4,268,,+(75),,-5,,+(7),,+1(126),-2,,,+(40),,
406,140,武汉轻工大学,又被压力哩,姚绮翔,丁锦烨,刘俊泽,,False,True,4,269,,+(99),,-3,,+1(16),,+2(55),,,,+(39),,
407,,苏州大学,憧憬学会STL,周子尧,李宇杰,范宇辰,,False,True,4,269,,+(131),,-4,,+(3),-1,+(55),,,,+(80),,
408,,北京邮电大学,金牌厨师,乔函祺,李思远,马铂凯,,False,True,4,270,,+(159),,,-2,+(9),,+(74),,,,+(28),,
409,,北京理工大学,不要rua我喵,章一沛,项俊杰,冯靖轩,,False,True,4,274,,+(120),,-1,-9,+(14),,+2(54),,,,+(46),,
410,141,郑州轻工业大学,苏坡比个卡普,栗闫恒,夏高祥,薛晓煜,,False,True,4,276,,+(111),,,,+1(14),,+1(58),,,,+(53),,
411,,哈尔滨工业大学,长崎不爽世 1,杜宇丰,杨鹏宇,李昕阳,,False,True,4,276,,+(138),,-4,,+(11),,+(90),,,,+(37),,
412,,山东理工大学,熵减新生,刘超,袁烨,张俊,,False,True,4,276,,+(55),,,,+(7),,+(146),,,,+(68),,
413,,北京理工大学,动态树,齐轩宇,张家诚,邱昌威,,False,True,4,280,,+(57),,+(150),,+(8),-2,-9,,,,+(65),,
414,,湖南科技大学,湖南科大四队,江宇,芦建辉,马思忱,,False,True,4,281,,+(118),,,,+(23),,+1(75),,,,+(45),,
415,142,华南农业大学,其实错完了,江煊杰,袁菱,钟启航,,False,True,4,282,,+(144),-7,,,+(10),,+1(36),,,,+(72),,
416,,香港科技大学广州,火龙果队,王子翔,黎殷豪,王浩然,,False,True,4,284,,+(57),,-10,,+1(12),,+2(106),,,,+(49),,
417,143,集美大学,远方,洪韩毅,陈华弘,廖杰如,,False,True,4,284,,+1(103),,-3,,+(6),-1,+(107),,,,+(48),,
418,,西安交通大学,不知道起什么就不起了吧,王皓文,陈智,,,False,True,4,285,,+1(149),,,,+(7),,+(43),,,,+(66),,
419,,华东师范大学,去有风的地方,单敏杰,江楠,杜霖,,False,True,4,286,,+(107),-1,-9,-1,+(8),-1,+1(65),-1,-1,-1,+1(66),-1,-1
420,,同济大学,过了样例就算队,郑梓健,张丞玮,邓双南,,False,True,4,287,,+(90),,,,+(10),,+1(124),,,,+(43),,
421,,厦门大学,请输入文本,陈浩泽,谢舜天,郑榜韬,,False,True,4,288,,+(115),,-3,,+(5),,+1(69),,,,+(79),,
422,,浙江理工大学,忍界鸽歌代我妃,张浩,干佳立,项帅,,False,True,4,289,,+(90),-12,-2,,+(11),,+2(71),,,,+(77),,
423,,电子科技大学,UESTC_MatchaParfait,孙博林,李鸣宇,滕鎧泽,,False,True,4,292,,+(87),,-5,,+(8),,+3(104),,,,+(33),,
424,144,北京科技大学,顽强报名奖,潘涵,董瑞洋,姜皓凯,,False,True,4,292,,+(106),,-3,-2,+(6),,+(138),,,,+(42),,
425,145,安徽农业大学,哈基米徳,韩贺宇,陈溪,杨皓宇,,False,True,4,294,,+1(111),,,,+(12),,+(104),,,,+(47),,
426,,福州大学,wa库wa库,张仁杰,林宏宇,洪佳盛,,False,True,4,297,,+(154),,,,+(8),,+(82),,,,+(53),,
427,146,天津工业大学,良田满穗,侯仁正,李翊萌,应嘉宇,,False,True,4,300,,+1(157),,-1,,+(7),,+2(47),,,,+(29),,
428,,南京航空航天大学,逸群之彦,王煜文,郑策,何东泽,,False,True,4,301,,+(113),,-18,,+(9),,+2(93),,,,+(46),,
429,,西安交通大学,今日澄,刘欣楠,杨润轩,杨一帆,,False,True,4,301,,+1(165),,-13,,+1(7),,+1(28),,,,+(41),,-1
430,,南京大学,哥布林重生,徐梓鸣,李熠城,刘子健,,False,True,4,302,,+(140),,-3,,+(10),-4,+1(100),,,,+(32),,
431,,安徽大学,喵喵喵~,董劲豪,郑皓天,姚天翔,,False,True,4,304,,+(96),,,,+(25),,+(134),,,,+(49),,-1
432,,南昌航空大学,那一天的算法，算法起来,林培豪,曾钦文,张进超,,False,True,4,305,,+1(136),,-10,,+(14),,+(76),,,,+(59),,
433,147,华中农业大学,闪光袋鼠哥哥,雷博琦,艾子鸣,胡泽宇,,False,True,4,310,,+(104),,-7,,+(6),,+(151),,,,+(49),,
434,,北京师范大学,火龙狗,谢秋凡,王宇畅,肖梓尧,,False,True,4,311,,+(150),,,,+(11),,+1(73),,,,+(57),,
435,,湖南大学,蝴蝶穿花,陈明哲,李知夏,萧楚寒,,False,True,4,312,,+(137),,,,+(6),,+2(86),,,,+(43),,
436,,香港科技大学广州,那很有生活了,刘芮宇,许博涵,左眩瑞,,False,True,4,320,,+1(76),,-3,-3,+2(13),,+2(86),,,,+(45),,
437,,东北大学,东北大学_你是一只猫娘,孙祥坤,卢逸衡,张天一,,False,True,4,321,,+(106),,,-3,+(8),,+1(117),,,,+1(50),,
438,,山东理工大学,夜航星,汤星宇,吴文斌,吕宏业,,False,True,4,321,,+(81),,,,+(8),,+2(145),,,,+(47),,
439,148,河南大学,不协和音程,曹家宁,孙小文,罗施达,,False,True,4,322,,+1(147),,-25,,+(5),,+3(56),,,,+(34),,
440,,南京航空航天大学,原子牌锅贴,黄耘青,桑浩然,池明轩,,False,True,4,323,,+(126),,-2,,+1(15),,+2(47),,,,+(75),,
441,,东北大学,东北大学_必码温,钟炳毅,王浩旸,唐俊杰,,False,True,4,323,,+1(146),,,,+(7),,+(97),,,,+(53),,
442,,西南民族大学,Two to Two,韦慧欣,俞铭泽,俞欣,,False,True,4,325,,+(130),,-11,,+(12),,+1(117),,,,+(46),,
443,149,浙江财经大学,压缩饼干,陈君豪,王强,林煜超,,False,True,4,325,,+1(154),,-8,,+(12),,+1(86),,,,+(33),,
444,,山东大学（威海）,青春蟒蛇少年不会梦到TLE学姐,刘旸,陈甲申,刘艺航,,False,True,4,330,,+(92),,-7,,+(8),,+(150),,,,+1(60),,
445,,杭州师范大学,我要对你实行我的AC专属权,葛宇逍,陈宇雯,陈玥汕,,False,True,4,330,,+(195),,-1,,+(14),,+(85),,,,+(36),,
446,150,宁波财经学院,宁波财经学院,王泽宇,李辉鸿,张泽洋,,False,True,4,332,,+(80),,-18,,+1(10),,+3(130),,,,+(32),,
447,,武汉大学,凌波门栈溢出,陆麟瑞,王加文,柯志轩,,False,True,4,334,,+(103),,-7,,+(17),,+1(89),,,,+(105),,
448,,南开大学,中文队伍名,谭易,母焯行,郁卓阳,,False,True,4,334,,+(157),,,,+(4),,+2(107),,,,+(26),,
449,,杭州电子科技大学,2025杭电13队,蔡兴宇,王策,吴朝阳,,False,True,4,336,,+(96),,-1,,+(10),,+1(162),,,,+(48),,
450,,山东大学,吴郭陈,郭雨欣,吴叶轩,陈海斌,,False,True,4,337,,+(111),,-1,,+(12),,+(54),,,,+1(140),,
451,151,江西农业大学,领航者,刘圣丰,江柏霖,吴楚扬,,False,True,4,337,,+(161),,-1,,+(10),,+2(85),,,,+(41),,-3
452,152,东北师范大学,重生为侠盗猎车手在斯普拉遁狩猎历战黑蚀龙,潘可欣,李超平,林律融,,False,True,4,338,,+(102),,-5,,+(8),,+5(97),,,,+(31),,
453,,东南大学,梦想成为算法少女,秦绍康,霍光哲,张闰祺,,False,True,4,338,,+1(171),,,-2,+(9),,+(56),,,,+1(62),,
454,,南京信息工程大学,冰红茶说的都队,赵彬宏,田轹文,俞卓群,,False,True,4,339,,+(89),,-13,-1,+(5),,+3(59),,,,+1(106),,
455,,浙江财经大学,压缩毛巾,陈凯煜,唐俊杰,桑汉成,,False,True,4,340,,+(154),,-7,,+1(15),,+1(95),,,,+(36),,
456,153,河南师范大学,起个简单点的吧,荆文超,许恩铎,骆怡娉,,False,True,4,341,,+(44),,-11,,+(9),,+5(142),,,,+(46),,
457,,吉林大学,火箭毛毛虫,康德润,刘雅奇,程宇星,,False,True,4,341,,+(155),,-8,,+(10),,+1(108),,,,+(48),,
458,154,上海财经大学,我们AK CCPC,史靖玮,陶晟昱,陈嘉,,False,True,4,344,,+1(117),,-5,,+1(6),,+3(82),,,,+(39),,
459,,广东工业大学,加睡,梁若飞,梁伟,倪润东,,False,True,4,345,,+(118),,-2,-4,+(11),,+3(58),,,,+2(58),,
,,暨南大学,cyf粉丝群,吴连捷,谭翰煨,陈治明,,False,False,4,346,,+(141),,,,+(14),,+3(53),,,,+(78),,
460,,长春理工大学,是长理不是厂里,罗卫泽,骆柏荣,徐瑞奇,,False,True,4,346,,+(168),,-3,,+(7),,+1(79),,,,+(72),,
461,155,中国农业大学,CAU_CiAllo University,杨维昊,王曦田,桑浩翔,,False,True,4,347,,+(103),,,-9,+(11),,+3(99),,,,+(74),,
462,,湘潭大学,湘大九队,邹瑞,黄文乐,吴凡雨,,False,True,4,349,,+(176),,,-4,+(10),,+1(98),,,,+(45),,
463,,国防科技大学,再让我A一道,张航耀,刘景毅,左智文,,False,True,4,350,,+(86),,,-2,+(13),,+2(97),,,,+1(94),,
464,,上海大学,i64,陈勇,邱吉睿,吴天宇,,False,True,4,350,,+(51),,-2,,+(11),,+2(203),,,,+(45),,
465,156,成都大学,妹相随～黑白世界的缤纷冒险～,万名森,冉天祺,赵嘉源,,False,True,4,351,,+1(153),,-7,,+(6),,+1(81),,,,+1(51),,
466,157,内蒙古大学,等我长小了也要打OI,岳宗博,戴维,邓宇沛,,False,True,4,351,,+(109),,-2,,+(6),,+2(166),,,,+(30),,
467,,浙江师范大学,听取WA声一片,赵文博,倪千淇,樊彬,,False,True,4,357,,+2(105),,,,+(14),,+(155),,,,+(43),,
468,,西安电子科技大学,喵亦或鱼,谢睿杰,冯子诚,文童宇,,False,True,4,362,,-2,,+(206),,+(11),-1,+(88),,,,+(57),,
469,,北京航空航天大学,13级大风,王肖鉴,李东骏,敬若曦,,False,True,4,363,,+(51),,-3,,+1(9),,+2(88),,,,+1(135),,
470,,南方科技大学,南方科技大学五队,张业琛,光熠阳,曾沛宸,,False,True,4,364,,+(96),,-9,-1,+(10),,+4(133),,,,+(45),,
471,,东南大学,DNA计算,潘亦新,,,,False,True,4,364,,+(162),,,,+(5),,+3(107),,,,+(30),,
472,158,沈阳理工大学,Silvercloud Dreamer,闻家尉,金礼骁,赵丰满,,False,True,4,364,,+(205),,-3,,+(10),,+2(70),,,,+(39),,
473,,杭州师范大学,星弈,徐鑫懿,王科然,林丰,,False,True,4,367,,+(44),,-1,,+(9),,+3(196),,,,+(58),,
474,159,北京化工大学,北极熊,彭天祺,陈昊然,熊家怡,,False,True,4,368,,+(128),,-4,,+(6),,+2(148),,,,+(46),,
475,,杭州电子科技大学,2025杭电4队,帅嘉洋,王麒润,刘翔,,False,True,4,368,,+(163),,-5,-3,+(5),,+4(85),,,,+(35),,
476,,南京信息工程大学,想想,赵柯帆,吴家骐,程天乐,,False,True,4,370,,+(87),,-3,,+(5),,+2(178),,,,+(60),,
477,160,陕西师范大学,队友爱打乌蒙,王永政,陈明坤,左祖光,,False,True,4,371,,+(161),,-1,,+(6),,+2(118),,,,+(46),,
478,,东北大学秦皇岛分校,蓦然回首,陈天文,龚唯涵,尚昀飞,,False,True,4,371,,+(104),,,-1,+(15),,+2(162),,,,+(50),,
479,161,苏州科技大学,鹿鹿鹿,贺鹏飞,倪翊诚,李衍庆,,False,True,4,371,,+(169),,-1,,+(11),-1,+2(81),,,,+(70),,
480,,西安交通大学,这是一个ACM队,林子涵,陈骏翔,张未艾,,False,True,4,373,,+(105),,,,+(10),,+3(155),-8,,,+(43),,
481,,东北大学,东北大学_Summer_Pockets,李京洲,张绍宸,华俊澄,,False,True,4,373,,+(184),,,,+(12),,+3(59),,,,+(58),,
482,162,电子科技大学中山学院,随便做都队,黄潇岳,赵英炜,程旭,,False,True,4,373,,+(194),,,,+1(14),,+(92),,,,+(53),,
483,,浙江师范大学,我将以猫形态出击 Gundam Cat,兰博望,余健原,周雨星,,False,True,4,374,,+(114),,-1,,+(7),,+3(140),,,,+(53),,
484,,武汉科技大学,赤色风铃,王宇杰,明正阳,左新宇,,False,True,4,374,,+1(76),,,,+(5),,+2(190),,,,+(43),,
485,,北京邮电大学,MC启动,谭斯允,姜博然,李健,,False,True,4,375,,+(58),,,,+(8),,+2(124),,,,+1(125),,
486,,东北大学秦皇岛分校,恋的零次方,杨开元,李昌岳,陈奕晨,,False,True,4,375,,+(99),-1,,,+(5),,+3(154),-4,,,+1(37),,
487,163,河南农业大学,不配搞抽象,许博文,张云博,赵嘉驰,,False,True,4,375,,+(203),,,,+(9),,+1(93),,,,+(50),,
488,,浙江理工大学,幻想郷最強伝説と完全で瀟洒,胡涛,陈足楷,颜林浩,,False,True,4,379,,+(90),,-1,,+(10),,+2(98),,,,+1(121),,
489,,东南大学,trrrrtrrrtrrtrt,周启凡,魏子何,顾凌晗,,False,True,4,379,,+(73),,-2,,+(11),,+4(176),,,,+(39),,
490,,吉林大学,栈深不知处,毛胜超,王星皓,石津豪,,False,True,4,380,,+(100),,,,+(6),,+1(171),,,,+1(63),,
491,164,广东东软学院,再拿一个银她就会回来找我,朱梓瀚,黄炜填,黄琳峰,,False,True,4,381,,+(190),,-1,,+(7),,+1(104),,,,+(60),,
492,,上海大学,对对对,潘子扬,聂冬亮,吴宇辉,,False,True,4,382,,,,+1(219),-3,+(7),,+(44),,,,+1(72),,
493,,湖南大学,凌空摘星,朱潇庸,刘博文,陈梵,,False,True,4,383,,+1(92),,-3,,+1(17),,+2(137),,,,+(57),,
494,,湖南大学,白狼,程琅琅,邵子瑞,胡琪强,,False,True,4,383,,+1(199),,,,+(11),,+2(49),,,,+(64),,
495,,华南师范大学,李梓健,古嘉诚,,,,False,True,4,384,,+(158),,-12,,+(11),,+3(82),,,,+(73),,
496,,国防科技大学,那么这一时刻又有老铁问了,谢天一,刘杭宇,曹思源,,False,True,4,385,,+(230),,,,+(6),,+1(72),,,,+(57),,
497,165,中国石油大学北京克拉玛依校区,三个绿名,邬圣锋,刘佳一,蔡昊烨,,False,True,4,386,,+(139),,,,+(13),,+3(75),,,,+(99),,
498,,东华大学,猫尾草,刘一杰,詹子涵,占宏,,False,True,4,386,,+1(96),,,,+(20),,+1(162),,,,+(68),,
499,,南开大学,缺乏灵感的菇,李佳璞,张宸笛号,黄尚扬,,False,True,4,386,,+(236),,,,+(8),,-11,,,,+(55),,+(87)
500,,杭州师范大学,哈哈请冷静,冷题名,黄祺恺,乔迪,,False,True,4,387,,+(82),,-2,,+(7),,+3(152),,,,+1(66),,
501,166,山西大学,咖波后援团,柳伟康,李奕凡,许烨,,False,True,4,387,,+1(181),,-1,,+1(11),,+1(87),,,,+(48),,
502,,东南大学,我最不会起名了,李睿佳,魏思远,覃业明,,False,True,4,388,,+(97),,,,+(9),,-4,,,,+(49),,+(233)
503,,湘潭大学,湘大一队,谢东骏,李名杰,谢先皓,,False,True,4,389,,+(158),,,-7,+(7),,+(68),,,,+2(116),,
504,,南京信息工程大学,旧梦新章,魏天佑,边上策,曹煜珑,,False,True,4,389,,+1(185),,-4,,+(13),,+1(47),,,,+1(84),,-1
505,,南京大学苏州校区,悠扬华章,杨照华,谢邹阳,沈悠然,,False,True,4,399,,+1(175),,-1,,+(12),,+3(65),,,,+(67),,
506,,大连理工大学,dlut03,蓝海洋,吴锡奎,陈德威,,False,True,4,399,,+1(192),,-13,,+(7),,+1(100),,,,+(60),,
507,167,苏州工学院,菜狗之我要重生,戈心宇,宋顾嘉,丁钰铸,,False,True,4,399,,+(240),,,,+(6),,+(123),,,,+(30),,
508,168,四川师范大学,一觉醒来，全球算法水平下降一万倍,陈雨泉,罗志,刘航志,,False,True,4,400,,+(218),,,,+(9),,+2(98),,,,+(35),,
509,169,浙江工业大学之江学院,做博丽灵梦谈古明地恋睡古明地觉,徐锐,钱嘉炜,肖方涛,,False,True,4,402,,+1(201),,,,+1(11),,+(99),,,,+(51),,
510,170,大连理工大学盘锦校区,亡命之徒,杨镇熙,曹瀚文,陈嘉佑,,False,True,4,403,,+(172),,,,+(12),,+(60),,,,+2(119),,
511,171,辽宁大学,月影宵行,高斐鸿,庞宇呈,夏宇杰,,False,True,4,403,,+(69),,,,+(9),,+1(219),,,,+(86),,
512,172,哈尔滨理工大学,HRBUST7,冉渝旭,刘名洋,王春龙,,False,True,4,405,,+1(125),,-13,,+(12),,+(194),,,,+(54),,
513,,东华大学,东华大学9队,胡俞希,程政凯,崔麒锐,,False,True,4,406,,+(153),,-2,,+1(17),,+1(107),,,,+(89),,
,,山东大学,你，去比赛了吧…和我不认识的人一起,危弘毅,孙晨涵,缪若凡,,False,False,4,406,,+(120),,-12,,+(9),,+3(170),,,,+(47),,
514,,华南理工大学,失落之城,王雅恒,叶文煜,黄烁韩,,False,True,4,406,,+1(82),,-10,-1,+(8),,+3(174),,,,+(62),,
515,,浙江工商大学,珂朵莉,林仁豪,陈孝乐,郑铁峥,,False,True,4,406,,+(90),,-5,,+(9),,+4(177),,,,+(50),,
516,,北京理工大学,哈基米哦南北绿豆啊西嘎哈呀库,梁思源,彭田栩,郑润哲,,False,True,4,407,,+1(75),,-3,,+1(22),,+2(141),,,,+(89),,
517,,北京邮电大学,以上队伍通过图灵测试,吴宇锴,施岩焜,李子俊,,False,True,4,407,,+1(190),,-8,,+(15),,+1(117),,,,+(45),,
518,,华南师范大学,过了样例就算对,丁林,曾翔,何文标,,False,True,4,407,,+1(133),,+(193),,+(9),,-4,,,,+(52),,
519,173,莆田学院,口胡金牌题,许庆华,龚磊,柳永康,,False,True,4,407,,+(88),,,,+1(9),-3,+3(195),,,,+(35),,
520,,华南理工大学,请你吃好吃的,黄仕填,王烁云,徐烨辉,,False,True,4,407,,+2(113),,+(213),-2,+(10),,-6,,,,+(31),,
521,174,河南工程学院,南苑二队,胡亚灿,刘朝阳,毛成琦,,False,True,4,408,,+1(166),,,,+(23),-2,+2(92),,-1,-1,+1(47),,-1
522,175,延安大学西安创新学院,BY.小羊驼,杨拓丹,邢颖琪,廖双钰,,False,True,4,408,,+(123),,-2,-3,+(9),,+2(176),,,,+(60),,
523,,华南理工大学,Fast Fast TLE,吴挺宇,吴尚鸿,甘景贤,,False,True,4,409,,+(104),,,,+(9),,+2(208),,,,+(48),,
524,,华中科技大学,我不到啊，听说有学分我就来了,游佳浩,刘瑞鹏,黄博鸿,,False,True,4,411,,+(163),,-9,-5,+(15),,+2(152),,,,+(41),,
525,,东北大学秦皇岛分校,洛森指针,曾凡一,曹耀仁,聂恒,,False,True,4,412,,+(161),,,,+1(10),,+(124),,,,+1(77),,
526,,西南财经大学,愿此行，终抵Final,刘彻,蒋思翔,祝亚辉,,False,True,4,412,,+(100),,-1,,+(9),,+1(198),,,,+(85),,
527,,成都信息工程大学,魔法披风,蔡忠纬,霍城宇,陈琪,,False,True,4,413,,+(137),,,,+1(9),,+2(119),,,,+1(68),,
528,,华南农业大学,那一天的鬼火再响起来,谢易居,梁嘉俊,袁熙,,False,True,4,415,,+(63),,-11,-1,+(9),,+6(135),,,,+1(68),,
529,,武汉大学,永恒的武汉大学,李致远,赵天星,田子轶,,False,True,4,416,,+(118),,+2(214),,+(9),,-2,,,,+(35),,
530,,东南大学,打ACM打的↑↓,汪骏宇,张一林,陈乐扬,,False,True,4,416,,+(72),,,,+(5),,+3(229),,,,+(50),,
531,176,浙江中医药大学,富春校区,戴金诚,姚荣钊,邓文海,,False,True,4,417,,+1(112),,,,+1(15),,+2(139),,,,+(71),,
532,,浙江师范大学,未名征途烙星痕,杨琳,曹海,沈睿,,False,True,4,417,,+(182),,-12,,+(7),,+3(113),,,,+(55),,
533,,国防科技大学,一年之诗,彭诚,宋怀源,习逸晗,,False,True,4,417,,+(87),,-2,,+2(27),,-4,,,,+(49),,+(214)
534,,香港中文大学（深圳）,AC娘单推人,邵辰航,邓沣庭,潘彦,,False,True,4,419,,+(145),,,,+1(14),,+2(156),,,,+(44),,
535,,南方科技大学,南方科技大学七队,王思忧,谢沁鑫,,,False,True,4,421,,+(153),,-4,,+(8),,+3(169),,,,+(31),,
536,177,东莞理工学院,心态就是力量,黄海,林志龙,林恬烁,,False,True,4,422,,+(75),,-2,,+(13),,+4(162),,,,+(92),,
537,178,山东农业大学,人闲桂花落,范鹏,陈文达,刘祥健,,False,True,4,422,,+1(94),,+2(201),,+(13),,-7,,,,+(54),,
538,,成都信息工程大学,还在为她患得患失吗,张顺军,杨鹏,权雨帆,,False,True,4,422,,+(208),,,,+(8),,+1(109),,,,+1(57),,
539,,广东工业大学,螺旋上升,吴伟涛,陈栖羽,梁展榕,,False,True,4,422,,+(225),,-6,,+(9),,+2(109),,,,+(39),,
540,,西湖大学,黑色橙子,刘振豪,杨宇恒,张梓昱,,False,True,4,424,,+(129),,-6,,+(17),,+3(119),,,,+(99),,
541,179,中国民航大学,空指针指向我的心,罗凯,宋禹,汪林辰,,False,True,4,424,,+(141),,-5,,+1(15),,+1(95),,,,+3(73),,
542,180,江西财经大学,证明!!!,王翔,吴星乐,肖辅霖,,False,True,4,424,,+(180),,,,+(13),,,,,,+(52),,+1(159)
543,181,湖州师范学院,湖师院1队,叶潇奇,张嘉昌,胡渊炜,,False,True,4,424,,+2(195),,,-1,+(9),-3,+1(81),,,,+1(59),,
544,182,湖南工业大学,一发罚时,肖明阳,陈旻烨,胡家兴,,False,True,4,424,,+(109),,,,+1(9),,+1(215),,,,+(51),,
545,,中国计量大学,樱梦殇,赖俊文,李熠轩,倪晓宇,,False,True,4,425,,+(153),,-7,,+(10),,+3(78),,,,+(124),,
546,183,长沙学院,我需要题目意思,曾俊,张方林,杨李兵,,False,True,4,425,,+(183),,-2,,+1(13),,+1(151),,,,+(38),,
547,,华南理工大学,喵喵队立大功,陈照睿,陈浩宇,姚嘉晟,,False,True,4,426,,+(74),,-6,,+(13),,+6(170),,,,+(49),,
548,,山东理工大学,唐龙历险记,安鹏飞,吴宇威,徐煜峰,,False,True,4,427,,+1(225),,,,+(4),,+3(79),,,,+(39),,
549,184,南昌大学,奈落クロネコ,何超,满曜嘉,吴帅兵,,False,True,4,428,,+(151),,,,+(21),,+1(163),,,,+(73),,
550,,浙江师范大学,不是我喜欢的题目，直接哈气,李侑轩,黄玉景,刘彦博,,False,True,4,428,,+3(242),,,,+(14),,+(75),,,,+(37),,
551,,电子科技大学,UESTC_封榜后北伐,黄雪锋,丁柏宇,晋睿博,,False,True,4,429,,+(134),,-21,,+(13),,+3(187),,,,+(35),,
552,185,中南民族大学,offer四面八方来,刘宽,方可,李子安,,False,True,4,429,,+2(200),,,,+1(12),-2,+1(106),,,,+(31),,
553,,深圳技术大学,SZTU_云中锦书,徐鑫,杨丰瑜,张可怡,,False,True,4,429,,+1(202),,,,+(16),,+2(93),,,,+(58),,
554,,东华大学,福音摇滚,程君豪,钟卓远,刘亚锐,,False,True,4,429,,+(71),,-1,,+(11),-2,+3(204),,,,+(83),,
555,,杭州电子科技大学,2025杭电14队,张湛天,黄佳慧,徐天天,,False,True,4,430,,+(35),,,,+2(20),,+3(203),,,,+1(52),,
556,,北京交通大学,BJTU05,宋杲行,张恩崎,陈昊廷,,False,True,4,431,,+(234),,,,+1(16),-1,+(113),,,,+(48),,
557,,大连理工大学,逆元,刘博文,刘兆洲,连茗暄,,False,True,4,433,,+2(199),,-7,,+(11),,+2(80),,,,+(63),,
558,,南京信息工程大学,今天也是随机做题的一天,余天成,刘城垚,李鸿硕,,False,True,4,434,,+1(185),,-4,,+(10),,+(163),,,,+(56),,
559,,宁波大学,骨钉斩奎隆,金施成,刘洁,赵晨翔,,False,True,4,436,,+1(164),,,,+(10),,+(191),,,-1,+(51),-1,-1
560,,同济大学,Islands,王琨瑀,韩廷叙,但泰然,,False,True,4,438,,+(119),,,,+(10),,+4(177),,,,+(52),,
561,,北京师范大学,高坂丽奈还没投票,张明杨,徐雁洲,陈博,,False,True,4,440,,+1(254),,-9,,+(11),,+(100),,,,+(55),,
562,,暨南大学,无敌暴力战士,彭子超,李金,郑力华,,False,True,4,441,,+(179),,,,+1(12),,+3(95),,,,+1(55),,
563,,河南大学,好想玩道德与法治6,张帆,宋明贤,范恒嘉,,False,True,4,441,,+(241),,,,+(14),,+(122),,,,+(64),,
564,,暨南大学,Byd Fan Club,谢正心,曹哲睿,潘城樟,,False,True,4,442,,+1(240),,,,+(6),,+4(72),,,,+(24),,
565,186,中原工学院,WRD,李梦阳,杨仕尧,丁凯,,False,True,4,443,,+1(146),,-3,,+1(13),,+6(54),,,,+(70),,
566,,浙江工业大学,ZJUT4,马浩俊,付鹏汇,林雨铖,,False,True,4,444,,+(188),,,,+(11),-3,+2(163),,,,+(42),,
567,187,东北农业大学,二星糖豆人,金迪,张慧祥,田旭东,,False,True,4,445,,+1(213),,,,+(7),,+1(130),,,,+(55),,
568,188,上海第二工业大学,⑨,何易,马韩明轩,刘俊威,,False,True,4,445,,+1(217),,-14,,+1(15),,+2(97),,,,+(36),,
569,,湖北工业大学,小丑派对,解哲曦,梅子恒,张忆周,,False,True,4,450,,+(82),,,-1,+(11),,+5(203),,,,+(54),,
570,,西南科技大学,三角粑粑,陈亮旭,童博文,吴子杨,,False,True,4,452,,+(142),,-5,-1,+1(11),,+5(157),,,,+(22),,
571,189,山东管理学院,暮光闪闪,卢明煜,梁勋浩,,,False,True,4,452,,+(66),,,,+(7),,+8(181),,,,+(38),,
572,,中南大学,听说有原石领我就来了,张亦凡,李定一,袁尉峰,,False,True,4,453,,+(89),,-3,,+1(5),,+4(209),,,,+(50),,
573,,杭州电子科技大学,2025杭电11队,张裼旭,林苏阳,潘俊龙,,False,True,4,454,,+(156),,-10,,+(8),,+4(167),,,,+(43),,
574,,南京邮电大学,njupt25team003,熊鼎,杨珈懿,耿嘉泽,,False,True,4,454,,+1(132),,,,+(10),,+2(213),,,,+(39),,
575,,湘潭大学,湘大三队,刘璟轩,郑智彬,范文涵,,False,True,4,454,,+(104),,,,+(9),,+3(241),,,,+(40),,
576,190,大连海事大学,前ccpc未参赛队伍,王金洋,张文豪,何文韬,,False,True,4,454,,+(257),,,,+(11),,+1(104),,,,+(62),,
577,,中国传媒大学,嗷呜呜呜,吕梓扬,李鑫贺,常行健,,False,True,4,455,,+(121),,-1,,+(13),,+1(201),,,,+(100),,
578,191,福建师范大学,超级飞侠快使用肘击。,魏陈源,李舒韩,陈屹城,,False,True,4,457,,+2(80),-1,-1,-1,+(5),-1,+3(122),-1,-1,-1,+3(90),-1,-1
579,,华东师范大学,在上海天文馆会遇到临港小企鹅吗,李俊辰,陈涵,张潮,,False,True,4,457,,+(80),,-1,,+(9),,+6(199),,,,+(49),,
580,,上海科技大学,惊天大涅槃,居然,杨子烆,王旻昊,,False,True,4,459,,+(102),-1,-2,-1,+(6),-7,+5(194),-1,,,+(57),,
581,,福州大学,下班后吃奶龙火锅,江子健,邱添,何翔宇,,False,True,4,459,,+1(86),-1,-1,-1,+(6),-1,+5(196),-1,-1,-1,+(51),-1,-1
582,192,郑州大学,郑大25网络赛队伍五,王朔淇,唐博,胡宏波,,False,True,4,461,,+1(169),,,,+1(16),,+3(115),,,,+(61),,
583,,上海科技大学,"scanf(""%s"", team)",徐振羽,王子睿,张哲轩,,False,True,4,461,,+1(157),,,,+(7),,+2(201),,,,+(36),,
584,193,西安欧亚学院,略去过程QED,林川翔,刘家瑞,吴天乐,,False,True,4,462,,+(139),,,-4,+(21),,+(207),,,,+2(55),,
585,,深圳大学,古故菇,李子炫,林文伟,李晗,,False,True,4,463,,+(167),,-1,,+1(48),,+1(129),,,,+(79),,
586,,南京理工大学,做题一定要AC,高昂,王玉毅,刘宇,,False,True,4,464,,+1(198),,-12,,+1(10),,+2(134),,,,+(42),,
587,194,西安理工大学,"AC,cpp",韩明轩,留昊,周彦泽,,False,True,4,466,,+1(174),,-4,-2,+1(10),,+4(110),,,,+(52),,
588,,新疆大学,队长说拿到银牌就回老家结婚,张立,邱桐,陶文喆,,False,True,4,467,,+1(159),,,,+(11),,+2(105),-1,,,+1(112),,
589,195,北京城市学院,Dreamfire,党金鹏,姜耀东,张依林,,False,True,4,467,,+(95),,+1(204),,+(8),,-2,,,,+2(100),,
590,196,北京师范大学香港浸会大学联合国际学院,Westlake Cufish,关越,杨博涵,吕路遥,,False,True,4,468,,+1(185),,-1,,+1(11),,+4(81),,,,+1(51),,
591,197,三峡大学,三大1队,冯成宽,吴世恺,吴潇,,False,True,4,469,,+(196),,,,+1(22),,+2(150),,,,+(41),,
592,,浙江农林大学,我不是黄毛，谁是呢？,黄志腾,陈镇锋,赵亭旭,,False,True,4,469,,+1(252),,,,+2(10),,+(84),,,,+(63),,
593,,华南理工大学,树上猫猫虫,王思哲,刘俊祺,刘兆宇,,False,True,4,470,,+1(139),,,,+1(26),,+(191),,,,+1(54),,
594,198,深圳职业技术大学,逐光掠影,胡峰贤,陈泽锦,黄勇文,,False,True,4,471,,+(132),,,,+1(14),,+(249),,,,+(56),,-1
595,,南京信息工程大学,那就先ai生成吧,李腾飞,陆智昊,汪琪,,False,True,4,472,,+2(130),,-5,,+1(15),-1,+1(193),,,,+(54),,
596,,华中师范大学,射杀太阳,李坤霖,史家业,陈晓鸣,,False,True,4,472,,+2(218),,-1,,+1(10),,+2(111),,,,+(33),,
597,,山东科技大学,渡鸦号,宋明翰,李屹然,邢子建,,False,True,4,472,,+(229),,,,+(13),,+2(146),,,,+(44),,
598,,河南理工大学,河狸诸葛亮,张荣昌,蒲叶,常曜璘,,False,True,4,474,,+(129),,-3,,+(16),,+2(163),,,,+1(106),-1,
599,,中国海洋大学,章鱼法师,袁瑞彬,朱先锐,李明朗,,False,True,4,474,,+(174),,-4,-2,+(16),-3,+4(123),,,,+1(61),,
600,,武汉理工大学,灵感枯竭,詹万炜,吴习凡,苏文康,,False,True,4,474,,+1(120),,-7,,+(8),,+4(213),,,,+(33),,
601,,中国民航大学,四渡赤水2.0,崔凌宵,颜一鸣,,,False,True,4,474,,-2,,+1(222),,+(13),,+2(104),,,,+(75),,
602,,北京科技大学,队友十年单身换区域赛银牌,张顺,彭心雨,国林泉,,False,True,4,475,,+(112),,-1,,+1(8),,+4(180),,,,+(75),,
603,,河海大学,25时，在老年皮划艇打铁,江建谕,张天浩,杜泽恩,,False,True,4,476,,+(192),,,,+(13),,+2(143),,,,+1(68),,
604,,中国传媒大学,return inv(wa);,范金旭,刘钰,杜可,,False,True,4,476,,+(214),,-2,,+(8),,+1(135),,,,+(99),,
605,199,合肥工业大学,合工大101队,王熠辉,程云哲,张麒麟,,False,True,4,477,,+1(137),,,,+2(11),,+(167),,,-1,+1(82),,
606,200,湖南人文科技学院,青春ac学弟不会梦到wa学姐,周念祖,戴宇豪,李泽哲,,False,True,4,477,,+1(119),,+1(212),,+(9),,-26,,,,+1(77),,
607,,华南师范大学,江南行者,熊铮煌,李建新,陈育瀚,,False,True,4,478,,+1(266),,-1,,+(13),,+2(72),,,,+(67),,
608,201,安阳师范学院,舞舞舞,周兴科,余卓豪,王枫,,False,True,4,480,,+1(79),,,,+(9),,+4(186),,,,+2(66),,
609,,四川大学,loveless,吴卓航,刘雨彤,潘运胜,,False,True,4,481,,+(100),,,,+(9),,+6(193),,,,+(59),,
610,,上海科技大学,南泵,马锐泽,周小攀,钟睿丹,,False,True,4,482,,+(154),-1,+2(249),,+(11),-1,-24,,,,+(28),,-3
611,,河南理工大学,春秋蝉鸣泣之时,李梦洋,马俊超,熊佳乐,,False,True,4,483,,+1(237),,,,+(8),,+2(114),,,,+(64),,
612,202,安阳工学院,让我AC好不好,刘浩楠,张金博,冯鼎,,False,True,4,483,,+1(273),-1,-1,,+(8),,+1(120),,,,+(42),,
613,,哈尔滨工业大学,加载中，请稍后,刘明卓,刘靖文,郭健桓,,False,True,4,484,,+(197),,,-7,+(13),,+3(155),,,,+(59),,
614,,华东师范大学,combo,陈泽康,张博凯,王语晴,,False,True,4,484,,+2(111),,+2(234),,+(10),-1,-14,,,,+(49),,
615,203,云南大学,残虹,李健阳,王毅豪,张祖翊,,False,True,4,486,,+3(217),,-1,,+(11),,+1(85),,,,+1(73),,
616,,浙江农林大学,Blessing,程培哲,潘宇健,罗俊升,,False,True,4,486,,+(180),,,,+(9),,+1(232),,,,+(45),,
617,,浙江工商大学,猫猫骑士团,卢嘉亮,张任杰,杨毅博,,False,True,4,487,,+1(150),,,,+(12),-5,+2(228),,,,+(37),,
618,,中山大学,中山大学-山中大学,吴天轶,饶瀚宸,张殷豪,,False,True,4,487,,+(125),,+2(275),,+(13),,-5,,,,+(34),,
619,,香港中文大学（深圳）,从容应队,王中天,苏祈骁,欧奕阳,,False,True,4,489,,+(73),,-5,,+(6),,+6(261),,,,+(29),,
620,,中山大学,中山大学-寂静呼唤,杨志宸,陈政宇,郭翊涛,,False,True,4,491,,+1(101),,-9,-8,+(10),,+6(190),,,,+(50),,
621,204,桂林电子科技大学,未曾照耀的荣光,曹轩玮,廖飞扬,王靖凯,,False,True,4,491,,+(236),,,,+(14),,+3(128),,,,+(53),,
622,,天津大学,WA不哇塞,赵文瑞,陈文韬,张文正,,False,True,4,492,,+2(133),,,,+(15),,+2(137),,,,+1(107),,
623,,哈尔滨工业大学（深圳）,奶龙耄耋doro合体,樊卓意,牛志洋,李杰,,False,True,4,492,,+(93),,,,+1(15),,+5(230),,,,+(34),,
624,,福州大学,世末歌者,郎易恒,方林升,王盛明,,False,True,4,493,,+(154),,-5,,+(11),,+5(176),,,,+(52),,
625,,西安理工大学,风与天空,周杨,李明泽,齐思远,,False,True,4,493,,+(174),,,,+(8),,+(271),,,,+(40),,
626,,福州大学,请以上念到名字的队伍上台领奖,连伟成,游逸晨,林嘉祚,,False,True,4,494,,+(104),,,,+(6),,+6(225),,,,+(39),,
627,,北京邮电大学,三只企鹅,吴俞彤,丁培钊,张哲源,,False,True,4,496,,+(122),,,,+(6),,+1(172),,,,+2(136),,
628,205,山东财经大学,起名不比算法简单,宋家浩,樊宣,钱玮浩,,False,True,4,498,,+(238),,-1,,+(15),,+1(166),,,,+(59),,
629,,郑州轻工业大学,咪啪啊呜Ciallo喵~,雷祖涛,李嘉硕,罗立凯,,False,True,4,502,,+1(58),,-1,,+(11),,+4(221),,,,+2(72),,
630,,香港科技大学广州,请输入文本,梁君豪,张思达,刘秋悦,,False,True,4,503,,+(31),,-10,,+(36),,+10(181),,,,+(55),,
631,,北京林业大学,深度烧烤,戴正宇,李振梁,陈嘉轩,,False,True,4,503,,+(187),,,,+(6),-1,+3(212),,,,+(38),,
632,,西湖大学,代码成双,张益彰,王志升,王宇皓,,False,True,4,504,,+1(215),,,,+1(14),,+1(145),,,,+(70),,
633,,新疆大学,TQL,邱开崟,田野,刘宇轩,,False,True,4,505,,+2(230),,-3,,+(9),,+5(94),,,,+(32),,
634,206,沈阳师范大学,劫劫？捷捷！杰杰：桀桀桀,李文杰,章传亮,谌致远,,False,True,4,506,,+(291),,,,+(10),,+2(62),,,,+1(83),,
635,,哈尔滨工业大学（威海）,教练我不想再wa了,杜中坤,庄则栋,郑怡恒,,False,True,4,507,,+2(78),,-3,,+(11),,+7(180),,,,+(58),,
636,207,烟台大学,评测机的那边是AC,张云卓,杨奇,刘奇,,False,True,4,507,,+(198),,-2,,+(7),-26,+3(186),,,,+(56),,
637,,河南工程学院,南苑三队,李卫,崔润霖,秦子明,,False,True,4,507,,+(90),,,,+(14),,-4,,,,+(79),,+2(284)
638,,浙江理工大学,兄弟，你怎么还在WA,余江辉,贺宇昊,江子豪,,False,True,4,508,,+1(244),,-2,,+(6),,+1(155),,,,+(63),,
639,,集美大学,我样例过了,林敬炜,王志珑,林卓毅,,False,True,4,508,,+(102),,,,+1(20),,+3(254),,,,+(52),,
640,,浙江师范大学,"主包,主包,这一次能拿牌吗?",金涵博,汪暄暄,陈佳宜,,False,True,4,509,,+(122),,,,+(7),,+5(236),,,,+(44),,
641,208,湖南财政经济学院,死手快敲,阳金波,申维聪,张帆,,False,True,4,509,,+1(156),,-1,,+(11),,+2(242),,,,+(40),,
642,209,武汉工程大学,我想吃掉你的金牌,乔翊展,邓文豪,曾宪理,,False,True,4,510,,+(113),,+2(289),,+(10),,-3,,,,+(58),,
643,,南昌航空大学,码力全开,李毅伟,曾葵炫,雷林平,,False,True,4,511,,+(183),,-4,,+(10),,+4(129),,,,+2(69),,
644,,深圳大学,只是参加xcpc就被管家打断了双腿,曾圳烽,吕鹏,潘宝怡,,False,True,4,511,,+(126),,-1,,+(8),,+6(191),,,,+(66),,-1
645,210,鲁东大学,三只珍妮,孙健强,袁正杰,李俊锋,,False,True,4,512,,+1(272),,-20,,+(5),,+3(132),,,,+(23),,
646,211,贵州大学,我要吃纸包鱼,史昌盛,傅锦灿,黄康,,False,True,4,514,,+(139),,-6,,+1(12),,+10(104),,,,+(39),,
647,,北京化工大学,拔雪寻春,刘卓凡,叶鼎豪,张弘弛,,False,True,4,514,,+1(190),,,,+1(15),,+3(108),,,,+2(61),,
648,,山东大学,芝士队名,吴一豪,王政骁,王路阳,,False,True,4,514,,+(131),,-21,,+(9),-1,+6(194),,,,+(60),,
649,212,广州华立学院,内个你次不次轰隆果,廖俊杰,,,,False,True,4,514,,+(291),,,,+(21),,+1(132),,,,+(50),,
650,,上海大学,蒟蒻联盟,陈仕杰,戴于洋,包嘉旻,,False,True,4,516,,+1(107),,-1,,+(6),,+7(167),,,,+(76),,
651,,深圳大学,躺赢狗,岑健锋,熊鑫辉,张楠,,False,True,4,517,,+2(107),,-1,,+2(26),,+3(175),,,,+1(49),,
652,,北京交通大学,BJTU03,邬健翔,王欣洋,方瑞年,,False,True,4,517,,+(163),,-6,,+(9),,+6(189),,,,+(36),,
653,213,北京理工大学珠海学院,初音ミク粉丝团,王雅楠,杨秋佳,蔡炆沅,,False,True,4,517,,+1(210),,-4,,+(10),,+2(159),,,,+(78),,
654,,中南大学,go学长拒绝wa学弟,廖洋,王宇涵,张卓然,,False,True,4,517,,+2(148),,-2,,+(12),,+2(242),,,,+(35),,
655,214,广西师范大学,哇哈哈哈哈哈,周紫阳,陈毅逊,马振涛,,False,True,4,518,,+(112),,,,+(12),,+8(202),,,,+(32),,
656,,山东大学,wa自动机,吴思宁,宋佳奇,杨卓,,False,True,4,519,,+3(210),-1,-1,-1,+1(12),,+3(119),,,,+(38),,
657,215,中国计量大学现代科技学院,如此简单的梦,金鸿睿,邓瑞琦,俞佳辰,,False,True,4,521,,+1(255),,,,+(6),,+2(156),,,,+(44),,
658,,河南大学,自由发挥,魏文博,尤铭,李锦辉,,False,True,4,522,,+(159),,-10,,+1(10),,+4(194),,,,+(59),,
659,,湖州师范学院,湖师院2队,孙新皓,金凯杰,欧阳许多,,False,True,4,523,,+1(167),,-1,,+(10),,+4(204),,,,+(42),,
660,216,齐鲁工业大学,江盼流星雨,姜润超,陈安昕,高照翔,,False,True,4,523,,+1(217),,,,+(7),,+3(169),,,,+(50),,
661,,北京理工大学,打铁也能报销吗,周哲昊,姜宇辰,林柏健,,False,True,4,523,,+1(122),,-3,,+(11),,+3(255),,,,+(55),,
662,,山东理工大学,我每天打ACM也没上瘾啊,杨庭硕,崔立栋,王佳丽,,False,True,4,526,,+(206),,-3,,+(9),,+3(175),,,,+1(56),,
663,,哈尔滨理工大学,HRBUST8,张昊,周浩宇,王慈恩,,False,True,4,526,,+(94),,-3,,+(11),-1,+6(217),,,,+(84),,
664,,哈尔滨工程大学,起个人类队名吧球球了,郭奕辰,李昀轩,欧阳龙池,,False,True,4,526,,+(222),,-6,,+(22),,+2(117),,,,+(125),,
665,217,广州软件学院,我们打的是ioi赛制,黄智源,陈文定,陈平俊,,False,True,4,526,,+2(238),,,,+(22),,+1(130),,,,+1(56),,
666,,湖北工业大学,猫真的尽力了,余腾辉,吴凌睿,杜海旗,,False,True,4,527,,+(189),,,,+(10),,+2(217),,,,+(71),,-14
667,,东南大学,三个入机,袁铭泽,孔维霄,吴泽宇,,False,True,4,531,,+2(95),,,,+(9),,+5(230),-8,,,+(57),,
668,218,泉州师范学院,0123456789,王嘉铭,崔韩磊,阳捷,,False,True,4,531,,+(130),,,,+(8),,+4(262),,,,+(51),,
669,,广西大学,奇迹与你,曾佳宁,杨明辉,黄翠婷,,False,True,4,533,,+(259),,,,+(10),,+3(147),,,,+(57),,
670,,河海大学,落英缤纷之期,陈培印,谭炜烨,邵然,,False,True,4,534,,+(182),,-2,,+(8),,+7(176),,,,+(28),,
671,,哈尔滨理工大学,HRBUST1,陈子权,黄策,王哲学,,False,True,4,534,,+1(223),,-2,,+(6),,+4(104),,,,+1(81),,
672,219,西南交通大学,天地大爱盟,宋向坤,李涵斌,彭永康,,False,True,4,534,,+1(142),,+2(235),,+(11),-2,-5,,,,+(86),,
673,,西南科技大学,无TL无WA一发过,颜靖焘,彭曜耀,廖宇飞,,False,True,4,535,,+1(267),,-3,,+(10),,+2(113),,,,+(85),,
674,,山东科技大学,阿瓦隆号,魏恒焱,董鑫磊,王浩然,,False,True,4,536,,+(128),,-1,,+(7),,+3(273),,,,+(68),,
675,220,深圳北理莫斯科大学,纯玩,王司晨,杨熠鑫,潘健行,,False,True,4,536,,+(197),,,,+(11),,+(284),,,,+(44),,
676,,哈尔滨工程大学,恩师可爱柚子厨（空间已更新）（已有闺）,龙敖,夏天,刘宸硕,,False,True,4,537,,+3(128),-1,-1,-1,+(9),-1,+4(219),-1,-1,-1,+(41),-1,-1
677,,江西农业大学,极点,闫卡特,罗宇豪,徐浩东,,False,True,4,538,,+(128),,,,+1(19),,+5(175),,,,+1(76),,-15
678,,南京邮电大学,njupt25team005,王瑞阳,廖梓轩,陈华柯焱,,False,True,4,538,,+1(93),,-1,,+(7),,+8(184),,,,+(74),,
679,,哈尔滨工业大学,想成为人类 2,许岩,王君迈,王梓浩,,False,True,4,538,,+(132),,-2,,+1(21),,+5(211),,,,+(54),,
680,221,南阳师范学院,蒟蒻想拿名额,黄雯建,闵龙隆,黄景焜,,False,True,4,538,,+(155),,-1,,+(11),,+4(226),,,,+(66),,
681,222,中北大学,天文学家要看星星,孙天赐,关清文,程伯文,,False,True,4,540,,+2(267),,,,+(11),,+2(126),,,,+(56),,
682,,东北大学,东北大学_迈出起名第一步ovo,罗子涵,陈梓轩,聂天一,,False,True,4,540,,+(159),,+3(297),,+(5),,-14,,,,+(19),,
683,,东北大学秦皇岛分校,数据别和我们作队,朱逸飞,陈小全,赵星凯,,False,True,4,542,,+3(240),,-1,,+(4),,+3(126),,,,+(52),,
684,223,广州南方学院,狂怒,童希玮,曾昱恺,魏廷锋,,False,True,4,544,,+(167),,,,+1(13),,+4(225),,,,+(39),,
685,,武汉大学,谢谢张兵,刘尚源,袁振宇,洪阳,,False,True,4,545,,+1(97),,,,+(10),,+6(187),,,,+2(71),,
686,,杭州师范大学,散落飘零,潘铖棋,詹伟,邓量,,False,True,4,545,,+1(180),,,,+(14),-1,+3(215),,,,+(56),,
687,,东北大学秦皇岛分校,傲娇白毛萝莉,胡淞玮,王敏军,林一昕,,False,True,4,545,,+4(230),,-2,,+2(35),-16,+1(80),,,,+(60),,
688,,华东师范大学,例方体,蓝寒,陶雨捷,韦思成,,False,True,4,545,,+(135),,,,+(10),,+5(250),,,,+(50),,
689,,南京大学苏州校区,爆搜挂着机，打表出省一,吴同,张哲城,沈诺,,False,True,4,546,,+3(201),,-3,,+1(9),,+3(142),,,,+(54),,
690,,山东大学,AC是检验真理的唯一标准,林怡炜,罗浩铭,庞绍旗,,False,True,4,546,,+5(263),,,,+(12),,+1(105),,,,+(46),,
691,,山东大学,零一之间,杨佳明,王家辉,相政阳,,False,True,4,547,,+1(287),,-2,,+(13),,+2(133),,,,+(54),,
692,224,厦门大学嘉庚学院,普通和理所当然是什么,孙硕,吴宇轩,卓子翔,,False,True,4,550,,+1(171),,-10,,+3(16),,+6(121),,,,+(42),,
693,,长沙理工大学,神马都是浮云,王凯旋,李欢麒,易子寒,,False,True,4,552,,+(215),,,,+(7),,+3(217),,,,+(53),,
694,225,湖南工商大学,异世相遇，尽享美WA,杨宁,滕文胜,叶德祥,,False,True,4,552,,+(277),,,,+2(33),,-1,+(120),,,+1(62),,
695,226,郑州经贸学院,君与ACM之恋,董昭佑,穆金磊,巩俊哲,,False,True,4,554,,+(105),,,,+(12),,+5(277),,,,+(60),,
696,227,绍兴文理学院,可爱星星飞天撞,李明轩,葛至洲,洪振博,,False,True,4,558,,+3(216),,,-4,+(4),,+1(202),,,,+(56),,
697,,杭州电子科技大学,2025杭电12队,吴俞寰,黄昊,李俊达,,False,True,4,558,,+1(86),,,,+(12),,+7(243),,,,+(57),,
698,,湖南大学,繁花,文卓,唐怡,陈云,,False,True,4,558,,+(265),,,,+(8),,+4(167),,,,+(38),,
699,228,河北工程大学,喵喵喵,郭圳涛,王宇乐,闫子昂,,False,True,4,559,,+(195),,-9,-3,+(5),,+5(209),,,,+(50),,
700,,四川大学,猫鼬砼,吴卓琦,黄奕浩,江来,,False,True,4,560,,+(194),,-9,,+(5),,+5(149),,,,+2(72),,
701,229,浙江万里学院,万里一队,王力澜,张宇帆,奚舒雯,,False,True,4,561,,+(196),,,,+(7),,+6(166),,,,+(72),,
702,,上海大学,游客分队,朱凯文,董晨曦,乔思远,,False,True,4,562,,+1(109),,,,+(9),,+8(191),,,,+(73),,
703,,华南理工大学,不喝可乐,李霖峰,崔东旭,郭浩宸,,False,True,4,564,,+(207),,,-3,+(13),,+3(216),,,,+(68),,
704,230,青岛大学,为青大之崛起而AC,王毅翔,何亚汀,温瑞波,,False,True,4,564,,+(160),,,,+1(8),,+5(218),,,,+(58),,
705,231,上海海洋大学,果仁糖,周子恒,周郁涵,吕天佑,,False,True,4,564,,+(117),,-4,,+(17),,+7(232),,,,+(58),,
706,,西南民族大学,SMU-C2501,傅子益,江星星,甘梓廷,,False,True,4,564,,+(250),,-1,,+(11),,+2(205),,,,+(58),,
707,,浙大宁波理工学院,阿蒙络合物,刘佳乐,丁智宇,叶仲豪,,False,True,4,565,,+2(148),,,,+(10),,+6(189),,,,+(58),,
708,,广州大学,ODT暴徒,郭子锋,同舒泽,黄明海,,False,True,4,565,,+2(214),,-6,,+(7),,+2(93),,,,+2(131),,
709,,湘潭大学,湘大四队,宋仕凯,陈波,逯锦湘,,False,True,4,565,,+(153),,,,+(5),,+3(286),,,,+(61),,
710,,武汉大学,春日延长计划,胡方驰,陈茂源,万博文,,False,True,4,567,,+(170),,,,+(12),,+9(109),,,,+(96),,
711,,广州大学,无条件相信草神,杨逍,王承宇,谢宇峰,,False,True,4,568,,+(197),,,,+(7),,+9(137),,,,+(47),,-5
712,232,温州大学,温大一队,陈宇锋,何卓睿,莫皓翔,,False,True,4,569,,+1(179),+3(239),,,+(9),,-20,,,,+(62),,
713,,山东大学,1010011010演都不演了,彭震楠,张美伦,王炳旭,,False,True,4,570,,+1(184),,,,+(9),,+2(259),,,,+1(38),,
714,,东南大学,捉鬼小队,林祥威,严静萱,纪卓然,,False,True,4,571,,+1(152),,-7,,+1(12),,+5(164),,,,+(103),,
715,,鲁东大学,卤蛋栋梁,朱乐民,王义超,陈真棒,,False,True,4,571,,+2(246),,-18,,+(9),,+2(142),,,,+1(74),,
716,,齐鲁工业大学,负重越野,吴斌,魏文泽,廉昌业,,False,True,4,571,,+1(194),,+(295),,+(12),,-8,,,,+(50),,
717,,河南师范大学,师大旺爷爷后援团3群,侯炳旭,吴帅甫,曹继喆,,False,True,4,573,,+(132),,-1,,+1(17),,+2(287),-1,,,+(77),,
718,,台州学院,学了等于没学,曾阳,陈奕阳,鲍威龙,,False,True,4,575,,+1(252),,,,+1(24),,+2(155),,,,+(64),,
719,,中南民族大学,二兆亿的流年,吴佳明,丁墨涵,李赛,,False,True,4,576,,+(222),,,,+(7),,+4(184),,,,+(83),,
720,,东北农业大学,服务器繁忙，请稍后再试,杨煜,杨家浩,史东伟,,False,True,4,577,,+1(276),,,,+(6),,+2(66),,,,+2(129),,
721,,山东大学,。。。,曾文俊,王若宇,孙涔朔,,False,True,4,579,,+(233),,,,+(13),,+2(252),,,,+(41),,
722,,西安电子科技大学,GXB，我们喜欢你,陈奕玮,洪怀博,邓思哲,,False,True,4,580,,+1(160),,,,+(9),,+4(207),,,,+1(84),,
723,,四川大学,你们在干什么喵？在罚时喵！补药罚我时喵！,赵勇哲,晏然,,,False,True,4,580,,+1(187),,+1(258),,+(12),,-5,,,,+(83),,
724,233,徐州工程学院,无敌奶龙+,陈光雨,尹基胜,顾宇燿,,False,True,4,581,,+1(72),,-2,,+(13),,+7(210),,,,+1(106),,
725,,中国传媒大学,爱WA还是Go,李萌,卢嘉诚,梁峻搏,,False,True,4,582,,+(193),,-1,,+(12),,+5(225),,,,+(52),,
726,,南京理工大学,啊对对对对对对对队,金子轩,凌励,邓浩宇,,False,True,4,583,,+(261),,,,+(16),,+2(205),,,,+(61),,
727,,东北大学秦皇岛分校,你从来没觉得打算法竞赛快乐过,焦一晟,秦浩越,张景皓,,False,True,4,583,,+(193),,,,+(11),,+3(278),,,,+(41),,
728,234,合肥大学,Amusing Cat,吕文杰,许志航,杨仕超,,False,True,4,583,,+2(132),,,,+(11),,+4(283),,,,+(37),,
729,,哈尔滨工业大学,为无机世界增添色彩 2,李嘉弘,董禹辰,卢思吉,,False,True,4,583,,+1(293),,,,+(14),,+1(201),,,,+(35),,
730,,西南科技大学,最后一小时我会出手,柯涵,钟妍,刘诗璐,,False,True,4,584,,+6(253),,,,+(8),,+1(132),,,,+(51),,
731,,武汉工程大学,她说我们之间没有结果，但我明明输出了ans,郭翰良,李佳航,徐洋,,False,True,4,585,,+1(138),,,,+(18),,+4(265),,,,+(64),,
732,,广东工业大学,深度睡眠,梁国聚,孔维德,黎甜甜,,False,True,4,587,,+(201),,-1,-2,+(9),,+5(208),,,,+(69),,
733,,清华大学,无荆,郭嘉乐,杨俊哲,任庆宇,,False,True,4,587,,+(163),,,,+1(25),,+3(249),,,,+(70),,
734,,西安电子科技大学,嘻小癫学院超自研,张力文,周佳暄,童彦闽,,False,True,4,587,,+(169),,,,+(8),,+4(264),,,,+(66),,
735,,河南大学,雨,陈俊峰,刘永斌,朱德良,,False,True,4,588,,+4(158),,,,+(8),,+4(196),,,,+(66),,
736,235,广东外语外贸大学,广外2队,罗梓元,甄浩鹏,钟振宇,,False,True,4,589,,+2(268),,-1,,+(11),,+5(140),,,,+(30),,
737,236,湖北第二师范学院,whynot,陈瑞杰,魏传旭,肖梓恒,,False,True,4,589,,+(137),,,,+(13),,+5(284),,,,+(55),,
738,237,太原理工大学,吃黄瓜要趁绿,许星宇,荀思杰,王振琛,,False,True,4,591,,+2(242),,,,+(12),,+5(150),,,,+(47),,
739,,武汉大学,这是一个很重要的问题,苏雨硕,杨博文,陈明德,,False,True,4,593,,+1(144),,-1,,+(14),,+7(220),,,,+(55),,
740,,东北大学,东北大学_软炸理计,黄宇帆,潘炼,袁家铭,,False,True,4,593,,+1(95),,-3,,+(7),,+4(243),,,,+3(88),,
741,238,宁德师范学院,拜托了，另一个我！,杨哲凯,,,,False,True,4,593,,+3(138),,-3,,+(3),,+3(255),,,,+3(17),,
742,,中国矿业大学,码到成功,晁荣卫,林昱达,何铭昊,,False,True,4,597,,+3(254),,,,+1(17),,+1(149),,,,+(77),,
743,,南京大学苏州校区,菜鸟,蔡和然,李明宇,陈保行,,False,True,4,599,,+1(281),,,,+(27),,+3(114),,,,+1(77),,
744,239,黄冈师范学院,好喜欢你怎么办,刘闻科,张舒恒,周康禧,,False,True,4,600,,+1(279),,,,+(8),,+3(174),,,,+(59),,
745,,广东工业大学,AC发电机,何彦憬,郭靖扬,王耀廷,,False,True,4,603,,+(149),,,,+(7),,+7(259),,,,+(48),,
746,240,重庆城市科技学院,穿书只为拐走三花娘娘,吴广平,刘英凯,陈季尤,,False,True,4,605,,+2(169),,-9,,+2(25),,+7(136),,,,+(55),,
747,241,广东培正学院,我们要2打3了,沈亦鱼,黄铭锋,,,False,True,4,608,,+(79),,,,+(5),,+10(290),,,,+(34),,
748,,福州大学,福砖三剑客,叶芷,丁诗怡,陈封,,False,True,4,608,,+(290),,,,+(8),,+5(171),,,,+(39),,
749,,浙江中医药大学,ZCMU-赛博老中医,王震,黄超逸,何子涵,,False,True,4,610,,+2(181),,,,+1(10),,+4(187),,,,+1(72),,-1
750,242,汕头大学,飞天小解解,方松杰,朱星宇,王翌州,,False,True,4,611,,+(251),,,,+(11),,+5(193),,,,+(56),,
751,,华南师范大学,风依旧在,李嘉鼎,林楷楠,,,False,True,4,612,,+(134),,,,+(15),,+4(288),,,,+(95),,
752,243,南京农业大学,while(sleeping)AC++;,李嘉熙,张博轩,王文圣,,False,True,4,613,,+(265),,,,+1(6),,+3(195),,,,+1(47),,
753,,南京信息工程大学,鲤鱼移动的速度是二米每秒,栗雨,刘思奇,何文煜,,False,True,4,613,,+(220),,+2(289),,+(9),,-4,,,,+(55),,
754,,电子科技大学,UESTC_MyCode!!!,杨云皓,余鑫杰,刘子豪,,False,True,4,615,,+(198),,-1,,+(12),,+5(242),,,,+(63),,
755,,山西大学,不懂你们二次元,王盛宇,于亚玄,王嘉硕,,False,True,4,616,,+2(212),,,,+(7),,+6(139),,,,+2(58),,-6
756,244,河南工业大学,夜 向日葵,张宏泽,马家硕,马贺,,False,True,4,616,,+2(256),,-3,,+1(11),,+2(187),,,,+1(42),,
757,,山东财经大学,Ctrl CV  Warriors （复制粘贴战士）,孙博畅,林烨洋,高昌宇,,False,True,4,618,,+(123),,,,+3(38),,+3(224),,,,+(113),,
758,245,河北工业大学,曼波曼波,刘弈廷,李瀚文,黄思惟,,False,True,4,622,,+4(297),,,,+(13),,+3(90),,,,+(82),,
759,,湖州师范学院,湖师院3队,郑恩祈,王伟翔,候鹏程,,False,True,4,623,,+2(100),,,,+(26),,+12(168),,,,+(49),,
760,,华南农业大学,天鹅繁育中心,温雨佳,钟志轩,钱志远,,False,True,4,624,,+(251),,,,+(15),,+5(213),,,,+(45),,
761,,浙江工业大学,ZJUT7,马哲超,张聪,权烨,,False,True,4,626,,+2(238),,,,+(10),,+4(217),,,,+(41),,
762,246,南京工程学院,队长说拿牌cos银狼,丁昊,崔东靖,陈昱安,,False,True,4,627,,+(171),,-6,,+2(18),,+6(157),,,,+2(81),,
763,,中国矿业大学,矿兵出击,杨骐玮,赵际云,卜炜珏,,False,True,4,629,,+1(216),,,,+(14),,+(255),,,,+1(104),,
764,,武汉大学,摇曳到软冬去露营,崔祯航,林喆霖,范锦炜,,False,True,4,630,,+(142),,-3,,+1(14),,+5(285),,,,+(69),,
765,,华南理工大学,您的AC订单正在配送,王雨豪,文建荣,胡轩瑞,,False,True,4,633,,+1(195),,+3(271),,+(11),,-8,,,,+(76),,
766,247,浙江外国语学院,浙外X队,吴建强,张佳乐,王湘豫,,False,True,4,633,,+(174),,-1,-1,+(8),,+7(276),,,,+(35),-1,-1
767,,湖南工业大学,果题鲜峰,肖凝果,陈绘鲜,龚鹤峰,,False,True,4,636,,+2(288),,,,+2(13),,+1(162),,,,+(73),,-1
768,,哈尔滨工程大学,Cia修啊噗llo派～(∠・ω< )⌒☆,赵文定,冯望,杨一鸣,,False,True,4,638,,+(155),-1,-1,-1,+(8),-1,+10(213),-1,-1,-1,+(62),-1,-1
769,,华中科技大学,Hu基米德,陈子澍,李叙儒,代康琪,,False,True,4,638,,+1(238),,,,+(13),,+3(263),,,,+(44),,
770,248,浙江广厦建设职业技术大学,给我们名额吧，我们真的想旅游,陈硕,曹政业,陈道磊,,False,True,4,645,,+(219),,-12,,+(7),,+9(166),,,,+(73),,
771,,中国矿业大学（北京）,云淡风清,周发顺,徐靖涵,王晨,,False,True,4,650,,+4(201),,-31,,+(13),,+7(179),,,,+(37),,
772,,电子科技大学,UESTC_3fairies,徐俊杰,潘君,张鑫,,False,True,4,650,,+3(160),,-1,,+1(12),,+5(229),,,,+1(49),,
773,,南京工业大学,做AK梦,刘珂,盘英章,宋申辉,,False,True,4,650,,+(94),,,,+2(18),,+3(287),,,,+(151),,
774,,河南师范大学,星愿残响,宁思禹,彭伟泰,余锦昊,,False,True,4,651,,+(239),,,,+(8),,+5(248),,,,+(56),,
775,,浙江工商大学,超级无敌暴龙战士,郑安乔元,於泊臻,姚心成,,False,True,4,652,,+(182),,,-2,+(9),-1,+5(161),,,,+4(120),,
776,,四川大学,想学水利水电工程,冯朝航,蔡相渔,陈燚,,False,True,4,656,,+(149),,-3,,+(5),,+9(236),,,,+1(66),,
777,,西南财经大学,逐火之蛾,张玲玲,杨富贵,胡泽滨,,False,True,4,662,,+2(231),,-1,,+1(11),,+6(170),,,,+(70),,
778,,河南师范大学,彩云归,陈春宇,孙胜锺,董天逸,,False,True,4,662,,+2(215),,,,+(13),,+5(252),,,,+(42),,
779,,西南科技大学,补考的救赎,王钦洲,黄义,李立娅,,False,True,4,667,,+(234),,,,+(9),,+7(243),,,,+(41),,
780,,中北大学,ACMer转生，到了xcpc就拿出0721次罚时,杨庆伟,李镇道,王泽仁,,False,True,4,671,,+1(274),,-1,,+(7),,+5(221),,,,+(49),,
781,,华南理工大学,不要哇,张驰铖,何旭禹,谭勤智,,False,True,4,672,,+1(268),,,,+(9),,+4(259),,,,+(36),,
782,249,河南科技大学,难铜的最后一舞,张旭,谢沛哲,郑怡飞,,False,True,4,673,,+(114),,,,+(14),,+12(243),,,,+(62),,
783,,山东理工大学,苯萘菲队,孙文桓,何洪哲,王一博,,False,True,4,677,,+4(270),,,,+(9),,+2(230),,,,+(48),,
784,,中国传媒大学,葬送的acmer与香辛料,李善朔,余逸阳,赵俊凯,,False,True,4,677,,+4(278),,-5,,+(6),,+3(206),,,,+(47),,
785,250,天津科技大学,魔都咔咔,韩高臻,贺江阳,朱世乐,,False,True,4,683,,+(246),,,,+(14),,+2(276),,,,+1(87),,
786,251,广东工业大学揭阳校区,Sumimi,刘子恒,林杰钗,向宇飞,,False,True,4,691,,+(214),,,,+1(9),,+4(286),,,,+(82),,
787,,华南农业大学,三个键盘手也能组一辈子的乐队吗？,谭伟杰,颜乾彪,陈钢,,False,True,4,694,,+(196),,,,+(10),,+7(286),,,,+(62),,
788,,安徽大学,顺境吃圆博，逆境洗澡澡，绝境靠建强,许子桢,吕建强,刘圆博,,False,True,4,697,,+(172),,-15,,+(11),,+12(237),,,,+(37),,
789,,上海大学,鼠SHU不想WA,陈启鸿,刘洲宏,尚锦浩,,False,True,4,702,,+(259),,-1,,+1(21),,+1(220),,,,+4(82),,
790,,深圳大学,扣1生成队名,邹文博,杨毅博,陈昂雄,,False,True,4,704,,+2(127),,,-1,+1(25),,+6(296),,,,+1(56),,
791,,浙江师范大学,样例能过就AC,林初凡,李宇廷,严惟傲,,False,True,4,708,,+2(198),,,,+(8),,+8(265),,,,+(37),,
792,,湖南大学,工信,许斌洋,叶如桐,陈宏,,False,True,4,711,,+2(234),,,,+(6),-3,+5(269),,,,+(62),,
793,,浙江财经大学,浙财X队,沈乐琰,张孝顺,叶涛瑞,,False,True,4,713,,+(150),,,,+(11),-2,+10(235),,,,+2(77),,
794,252,信息工程大学,208,唐日文,陈铮,史秉轩,,False,True,4,714,,+4(249),,,,+(19),,+4(188),,,,+(98),,
795,253,西安邮电大学,XUPT1,毋至晨,薛昊坤,,,False,True,4,719,,+(216),,,,+1(27),,+7(261),,,,+(55),,
796,,成都信息工程大学,竹叶雨,黄中鼎,叶忠杰,胡浩宇,,False,True,4,722,,+3(241),,,,+(9),,,,,,+1(79),,+2(273)
797,254,西北农林科技大学,NWAFU_4,刘书瑞,邓雅议,余圣安,,False,True,4,727,,+(211),,,,+(12),,+7(254),,,,+(110),,
798,,长春理工大学,神人乐队和动物朋友,史振宜,周熙众,梁寒兵,,False,True,4,729,,+2(248),,,,+(9),,+8(179),,,,+(93),,
799,255,温州商学院,恭喜以上队伍获奖,高展,梁昊翔,沈铖飞,,False,True,4,729,,+(170),,,,+(9),,+9(262),,,,+1(88),,
800,,上海理工大学,今晚和队友打ABC,胡术淇,周正杰,周天昊,,False,True,4,731,,+7(296),,,,+(10),,+1(203),,,,+(62),,
801,256,江汉大学,队长闭关修炼得道归来(26考研抄底软微),熊振庭,李尧斐,焦子霖,,False,True,4,732,,+1(285),,,,+(74),,+2(239),,,,+(74),,
802,,华中师范大学,我重生了，这一世我要拿北京金牌娶回zzz,王绪毅,邹卓昂,晏维阳,,False,True,4,734,,+1(164),,,,+1(20),,+8(285),,,,+(65),,
803,,大连理工大学,dlut08,吴习哲,刘晨旭,安逸,,False,True,4,737,,+(245),,,,+(10),,+7(295),,,,+(47),,
804,,浙江师范大学,面向样例贪心,陈智,周纪恺,姜翔元,,False,True,4,738,,+(170),,-1,,+(8),,+11(269),,,,+(71),,
805,,成都信息工程大学,鼠鼠大王,韦彦祖,魏章博,莫政君,,False,True,4,738,,+1(286),,,,+(14),,+8(214),,,,+(44),,-2
806,,湖南科技大学,湖南科大三队,旷豪杰,易刚,张帅,,False,True,4,741,,+(127),,,,+(10),,+5(286),,,,+5(118),,
807,,莆田学院,中二病也要当A批,黄佳威,卢竑宇,王羿捷,,False,True,4,744,,+(167),,-13,,+(9),,+12(237),,,,+1(71),,
808,,上海交通大学,已经没有什么好害怕的了,黄致远,刘子赫,李秉烨,,False,True,4,760,,+(88),,,,+(10),-2,+17(246),,,,+1(56),,
809,257,长春工业大学,风平浪静,叶俊捷,吴贻炫,蒋雄,,False,True,4,760,,+(182),,,,+1(10),,+10(290),,,,+(58),,
810,,北京师范大学,深藏blue,李赫祥,张书林,安奕达,,False,True,4,766,,+(250),,,,+3(15),,+9(159),,,,+(102),,
811,258,广西民族大学,超级薯条,程远松,黄砚咸,石景宝,,False,True,4,775,,+1(298),,,,+(14),,+8(167),,,,+(116),,
812,,华中师范大学,人生何处不青山,余成鸣,赵毅,项思语,,False,True,4,777,,+2(270),,,,+(6),,+8(224),,,,+1(57),,
813,,中国传媒大学,风滚金轮草,谢嘉彤,蔡奕麟,龙岑华,,False,True,4,786,,+1(276),,,,+(10),,+9(238),,,,+(62),,
814,,西南大学,星海,蒋天逸,李尹棋,李倬君,,False,True,4,789,,+4(284),,-7,,+(8),,+7(199),,,,+1(58),,
815,,北京师范大学,何以AC,黄梓杰,陈尧森,王嘉炜,,False,True,4,796,,+8(237),,,,+(10),,+4(257),,,,+(52),,
816,,阜阳师范大学,年轻人不要老熬夜,束明伟,石道成,王萌,,False,True,4,798,,+4(291),,,,+(23),,+5(239),,,,+(65),,
817,259,南阳理工学院,嘻嘻,张雷鸣,姜良超,杨利恒,,False,True,4,801,,+(162),,,,+2(15),,+18(184),,,,+(40),,
818,260,阿坝师范学院,南蛮入侵,胡航,刘付焮,冯浩,,False,True,4,801,,+(227),,,,+(7),,+11(264),,,,+1(63),,
819,261,中南林业科技大学,考研也要打xcpc,李逢浩,吴梦瑶,周子未,,False,True,4,805,,+1(291),,-2,,+(14),,+4(247),,,,+1(133),,
820,,青岛大学,星垂平野,李子涵,代自超,杨子航,,False,True,4,813,,+1(159),,,,+(9),,+14(258),,,,+(87),,
821,262,岳阳学院,深度睡眠,任品玮,袁亮,陈亮,,False,True,4,814,,+1(255),,,,+1(11),,+9(186),,,,+(142),,
822,,华南理工大学,组一辈子乐队,吴鸿菊,王鹏,邢天宇,,False,True,4,815,,+3(291),,,,+(15),,+5(287),,,,+(62),,
823,,西南交通大学,西南交大舞萌DX同好会,刘俊豪,陈义达,郑浩,,False,True,4,831,,+(188),,,,+3(29),,+14(222),,,,+(52),,
824,,福州大学,孤注一掷！,王郑涵,黄佳鹏,蔡永康,,False,True,4,834,,+7(292),,,,+(12),,+4(271),,,,+(39),,
825,,南京邮电大学,njupt25team010,卫鸿飞,刘君涵,贲振豪,,False,True,4,838,,+1(286),,,,+(7),,+9(296),,,,+(49),,
826,,山东大学,文盲,徐馨兰,邵雨凡,袁洪坤,,False,True,4,846,,+3(237),,,,+(4),,+9(276),,,,+(89),,
827,,东南大学,悄然谜响,陈琳昊,黄煜杰,周子航,,False,True,4,854,,+1(181),,,,+(11),,+15(273),,,,+1(49),,
828,263,华北水利水电大学,打铁的命，AC的心,王加燊,何嘉斌,张哲,,False,True,4,854,,+(243),,,,+(15),,+10(289),,,,+1(87),,
829,,信息工程大学,重生之我在信大,蔡智勋,赵凌睿,闫国基,,False,True,4,860,,+(299),,,,+(16),,+8(261),,,,+(124),,
830,,安徽大学,神秘WA学弟,李子涵,高源,吴元斌,,False,True,4,865,,+(279),,,,+(8),,+12(297),,,,+(41),,
831,,北京邮电大学,吃堡饱队,金旭一,单一凡,吴优,,False,True,4,868,,+(83),,,,+(11),,+23(279),,,,+(35),,
832,,福建师范大学,π的暗面,熊依婷,廖子涵,吴铠东,,False,True,4,869,,+1(201),,,,+1(22),,+10(267),,,,+2(99),,
833,,四川师范大学,写都写了，交一发吧,唐宇,武恒,李嘉乐,,False,True,4,952,,+3(241),,,,+(9),,+12(286),,,,+1(96),,
834,,河南师范大学,天天向上,刘资成,赵恒,刚毅,,False,True,4,970,,+8(253),,,,+(10),,+10(223),,,,+1(104),,
835,,北京工业大学,队名,周若辰,黄励文,王玺荣,,False,True,4,981,,+2(131),,-1,,+(9),,+27(211),,,,+(50),,
836,264,湖南中医药大学,摆大烂,王稼轩,杨增磊,刘孝波,,False,True,4,998,,+9(298),,,,+(21),,+8(253),,,,+(86),,
837,,吉林大学,罚时天王,钟姝伶,鞠学深,李雨隆,,False,True,4,1015,,+(197),,,,+1(11),,+22(299),,,,+(48),,
838,,同济大学,小粉兔大战僵尸,顾顺,何嘉乐,陶禹哲,,False,True,4,1080,,+4(175),,,,+1(18),,+22(242),,,,+1(85),-1,
839,,四川大学,机厅舞萌中二几块钱1pc,黄叙豪,唐闻博,石童鸣,,False,True,3,103,,+(69),,,,+(9),,-7,,,,+(25),,
840,,华东师范大学,河西食堂转生队,沈崇焕,宗乃一,刘昕东,,False,True,3,109,,+(76),,-2,,+(3),,-25,,,,+(30),,
841,,吉林大学,白毛红瞳小萝莉,何旭,林辰旭,林钰博,,False,True,3,112,,+(63),,,,+(9),,-10,,,,+(40),,
842,,武汉大学,哇多麼好的機會啊,吴悠,文质彬,肖涵卓,,False,True,3,116,,+(45),,-1,,+(11),,-2,,,,+(60),,
843,,哈尔滨工业大学（威海）,新建队伍 (1),孙西越,姬语阳,郭奕聪,,False,True,3,117,,+(40),,-4,,+(7),,-8,,,,+(70),,
844,,杭州师范大学,知识学爆,叶志汉,金岸,王熠楠,,False,True,3,119,,+(60),,,,+(14),-3,-3,,,,+(45),,
845,,安徽师范大学,哀原灰的灰原哀,许居尚,高翔,火天宝,,False,True,3,125,,-8,,,,+(4),,+1(39),,,,+(62),,
846,,南阳理工学院,勤劳又勇敢的队长，他做出了巨大的牺牲,叶昱彤,陈泺冰,周硕涵,,False,True,3,129,,+(85),,,,+(11),,-14,,,,+(33),,
847,,东北师范大学,运行错误,齐昊坤,曹勇麟,周文琦,,False,True,3,130,,+(86),,-1,,+(8),,-12,,,,+(36),,
848,,温州大学,牌入栈，栈溢出,韦乾平,李家诚,王楚怡,,False,True,3,137,,+(52),,,,+(12),-1,-4,,,,+(73),,
849,265,武汉职业技术大学,三只小猪,王子玄,杨浩,程迅,,False,True,3,141,,+(52),,,,+(11),,-7,,,,+(78),,-1
850,,北京邮电大学,RE冒号0,马廷良,吴宗阳,周一鸣,,False,True,3,142,,+(79),,,,+(14),,-15,,,,+(49),,
851,,广东工业大学,木棉,徐非池,张炜,林琮皓,,False,True,3,150,,+(86),,,,+(7),,-3,,,,+(57),,
852,266,香港城市大学（东莞）,我的指针有点硬,郭旺乐,袁庚麒,郭刘翰文,,False,True,3,153,,+(115),,,,+(5),,-17,,,,+(33),,-4
853,,南京理工大学,彩虹猫猫头,冯宇杰,刘一欢,吴东来,,False,True,3,155,,+(89),,-1,,+(6),,-11,,,,+(60),,-1
854,,东华大学,句点，终焉扭转,鲍威凌,张晓高,蔡晋,,False,True,3,161,,+(101),,,,+(9),,-4,,,,+(51),,
855,,河南大学,我要睡觉了,田沈聪,胡靖铭,李耘辉,,False,True,3,161,,+(102),,,,+(10),,-21,,,,+(49),,
856,,湖南师范大学,心动糖加杯,陶子杨,唐嘉彬,赵禹翔,,False,True,3,167,,+1(59),,,,+(8),,-20,,,,+(80),,
857,,南京航空航天大学,那一天的AC，AC起来,王思雨,刘金颜,赵天屹,,False,True,3,167,,+(94),,,,+1(10),,-9,,,,+(43),,
858,,吉林大学,夏日空调幻想时刻,周浩宇,朱明昊,王福峥,,False,True,3,169,,+1(79),,,,+(17),-2,-7,,,,+(53),,
859,,北京交通大学,BJTU02,刘泽晖,孙宁,王嘉胜,,False,True,3,172,,,,-1,-6,+(6),,+3(65),,,,+(41),,
860,,信息工程大学,新旬拔队,丁钧铖,林万新,张裕颉,,False,True,3,173,,+(111),,,,+1(14),,-2,,,,+(28),,
861,,大连理工大学,dlut02,蒋承峻,蔡卓轩,潘逸涵,,False,True,3,175,,+(122),,,,+(7),,-14,,,,+(46),,
862,,华南农业大学,就这样,梁凯,冯诗哲,林业茂,,False,True,3,175,,+(133),,,,+(10),,-5,,,,+(32),,
863,,合肥工业大学,天天做早操队,王腾昊,韩昆桦,舒雨飞,,False,True,3,176,,,,-5,,+(9),,+1(98),,,,+(49),,
864,,郑州大学,郑大25网络赛队伍六,姬冠成,毛睿,陈年澎,,False,True,3,177,,+(85),,,,+(8),,-10,,,,+1(64),,
865,,华东师范大学,东瓷器普通大学,俞啸海,潘延霖,陈苏杭,,False,True,3,177,,+(67),,,,+(9),,-5,,,,+(101),,
866,,北京师范大学,poly狗,王思潮,丁余健,姚述军,,False,True,3,178,,-3,,,,+(8),,+2(51),,,,+1(59),,
867,,同济大学,路边三条,王梓彦,陈志宇,严梓杰,,False,True,3,178,,+(79),,,,+(5),,-15,,,,+1(74),,
868,,中国民航大学,星星之火,梁永琰,王璟鸿,孙皓,,False,True,3,181,,+(120),,-1,,+(11),,-7,,,,+(50),,
869,,哈尔滨工程大学,go学长带着瓦妈妈逃离三角洲去打舞萌,赵新凯,孙江吉,闫力仁,,False,True,3,182,,+(85),,-3,,+(8),,-10,,,,+2(49),,
870,,北京科技大学,测试点全队,庞明宇,刘昊明泽,康伊德,,False,True,3,184,,+(116),,,,+(7),,-9,,,,+(61),,
871,,湖北工业大学,备用机位,周奕昊,张哲,祝浩,,False,True,3,184,,+(134),,,,+(7),,-8,,,,+(43),,
872,,南京大学苏州校区,TLE批发市场,胡延沣,李军泽,黄毅健,,False,True,3,185,,+(62),,,,+(33),,-2,-4,,,+(90),,
873,,大连理工大学,dlut06,向阳,刘毅,陈勇,,False,True,3,185,,+(114),,,,+(9),,-3,,,,+(62),,
874,,浙江财经大学,浙财W队,林帮吉,华政阳,蒋文昊,,False,True,3,186,,+(73),,,,+(17),,-8,,,,+(96),,-1
875,267,衡水学院,衡水学院一队,王南凯,杨嘉琳,陈昶潇,,False,True,3,186,,+(129),,,,+(11),,,,,,+(46),,
876,,厦门大学嘉庚学院,新帕斯,孟高奇,陈晴,林宇翔,,False,True,3,189,,+(111),,,,+(12),,-3,,,,+(66),,
877,,浙江工业大学,ZJUT5,叶许乐,俞佳毅,蒋徐杰,,False,True,3,190,,+1(115),,,,+(9),-1,-4,,,,+(46),,
878,,东南大学,叶天舟,叶家顺,谢天宇,周怡舟,,False,True,3,190,,+(122),,,,+(18),,-2,,,,+(50),,
879,,山东科技大学,白羊号,吴佳璇,杨永智,冯湛博,,False,True,3,191,,+(132),,,-1,+(10),,-2,,,,+(49),,
880,,青岛理工大学,汉堡与可乐皆失,王鹏宇,吴秀彦,刘敬苛,,False,True,3,192,,+(113),,,,+1(14),,-5,,,,+(45),,
881,,暨南大学,"printf(""队友呢救一下啊"")",赵坚浩,牛东云,肖麟,,False,True,3,192,,+(139),,,,+(7),,-36,,,,+(46),,
882,,苏州大学,wa乃兵家常事,王轩奕,张浩楠,朱昊文,,False,True,3,193,,+(96),,,,+(9),,-8,,,,+(88),,
883,,哈尔滨工程大学,队里只有一只二刺猿所以起名还是问fufu吧¿,赵艺凯,李焱冉,万德俊,,False,True,3,195,,+1(94),,,,+(10),,-21,,,,+(71),,
884,,南京大学苏州校区,胡萝卜炖鱼梨,胡恩齐,罗伟亮,叶玉立,,False,True,3,196,,+(133),,-11,,+(6),,-9,,,,+(57),,
885,268,常州大学,三个人凑不出一个队名,汪文健,韩琪霖,夏君哲,,False,True,3,197,,+(98),,,,+(12),,-7,,,,+1(67),,
886,,哈尔滨工业大学（深圳）,潜水小怪,孙宇开,羊柯伍,梁彬,,False,True,3,199,,,,-3,,+(11),,+4(81),,,,+(27),,
887,,山东大学,想要成为人类,孙崇越,农烨明,王天烨,,False,True,3,199,,+(89),,-18,,+(13),,-4,,,,+(97),,
888,,河南理工大学,蛋仔派队,李博,赵彪,李子恒,,False,True,3,200,,-3,,,,+(18),,+1(115),,,,+(47),,
889,,华南师范大学,区间合并,陈华昊,蓝子童,林昊,,False,True,3,201,,+(123),,-4,,+1(12),,-12,,,,+(46),,
890,269,中国地质大学（北京）,AC搬运机,吴浩炀,翁子竣,文浩名,,False,True,3,201,,+1(132),,,,+(7),,-4,,,,+(42),,
891,270,山东师范大学,樱高轻音部,张兴晨,路宇欣,魏淑英,,False,True,3,203,,+(149),,,,+(6),,-8,,,,+(48),,
892,,山东大学,分形黄昏,卢俊宇,林星宇,郑睿杰,,False,True,3,204,,+(107),,,,+1(13),,-16,,,,+(64),,
893,,西安电子科技大学,但愿你的道路漫长长长长长长长,李熙源,曾海滨,田业顺,,False,True,3,205,,+(116),,,,+1(15),,-15,,,,+(54),,
894,,宁波大学,初音未来-纳西妲-芙宁娜第一可爱喵,杨晨,方梓安,何沐,,False,True,3,206,,-2,-2,-1,,+(7),,+3(101),,,,+(38),,
895,271,曲阜师范大学,爱吃彩虹糖,孙毅飞,丁海峰,嵇永彬,,False,True,3,206,,+(136),,,,+(12),,-78,,,,+(58),,
896,,中国民航大学,基本演绎法,李林芮,姚远,马佳昶,,False,True,3,207,,+(160),,,,+(7),,-33,,,,+(40),,
897,,山东大学,梦想家Sleeping Thinkers,黄志强,黄天泽,刘慧剑,,False,True,3,208,,+(162),,,,+(16),,-4,,,,+(30),,
898,,南京大学苏州校区,叉烧猫大战奶茶鼠,张铭恺,戚俊涵,龚亮,,False,True,3,209,,+2(98),,,,+(12),,-10,,,,+(59),,
899,272,井冈山大学,哈基易秒开棘背龙打acm,易传承,庄子琪,陈晓霖,,False,True,3,209,,+(126),,,,+(12),-1,,,,,+(71),,
900,,中国矿业大学,不是只过样例队,马哲涵,杨洪斌,丁铭哲,,False,True,3,210,,+(143),,-3,,+(17),,,,,,+(50),,
901,,浙江万里学院,万里三队,叶仁杰,马康博,关天泽,,False,True,3,211,,+(145),,,,+(7),,-10,,,,+(59),,
902,,福州大学,回来吧科比牢大，我最骄傲的信仰,颜荣琛,李子墨,陈泽煦,,False,True,3,212,,+(145),,,,+(6),,-6,,,,+(61),,
903,,宁波大学,我们是路边,金焕磊,陈昕宇,袁铭都,,False,True,3,213,,+1(137),,,,+(7),,-5,,,,+(49),,
904,,山东大学,想吃冰工厂,毛洋洋,侯佳昊,刘少卿,,False,True,3,215,,+1(140),,-2,,+(8),,-13,,,,+(47),,
905,,南京邮电大学,njupt25team013,江明轩,李树泓,徐文韬,,False,True,3,216,,+(125),,,,+(11),,-15,,,,+1(60),,
906,,广西大学,队名WA2了,郑毅,陈君屹,杜永坤,,False,True,3,217,,+(147),,,,+(13),,-8,,,,+(57),,
907,,哈尔滨工业大学（威海）,小伙defineintLL就被管家活活打断腿,詹柏川,卜家骏,郭嘉豪,,False,True,3,218,,+(153),,,,+(10),,-13,,,,+(55),,
908,,山东大学,sdu-一场伟大的魔术,刘殷帆,李正君,董华烁,,False,True,3,219,,+2(129),,,,+(8),,-8,,,,+(42),,-1
909,,哈尔滨工程大学,注定伟大,李伯轩,周凡城,刘书宇,,False,True,3,219,,+(155),,,,+(9),-8,-5,,,,+(55),,
910,,中国海洋大学,AUntitled,李好,杨恩睿,马子杰,,False,True,3,220,,+(158),-1,-1,-1,+(7),-1,-4,-1,-1,-1,+(55),-1,-1
911,,南京航空航天大学,下班,杨恩祺,张润州,顾一帆,,False,True,3,220,,+(159),,-1,,+(10),,-2,,,,+(51),,
912,273,长江大学,过样例就交,柯业鑫,张为晖,周旭,,False,True,3,221,,,,,,+1(20),,+2(97),,,,+(44),,-5
913,274,河南科技学院,重生之我在ACM赛场上原神启动,赵禹铭,马肖阳,田家杰,,False,True,3,222,,+(111),,,,+(13),-1,-7,,,,+(98),,
914,,北京理工大学,编程小纵队,张之杰,李旭邦,刘逸彬,,False,True,3,222,,+2(113),,,,+(12),,-6,,,,+(57),,
915,,杭州师范大学,尽欣杰力还是做不到吗,黄子力,龚俊杰,黄欣怡,,False,True,3,222,,-2,,-3,,+(6),,+1(140),,,,+(56),,
916,,郑州大学,郑大25网络赛队伍三,程申夫,刘开阳,孔雷博,,False,True,3,223,,+(177),,,,+(10),,-1,,,,+(36),,
917,,苏州大学,素粥大雪登山队,薛腾扬,陈梓腾,顾泽华,,False,True,3,224,,+(148),,,,+(15),,-8,,,,+(61),,
918,,深圳技术大学,SZTU_没有她的四月,邹宇峰,郑彬涛,纪锐津,,False,True,3,225,,-1,,,,+1(11),-2,+(71),,,,+(123),,
919,275,韶关学院,上蓝 cos hsn,冯诺维,谢泽栩,朱子睿,,False,True,3,225,,+1(138),,,,+(9),,-23,,,,+(58),,
920,,河海大学,快给我取个名字,仵柳飒,赵俊儒,杜珈颖,,False,True,3,225,,+(163),,,,+(9),,-1,,,,+(53),,
921,,哈尔滨工业大学（威海）,重生之我在哈威wa铁牌,魏贺鹏,胡明聪,周鑫,,False,True,3,226,,+(125),,,,+(8),,-17,,,,+1(73),,
922,276,怀化学院,真的热爱ACM吗,董朝科,潘腾,袁琦,,False,True,3,226,,+(127),,-1,,+(8),,-20,,,,+(91),,
923,,东北农业大学,这偌大集训队真没有第四个麻将er吗,程雨,张卓然,陈朋,,False,True,3,226,,+(150),,,,+(15),,,,,,+(61),,
924,277,青岛农业大学,手写的从前,刘世征,张方博,王科锦,,False,True,3,226,,+(165),,,,+(16),,-3,,,,+(45),,
925,,深圳职业技术大学,不想打铁,林浩然,侯增豪,周楠,,False,True,3,227,,,,,,+1(20),,+(127),,,,+(60),,
926,,武汉纺织大学,满月三人组,范赫,钟宇峰,游为与,,False,True,3,228,,+(64),,,,+(11),,-45,,,,+3(93),,
927,,内蒙古大学,哇哇哇,高文林,章玉衡,包胡呢斯图,,False,True,3,228,,+(156),,-1,,+(12),,-9,,,,+(60),,
928,,台州学院,超时空救援,张存键,林文涛,朱深敏,,False,True,3,229,,-3,,,,+(17),,+2(109),,,,+(63),,
929,,天津大学,八骏宏图,崔亚鑫,郑铮,靳佳琦,,False,True,3,229,,+(112),,,,+1(17),,-6,,,,+(80),,
930,,信息工程大学,花生可,黄颂凯,李鸣铭,卫海鑫,,False,True,3,229,,+1(116),,,,+1(15),,-12,,,,+(58),,
931,278,淮北理工学院,来我淮理玩吖,尹洪超,霍宇成,朱宏伟,,False,True,3,229,,+(152),,-4,-1,+(11),-1,-11,,,,+(66),,
932,,浙大城市学院,猫，架子与水杯,陈至之,郭申申,鲁俊杰,,False,True,3,230,,,,,,+(8),,+2(145),,,,+(37),,
933,,吉林大学,酒笙清栀,柳湛博,高珺,梁家铭,,False,True,3,230,,+(175),,,,+(11),,-8,,,,+(44),,
934,,国防科技大学,无人在意,彭轩昂,杨泽,刘宇林,,False,True,3,231,,+(96),,-3,,+1(15),,-2,,,,+1(80),,
935,,宁波大学,蜜雪三分糖加AC,郑依林,王泽豪,虞卓军,,False,True,3,232,,+1(143),,,,+(14),,-4,,,,+(55),,
936,,华中农业大学,憧憬成为AC大帝,刘睿哲,阮崇轩,赵俊杰,,False,True,3,232,,+(179),,,,+(9),,-36,,,,+(44),,
937,,华南理工大学,我WA故我在,梁祖章,黄皓炜,张圣渤,,False,True,3,233,,-2,,,,+1(15),-1,+2(89),-1,,,+(69),,-3
938,,河海大学,0d00爆吃0721发用起爆器炸毁评测机,蔡志谦,高铎,郭景星,,False,True,3,234,,+(171),,,,+(9),,-11,,,,+(54),,
939,,中国石油大学北京克拉玛依校区,中石大克,梁博雅,董玉贤,刘东升,,False,True,3,235,,+(128),,,,+(13),,-7,,,,+(94),,
940,,兰州大学,金城关外玉门风,邵逸帆,吴平,时哲涵,,False,True,3,235,,+(151),,,,+(14),,-14,,,,+(70),,
941,,湖南财政经济学院,为美好的世界献上AC！,彭美青,孙国力,彭嘉庆,,False,True,3,235,,+1(165),,,,+(10),,-12,,,,+(40),,
942,,西北工业大学,1-2-4-8-16-32,陈玟,白昊明,吴天烨,,False,True,3,236,,+(137),,,,+1(11),,-13,,,,+(68),,
943,,中国人民大学,河边喝水的三只猫,周孟潇,马咏翔,穆思成,,False,True,3,237,,+(92),,,,+(16),,-4,,,,+(129),,
944,,北京化工大学,WA时在做什么,倪亚伦,常钦保,林梓沛,,False,True,3,237,,+(159),,,,+(17),,-45,,,,+(61),,
945,279,扬州大学,柚子醋蒸虾头,余兴正,宋世荣,蒋蠡,,False,True,3,237,,-4,,,,+(7),,+1(160),,,,+(50),,
946,,苏州工学院,超级卡比猎人队,陈依高,顾心媛,郑雨成,,False,True,3,237,,+(172),,,,+(17),,-7,,,,+(48),,
947,,兰州大学,樱井鹿初雪,吕宁,张潇锋,任宇航,,False,True,3,238,,+(151),,,,+(11),,-8,,,,+(76),,
948,,深圳技术大学,SZTU_鸡砖挖掘机,王正,张家乐,许榕鑫,,False,True,3,238,,+(152),,,,+1(12),,-8,,,,+(54),,
949,,大连理工大学,青雨归潮,冯子祥,刘炜,,,False,True,3,239,,-2,,,,+(8),,+2(114),,,,+1(57),,
950,,天津工业大学,疯狂星期四V我50,吴嘉琪,王宇亮,宋佳烨,,False,True,3,239,,+(154),,,,+1(19),,,,,,+(46),,
951,280,重庆科技大学,午后的茶时间,廖章昊,代一,程琪淋,,False,True,3,239,,+(166),,-4,,+(20),,-6,,,,+(53),,
952,,东南大学,栈溢出,庹力元,钱忆晨,蒋利伟,,False,True,3,239,,+(169),,,,+(13),,-5,,,,+(57),,
953,,青岛理工大学,为我再次寻回在现实角落的梦,黄从恺,邢少洋,李若晗,,False,True,3,240,,+1(146),,,,+(7),,-16,,,,+(67),,
954,,武汉理工大学,最速WA传说,徐炳戌,吴一铭,郭逸非,,False,True,3,240,,+(169),,-1,,+1(11),,-1,,,,+(40),,
955,,江西农业大学,枕月听风,万家林,刘益平,殷智宇,,False,True,3,242,,-3,,,,+(12),,+4(65),,,,+(85),,
956,,长江大学,扬子江比特,曹轩,刘强,杨山峰,,False,True,3,242,,+(160),,,,+(13),,,,,,+(69),,
957,,华中科技大学,本队名因违规已被删除,梁彦伦,李思远,邢钦典,,False,True,3,243,,+1(168),,,,+(6),,-33,,,,+(49),,
958,,温州大学,温大三队,杨嘉诚,盛飞扬,张宇濠,,False,True,3,243,,+(175),,,,+(9),,-10,,,,+(59),,
959,281,石家庄铁道大学,崩坏：庄窠铁道,陈昀,冯子涵,任磊康,,False,True,3,244,,+1(137),,,,+(7),,-14,,,,+(80),,
960,,湖南师范大学,刻板印象,钟秋乐,朱雯娜,陈碧晖,,False,True,3,244,,+(139),,,,+(19),,-6,,,,+1(66),,
961,,山东大学（威海）,艰难依旧坚持,王建烨,黄元昊,郭正扬,,False,True,3,244,,+(169),,-2,,+(11),,-3,,,,+(64),,
962,282,上海师范大学,赛前不小心通宵了,张越群,李睿,姜启材,,False,True,3,246,,+(93),,,,+1(12),,-6,,,,+(121),,
963,,香港科技大学广州,无限罚时制,王智渊,陈志屹,黎志凌,,False,True,3,246,,,,,,+(15),,+2(125),,,,+(66),,-1
964,,苏州工学院,无所谓，我会 AC,张威,黄尔嘉,陈家瑞,,False,True,3,246,,+(149),,,,+1(15),,-13,,,,+(62),,
965,283,闽南师范大学,青春acmer会梦到赛码娘吗,陈云呈,冯天霖,江昊翔,,False,True,3,246,,+(160),,,-1,+(12),-2,-3,,,,+(74),,
966,,东北农业大学,广告位招租,韩茗,苑永蔚,王路宁,,False,True,3,246,,+(169),,,,+(11),,-4,,,,+(66),,
967,284,贵州师范大学,GZNU-1队,李林朔,蒋雨航,黄紫东,,False,True,3,247,,+1(133),,-1,,+(10),,-5,,,,+(84),,
968,,华中农业大学,藏题的时候在干什么？能别笑吗？有点AC数吧,苏森阳,王敬淞,张毅,,False,True,3,248,,+1(160),,,,+(6),,,,,,+(62),,
969,,石家庄铁道大学,打瓦找妈堵桥花,谭海杰,刘瑞冀,赵晨越,,False,True,3,249,,+(100),,,,+2(23),,-11,,,,+(86),,
970,285,南京师范大学,反抗勾勾联盟,王子晨,宋智增,马澎飞,,False,True,3,249,,+1(135),,,,+1(17),-1,-15,,,,+(57),,
971,286,广东技术师范大学,不要给我wawa叫,陈政柱,高睿梓,李瑾沁,,False,True,3,249,,+(199),,,,+(10),,-21,,,,+(40),,
972,,东北大学,东北大学_我都可以,林星希,刘美妤,刘佳鑫,,False,True,3,250,,+1(103),,,,+1(21),,-9,,,,+(86),,
973,,中国海洋大学,结束乐队,汪希,刘翼晨,汤琦,,False,True,3,250,,+1(164),,,,+(10),,-10,,,,+(56),,
974,,浙江工商大学,以我残躯化烈火,陈林赟,吴天昊,干宸骅,,False,True,3,250,,+1(169),,,,+(13),,-9,,,,+(48),,
975,,武汉大学,菠萝催学,扶阳,黄欣岚,张明宇,,False,True,3,250,,+(184),,-3,,+(18),,-10,,,,+(48),,
976,,中国民航大学,样例AC也是AC,任豪凯,韩彤飞,曹奕杰,,False,True,3,251,,+(166),,-2,,+1(21),,-3,,,,+(44),,
977,287,无锡学院,一觉醒来全球打a水平上升一万倍,吴梓平,张万里,李志豪,,False,True,3,252,,+(135),,-1,,+1(20),,-18,,,,+1(57),,
978,,苏州大学,RE 手动机,刘昕宇,沈杨卓凡,陈顾漪,,False,True,3,252,,+(176),,-1,,+(14),,-4,,,,+(62),,
979,,中国矿业大学（北京）,矿金,郭天茁,杨文强,吴瑞阳,,False,True,3,253,,+(171),,-5,,+(11),,-3,,,,+(71),,
980,,南开大学,北闭小学旅游团,章壹程,郑奕杰,朱志彬,,False,True,3,253,,+(174),,-2,,+(7),,-21,,,,+1(52),,
981,,中南民族大学,哈基仙,钟佑安,连怡祥,黄炜超,,False,True,3,253,,+(206),,,,+(11),,-13,,,,+(36),,
982,288,黑龙江大学,云月惊鸿来,陈秋雨,信自强,何恩培,,False,True,3,254,,+2(167),,,,+(13),,-3,,,,+(34),,
983,,浙江农林大学,计算练习生^_^,赵利泺,熊奕炫,徐凯杭,,False,True,3,254,,+(195),,,,+(12),,-5,,,,+(47),,
984,289,哈尔滨理工大学（威海）,北部王者崛起,董骐睿,晁鲁,赵兴广,,False,True,3,255,,-2,,,,+(14),,+2(133),,,,+(68),,
985,,天津大学,玩三角洲玩的,黄文聪,山武弘,王煜杰,,False,True,3,255,,+(166),,-8,,+(18),,-21,,,,+(71),,
986,,广东工业大学,qwq,廖家健,冯天翔,欧俊希,,False,True,3,255,,+(171),,,,+1(8),,-3,,,,+(56),,
987,,河南师范大学,帘外芭蕉惹骤雨门环惹铜绿,杨泓延,郝国栋,张云翔,,False,True,3,255,,+(175),,,,+(11),,-9,,,,+1(49),,
988,,中国矿业大学,三只煤球想成金,杜重阳,倪浩宸,吴帅,,False,True,3,256,,+(180),,-2,,+(22),,-6,,,,+(54),,
989,,井冈山大学,dora一拳打死猫猫虫,王琼,杨文源,徐明,,False,True,3,256,,+(204),,,,+(8),,-4,-2,,,+(44),,
990,,东北师范大学,道夫先路,戴云磊,杨鑫山,谭浩,,False,True,3,257,,+1(175),,,,+(12),-6,-2,,,,+(50),,
991,,东北大学秦皇岛分校,二十四桥明月夜,陈俊安,吴政霖,张默涵,,False,True,3,258,,+(147),,,,+1(13),,-10,,,,+(78),,
992,,重庆邮电大学,憧憬成为ACM高手,李永康,张志学,王磊铭,,False,True,3,259,,+(105),,-1,,+1(13),-1,-1,,,,+(121),,
993,,广州大学,哈基米南北绿多,李轩,周昊焌,杨尚华,,False,True,3,260,,-4,,,,+1(8),,-3,,,,+(34),,+2(158)
994,,同济大学,队的队的哦不队不队,莫怀淇,蓝浩,蒋肸,,False,True,3,260,,+(169),,-2,,+(6),,-19,,,,+(85),,
995,,南开大学,难开题开题难,陈彦兴,何闻硕,张宇墨,,False,True,3,260,,+(187),,-6,,+(7),-2,,,,,+(66),,
996,,陕西师范大学,线段树上长麦当劳,赵欣颖,吴若晗,谢黎涛,,False,True,3,260,,+(208),,-4,,+(7),,-2,,,,+(45),,
997,,南京工业大学,AC一题就算win,张伯衡,蔡家豪,胡成超,,False,True,3,261,,-1,,,,+3(31),,+1(90),,,,+(60),,
998,,郑州经贸学院,阿比盖尔之花,张海乐,席玮辰,王哲,,False,True,3,261,,-2,,,,+(12),,+1(133),,,,+(96),,
999,,天津工业大学,贪心全靠猜,韩奕霖,姚盛源,吴一凡,,False,True,3,262,,+2(169),,,,+(13),,-5,,,,+(40),,
1000,290,江西师范大学,梨蛋汤,汤海峰,黎朔鸣,何建伟,,False,True,3,262,,+(174),,,,+1(15),,-17,,,,+(53),,
1001,,厦门大学,顶级理解,陈宣羽,李海滨,张宏民,,False,True,3,263,,+(185),,,,+(19),,-2,,,,+(59),,
1002,291,武昌理工学院,松弛感,赵子谦,姜金成,张庆颖,,False,True,3,266,,+2(94),,,,+(12),,-27,,,,+(120),,
1003,,北京化工大学,再临,范力烨,江浩,周好,,False,True,3,267,,+(140),,,,+2(11),,-8,,,,+1(56),,
1004,,长安大学,重生之憧憬成为菜狗,蒙禹龙,冯瀚文,龙炜枫,,False,True,3,267,,+1(179),,,,+(6),,-2,,,,+(62),,
1005,,上海科技大学,不知道什么队,田洋,程逸悠,岳明琨,,False,True,3,268,,+1(182),,,,+1(10),,-21,,,,+(36),,
1006,292,南昌理工学院,2025 南理 1 队,毛富豪,李闪亮,刘洋帆,,False,True,3,268,,+1(198),,,,+(10),,-20,,,,+(40),,
1007,293,西北师范大学,今晚来我床上用备用账号5242打ccpc,陈小庆,孙承乾,曾祥涛,,False,True,3,269,,+(176),,,,+(10),,-5,,,,+1(63),,
1008,294,东华理工大学,破晓星,魏嘉豪,熊永荣,涂嘉乐,,False,True,3,269,,+1(190),,,,+(10),,-5,,,,+(49),,
1009,,天津大学,你们好啊，我是铁墓，我要感染评测机了,王琳瑄,秦成信,沈陈林,,False,True,3,269,,+(193),,-1,,+(15),,-1,,,,+(61),,
1010,,西安电子科技大学,突然想到一个O(N^N)的做法,李梓祺,应豪,李鑫皓,,False,True,3,269,,+1(212),,-3,,+(3),,-13,,,,+(34),,
1011,,河北工程大学,眼中仅有你一人,张心洋,陈惠强,,,False,True,3,270,,-4,,,,+(20),,+3(114),,,,+(76),,
1012,,西南交通大学,点击输入文字,洪宇成,黄旭嘉,黄子涵,,False,True,3,270,,+1(188),,,,+(11),,-8,,,,+(51),,
1013,,华南理工大学,HowA,郑培磊,彭代杰,鲁金梓,,False,True,3,271,,+(138),,,,+(11),,-5,,,,+(122),,
1014,295,西南石油大学,swpu_1,黄茂,罗赐曦,龚云飞,,False,True,3,271,,+(204),,,,+(12),-1,-17,,,,+(55),,
1015,,江西财经大学,别开香槟开早了,孙天成,罗文轩,肖源,,False,True,3,271,,+(228),,,,+(12),,,,,,+(31),,
1016,296,沈阳化工大学,又活一天,罗祥,刘洪运,杨鹏瑞,,False,True,3,272,,+(129),,,,+(10),-1,-11,,,,+3(73),,
1017,,西安电子科技大学,耄耋可爱捏,高琦,薛思宇,顾梓骞,,False,True,3,272,,+1(146),,,,+2(22),,-2,,,,+(44),,
1018,297,湖南科技学院,新世纪倒霉战士,廖鑫,谢金林,黎响,,False,True,3,272,,+(150),,,,+1(30),,-8,,,,+(72),,
1019,,郑州轻工业大学,遥遥领先队,尹航,马艺轩,吕浩源,,False,True,3,272,,+(196),,,,+(13),,-27,,,,+(63),,
1020,,武汉大学,栈中星河,张宇华,骆贝尔,杨曦,,False,True,3,274,,+(184),,,,+(14),,-9,,,,+(76),,
1021,,电子科技大学中山学院,超级卡比呆猫在ICPC现场推广错误贪心,谭昊,徐子希,雷旻屹,,False,True,3,275,,+3(156),,,,+(11),-2,-7,,,,+(48),,
1022,,北京师范大学香港浸会大学联合国际学院,jiangly临时有事由我们来替他捧杯,倪方博,赵泽峰,王孟涵,,False,True,3,275,,-1,,,,+(14),,+2(168),,,,+(53),,
1023,,西南民族大学,竹栈,詹宁康,苗家纯,张楚豪,,False,True,3,275,,+(189),,,,+1(15),,-7,,,,+(51),,
1024,,广东工业大学,呜哇,陶齐晖,侯宇鹏,林鸿永,,False,True,3,276,,+2(129),,,,+1(12),,-7,,,,+(75),,
1025,,华南理工大学,SCUT第零店,袁昊朗,陈弘毅,郑理耀,,False,True,3,276,,+1(164),,,,+(10),,-3,,,,+1(62),,
1026,,北京师范大学香港浸会大学联合国际学院,新世纪树猫上树,赵浩然,杨睿果,陈劭延,,False,True,3,277,,+(192),,,,+1(13),,-6,,,,+(52),,
1027,,河南理工大学,三个臭皮匠,吕雨柏,黄鸣轩,向砚泽,,False,True,3,277,,+(194),,,,+(17),,-11,,,,+(66),,
1028,,华南师范大学,三百五十四种番茄炒蛋的做法,王紫凡,梁琼尹,张楚阳,,False,True,3,278,,+(233),,,,+(9),,-1,,,,+(36),,
1029,,西南大学,超大杯联动队,刘子毅,杨竣胜,周佰涛,,False,True,3,280,,+2(134),,,,+(14),,-8,,,,+(92),,
1030,298,南京财经大学,好评如潮队,刘曾祥,胡依梦,李沐阳,,False,True,3,281,,+1(164),,,,+1(19),,-15,,,,+(58),,
1031,,北京师范大学香港浸会大学联合国际学院,时常因为不够抽象而感到格格blue,吴思语,徐欣彤,罗悠来,,False,True,3,282,,+(121),,-5,,+(17),,-6,,,,+1(124),,
1032,,武汉理工大学,以声之形，塑花之名,史佳尚,余翔宇,陆冠丞,,False,True,3,282,,+(213),,,,+(15),,-8,,,,+(54),,
1033,299,杭州电子科技大学信息工程学院,无尽的风之轨迹呢,周越,尹凯乐,吴锦豪,,False,True,3,282,,+(218),,,,+(8),,-4,,,,+(56),,
1034,300,郑州工商学院,四小时下班,张朝阳,周智贤,张志恒,,False,True,3,283,,+(189),,,,+1(17),,-6,,,,+(57),,
1035,,东北大学秦皇岛分校,样例过了就是AC,徐浚恒,郑明涛,张利锋,,False,True,3,283,,+1(196),,-2,,+(13),,-11,,,,+(54),,
1036,,福建理工大学,福建理工大学2队,汤宏彬,郑少豪,周世杰,,False,True,3,283,,+(210),,,,+(10),,-6,,,,+1(43),,
1037,,南京师范大学,兵败如山倒,周译顺,徐杰克,陆昊宇,,False,True,3,284,,-1,,,,+(9),,+3(174),,,,+(41),,
1038,,东北师范大学,鼠鼠猛攻acm,张步豪,刘向涛,郭宇政,,False,True,3,284,,+1(174),,,,+1(14),,,,,,+(56),,
1039,,东华大学,因为在0721和我推的绫地宁宁组一辈子乐队,王飘飏,徐之恒,孙鹏辉,,False,True,3,284,,+(192),,,,+1(12),,-7,,,,+(60),,
1040,,东北农业大学,叶公好龙，但是奶龙,李源泉,童家瑶,廖贝贝,,False,True,3,285,,+(191),,,,+(17),,-15,,,,+1(57),,
1041,301,大连民族大学,我们有个队员六级没过哈哈哈,乌汗图,徐永琦,王发兴,,False,True,3,285,,+1(208),,-3,,+(9),,-7,,,,+(48),,
1042,302,四川农业大学,我们有铁牌,江雅奥,刁戈,李鑫,,False,True,3,285,,+(222),,,,+(11),,-22,,,,+(52),,
1043,,东北师范大学,WA自动机,赵新睿,缪弘毅,张稷穗,,False,True,3,286,,+2(186),,,,+1(5),-5,-1,,,,+(35),,
1044,,山东大学,LAMBDA拉面大师,张杰,彭靖轩,罗永铨,,False,True,3,286,,+(200),,,,+(14),,-6,,,,+(72),,
1045,,南阳理工学院,队名极其嚣张,刘晧,杨京昊,于超凡,,False,True,3,286,,+(216),,,,+(14),,-3,,,,+(56),,
1046,,华中师范大学,T34-灰风,刘孟谦,杨璟欣,彭雅晨,,False,True,3,287,,+1(118),,,,+(11),,-1,,,,+3(78),,
1047,,武汉纺织大学,零式镇魂曲,林舒乐,饶林辉,张智宇,,False,True,3,287,,+1(210),,,,+(10),,-4,,,,+(47),,
1048,,中国科学院大学,原神启动队,胡格致,黄铮舸,唐睿,,False,True,3,288,,+1(211),,-5,,+(7),,-6,,,,+(50),,
1049,,重庆大学,小青草,林继清,曹泽阳,彭小轩,,False,True,3,289,,,,,,+1(15),,+3(140),,,,+(54),,
1050,,河南师范大学,所以爱会消失对不对,管紫汀,陈雨涵,刘钞萍,,False,True,3,289,,+(216),,,,+(13),,-2,,,,+(60),,
1051,303,成都东软学院,没过四级的两人抱上了过四级的大腿,陈一夫,桑常晟,张馨溢,,False,True,3,290,,+2(170),,,,+(12),,-9,,,,+(68),,
1052,,浙大城市学院,不如睡大觉,张雪松,颜硕建,谢尚哲,,False,True,3,290,,+(192),,,,+1(12),,-26,,,,+1(46),,
1053,,合肥大学,反正能过样例,杨帅,汝豪杰,瞿康辰,,False,True,3,291,,+(227),,,,+(16),,-1,,,,+(48),,
1054,,大连民族大学,该起队名了,卜龙宇,郭莹莹,丁维昌,,False,True,3,292,,+2(157),,,,+(8),,-23,,,,+(87),,
1055,,三峡大学,三大2队,宋兴宜,李文娟,隗嘉乐,,False,True,3,292,,+(194),,,,+1(16),,-2,,,,+(62),,
1056,,华南理工大学,AC自动机,王鸿瑞,杨睿轩,孙亦可,,False,True,3,293,,+2(179),,-4,,+(11),,-4,,,,+(63),,
1057,304,信阳师范大学,四只乌龟,宋之涵,郭鑫明,胡宇强,,False,True,3,295,,,,,,+(26),,+3(119),,,,+(90),,
1058,,国防科技大学,巴别塔,焦天歌,何嘉良,董坤鹏,,False,True,3,295,,+(175),,-2,,+1(10),,-8,,,,+(90),,
1059,,中国计量大学,倒影,陈柄宇,赵星亮,方志伟,,False,True,3,295,,+1(221),,-1,,+(5),,-21,,,,+(49),,
1060,,山东管理学院,猫猫大队,康嘉浩,宋俊航,李佳龙,,False,True,3,296,,+(102),,-12,,+1(18),,-11,,,,+2(116),,
1061,,南京信息工程大学,绿色结晶猫,苗睿,王浩,胡永平,,False,True,3,297,,+4(157),,,,+(17),,,,,,+(43),,
1062,,黑龙江大学,地灵殿刷铁机,连振翔,魏全宏,倪子钧,,False,True,3,298,,+2(138),,,,+(12),-1,-5,,,,+1(88),,
1063,,河南师范大学,我有一计,翟景旺,王兴浩,孙佳琪,,False,True,3,299,,+(137),,,,+(15),,-7,,,,+3(87),,
1064,,大连理工大学,dlut07,杨君泓,刘洛松,曾豪,,False,True,3,299,,+1(152),,,,+1(15),,-7,,,,+(92),,
1065,,莆田学院,蒙德烤wa配圣水,沈炜程,林兴荣,何源泉,,False,True,3,300,,+2(186),,,,+(13),-1,-5,,,,+(61),,
1066,,哈尔滨理工大学,HRBUST9,梁震宇,赵晨曦,周泊丞,,False,True,3,300,,+(213),,,,+(6),,-5,,,,+(81),,
1067,,南京邮电大学,njupt25team009,王魁博,王淦禄,马思博,,False,True,3,301,,+1(221),,,,+(10),,-9,,,,+(50),,
1068,305,嘉应学院,三个老大爷强闯幼儿园,陈嘉伟,曾灿铿,刘翔,,False,True,3,302,,+(133),,,,+(15),-1,,,,,+(154),,
1069,306,大连交通大学,火箭汪汪队,丁留安,矫金明,周涛,,False,True,3,302,,,,,,+(18),,+1(193),,,,+(71),,
1070,,北京林业大学,助力六级听力全队,陈昊然,黄泽升,应旭东,,False,True,3,302,,+3(199),,,,+(9),,-11,,,,+(34),,
1071,,武汉工程大学,AC誓约,王友亮,李德鑫,明廷栋,,False,True,3,303,,+(127),,,,+(18),,-2,,,,+(158),,
1072,,山东大学,山东大学的队伍,乐恩玮,郭荣祥,,,False,True,3,303,,+(202),,,,+(15),,-6,,,,+(86),,
1073,,中国人民大学,异步并行队,曾翎一,胡博玮,夏维汉,,False,True,3,303,,+(238),,,,+(11),-2,-3,,,,+(54),,
1074,,浙江理工大学,三个方块人一台戏,汪明,邱方正,汤宇涛,,False,True,3,304,,+2(191),,,,+(8),,-9,,,,+(65),,
1075,,浙江财经大学,浙财Z队,王鑫宇,赵子腾,何益繁,,False,True,3,304,,,,,,+(14),,+3(196),,,,+(34),,
1076,,中国矿业大学,宇宙兄弟,严川浙,周博岩,唐嘉诣,,False,True,3,305,,+1(207),,,,+(12),,-8,,,,+1(46),,
1077,,青岛大学,江江无路可退,孟祥董,王隆江,杨景成,,False,True,3,305,,-6,,-2,,+(7),,+2(208),,,,+(50),,
1078,,长安大学,先入黄金乡者赏芙蓉王,刘新语,陈炎松,靳泽宇,,False,True,3,306,,+(207),,,,+1(13),-1,-9,,,,+(66),,
1079,,浙江科技大学,土申王,金昀,祝嘉豪,祁佳乐,,False,True,3,307,,-1,,,,+(11),,+3(146),,,,+1(70),,
1080,,山东科技大学,真理号,曹嘉豪,荣耀,白峻豪,,False,True,3,307,,+(174),,,,+(16),,-6,,,,+(117),,
1081,,怀化学院,又幻想了,郑岳桓,陈皓,孟正浩,,False,True,3,307,,+1(187),,,,+1(18),,-10,,,,+1(42),,
1082,,华北水利水电大学,new一个奖牌,梁志洋,栗佳宁,朱志博,,False,True,3,307,,+(201),,,,+2(14),,-20,,,,+(52),,
1083,,东莞理工学院,求求你让我a一题,欧志豪,陈子扬,林航,,False,True,3,307,,+(235),,,,+(20),,-2,,,,+(52),,
1084,,天津工业大学,香香软软白白嫩嫩可可爱爱队,孙海杭,李俊贤,宫昌禹,,False,True,3,308,,+2(211),,,,+(13),,,,,,+(44),,
1085,,郑州轻工业大学,石中剑,任展霖,董孟欣,胡胜杰,,False,True,3,309,,+(231),,,,+(8),,-65,,,,+(70),,
1086,,郑州轻工业大学,样例对了就是过了,李彤,吴钰欣,马梦茹,,False,True,3,310,,+(212),,,,+(14),,-7,,,,+(84),,
1087,,河海大学,LGBTQIPKDXUSACM,马王丰,肖爱伦,林煜斌,,False,True,3,310,,+(263),,,,+(9),,-7,,,,+(38),,
1088,,中国传媒大学,中午少年先疯队,杨希裕,王雨鑫,吴少泽,,False,True,3,311,,+1(216),,,,+(16),-1,,,,,+(59),,
1089,,哈尔滨工程大学,386旅独立团,金庆涵,刘子恒,沙庆鹏,,False,True,3,312,,-4,,,,+(11),,+3(151),,,,+(90),,
1090,,湖北第二师范学院,小猫雪豹和小学生,贺宇杰,余子晗,陈仕钰,,False,True,3,312,,+(212),,,,+(14),,-9,,,,+(86),,
1091,,哈尔滨理工大学,HRBUST6,杨博翔,孙越峤,纪鸥齐,,False,True,3,313,,+5(147),,,,+(9),,-14,,,,+(57),,
1092,,南开大学,在此输入队名,王重阳,谢北宸,陈家锐,,False,True,3,313,,+(150),,,,+(9),,-19,,,,+1(134),,
1093,,成都信息工程大学,一码向前,刘枭,袁超,周殿豪,,False,True,3,313,,+1(167),,,,+1(12),,-14,,,,+(94),,
1094,,西安电子科技大学,AC0721发用0d00起爆器炸毁测评机,李隆生,王泉贺,李景生,,False,True,3,313,,+1(191),,,,+(15),,-2,,,,+(87),,
1095,307,临沂大学,E=mc*c,宋承洋,费秋翔,王琦,,False,True,3,313,,+(220),,,,+1(15),,-7,,,,+1(38),,
1096,,武汉纺织大学,A了,杜康琪,万福辉,毛子祺,,False,True,3,314,,-2,,,,+1(17),,+3(151),,,,+(66),,
1097,,广州大学,我不是瓦批,乔俊杰,帅军锐,曹宇超,,False,True,3,314,,-2,,-6,,+(12),,+3(161),,,,+(81),,
1098,,苏州大学,汪汪队,张汉彬,韩宽,赵睿,,False,True,3,314,,+(164),,,,+(12),-11,-20,,,,+3(78),,
1099,,哈尔滨工程大学,购入了一支名为AC的绿色股票,王玥琪,汪明珠,余双霜,,False,True,3,314,,+2(204),,,,+(8),,-3,,,,+(62),,
1100,,苏州大学,WA了十发后终于TLE了,黎子卿,田浦汛,成嘉益,,False,True,3,314,,+1(227),,,,+(8),,-5,,,,+(59),,
1101,,沈阳化工大学,WA题F3给小怪兽买冰淇淋吃,田佳帅,孟闯,耿宏,,False,True,3,315,,+(224),,-1,,+(27),,-11,,,,+(64),,
1102,,东南大学,汪汪队,吴思源,崔家骏,何航宇,,False,True,3,315,,+1(237),-1,-2,-2,+(9),,-5,,,,+(49),,
1103,,福州大学,让我康康,傅世杰,何顺康,何楚杰,,False,True,3,315,,+1(254),,,,+(8),,-10,,,,+(33),,
1104,,南京师范大学,不懂，我推兰音的,张昊宇,朱禹丞,华博文,,False,True,3,316,,+(141),,,-1,+2(24),-1,-1,,,-1,+(111),-1,
1105,,大连理工大学,我将点燃大海,金晟,蒋佳炀,时佳骏,,False,True,3,316,,+1(240),,,,+(10),,-7,,,,+(46),,
1106,,华南农业大学,想队名这种事情不要啊,陈伟鹏,刘晓宇,辛运滋,,False,True,3,318,,+1(239),,,,+(11),,-3,,,,+(48),,
1107,,浙江科技大学,看不懂英文,朱睿哲,杨佳涵,赵科竣,,False,True,3,319,,-2,,-10,,+2(18),,+2(171),,,,+(50),,
1108,,浙江科技大学,葫芦大金刚,华浩天,钱炎峰,曾梦楠,,False,True,3,320,,+1(151),,-3,,+(15),,-2,,,,+1(114),,
1109,,上海纽约大学,上纽一队,励安远,许诗栋,,,False,True,3,320,,+(232),,,,+1(21),,-3,,,,+(47),,
1110,,哈尔滨理工大学,HRBUST2,雍徽,蒋圣国,刘玉博,,False,True,3,322,,+(211),,,,+(23),,-4,,,,+(88),,
1111,308,广东金融学院,多多柠檬茶,翁博,陈致昊,陈俊明,,False,True,3,322,,+(270),,,,+(9),,-2,,,,+(43),,
1112,,广东工业大学,暗黑寻猎者,谭一峰,蔡鋈,赖国华,,False,True,3,323,,+(231),,,,+(10),,-12,,,,+1(62),,
1113,309,浙江育英职业技术学院,育英七队,潘彬泽,孙明轩,刘金维,,False,True,3,325,,+1(194),,-1,,+(5),,-5,,,,+2(66),,
1114,,吉林大学,幻日,刘鑫宇,龙麒旭,杨翔宇,,False,True,3,326,,+1(233),,,,+(14),,,,,,+(59),,
1115,,重庆大学,小AC找妈妈,刘佳庆,沈祺昊,焦耀天,,False,True,3,326,,+(267),,,,+(10),,-7,,,,+(49),,
1116,,河南农业大学,抽一直象,张鹏举,王浩宇,刘伟,,False,True,3,327,,-1,,,,+(11),,+3(192),,,,+(64),,
1117,,山东大学（威海）,ACM笑传之冲冲榜,张民科,秦修元,叶增耀,,False,True,3,327,,+2(231),,,,+(8),,-7,,,,+(48),,
1118,310,南通大学,屠零,仝乾,王见祖,俞丞,,False,True,3,327,,+(269),,,,+(10),,-4,,,,+(48),,
1119,,长沙理工大学,长理不包吃住,刘毅,梁爽,林星宇,,False,True,3,329,,+1(174),,,,+1(13),,-20,,,,+1(82),,
1120,311,武汉商学院,WBU1,杨文昊,许义,李吉,,False,True,3,329,,+4(211),,,,+(9),,-4,,,,+(29),,
1121,,广东工业大学,做得都队,彭文昊,石飏,齐思贤,,False,True,3,329,,+(219),,,,+(15),,-10,,,,+(95),,
1122,,湖南工业大学,过题大王,池龙辉,赵佳豪,王道威,,False,True,3,329,,+(251),,,,+(12),,-4,,,,+(66),,
1123,,中南民族大学,灌注华黎卡喵！灌注华黎卡谢谢喵！,张宇豪,冯钰航,赖臣霖,,False,True,3,330,,+(272),,,,+(11),,-21,,,,+(47),,
1124,,东华大学,缝纫机糕手,徐张琪,申森,苏王宸,,False,True,3,331,,+1(216),,,,+(14),,-2,,,,+(81),,-6
1125,,长沙理工大学,重生之我在长理打A,杨凯明,黄磊,钱昱丞,,False,True,3,331,,+1(238),,,,+(9),,-12,,,,+(64),,
1126,,中国民航大学,分母,孟维浩,闵安迪,程徐赞,,False,True,3,331,,+1(271),,,,+(6),,-6,,,,+(34),,
1127,,北京信息科技大学,哈门,陈沫,孙子鹤,崔耘硕,,False,True,3,332,,+2(87),,,,+(16),,-10,,,,+1(169),,
1128,,信息工程大学,米鼠村村委会,危东,王小珂,林琬婷,,False,True,3,332,,+1(209),,,,+(10),,-5,,,,+(93),,
1129,,东北大学秦皇岛分校,发际线保护协会,张炅臻,李艺美,潘靓,,False,True,3,332,,+(214),,,,+(14),,-3,,,,+(104),,
1130,312,燕山大学,燕大1队,张宇成,申达,计凯喆,,False,True,3,332,,-2,,,,+(12),,+2(228),,,,+(52),,
1131,313,乐山师范学院,我怎么可能成为acmer，不行不行！,曾绍武,陈曦,李沐翰,,False,True,3,332,,+(256),,,,+(12),,-7,,,,+(64),,
1132,,新疆大学,AC自动机不能自动AC,李康森,耿子卓,谢安,,False,True,3,333,,+3(213),,,,+(9),,,,,,+(51),,
1133,,中国人民大学,三人行,孙安江,童奕涵,蔡松洋,,False,True,3,333,,+1(225),,,,+(14),,-2,,,,+(74),,
1134,,济南大学,风鹏万里,屠泽伟,刘峰旭,文铿,,False,True,3,334,,+2(156),,,,+(5),-3,-4,,,,+(133),,
1135,314,湖南文理学院,柳暗花明,柏长盛,王林武,刘梨非,,False,True,3,335,,+(214),,,,+1(22),,-5,,,,+(79),,
1136,,北京工业大学,啊对对对,张乐天,范韶博,贾熠,,False,True,3,336,,+2(145),,,,+2(20),,-17,,,,+(91),,
1137,,山东大学,幻术协奏,亓东赫,孙豪阳,彭铄淇,,False,True,3,337,,+2(159),,,,+(12),,-6,,,,+2(86),,
1138,,江西财经大学,彩虹河,杨源鑫,武瑞雪,喻芷珊,,False,True,3,338,,+1(246),,,,+(15),,,,,,+(57),,
1139,,中国矿业大学,五年oi三年io,杨肖宇熊,张梓墨,陈子涵,,False,True,3,338,,+(264),,,,+(8),,-15,,,,+(66),,
1140,,同济大学,青春猪头少年们不会梦见算法王学姐,张孙霖,陈佳浩,王衡宇,,False,True,3,339,,+(219),,,,+1(16),,-3,,,,+1(64),,
1141,,武汉科技大学,样例过了就AC,施卓凡,荣成,李文卓,,False,True,3,339,,-2,,,,+(10),,+1(239),,,,+(70),,
1142,,兰州大学,请允许我再交一发,任墨涵,王浩翔,马泽文,,False,True,3,339,,+2(241),,,,+(3),,-2,,,,+(55),,
1143,,郑州大学,郑大25网络赛队伍四,杨光,徐钧杰,朱锦昊,,False,True,3,339,,+2(247),,,,+(7),,-4,,,,+(45),,
1144,315,江苏海洋大学,好好学习，天天向上,房鸿铭,孙京权,刘好,,False,True,3,339,,+1(261),,,,+(17),,-7,,,,+(41),,
1145,,广东技术师范大学,那就这个了,刘佳,丘文超,吴楚骞,,False,True,3,339,,+1(263),,,,+(12),,-3,,,,+(44),,
1146,316,湖北汽车工业学院,前面忘了，中间忘了，后面忘了,李振超,陈奥,陈子扬,,False,True,3,340,,,,,,+(10),,+6(162),,,,+(48),,
1147,,厦门大学,搏至无憾,张楠煌,胡瀚文,陈健宇,,False,True,3,340,,+1(176),,,,+(6),,-24,,,,+2(98),,
1148,317,山东女子学院,他与银牌皆失,颜瑞临,李骋,朱昊城,,False,True,3,340,,+1(211),,,,+(9),,-6,,,,+(100),,-1
1149,,福建师范大学,雾织月渡,欧阳圣默,周傲宇,徐大淦,,False,True,3,341,,+1(190),,,,+1(9),,-6,,,,+(102),,
1150,,南京邮电大学,njupt25team006,曾援,宋名玮,周希明,,False,True,3,341,,+(246),-1,-1,-1,+(12),-1,-8,-1,-1,-1,+1(63),-1,-1
1151,,中南民族大学,好难,雷雨禾,刘冠权,曾安琪,,False,True,3,341,,+(273),,,,+(13),,-2,,,,+(55),,
1152,,郑州大学,郑大25网络赛队伍二,周政,吴鑫,薛天齐,,False,True,3,342,,+3(192),-1,-1,-1,+(10),-4,-2,-1,-1,-1,+1(60),-1,-1
1153,,上海大学,我们仍未知道那天金牌题的做法,焦艺峰,蔡轩,董晨阳,,False,True,3,342,,+1(209),,,,+2(22),,-11,,,,+(51),,
1154,,南京理工大学,喜欢的题目直接AC,吴可泓,杨炫,薄闻乐,,False,True,3,344,,+3(140),,,,+1(6),,-11,,,,+2(78),,
1155,,河北师范大学,WA终将走进千家万户,袁凯鑫,桂晟航,张坤元,,False,True,3,344,,,,,,+(13),,+3(212),,,,+(59),,
1156,,浙江师范大学,蒟蒻三巨头,黄炫皓,邵一航,余柏翰,,False,True,3,344,,+(224),,,,+1(16),,-2,,,,+(84),,
1157,318,黑龙江科技大学,你们做的都错,黄韧琦,秦宏伟,李昂,,False,True,3,345,,-3,,,,+(10),,+4(102),,,,+(153),,
1158,319,重庆文理学院,不玩原神，不能成为acmer,田康乐,邓友华,张柒鑫,,False,True,3,345,,,,,,+(9),,+3(193),,,,+(83),,
1159,,广州大学,样例过了就AC,韦云海,李东阳,陈嘉林,,False,True,3,345,,+1(202),,,,+(16),,-4,,,,+(107),,
1160,,南京航空航天大学,爆栈仙人,龚书剑,高雅田,林志恒,,False,True,3,345,,+(220),,,,+(12),,-2,,,,+(113),,
1161,320,大连大学,DLU0,郑卫,张逸璇,蒋文博,,False,True,3,346,,+1(117),,,,+1(16),,-3,,,,+1(153),,
1162,,浙江育英职业技术学院,育英二队,吴玥葳,陈旌,胡壹楠,,False,True,3,346,,+4(195),-1,,,+1(11),,-2,,,,+(40),,
1163,,东北大学秦皇岛分校,代码斩杀使-芙莉莲,钱祺亮,何宇,刘浩然,,False,True,3,347,,+2(194),,,,+1(33),,-21,,,,+(60),,
1164,,丽水学院,希翼之门,王运城,王丰源,刘世超,,False,True,3,348,,+(239),,,,+(11),,-5,,,,+(98),,
1165,,苏州大学,天堂之风,李守旭,刘雨欣,张博闻,,False,True,3,348,,+1(256),,,,+(11),,-12,,,,+(61),,
1166,321,北京语言大学,轮椅压牛算猪脚吗,林之钦,许中豪,蒋帅,,False,True,3,348,,+(256),,,,+(10),,-1,,,,+(82),,
1167,,厦门大学,AAA牌子批发,朱明楠,赵姜旭,周泰儒,,False,True,3,348,,+1(272),,,,+(8),,-25,,,,+(48),,
1168,,华南师范大学,MoE parallelism is all you need,李寿炜,严雍泽,吴彪生,,False,True,3,348,,+(276),,,,+(5),,,,,,+(67),,
1169,322,南京晓庄学院,六兆年ap大佬带我飞,王杰,陈冠旭,李宗骏,,False,True,3,348,,+(287),,-1,,+(8),,-3,,,,+(53),,
1170,,广东工业大学揭阳校区,ios::sync_with_think(false),陈智谦,陈锦涛,宋阳,,False,True,3,349,,+2(242),,,,+(7),,-19,,,,+(60),,
1171,323,广州华商学院,夏日终曲,陈业勤,罗凯滨,文昊,,False,True,3,349,,+(280),,,,+1(10),,-2,,,,+(39),-1,
1172,,天津理工大学,极速AC,赵浩然,刘鑫星,李蒙海,,False,True,3,349,,+(288),,,,+(12),,-1,,,,+(49),,
1173,,济南大学,暴力出奇迹联盟,王基懿,丁子祥,孙孟琦,,False,True,3,350,,+3(226),,,,+(12),,-3,,,,+(52),,
1174,,华中农业大学,一支队伍,蒋志恩,付波,彭传钰,,False,True,3,351,,+(191),,,,+2(22),,-12,,,,+1(78),,
1175,,山东大学（威海）,是谁在喊我宝宝,靳可欣,郑甫,殷越,,False,True,3,351,,+1(221),,,,+(9),,-7,,,,+1(81),,
1176,,东北师范大学,骑士,陈琦煜,高宇轩,叶鹏辉,,False,True,3,353,,+2(257),,,,+(9),,-10,,,,+(47),,
1177,,深圳大学,起名真是难,赵昱棠,黄一展,杨哲,,False,True,3,354,,+3(219),,,,+(12),,-7,,,,+1(43),,
1178,,长沙理工大学,大白鹅,成捷,夏昱,曾培翔,,False,True,3,354,,+3(238),,,,+(9),,-9,,,,+(47),,
1179,324,安徽工业大学,搞得和真的一样,付翔宇,李锐,周子健,,False,True,3,354,,+(265),,,,+(7),,-27,,,,+1(62),,
1180,,西南科技大学,跟我的杜拉罕说去吧,郄启,武艺嘉,冯鑫,,False,True,3,355,,+(240),,,,+1(25),,,,,,+1(50),,
1181,325,杭州医学院,你不能拿我们和理工科学校比,杨炘沛,冯洋一,洪嘉栋,,False,True,3,357,,+2(245),,,,+(9),,-9,,,,+(63),,
1182,326,佛山大学,粉狗冲鸭,洪凯泰,刘骏学,陈凯鹏,,False,True,3,358,,+2(202),,,,+(14),,-1,,,,+(102),,
1183,,苏州大学,代码提交长度限制十万字符,薛裔隆,杨镕璟,张礼祺,,False,True,3,358,,+(252),,,,+1(15),,-5,,,,+(71),,
1184,,南京航空航天大学,透明,付孜逸,唐观乾,周浩然,,False,True,3,358,,+1(272),,,,+(11),,-3,,,,+(55),,
1185,,大连海事大学,雀魂低手,刘震,戈晟年,任毅,,False,True,3,360,,+(171),,,,+(6),,-3,,,,+4(103),,
1186,,同济大学,边缘者,刘子康,李晨恺,刘相成,,False,True,3,361,,+2(212),,,,+1(13),,-7,,,,+(76),,
1187,,哈尔滨工程大学,不故障机器人使用创造性AI创造WA,李泽东,张艺凡,徐子煊,,False,True,3,363,,+2(148),,,,+(5),,-13,,,,+2(130),,
1188,,郑州轻工业大学,我没意见,陈浩,陈艺杰,陈显皓,,False,True,3,363,,+3(199),,,,+(8),,-23,,,,+2(56),,
1189,,南通大学,超作用,赵迪,郑耀,陈莎莎,,False,True,3,363,,+1(244),,,,+1(24),,-2,,,,+1(35),,
1190,,华南农业大学,签完到就去出勤,阮贵鹏,叶子琦,邹炜泉,,False,True,3,364,,+1(246),,,,+1(9),,-23,,,,+1(49),,
1191,327,浙江农林大学暨阳学院,释放C盘空间,陈群晟,许佳成,杨佳玉,,False,True,3,365,,+(217),,,,+2(20),,-5,,,,+2(48),,
1192,,华东师范大学,讨厌TLE,蒋道勤,郑允翔,莫景羽,,False,True,3,365,,+(279),,,,+(15),,-21,,,,+(71),,
1193,,武汉理工大学,败犬Acmer太多了！,张震宇,张旭东,王泽宁,,False,True,3,367,,+(141),,,,+2(41),,-8,,,,+1(125),,
1194,,南京邮电大学,njupt25team007,阚文博,张艺翀,陈昊泽,,False,True,3,367,,+(120),,,,+(14),,-3,,,,+2(193),,
1195,,东华理工大学,111,刘志翔,周子彤,黄伟,,False,True,3,367,,+1(238),,,,+(14),,-3,,,,+(95),,
1196,,华南师范大学,二进制舒芙蕾,施铄,吴瑞涵,李雅雯,,False,True,3,367,,+1(266),,,,+(17),,-4,,,,+(64),,
1197,,南京邮电大学,njupt25team014,余冠华,吴昊,许瑞兴,,False,True,3,367,,+1(284),,,,+(14),,-3,,,,+(49),,
1198,,青岛理工大学,等下一个天亮,刘晓宇,徐雪瑶,蔡旻轩,,False,True,3,368,,+2(182),,,,+(13),,-2,,,,+(133),,
1199,,福州大学,不知道起什么名队,梁宇恒,吴峥鸣,邢皓翔,,False,True,3,368,,+1(274),,,,+(8),,-10,,,,+(66),,
1200,328,厦门理工学院,有了有了,周子峰,林佳剑,黄锦浩,,False,True,3,368,,,,+(299),,+(14),,,,,,+(55),,
1201,,绍兴文理学院,大宝一刀把复杂度劈成O(1)了,贺克屿,曹安迪,余振东,,False,True,3,369,,-1,,,,+(7),,+3(241),,,,+(61),,
1202,,广州大学,放学后茶会,张荣炜,简炜槟,钟梓国,,False,True,3,369,,+1(268),,,,+(17),,-7,,,,+(64),,
1203,,华东师范大学,ecnu-new02,许博文,陈明阳,龚泽钦,,False,True,3,369,,+1(276),,,,+(9),,-2,,,,+(64),,
1204,,苏州大学,罗杰的最后一个WA,宋予陆,赵满林,张世鑫,,False,True,3,371,,+1(175),,,,+(10),,-8,,,,+(166),,
1205,329,大连理工大学城市学院,击碎黑暗,闫屹伟,高小柯,赵艺景,,False,True,3,371,,+(263),,,,+(8),,-15,,,,+1(80),,
1206,330,珠海科技学院,没学过算法幻想打ccpc,魏子钇,杨耀彬,张馨文,,False,True,3,372,,,,,,+1(4),,+4(65),,,,+4(123),,
1207,,同济大学,Caliburn~石中神剑,尹承昊,尹誉,吕思涵,,False,True,3,372,,+(165),,,,+(9),,-5,,,,+1(178),,
1208,,哈尔滨工业大学,让HIT再次伟大,郭道玮,白恒宇,罗星宇,,False,True,3,372,,+1(214),,,,+2(19),,-10,,,,+1(59),,
1209,,中央民族大学,acmer去看蛤蟆先生,郭镒闻,屈岳强,陈柯文,,False,True,3,372,,+1(234),,,,+2(27),,,,,,+(51),,
1210,,浙江财经大学,浙财Y队,邓锦鑫,蔡成润,赵凌杰,,False,True,3,372,,+2(254),,,,+(10),,-2,,,,+(68),,
1211,,杭州师范大学,刷子得了MVP,应亦君,胡嘉皓,余司成,,False,True,3,373,,+2(188),,,,+(12),,-3,,,,+(133),,
1212,331,北京交通大学（威海）,bjv007,邹承轩,蔡云中,李柏言,,False,True,3,373,,+3(225),,,,+1(15),,-2,,,,+(53),,
1213,,南京航空航天大学,0xAC小队,王一博,蒋天鹏,魏钊,,False,True,3,373,,+2(252),,-1,,+(13),,-8,,,,+(68),,
1214,332,哈尔滨商业大学,"Ctrl+C, Ctrl+V",吕海航,黄嘉毅,刘雨馨,,False,True,3,377,,+3(202),,,,+2(24),,-8,,,,+(51),,
1215,333,河北大学,会赢吗会银的,刘烨通,高康嘉,张雨涵,,False,True,3,377,,+4(236),,,,+(10),,-13,,,,+(51),,
1216,334,华北理工大学,梦想成为CCPC高手,林凯,于千智,陈焜,,False,True,3,379,,+(256),,,,+(11),,-14,,,,+(112),,
1217,,泉州师范学院,1145141919810,吴城,李良波,王靖锋,,False,True,3,380,,+1(227),,-2,,+1(9),-1,-31,,,,+2(64),,
1218,,大连理工大学,dlut05,戴宁凯,史家辉,姜博雯,,False,True,3,380,,+2(247),,,,+(11),,-6,,,,+(82),,
1219,,南京邮电大学,njupt25team017,赵博,胡言睿,韩宇桐,,False,True,3,381,,+1(247),,,,+(11),,-3,,-1,,+(103),,
1220,,河南工程学院,南苑四队,李涵,陈瑾,沙茜雅,,False,True,3,382,,+1(250),,,,+(16),,-1,,,,+(96),,
1221,,南阳理工学院,H神酱味大鸡,马帅,哈欣,袁鑫晨,,False,True,3,383,,+2(177),,,,+(7),,-9,,,,+3(99),,
1222,,武汉科技大学,超级无敌究极无敌永恒无敌霸王龙战队,段铭一,刘帅,程辉,,False,True,3,383,,+1(239),,,,+2(30),,-1,,,,+(54),,
1223,,江南大学,无牌转生，来到ACM就拿出真本事,徐兢,陈一鸣,杨学钊,,False,True,3,385,,+(225),,-1,,+(14),,-11,,,,+1(126),,
1224,,山东大学（威海）,AC自动基米,张佑,华靖文,王伯源,,False,True,3,385,,+4(250),,,,+(13),,-7,,,,+(42),,
1225,,大连民族大学,获得成就:拼好队,王玲,赵烺,廖立华,,False,True,3,385,,+(254),,,,+1(45),,-1,,,,+(66),,
1226,,深圳技术大学,SZTU_未闻WA名,伊轩文,武家辉,罗星辉,,False,True,3,386,,+3(249),,,,+(14),,-8,,,,+(63),,
1227,335,济宁医学院,济医之星,张富涵,李衍坤,程家贺,,False,True,3,387,,+(260),,,,+(12),,-8,,,,+1(95),,
1228,,怀化学院,葡萄糖口服液,陈海洋,潘永承,盛羿达,,False,True,3,388,,-1,,-20,,+(17),,+3(144),,,,+3(107),,
1229,,安阳工学院,摆烂摸鱼打铁队,裴武珂,鲁昕阳,侯帅鹏,,False,True,3,388,,+(223),,,,+(16),,-6,,,,+(149),,
1230,,中国传媒大学,天衣无缝,马博浩,朱思彤,张雨姗,,False,True,3,389,,+(232),,,,+(8),,-17,,,,+3(89),,
1231,336,华侨大学,潜龙腾渊,张伟鹏,赵政然,韩志军,,False,True,3,389,,+1(274),,,,+1(16),,-7,,,,+(59),,
1232,,河南农业大学,以上队伍成绩无效,姚依涛,李新栋,圣永贤,,False,True,3,389,,+1(279),,,,+(15),,-2,,,,+1(55),,
1233,337,南京工业职业技术大学,大三老登爱打比赛,兰标义,沈昱羽,颜天一,,False,True,3,390,,+1(132),,,,+1(11),,,,,,+1(187),,
1234,,南京晓庄学院,让豆包生成一个,黄齐,佘亦纲,王思博,,False,True,3,391,,,,,,+(8),,+5(133),,,,+3(90),,
1235,,哈尔滨理工大学,HRBUST4,谢天城,王芷安,李黛希,,False,True,3,391,,+2(256),,,,+(8),,-3,,,,+(87),,
1236,338,上海海事大学,放学后 Algorithm time,常缪洋,顾以为,郑天罡,,False,True,3,391,,+2(268),,,,+(4),,-23,,,,+(79),,
1237,,东华大学,凌梦舟,刘逸伦,马显轩,赵胜文,,False,True,3,391,,+(276),-1,-1,-1,+1(15),-1,-4,-1,-1,-1,+(80),-1,-1
1238,,深圳技术大学,SZTU_睡一觉就AC,邓浩盛,孟晖,王枫,,False,True,3,391,,+2(282),,-3,,+(8),-5,-6,,,,+(61),,
1239,,武汉科技大学,您的骑手正在赶往ICPC的路上,杨少坡,杨正午,王祥安,,False,True,3,391,,+2(288),,,,+(9),,,,,,+(54),,
1240,,华东师范大学,ecnu_new01,罗文韬,唐浩东,吴俊达,,False,True,3,393,,+(266),,,,+(13),,-3,,,,+(114),,
1241,339,四川现代职业学院,唯有遗忘最漫长,何彦儒,冯婕雨,王广仁,,False,True,3,393,,+1(275),,-2,,+1(10),,-3,,,,+1(48),,
1242,,香港科技大学广州,惠风和畅，鹏程万里,黄彦杰,李小乐,陈欣怡,,False,True,3,394,,+(219),,,,+(17),,-2,,,,+(158),,
1243,,哈尔滨工业大学（威海）,丝之队,武 澈,郑文硕,马骏珩,,False,True,3,395,,+2(283),,,,+(14),-2,-5,,,,+(58),-1,
1244,,哈尔滨工业大学,为无机世界增添色彩 1,黄嘉禾,吴钦鸿,王贝尔,,False,True,3,396,,+(186),,,,+(35),,,,,,+3(115),,
1245,,南昌航空大学,"昌航小舞台,有码你就来",严嘉康,舒康,刘英祺,,False,True,3,396,,+2(235),-1,-47,-1,+(9),-1,-4,-1,-1,-1,+1(92),-1,-1
1246,,大连大学,DLU2,杨依潼,刘小雯,胡旭洋,,False,True,3,396,,+(242),,,,+(23),,-2,,,,+(131),,
1247,,浙大城市学院,AC控,虞子琰,易仁喜,吴锦豪,,False,True,3,397,,-6,,,,+(8),,+8(198),,,,+(31),,
1248,,乐山师范学院,我是甜菜,孙鹏,陈洪钢,李诚鑫,,False,True,3,397,,+3(224),,-2,,+(9),,-6,,,,+2(64),,
1249,,东南大学,最不会取名,赵夏巍,王瀚优,章博涵,,False,True,3,397,,+(225),,-1,,+(12),,,,,,+2(120),,
1250,340,山东工商学院,最后的波纹,成嘉泽,马宝运,杨兆雷,,False,True,3,397,,+2(259),,,,+(25),,-8,,,,+(73),,
1251,341,吉利学院,取名字太难了,周杨,王超,张显悦,,False,True,3,397,,+1(287),,,,+(16),,-4,,,,+(74),,
1252,,广东工业大学,循序渐进,郭敏哲,邱启涵,,,False,True,3,397,,+2(291),,,,+(12),,-8,,,,+(54),,
1253,,华北电力大学（保定）,四个二带双王,梁朝阳,戴炜轩,武献宇,,False,True,3,399,,+1(251),,,,+(4),,-4,,,,+1(104),,
1254,342,邵阳学院,万一AK了呢,胡文俊,谢齐,梁朝阳,,False,True,3,400,,+5(157),,-1,,+(6),,-8,,,,+1(117),,
1255,,浙江工商大学,咕咕嘎嘎,李翔宇,赵想,竺姚俊,,False,True,3,402,,+1(204),,,,+(16),,,,,,+(162),,
1256,,齐鲁工业大学,我再也不搞抽象了QAQ,刘迅阁,李乐瑶,刘鑫雨,,False,True,3,402,,+1(264),,,,+2(18),,-3,,,,+(60),,
1257,343,山东建筑大学,大明湖水怪,于丁浩,冯振荆,庄文轩,,False,True,3,402,,+(290),,,,+1(20),,-1,,,,+(72),,
1258,344,天津仁爱学院,2025CCPC网络赛队伍1,陈博,廖志强,段立泰,,False,True,3,404,,+3(278),,,,+(7),,-7,,,,+(59),,
1259,,济南大学,轮回之终末,王孜博,贾甦瑞,李军翰,,False,True,3,405,,+3(169),,,,+1(24),,-6,,,,+2(92),,-1
1260,,浙江农林大学,acm菜鸟,吴文超,陈家乐,毛亦秀,,False,True,3,406,,+1(245),,,,+(10),,-1,,,,+1(111),,
1261,,宁波大学,旧照片,蒋正友,潘奕喆,郑思远,,False,True,3,410,,+2(259),,,,+1(11),,-14,,,,+(80),,
1262,,香港科技大学广州,ICPC速通队,王海彬,张子涵,司徒子瑄,,False,True,3,411,,+1(194),,,,+(25),,-16,,,,+1(152),,
1263,,中国传媒大学,汗流浃背了对不队,邱千柔,付钰茜,魏钰杰,,False,True,3,411,,+3(295),,,,+(12),,-3,,,,+(44),,
1264,,河北工业大学,不需要 ap 和 aj，需要 ac,朱宸岐,杜凌文,张天铄,,False,True,3,412,,+4(254),,,,+(9),,,,,,+(69),,
1265,,烟台大学,魔晶,王守乐,柴守栋,董世龙,,False,True,3,414,,-8,,,,+1(22),,+5(164),,,,+1(88),,
1266,,苏州大学,复行数十步,杨翊诚,李远瀚,董善文,,False,True,3,414,,+3(232),,,,+(17),,-10,,,,+(105),,
1267,,东南大学,听说只要会二分就来了,高雨轩,许晋铜,郑皓文,,False,True,3,414,,-1,,-1,,+(11),+4(240),,,,,+1(63),,
1268,,宁波大学,帮狗猫,蔡昕洋,林泓杰,朱怡晨,,False,True,3,415,,+6(206),,,,+(10),,-5,,,,+1(59),,
1269,,西南大学,西大哈基米,孙舒源,刘益鸣,蒋麟洲,,False,True,3,415,,+2(229),,,,+(10),,-8,,,,+1(116),,
1270,345,昆明理工大学,天青色,姚舜禹,樊睿,程继飏,,False,True,3,416,,+2(262),,,,+(11),,-10,,,,+1(83),,
1271,,温州商学院,这次一定队,薛骏诚,张江,施世泽,,False,True,3,416,,+1(277),,,,+(12),,-5,,,,+1(87),,
1272,346,海南大学,洗澡不跳舞等于没洗,陈皓月,蔡佳城,李俊飞,,False,True,3,416,,+3(290),,,,+(10),,,,,,+(56),,
1273,,黑龙江大学,贪心只能过样例,许晟笛,朱赛容,梁琦,,False,True,3,417,,+(264),,,,+(18),,-8,,,,+2(95),,
1274,,河南工程学院,没有滚榜随便起,王运坤,周宇航,姚宗凯,,False,True,3,420,,+3(232),,,,+(9),,-16,,,,+1(99),,
1275,,长江大学,代码复仇者,袁宇轩,吕奕含,张瑜,,False,True,3,420,,+4(286),,,,+(16),,-7,,,,+(38),,
1276,,东北大学,东北大学_College_Coding_Boys,乔泽冠,夏子晨,李卓恒,,False,True,3,420,,+2(294),,,,+(13),,-9,,,,+1(53),,
1277,,上海海事大学,重来一世，我要成为ACM高手,王梓凡,陆宁韬,王锦程,,False,True,3,422,,+3(215),,,,+(9),,-3,,,,+2(98),,
1278,,山东财经大学,！,张承洲,孟庆睿,袁硕,,False,True,3,422,,+4(262),,,,+(14),,-12,,,,+(66),,
1279,,长沙理工大学,美好的事可不可以发生在我身上,葛邵云,向超,刘培,,False,True,3,422,,+(288),,,,+2(19),,,,,,+(75),,
1280,,北京师范大学香港浸会大学联合国际学院,收下吧，这是我最后的AC了,计雨尘,张志雄,宣易果,,False,True,3,423,,+3(283),,,,+(12),,,,,,+1(48),,-1
1281,,广西师范大学,哦吼吼吼吼吼,王功磊,詹炜翔,李娇娇,,False,True,3,424,,-2,,-4,,+(11),,+9(185),,,,+(48),,
1282,,哈尔滨工程大学,关于我转生变成桐人君爱上亚丝娜这件事,鲁又铭,黄瑞轩,杨帆,,False,True,3,425,,-3,,,,+(11),,+7(217),,,,+(57),,
1283,,河海大学,关于我转生成acm蒟蒻这档事,熊云齐,黄奕琛,赵家辉,,False,True,3,425,,+4(272),,,,+(9),,-5,,,,+(64),,
1284,,石家庄铁道大学,WA学弟这招太狠了,张国迅,吴佳乐,王天淼,,False,True,3,426,,+2(281),,,,+1(17),,-4,,,,+(68),,
1285,,青岛大学,起什么名字不如AC,王禹杰,霍宪伟,王梓涵,,False,True,3,427,,+1(252),,,,+2(18),,-4,,,,+(97),,
1286,,暨南大学,我需要vscode,林旭升,何卓恒,钱曼怡,,False,True,3,428,,+4(292),,,,+(10),,-2,,,,+(46),,
1287,,河南师范大学,雷鸣,袁聪捷,刘志锋,刘格格,,False,True,3,429,,+3(274),,,,+(12),,-3,,,,+(83),,
1288,,杭州师范大学,long long,贾宜儒,刘彦冰,穆浩元,,False,True,3,429,,+(286),,,,+(10),,-3,,,,+(133),,
1289,,南京航空航天大学,Wrongtime Error,顾恒源,周子博,吴承骏,,False,True,3,432,,+4(265),,,,+1(14),,-14,,,,+(53),,
1290,,厦门理工学院,当太阳升起，就把WA忘掉,郑炜钦,丁尔为,黄伟彬,,False,True,3,432,,+2(292),,,,+(11),,,,,,+(89),,
1291,,河南科技大学,胡子猫海盗团,杨智远,李喆,姬厚真鑫,,False,True,3,433,,-4,,,,+(11),,+9(186),,,,+(56),,
1292,347,湖南工学院,狙击王,李东,刘博瑞,袁航,,False,True,3,435,,-2,,,,+1(11),,+8(179),,,,+(65),,
1293,,华南理工大学,ECF,陈泓森,王俊杰,林子尊,,False,True,3,436,,+2(190),,,,+(18),,,,,,+3(128),,
1294,,中北大学,队友高数挂了还能打XCPC吗？,刘灿阳,李欣颖,冯翼,,False,True,3,436,,+(247),,,,+3(45),,-6,,,,+(84),,
1295,,东南大学,秉烛问山,潘俊弛,巩皓锴,赵术让,,False,True,3,436,,,,+3(275),,+(9),,-1,,,,+(92),,
1296,,北京邮电大学,注意力涣散导致的,梁浩然,周弋然,王晨阳,,False,True,3,436,,+2(279),,,,+1(15),,-5,,,,+1(62),,
1297,,武汉工程大学,宿命天成命中败,廖圣羽,李浩东,汤宇辉,,False,True,3,438,,+2(236),,,,+1(36),,-6,,,,+1(86),,
1298,,广州大学,蛞蝓猫猫队,陈邦泽,贾竞尧,郑凱銮,,False,True,3,440,,-2,,,,+(8),,+5(229),,,,+(103),,
1299,,浙江农林大学,再给我十分钟,庞军,郑灵轩,余和喆,,False,True,3,441,,+3(283),,,,+(9),,-1,,,,+1(69),,
1300,,东华大学,不吃蔬菜,王朝勋,赵雨康,叶起源,,False,True,3,444,,+(252),,,,+(12),,-15,,,,+1(160),,
1301,,哈尔滨理工大学,HRBUST3,莫文泰,相鸿博,陈鑫,,False,True,3,444,,+2(253),,,,+(8),,-1,,,,+(143),,
1302,,齐鲁工业大学,坐看云起时,高梓源,卢尊宝,郑天烁,,False,True,3,445,,,,,,+(15),,+5(259),,,,+(71),,
1303,,东北农业大学,是我太贪心试图规划未来,王志伟,周博昂,薛宇航,,False,True,3,445,,+3(281),,,,+(14),,-4,,,,+(90),,
1304,348,江苏科技大学,纯爱战士,朱一可,王富庆,张明峰,,False,True,3,447,,+(220),,,,+3(39),,-3,,,,+1(108),,
1305,,山东工商学院,古希腊掌管时间与空间的神,牛清华,李文哲,陈新语,,False,True,3,448,,+(263),,,,+(28),,-7,,,,+2(117),,
1306,,浙大城市学院,未命名1,章敏涛,张永乐,方文锦,,False,True,3,448,,+5(274),,,,+(10),,,,,,+(64),,
1307,349,哈尔滨学院,哈学院1队,李国良,刘欣斋,郭泓搏,,False,True,3,453,,+3(285),,,,+1(11),,-4,,,,+(77),,
1308,,山西大学,AC超玩会,郑毅,姜铭远,程宇飞,,False,True,3,456,,+3(255),,,,+(15),,,,,,+1(106),,
1309,,山东科技大学,无惧号,曹喜鹏,叶晓玥,周彦萌,,False,True,3,456,,+2(292),,,,+(17),,,,,,+(107),,
1310,,天津工业大学,祥子帮帮写,周浩,水博翔,章若晨,,False,True,3,459,,,,-2,,+2(18),,+7(196),,,,+1(45),,
1311,,中国矿业大学（北京）,北矿小队,饶汉青,李佳豪,金大业,,False,True,3,459,,+1(196),,,,+(10),,-7,,,,+5(133),,
1312,,山东师范大学,T就是A,程佳星,王永恺,宋文远,,False,True,3,462,,+(290),,,,+1(19),,-1,,,,+2(93),,
1313,,西安理工大学,我被困在了哈基乡,贾成杰,庄睿君,郝韵,,False,True,3,464,,+4(244),,,,+2(31),,,,,,+(69),,
1314,,浙江工商大学,浮梦,蒋辰亮,顾周涵,徐伟航,,False,True,3,465,,+4(262),,,,+(11),,-5,,,,+(112),,
1315,,上海科技大学,FastIO,陈豪,朱星吉,叶浩徐,,False,True,3,466,,+3(204),,,,+1(10),,-16,,,,+3(112),,
1316,,中原工学院,只是有点难度,倪中阳,张景杨,张朝伟,,False,True,3,467,,+5(266),,,,+1(10),,-5,,,,+(71),,
1317,350,南京林业大学,再A一个Ta能回来嘛,方泽宇,吴哲显,邱恋涵,,False,True,3,468,,+3(293),,,,+1(13),,-8,,,,+(82),,
1318,,厦门大学,马拉车拉马,李纪原,庄嘉豪,,,False,True,3,469,,+3(206),,,,+1(12),,-18,,,,+1(151),,
1319,,西安邮电大学,三个火枪手,杨睿帆,贾濡源,田霁阳,,False,True,3,469,,+1(289),,,,+1(18),,-7,,,,+1(102),,
1320,,西南大学,许愿都队,江嘉杰,黄睿键,雷昕语,,False,True,3,470,,+1(299),,,,+(12),,-4,,,,+(139),,
1321,,南阳理工学院,CCZ困难解决小分队,崔恺林,赵益田,陈凯乐,,False,True,3,474,,+5(284),,,,+(13),,-1,,,,+(77),,
1322,,中南民族大学,我是刻晴 璃月七星中的电弧星,易滨磊,郭耀,韩昊润,,False,True,3,477,,+1(277),,,,+(8),,-2,,,,+3(112),,
1323,,湖南大学,蛋仔派队,冯璨,彭之翼,余博文,,False,True,3,480,,+3(279),,-18,,+1(13),,-13,,,,+(108),,
1324,,武汉理工大学,样例都看不懂怎么办,翟鹏杰,蔡斌,王晨,,False,True,3,481,,+9(250),,,,+(18),,-1,,,,+(33),,-1
1325,,石家庄铁道大学,测试账号⑨,陈林埒,徐傲,刘宇恒,,False,True,3,485,,-12,,,,+2(26),,+6(221),,,,+(78),,
1326,,厦门大学,后缀自动机,庄昀,林俊豪,,,False,True,3,488,,+4(282),,,,+1(14),,-10,,,,+2(52),,
1327,,中国矿业大学,洛创某,李浩华,周方楠,曾进河,,False,True,3,488,,+3(285),,,,+1(16),,-3,,,,+(107),,
1328,,上海海事大学,写算法我乃最强～原企业专业实务的摸鱼员工,陈立元,倪嘉宏,谢奕扬,,False,True,3,489,,,,,,+(11),,+9(215),,,,+(83),,
1329,,中国矿业大学,wawa队立大功,王若同,李和霂,李跃辉,,False,True,3,493,,+2(262),,,,+1(16),,-2,,,,+2(115),,
1330,351,北京印刷学院,因人RE,李嘉乐,黄沼洋,陈玉溪,,False,True,3,496,,+1(214),,,,+(18),,-5,,,,+1(224),,
1331,352,江西理工大学,样例过了就行,余庭轩,刘学萍,虞诗敏,,False,True,3,497,,+2(279),,,,+2(32),,-8,,,,+1(86),,
1332,,湖南农业大学,被资本针队,李恩泽,杨铭浩,王俊辉,,False,True,3,499,,,,,,+3(16),,+4(263),,,,+(80),,
1333,353,重庆移通学院,願いが叶う場所,李德立,韩世杰,李中冉,,False,True,3,504,,-2,,-6,,+(4),,+15(146),,,,+(54),,
1334,,东北农业大学,没时间想队名了!,戚晏嘉,宋秉轩,祝宏睿,,False,True,3,505,,,,,,+1(17),,+7(266),,,,+(62),,
1335,,东北农业大学,那一天的咕咕嘎嘎嘎嘎咕咕起来,郝孝彬,王策翔,王亚男,,False,True,3,506,,,,,,+(19),,+7(296),,,,+(51),,
1336,,广东东软学院,迪亦昂牧,康忠毅,程林雄,彭忠政,,False,True,3,510,,,,,,+(84),,+4(248),,,,+(98),,
1337,354,福建商学院,再会,朱耀邦,黄舒芃,黄煌荣,,False,True,3,510,,+(283),,,,+(10),,-4,,,,+3(157),,
1338,,福州大学,福大12队,翁俊龙,陈奕闽,楼鑫宇,,False,True,3,511,,-9,,,,+1(10),,+6(255),,,,+1(86),,
1339,355,湖南涉外经济学院,俩菜一蛋,曾庆伟,彭胜,杨轩,,False,True,3,512,,+5(280),,,,+(13),,,,,,+2(79),,
1340,,山东大学,bug自动机,吴宇杰,赵博文,朱昱帆,,False,True,3,513,,+2(272),,,,+(16),,-3,,,,+2(145),,
1341,,上海科技大学,WA的一声就哭了,刘清莹,张皓天,申佳俊,,False,True,3,515,,+2(239),,,,+(14),,-2,,,,+2(182),,
1342,,大连大学,DLU1,刘奇逸,唐鸿远,林淳屹,,False,True,3,515,,+2(264),,,,+(12),,-4,,,,+(199),,
1343,,上海科技大学,请输入文本,方梓轩,刘志伟,周子杰,,False,True,3,517,,+4(122),,,,+6(44),,,,,,+(151),,
1344,,华南农业大学,比赛没一个醒的,邓皓泽,李炫彰,黄卓铭,,False,True,3,517,,+3(236),,,,+1(16),,-6,,,,+2(145),,
1345,356,沈阳航空航天大学,想想队名（）,王禹丁,卢涵,李珂,,False,True,3,517,,+1(277),,,,+4(22),,-3,,,,+1(98),,
1346,357,西安建筑科技大学,测评机再救我一次,张渊博,邹凯,李家琦,,False,True,3,517,,+(279),,,,+(10),,-7,,,,+3(168),,
1347,,台州学院,声声man,邵嘉丰,胡华义,张越铭,,False,True,3,518,,+1(291),,,,+(11),,-8,,,,+1(176),,
1348,,南昌理工学院,2025 南理 2 队,汤宇豪,廖龙浩,姜鸿鑫,,False,True,3,521,,+(289),,,,+(18),,,,,,+2(174),,
1349,,中国矿业大学,不想仅通过样例,李文全,周天翊,陈思澎,,False,True,3,523,,+2(249),,,,+(13),,-24,,,,+3(161),,
1350,,华南农业大学,老爷保号队,李文浩,廖凯颖,赵齐,,False,True,3,530,,+7(289),,,,+(15),-14,-7,,,,+(86),,
1351,358,湖北经济学院,摸鱼选手想冲榜,刘也,任晶鹏,周宇飞,,False,True,3,531,,+1(259),,,,+1(19),,-2,,,,+3(153),,
1352,,浙江工商大学,男生ACM单字极品ID,姚益浩,丁豪,邬博丞,,False,True,3,531,,+5(283),,,,+1(9),,-10,,,,+1(99),,
1353,,南京农业大学,青山,顾慎之,邵筠淇,戴昕宇,,False,True,3,534,,+9(246),,,,+1(9),,-1,,,,+1(59),,
1354,,南阳理工学院,没事还有另一队,张飞航,夏圣燕,黎鹏翔,,False,True,3,550,,+2(258),,,,+1(18),,-3,,,,+4(134),,
1355,,西南石油大学,火与钢,李禹,陈禹同,王瑞,,False,True,3,559,,+5(275),,,,+2(23),,-2,,,,+(121),,
1356,,信息工程大学,糖的霉变,余朝阳,王彦鑫,杜宇谭,,False,True,3,560,,+3(282),,,,+3(43),,-11,,,,+(115),,
1357,359,天津商业大学,相遇天使,肖卫东,齐子杰,吴玟慧,,False,True,3,563,,-4,,,,+1(13),,+9(222),,,,+1(108),,
1358,,武昌理工学院,最优解在左,聂鑫栋,胡潇涵,邓皓文,,False,True,3,563,,+1(276),,,,+1(10),,-2,,,,+6(117),,
1359,360,武昌首义学院,数论能不能放过我这一次,汤龙飞,李明辉,褚佳丽,,False,True,3,564,,,,,,+(7),,+14(240),,,,+(37),,
1360,,江西财经大学,瑞杰与少羽,李鑫,肖俊杰,张瑞杰,,False,True,3,571,,-1,,,,+(12),,+8(297),,,,+1(82),,
1361,,徐州工程学院,调参不如摸鱼,高志炜,朱宸禹,李子阳,,False,True,3,575,,+(288),,,,+3(37),,,,,,+2(150),,
1362,,华南师范大学,后来的我们,罗锦程,袁沛希,吴锦东,,False,True,3,584,,+2(276),,,,+(18),-2,-3,,,,+(250),,
1363,361,重庆人文科技学院,学习二分搜索,苏麟,杜仕亮,李彦龙,,False,True,3,586,,,,,,+(16),,+10(273),,,,+2(57),,
1364,,广州华立学院,Sky Mirrors,王润峰,,,,False,True,3,591,,,,,,+4(60),,+7(214),,,,+(97),,
1365,,江苏科技大学,样例能过我就交,韩天睿,梅宇杰,朱永康,,False,True,3,601,,,,,,+2(44),,+8(289),,,,+(68),,
1366,,浙大宁波理工学院,我不明白,宋欣远,詹徐言,虞琦,,False,True,3,617,,+2(291),,,,+2(32),,,,,,+2(174),,
1367,,嘉应学院,W°C可以煮鱼L,俞玄康,翁杰豪,廖世毅,,False,True,3,620,,-2,,,,+(12),,+12(293),,,,+(75),,
1368,,常州大学,叫什么队,侯飞,刘泽鸿,吴明轩,,False,True,3,622,,+5(206),,,,+1(15),,,,,,+6(161),,
1369,,山东科技大学,亚特兰蒂斯号,张高鸣,李卓航,郭一鸣,,False,True,3,625,,,,,,+1(14),,+13(262),,,,+(69),,
1370,,华北水利水电大学,一觉醒来，全国xcpc水平上升万倍，而我不变,蔡祖铭,郝俊博,蔡仁健,,False,True,3,635,,+(211),,,,+(16),,-8,,,,+9(228),,
1371,,安阳工学院,代码突击队,朱宁,王静渊,焦梓珈,,False,True,3,641,,,,,,+(19),,+6(138),,,,+8(204),,
1372,,安徽大学,WA是没有理由的，只是今天没能调出bug罢了,潘灿,甘佩俊,杜天正,,False,True,3,643,,-1,,,,+(19),,+12(243),,,,+4(61),,
1373,,华南师范大学,一路向南,于昊炜,曾祥康,朱宬华,,False,True,3,643,,,,,,+(7),,+14(262),,,,+(94),,
1374,,西湖大学,啥都行,江易娴,陈思媛,顾茜琳,,False,True,3,643,,+8(285),,,,+2(21),,-6,,,,+1(117),,
1375,,河海大学,如果是勇者辛美尔的话一定会 ac 的,金泽楷,王涵,陈敏树,,False,True,3,660,,,,,,+(5),,+14(280),,,,+2(55),,
1376,362,成都师范学院,cdnu1,应月强,鄢浩,吴伟彬,,False,True,3,753,,,,,,+2(15),,+8(282),,,,+5(156),,
1377,363,五邑大学,这是什么大专,张文涛,陈伟强,刘文浩,,False,True,3,792,,+3(265),-1,-1,-1,+(11),-1,-4,-1,-1,-1,+8(296),-1,-1
1378,,山东大学,赛博守夜人,牛骏达,尹延铄,王润鲁,,False,True,2,30,,-5,,,,+(8),,,,,,+(22),,
1379,,西北大学,生命诞生于运动,梁家瑞,罗穰杰,朱珈成,,False,True,2,35,,-1,,-4,,+(8),,-3,,,,+(27),,
1380,,上海师范大学,AI可以取代程序员但无法取代家里蹲,王刚,危祎,王祎慜,,False,True,2,42,,-1,,,,+(7),,-12,,,,+(35),,
1381,,河南农业大学,代码尊大人小生这厢有礼了,朱逸菲,邓海迪,李悦,,False,True,2,46,,-2,,,,+(9),,-9,,,,+(37),,
1382,,中国民航大学,非暴力不ac,王宇鑫,吴栩睿,耿曼淳,,False,True,2,46,,-3,,,,+(6),,-16,,,,+(40),,
1383,,武汉理工大学,WA出三室一厅,罗韬,倪锋,杨发通,,False,True,2,47,,-2,,,,+(12),,-15,,,,+(35),,
1384,,闽南师范大学,没有以前那么喜欢你了,庄瑜,陈荣琪,庄子涵,,False,True,2,47,,-2,,,,+(9),,,,,,+(38),,
1385,,苏州大学,天外来物,尹子睿,刘志轩,薛临成,,False,True,2,48,,-4,,,,+(9),,,,,,+(39),,
1386,,南京信息工程大学,玄机策揽玲珑霄,何家齐,宋安之,姚天舜,,False,True,2,48,,-6,,,,+(7),,-8,,,,+(41),,
1387,,新疆大学,宝宝呼啦圈,于文硕,吴华威,雍景雄,,False,True,2,49,,-1,,,,+(7),,-4,,,,+(42),,
1388,364,北华大学,对右不能左爱,张鑫,赵文浩,秦翔宇,,False,True,2,50,,-4,,,,+(11),,-2,,,,+(39),,
1389,,宁波大学,时间紧任务重,赵翰韬,黄博翼,汪博,,False,True,2,50,,-2,,,,+(9),,-7,,,,+(41),,
1390,,江西财经大学,喜欢只是错觉,衷铭川,万俊哲,张云菲,,False,True,2,51,,-6,,,,+(11),,,,,,+(40),,
1391,,中北大学,文瀛十三不会梦到上床下桌,李兴隆,陈文博,谭炯豪,,False,True,2,52,,,,,,+(15),,-13,,,,+(37),,
1392,,湖南农业大学,不要指望我们,邓从权,黄恩豪,丰硕,,False,True,2,52,,,,,,+(13),,,,,,+(39),,
1393,,深圳大学,多娜多娜~一起来打代码吧,方昊哲,苏力哲,陈俊年,,False,True,2,52,,,,,,+(11),,-14,,,,+(41),,
1394,365,梧州学院,陵薮市朝,关子俊,路佳雨,陈金涛,,False,True,2,53,,-3,-1,-1,-1,+(15),-1,-1,-1,-1,-1,+(38),-1,-1
1395,,西安科技大学,同舟队,毛梓聿,王敬磊,冯天华,,False,True,2,53,,,,,,+(13),,-5,,,,+(40),,-2
1396,,中南民族大学,哈基高,林俊彦,魏子杰,陈宇轩,,False,True,2,53,,-7,,,,+(8),,-1,,,,+(45),,
1397,,北京语言大学,你说天堂支点TLE是什么意思,李安然,陈川,刘馥翊,,False,True,2,54,,,,,,+(14),,-3,-3,,,+(40),,
1398,,南京师范大学,gogogo粗发咯,陈竹阳,胡立,许添,,False,True,2,54,,-1,,,,+(8),,-2,,,,+(46),,
1399,366,汉江师范学院,我必须站在这里,杜中豪,,,,False,True,2,54,,,,,,+(8),,-27,,,,+(46),,
1400,,深圳大学,加睡不如加睡,王锐源,陈子洪,梁志鸿,,False,True,2,55,,-3,,,,+(7),,-1,,,,+(48),,
1401,,集美大学,灰名也有AC梦,刘烨冬,韩斌,李清域,,False,True,2,56,,,,,,+(13),,-3,,,,+(43),,
1402,367,齐齐哈尔大学,破茧成蝶,黄泽辉,廖君辉,卢家昊,,False,True,2,56,,-9,,,,+(12),,-4,,,,+(44),,
1403,,湖南农业大学,零罚时,周静,黄瑞莎,颜诗祺,,False,True,2,56,,,,,,+(11),,-2,,,,+(45),,
1404,,南京信息工程大学,晚上下雨吗,王鑫杰,董一诺,李皓阳,,False,True,2,56,,-3,,,,+(9),,-3,,,,+(47),,
1405,,浙大城市学院,熔岩烤鸡,俞轩昂,何鑫星,胡译涵,,False,True,2,56,,-4,,,,+(8),,-5,,,,+(48),,
1406,,河南工业大学,长夜破晓,凡亚豪,曹子鹏,远明威,,False,True,2,56,,-7,,,,+(7),,-1,,,,+(49),,
1407,,中国计量大学,贝利亚骑奶龙,王宇杰,陈嘉豪,沈耀晖,,False,True,2,57,,-1,,,,+(13),,-1,,,,+(44),,
1408,,宁波工程学院,打网络赛被管家活活打断了双腿,陈南丞,叶徳坚,郑坚淳,,False,True,2,57,,-2,,,,+(12),,,,,,+(45),,
1409,,长安大学,因为太怕WA所以全点AC了,张杰丞,贺一恒,姚学成,,False,True,2,57,,-2,,,,+(9),,,,,,+(48),,
1410,,河海大学,堵桥来,钱子恒,张紫轩,李昱泓,,False,True,2,58,,-3,,,,+(13),-3,-3,,,,+(45),,
1411,,武汉理工大学,少女周末旅行,唐一弘,王起东,刘向奥,,False,True,2,58,,-3,,,,+(12),,-7,,,-1,+(46),,
1412,,南阳理工学院,队友写的都对,李昌泓,张方明,胡汉永,,False,True,2,58,,-3,,,,+(12),,-2,,,,+(46),,
1413,,南京航空航天大学,青春猪头少年不会梦到WA,肖昊哲,孟超凡,林育成,,False,True,2,58,,,,,,+(9),,-5,,,,+(49),,
1414,,台州学院,我不吃AC,严忠楠,何俊豪,曹景程,,False,True,2,60,,-1,,,,+(18),,-13,,,,+(42),,
1415,,浙大宁波理工学院,我们都是躺赢狗,郑城坤,樊鹏程,卢乙迅,,False,True,2,60,,-1,,,,+(15),,-1,,,,+(45),,
1416,,江西财经大学,蛋仔派队,曾林,李志文,张思宏,,False,True,2,60,,,,,,+(14),,-9,,,,+(46),,-1
1417,,青岛理工大学,因为没过四级看不懂题面,陈文卓,金慧玲,赵增豪,,False,True,2,60,,,,,,+(13),,-6,,,,+(47),,
1418,,广州大学,宵宫流萤,陈思翀,曹志成,张正浩,,False,True,2,60,,-1,,,,+(8),,-2,,,,+(52),,
1419,,嘉应学院,蒜鸟蒜鸟大家都不yong易对不队,周银淑,叶雅怡,詹欣烁,,False,True,2,62,,,,,,+(14),,-2,,,,+(48),,
1420,,山东大学,达拉崩吧斑得贝迪卜多比鲁翁,梁焯宁,胡恩丞,许明哲,,False,True,2,62,,-7,,-47,,+(13),,,,,,+(49),,
1421,,中国民航大学,记得开龙龙,陈跃,乔立雨,牛佳琳,,False,True,2,62,,,,,,+(10),,-3,,,,+(52),,
1422,368,山西工程科技职业大学,你知道吗,王旭帆,王映鑫,唐震宇,,False,True,2,62,,-4,,,,+(7),,-7,,,,+(55),,
1423,,江西财经大学,三人驭六丸,钟明皓,周君,詹宇飞,,False,True,2,63,,-1,,,,+(17),,-3,,,,+(46),,
1424,,鲁东大学,贪生pass,李福超,李鹏辉,王凌志,,False,True,2,63,,-2,,,,+(13),,-1,,,,+(50),,
1425,,华北电力大学（保定）,pwq不会起名字、,潘语博,王宇灿,朱欣旗,,False,True,2,63,,-1,,,,+(12),,-10,,,,+(51),,
1426,,太原理工大学,贪心优化者,郭超逸,王焱博,聂致远,,False,True,2,64,,-4,,,,+(18),,-3,,,,+(46),,
1427,,北京语言大学,只会暴力模拟的蒟蒻在ICPC上该如何是好,孙浩语,李贵龙,石静迪,,False,True,2,64,,,,,,+(17),,-3,,,,+(47),,
1428,,浙江工业大学,ZJUT8,程煜泽,卜凡,吕天玉,,False,True,2,64,,-1,,,,+(12),,-4,,,,+(52),,
1429,,四川师范大学,开门,侯欢,黄扬,季明轩,,False,True,2,64,,,,,,+(12),,-9,,,,+(52),,
1430,,中国地质大学（北京）,O泡果奶要要要,林珈丞,秦郅涵,熊凌玉,,False,True,2,64,,-3,,,,+(10),,-4,,,,+(54),,
1431,,中原工学院,秦始皇,刘祥懿,徐逸飞,吴林涛,,False,True,2,64,,-1,,,,+(8),,-1,,,,+(56),,
1432,,大连海事大学,放不下绩点,谢镕腾,卞一名,庄思煜,,False,True,2,65,,-2,,,,+(14),,-3,,,,+(51),,
1433,,西南民族大学,新王朝,王杰,项若楚,李涛,,False,True,2,65,,-3,,,,+(10),,-4,,,,+(55),,
1434,,北京林业大学,万一给我们创对了呢,杨昊田,张森柏,杨尧天,,False,True,2,66,,,,,,+(10),,-30,,,,+(56),,
1435,,江西农业大学,前面忘了，中间忘了，后面忘了,朱智咸,朱煜伟,梁宝生,,False,True,2,66,,,,,,+(10),,,,,,+(56),,
1436,,浙江理工大学,zstu_春夏秋冬,董雨轩,郭轩宇,叶丞航,,False,True,2,66,,-3,,,,+(9),,-9,,,,+(57),,
1437,,武汉大学,星河剪枝,白睿起,曾涵飞,孙家明,,False,True,2,66,,-1,,,,+(9),,-9,,,,+(57),,
1438,,徐州工程学院,我来劈开这座山+,唐杨,陈禹,杜紫萱,,False,True,2,67,,,,,,+(20),,,,,,+(47),,
1439,,海南大学,溢出即自由,赵博,余睿涵,陆晓宇,,False,True,2,67,,-2,,,,+(11),,-18,,,,+(56),,
1440,,暨南大学,卡常概念神人们,王睿鑫,陈梓宏,周嘉杰,,False,True,2,67,,-2,,,-1,+(9),,-1,,,,+(58),,
1441,,浙江工商大学,奈落圆舞曲,王暾,曾大君,薛道民,,False,True,2,68,,-3,,,,+(13),,,,,,+(55),,
1442,,浙江科技大学,这个真好吃 nya ٩(๑´∀`๑)۶,吴家炜,陈佳鹏,朱哲,,False,True,2,68,,-1,,,,+(10),,-8,,,,+(58),,
1443,,东南大学,新建文件夹,徐裕程,洪荣誉,张益来,,False,True,2,68,,,,-2,,+(9),,,-1,,,+(59),,
1444,,暨南大学,一遍过,沈炳利,李梓星,,,False,True,2,69,,,,,,+(12),,-4,,,,+(57),,
1445,369,重庆交通大学,与猫猫起舞,胡明哲,王储,陈思含,,False,True,2,69,,,,,,+(10),,-5,,,,+(59),,
1446,,西安电子科技大学,封榜的135秒,吴宜放,江俊宇,郭立轩,,False,True,2,69,,,,-3,,+(8),,-7,,,,+(61),,
1447,,北华大学,抹茶芭菲,严梓彬,周春旭,龚浩喆,,False,True,2,70,,-2,,,,+(14),,-4,,,,+(56),,
1448,,上海大学,寒蝉鸣泣之时,邢儒戈,阮一城,李嘉诚,,False,True,2,70,,,,,,+(12),,-10,,,,+(58),,
1449,,丽水学院,404NotFound​​,吴松泽,黄宇硕,徐宇帆,,False,True,2,70,,-1,,,,+(11),,-5,,,,+(59),,
1450,,成都锦城学院,null,赵燚,甄鸣轩,张加瑞,,False,True,2,70,,,,,,+(11),,-5,,,,+(59),,
1451,,武汉工程大学,汉堡套餐,王志伟,高才蒙,张天星,,False,True,2,70,,-2,,,,+(9),,-1,,,,+(61),,
1452,,哈尔滨工业大学（威海）,被CCPC暴打,李博文,崔彦宇,刘佳豪,,False,True,2,70,,-3,,,,+(6),,-4,,,,+(64),,
1453,,北京林业大学,小AC找码码,张秉鸿,张文乐,聂纪坤,,False,True,2,71,,-3,,,,+1(12),,-5,,,,+(39),,
1454,,浙大宁波理工学院,迷星之子,谢佳灏,方泓堃,李洋,,False,True,2,71,,-2,,,,+(22),,-4,,,,+(49),,
1455,,河南师范大学,三人成行,白汝凯,宋宇凡,郭嘉一,,False,True,2,71,,,,,,+(12),,-5,,,,+(59),,
1456,,中北大学,队友难铜还能起飞么,邓英昊,孙一峰,吕首威,,False,True,2,71,,-3,,,,+(12),,-10,,,,+(59),,
1457,,西南科技大学,句点，终焉扭转,黄洪杰,邓俊熙,李翔宇,,False,True,2,71,,-5,,,,+(10),,-6,,,,+(61),,
1458,,浙江工商大学,博神带俩坑,李杰,李博,胡奕斐,,False,True,2,71,,,,,,+(9),,-6,,,,+(62),,
1459,,北京化工大学,大概是鼠鼠队,孙博文,陈翔钰,王海鑫,,False,True,2,71,,-1,,,,+(9),-2,-11,,,,+(62),,
1460,,宁波大学,跨越斑驳之紫,张增城,杨耀康,郭轩阳,,False,True,2,71,,-2,,,,+(9),,-13,,,,+(62),,
1461,,哈尔滨商业大学,哈商大附中01队,林铭辉,王喆,刘凯,,False,True,2,72,,,,,,+(10),,-6,,,,+1(42),,
1462,,山东大学（威海）,我的躺平世界,曾嘉乐,杨丰玮,许刘青杉,,False,True,2,72,,-1,,,,+(22),,-7,,,,+(50),,
1463,,广东工业大学,无限随机,许圣坤,何炜华,吴小鹏,,False,True,2,72,,-2,,,,+(16),,-13,,,,+(56),,
1464,,天津商业大学,下北泽少女乐队天天向商在线打铁,胡琦,魏泽鸣,戴柳逸,,False,True,2,72,,,,,,+(15),,-3,,,,+(57),,
1465,,河南师范大学,能赢吗,赵振安,孙易飞,董健豪,,False,True,2,72,,-10,,,,+(12),,-7,,,,+(60),,
1466,,浙江理工大学,对…对吗?对的对的,谢东,董欣悦,陈卓尔,,False,True,2,72,,,,,,+(11),,-3,,,,+(61),,
1467,,齐鲁工业大学,"还没到六点,早安你个头",杨梓睿,张宸维,国展源,,False,True,2,72,,-2,,,,+(11),,-8,,,,+(61),,
1468,,南京邮电大学,njupt25team011,杨小莹,李箐,吴嘉敏,,False,True,2,72,,,,,,+(10),,-2,,,,+(62),,
1469,,西北农林科技大学,NWAFU_2,晏鹏昊,范中博,张益诚,,False,True,2,72,,-2,,,,+(6),,-3,,,,+(66),,
1470,,同济大学,cia不多得llo～(∠・ω< )⌒☆,王奕博,杨东旭,刘宸瑞,,False,True,2,73,,-1,,,,+1(13),,-3,,,,+(40),,
1471,,郑州经贸学院,独木难成林,张云飞,顾陆军,李天祐,,False,True,2,73,,-1,,,,+1(13),,-14,,,,+(40),,
1472,,成都信息工程大学,如果有一天爱上了算法竞赛,王茂光,谭权鑫,李欣雨,,False,True,2,73,,-3,,,,+1(9),,-4,,,,+(44),,
1473,,广东培正学院,风之团,黄俊理,吴梓锋,郭立宇,,False,True,2,73,,-1,,-1,,+(27),,-4,,,,+(46),,
1474,,山东工商学院,南极洲的return,国耀泽,卜世陀,单高焱,,False,True,2,73,,,,,,+(20),,-3,,,,+(53),,
1475,,山东科技大学,托尔斯泰号,董秦汗,张世林,肖秋德,,False,True,2,73,,-9,,,,+(14),,,,,,+(59),,
1476,,温州大学,温大十队,管焌羽,是凯宁,周圣涵,,False,True,2,73,,,,,,+(12),-1,-20,,,,+(61),,-1
1477,,北京语言大学,Town In Go能不能AC？回答我！,王震逍,王宇航,刘鹏辉,,False,True,2,73,,,,,,+(10),,,,,,+(63),,
1478,370,佳木斯大学,Don't answer wrong on test2,刘天为,王睿,李令辉,,False,True,2,73,,-3,,,,+(9),,-19,,,,+(64),,
1479,,汕头大学,手冲仪仗队,刘瀚元,郑永鹏,潘佳阳,,False,True,2,73,,-5,,,,+(8),,-10,,,,+(65),,
1480,,长江大学,破晓,纪方嘉,任文,童炎,,False,True,2,74,,-8,,-14,,+(14),,-3,,,,+1(40),,
1481,,山东科技大学,赤城号,王世奇,黄涛,周景然,,False,True,2,74,,-13,,,,+1(8),,-12,,,,+(46),,
1482,,沈阳航空航天大学,AAA建材批发张总,郭煜兴,李长丰,张建威,,False,True,2,74,,,,,,+(18),,-17,,,,+(56),,
1483,,中国矿业大学,AC永动机,朱翠峰,刘梓轩,温家豪,,False,True,2,74,,,,,,+(15),,-11,,,,+(59),,
1484,,安徽大学,想要飞升萝莉星球,高研,李宇齐,程良杰,,False,True,2,74,,-2,,,,+(7),,-6,,,,+(67),,
1485,,湖州师范学院,湖师院6队,郑佳盈,彭静茹,肖伊静,,False,True,2,75,,,,,,+(17),,-7,,,,+(58),,
1486,,广东金融学院,玉米爱吃炮车,陈佳煜,张建镇,叶兆谦,,False,True,2,75,,-2,,,,+(14),-6,-8,,,,+(61),,-1
1487,,山东师范大学,最后亿舞,杨静颖,石政坤,杜甲玉,,False,True,2,76,,,,,,+(13),,-19,,,,+(63),,
1488,,浙江工商大学,重生之我是奶龙,林裕轲,李泽晨,沈宏立,,False,True,2,76,,-6,,,,+(13),,,,,,+(63),,
1489,,江苏海洋大学,派大星暴打猫猫头,沈乃至,马迪,刘岩,,False,True,2,76,,-7,,,,+(9),,-6,,,,+(67),,
1490,,湖北工业大学,猫猫虫,谭宇杰,陈京宇,赵瑞杰,,False,True,2,76,,-1,,,,+(7),,-4,,,,+(69),,
1491,,广东工业大学,静声,谢嘉骏,袁镇清,许晓喆,,False,True,2,77,,,,,,+(14),,-3,,,,+(63),,
1492,,河南师范大学,哈气三小只,王嘉诚,吴劭鹏,郭明贺,,False,True,2,77,,-3,,,,+(12),,-6,,,,+(65),,
1493,371,常州工学院,时光流逝AC依旧未到,唐胡煜,姜鑫杰,郑绍恺,,False,True,2,77,,-5,,,,+(10),,-7,,,,+(67),,
1494,,大连海事大学,debug不如喝奶茶,李涵杨,陆宸熠,童恒奕,,False,True,2,78,,-3,,,,+1(18),,-9,,,,+(40),,
1495,,天津工业大学,再A一题,尹子恒,尹灵宝,马英程,,False,True,2,78,,,,,,+(14),,-1,,,,+(64),,
1496,372,景德镇陶瓷大学,每一题都是WA,楼家煜,施建豪,陈明耀,,False,True,2,78,,-1,,,,+(14),-1,-5,,,,+(64),,
1497,,大连理工大学,dlut09,任家暄,王越,丁励治,,False,True,2,78,,,,,,+(10),,-9,,,,+(68),,
1498,,西南石油大学,swpu_2,霍奂鑫,陈昱璋,刘鸿春,,False,True,2,79,,,,,,+1(17),,-3,,,,+(42),,
1499,,厦门大学,我也想跟你们一样厉害,蔡欣琪,张锦雯,孙欣怡,,False,True,2,79,,-4,,,,+1(15),,-7,,,,+(44),,
1500,373,湖北师范大学,WA!AC,胡玉灿,彭宇锐,黄有阳,,False,True,2,79,,,,,,+(8),,-18,,,-1,+(71),,
1501,,南昌理工学院,2025 南理 3 队,曾正基,曾好,曹炫锋,,False,True,2,80,,-1,,,,+1(20),,-4,,,,+(40),,
1502,,华南师范大学,队伍一定要有队名,陈理元,肖逸,江炜健,,False,True,2,80,,-1,,,,+1(14),,-8,,,,+(46),,
1503,,华北水利水电大学,对Segmentation Fault使用无懈可击,卢宇翔,邢凯宁,樊丰恺,,False,True,2,80,,-9,,,,+(16),,,,,,+(64),,
1504,,浙江师范大学,给我吃一口脑子,方佳莹,郑演琪,鄢博威,,False,True,2,80,,-2,,,,+(13),,,,,,+(67),,
1505,,江西理工大学,中二病也要AC,华振峰,罗健,钟伟,,False,True,2,80,,-2,,,,+(11),,-5,,,,+(69),,
1506,,河北工业大学,冀工三人组,王若豪,赵冠豪,邹俊凯,,False,True,2,80,,-2,,,,+(8),,-5,,,,+(72),,
1507,,武汉纺织大学,扣1通过,曾繁昊,孙嘉麒,朱佳伟,,False,True,2,81,,-4,,,,+1(9),,-18,,,,+(52),,
1508,,北京师范大学,许愿出金不歪,王旭,卢红淇,应志浩,,False,True,2,81,,,-1,,,+(26),,,,,,+(55),,
1509,,广东工业大学揭阳校区,WA与蒟蒻同在,石晨阳,龚鼎,谭经纬,,False,True,2,81,,,,,,+(13),,-4,,,,+(68),,
1510,,湖北师范大学,新世纪AC战士,华泰达,孙紫阳,肖振顺,,False,True,2,81,,,,,,+(13),,-12,,,,+(68),,
1511,,西南财经大学,柳浪湾流浪汉,董翼恺,黄俊尧,雷雨豪,,False,True,2,82,,-5,,,,+1(14),,-1,,,,+(48),,
1512,,华南师范大学,wa学弟幻想ac,胡涵之,谭子安,朱瑶,,False,True,2,82,,-3,,,,+1(13),,-13,,,,+(49),,
1513,,河海大学,青春acm少女不会梦到黑红名学姐,廖开欣,刘宁,刘利娇,,False,True,2,82,,-1,,,,+(9),,,,,,+1(53),,
1514,,武汉工程大学,关关过,李嘉欣,汪雅琪,王杨晶,,False,True,2,82,,,,,,+(20),,-2,,,,+(62),,
1515,,山东农业大学,绝密ACM，堵判题机来,孙浩天,侯成国,孔文卓,,False,True,2,82,,,,,,+(17),,-9,,,,+(65),,
1516,374,江西理工大学南昌校区,击杀王睦子米,宋文东,蓝隆涛,范子成,,False,True,2,82,,-3,,-1,,+(14),-7,,,,,+(68),,
1517,,浙江万里学院,万里二队,傅炫瑜,朱勤涵,吴翱丞,,False,True,2,82,,-2,,,,+(12),,,,,,+(70),,
1518,375,西华师范大学,从爆零开始的算竞生活,陈龙骏,曹荣智,卢银强,,False,True,2,82,,,,,,+(12),,-4,,,,+(70),,
1519,,大连理工大学城市学院,OPPO A5,郑世凯,王莫涵,王需,,False,True,2,82,,-1,,,,+(10),,-6,,,,+(72),,
1520,,河北师范大学,码划疼我们会赢吗,郑杰鸣,张星,余杰,,False,True,2,83,,-5,,,,+(11),,-7,,,,+(72),,
1521,376,成都理工大学工程技术学院,还玩呢？快去加练啊,孔维杰,王泽君,税渝恩,,False,True,2,84,,-3,,,,+(15),,,,,,+(69),,
1522,,广东金融学院,哥布林之家,郭庆,陈优彬,林子健,,False,True,2,84,,-2,,,,+(11),,-2,,,,+(73),,
1523,,山东师范大学,未言终局,王曦,田文慧,张凯悦,,False,True,2,84,,-3,,,,+(10),,-6,,,,+(74),,
1524,,河南师范大学,黎明调试者,马傲博,赵柯行,吴静轩,,False,True,2,84,,-2,,,,+(9),,,,,,+(75),,
1525,,中国地质大学（北京）,我要睡午觉,宋贤瑞,苏童,冯昊天,,False,True,2,85,,-2,,,,+(16),,,,,,+1(49),,
1526,,西南财经大学,队友队友要不要和我一起打xcpc喵喵喵喵喵,朱哲含,陈瑾,郭子欣,,False,True,2,85,,-3,,,,+(11),,-1,,,,+(74),,
1527,,阜阳师范大学,汪汪汪汪汪汪队,张学治,王欣,孙健,,False,True,2,86,,,,,,+(18),,-6,,,,+1(48),,
1528,,南京信息工程大学,异世界编程使者,姜钟珩,王欣悦,陈东,,False,True,2,86,,,,,,+1(12),-3,-6,,,,+(54),,
1529,,河南理工大学,Kiana Dash!,刘逸潇,刘成成,李玉龙,,False,True,2,86,,,,,,+(11),,-4,,,,+1(55),,
1530,,同济大学,待兼诗歌剧,胡正华,温玳宁,沈灿雨,,False,True,2,86,,-5,,,,+(19),,,,,,+(67),,
1531,377,绍兴职业技术学院,不诚实的奶龙们会赖床,陈珂瑜,谷卿诚,赖敏韬,,False,True,2,86,,-1,,,,+(16),,-16,,,,+(70),,
1532,,广东工业大学,AC手动机,高泽彤,关泽霖,许铭宇,,False,True,2,86,,-1,,,,+(15),,-3,,,,+(71),,
1533,378,电子科技大学成都学院,科成2队,王硕,尹建鸿,胡新隆,,False,True,2,86,,,,,,+(13),,-6,,,,+(73),,
1534,,湖北经济学院,涅槃重生队,陈宵阳,陈怡冰,黄翰名,,False,True,2,87,,-1,,,,+(27),-4,-1,,,,+1(40),,
1535,,西安理工大学,队长说不知道起什么名字,袁振扬,谢量,王凯,,False,True,2,88,,-3,,,,+(16),,-2,,,,+(72),,
1536,,长春工业大学,这个名字可好,陈柯嵩,刘明昊,陈昱璁,,False,True,2,88,,,,,,+(13),,-5,,,,+(75),,
1537,,中国地质大学（北京）,说啥都队,王弈博,翟文修,邢淑雅,,False,True,2,88,,-2,,,,+(9),,,,,,+(79),,
1538,,河南师范大学,沸羊羊,刘轩豪,陈晗,高继凯,,False,True,2,89,,-2,,,,+1(13),,-2,,,,+(56),,
1539,379,上海电机学院,电机小子,胡涛,易玄枫,严俊玉,,False,True,2,89,,-1,,,,+(23),,-5,,,,+(66),,
1540,,重庆大学,emmm,王培霖,赵叶涵,李子恒,,False,True,2,89,,-1,,,,+(17),,-7,,,,+(72),,
1541,,浙大宁波理工学院,老猫保佑,蒋宝源,黄鑫宇,罗子琛,,False,True,2,89,,,,,,+(9),,-5,,,,+(80),,
1542,,临沂大学,立刻v我50,张保阔,贾增扬,赵昱霖,,False,True,2,90,,-4,,,,+1(16),,,,,,+(54),,
1543,,上海师范大学,O(114514),李嘉晟,王俊涵,刘恒刚,,False,True,2,90,,,,,,+(9),,-1,,,,+1(61),,
1544,380,辽宁石油化工大学,缪缪合约登顶,蓝新,崔国林,刘俊,,False,True,2,90,,,,,,+(19),,-3,,,,+(71),,
1545,,台州学院,让我们ac吧，我们什么都会做的,吴文龙,高汪杨,蔡涵彬,,False,True,2,90,,-1,,,,+(13),,,-4,,,+(77),,
1546,,中国矿业大学,我的青春acm物语果然有问题,王虹博,兰翔思宏,陈品睿,,False,True,2,90,,,,,,+(10),,-2,-1,,,+(80),,
1547,,广州大学,暴力美学,吕涛涛,冯凌熙,陈皓森,,False,True,2,90,,-3,,,,+(8),-6,-1,,,,+(82),,
1548,381,上海对外经贸大学,猫馔,卢靖元,罗晟屹,任至烨,,False,True,2,91,,-1,,,,+(14),,-4,,,,+(77),,
1549,382,广州城市理工学院,GCU-AC穿梭在星河的火箭队,胡贺闵,邱佳烁,林书涵,,False,True,2,91,,,,,,+(12),,,,,,+(79),,
1550,,南京师范大学,哈基米,梁臣,沈国丰,李优昊,,False,True,2,91,,-2,,,,+(10),,-6,,,,+(81),,
1551,,丽水学院,AK培养手册,张苏梦,桂桢喃,刘怡辰,,False,True,2,92,,-4,,,,+1(15),,-5,,,,+(57),,
1552,,华东师范大学,憧憬成为代码强迫传奇大主人,王佳程,张春晓,袁友保,,False,True,2,92,,,,,,+(7),-3,-1,,,,+1(65),,
1553,,西华师范大学,倒着ac,何杨,王亦飞,李佳乐,,False,True,2,92,,-4,,,,+(13),,,,,,+(79),,
1554,,湖南中医药大学,你还会爱我吗对不队,任航玮竞,刘鑫成,曲靓,,False,True,2,92,,-3,,,,+(11),,-6,,,,+(81),,
1555,383,山东科技大学济南校区,赛虎可爱小猫咪,左子恒,徐丞昱,张宸菘,,False,True,2,92,,,,,,+(10),,-1,,,,+(82),,
1556,,安徽工业大学,滚榜之后a三题,李冠庭,卢岩煜,鲁志豪,,False,True,2,92,,,,,,+(6),,-11,,,,+(86),,
1557,,山东科技大学,星座号,彭越高,陈新杰,王文琪,,False,True,2,93,,-2,,,,+1(16),,-2,,,,+(57),,
1558,384,大连东软信息学院,algo学长这招太狠了,李双阳,任彦成,贺宣宁,,False,True,2,93,,-2,,,,+1(15),,-4,,,,+(58),,
1559,,青岛大学,水天一色,杜桂涛,曲培瑶,尹量,,False,True,2,93,,-1,,,,+(15),,-4,,,,+1(58),,
1560,,太原理工大学,O(1)头发量,路汶泰,林挺,李冠翰,,False,True,2,93,,-2,,,,+(10),,-5,,,,+1(63),,
1561,,湖南财政经济学院,发际线和我作队,王宇盛,凡琪勇,李忠雲,,False,True,2,93,,,,,,+(23),,-4,,,,+(70),,
1562,,杭州师范大学,猫猫虫大战acm,胡文涵,李书暄,王振晓,,False,True,2,93,,-2,,,,+(11),,-8,,,,+(82),,
1563,,北京航空航天大学,我队友得了MVP！,徐浩然,肖迪睿,廖俊麟,,False,True,2,93,,,,,,+(7),,-12,,,,+(86),,
1564,,郑州大学,郑大25网络赛队伍一,丁玉磊,许振兵,范伟喆,,False,True,2,94,,,,,,+(13),,-6,,,,+1(61),,
1565,,哈尔滨理工大学（威海）,重生之我要拿牌,田文彬,杨炎明,姜文韬,,False,True,2,94,,-2,,,,+(25),,-5,,,,+(69),,
1566,,华北水利水电大学,不要再WA了,石耀耀,崔鑫,路玉彬,,False,True,2,94,,,,,,+(23),,-4,,,,+(71),,
1567,,浙江科技大学,对对队,於泽楷,蔡乐,杨成德,,False,True,2,94,,,,,,+(20),,-4,,,,+(74),,
1568,,重庆邮电大学,3G联盟,冯禹杰,汪炜杰,林新雨,,False,True,2,95,,,,,,+1(20),,-4,,,,+(55),,
1569,,湖南农业大学,会赢吗,周辉,李磊,许健强,,False,True,2,95,,-3,,,,+1(19),,-15,,,,+(56),,
1570,,广西民族大学,随便,蒋志昂,兰斯宇,梁良,,False,True,2,95,,,,,,+(14),,-5,,,,+(81),,
1571,,华北水利水电大学,BFS能搜到她的心吗,左永欣,文一帆,于宗瑞,,False,True,2,95,,-3,,,,+(13),,-4,,,,+(82),,
1572,,山东科技大学,鹰号,秦立杰,徐涵煜,杨竣凯,,False,True,2,95,,-1,,,,+(11),,-5,,,,+(84),,
1573,385,辽宁科技大学,队长爱说QAQ,季芷欧,马祎祎,陈子轩,,False,True,2,96,,,,,,+(11),,-11,,,,+2(45),,
1574,,绍兴职业技术学院,贝利亚爱吃赖床的奶龙,卢超,石乘屹,王俊豪,,False,True,2,96,,-5,,,,+1(16),,-17,,,,+(60),,
1575,,北京化工大学,25时，Nightcode见,严雨涵,王睿邦,陈知乐,,False,True,2,96,,-1,,,,+(11),,-2,,,,+1(65),,
1576,,西安电子科技大学,哈吉米,曹润初,宋文博,刘佳,,False,True,2,96,,-2,,,,+1(11),,-4,,,,+(65),,
1577,,青岛农业大学,三拼250,张宝文,孟祥迪,付志远,,False,True,2,97,,,,,,+1(18),,-5,,,,+(59),,
1578,,武汉科技大学,漫步AC,刘思瑜,许良彬,余文一,,False,True,2,97,,-4,,,,+(12),,,,,,+1(65),,
1579,,中国农业大学,我想发论文,马铭浩,季楷翔,毛鹏浩,,False,True,2,97,,-4,,,,+(15),,-5,,,,+(82),,
1580,,河海大学,在网络赛寻求奖牌是否搞错了什么,李仕哲,宋宇,姚必顺,,False,True,2,97,,-5,,,,+(13),,,,,,+(84),,
1581,,台州学院,与太阳同在,王若琰,章智超,俞熠聪,,False,True,2,97,,-4,,,,+(10),,-12,,,,+(87),,
1582,,山东师范大学,复制粘贴王,刘郑,戴文星,杜彦贞,,False,True,2,97,,-1,,,,+(9),,-66,,,,+(88),,
1583,,安阳师范学院,Hello World,李聪,刘金梁,王镜卓,,False,True,2,98,,-3,,,,+1(17),,-5,,,,+(61),,
1584,,南阳理工学院,队友升级，我独自睡觉,陈龙,崔书源,任泽霖,,False,True,2,98,,,,,,+1(11),,,,,,+(67),,
1585,,南阳理工学院,再wa一发,宋忱宪,李昊展,袁鑫晨,,False,True,2,98,,,,,,+(15),,,,,,+(83),,
1586,,中南民族大学,番茄,邹俊璐,罗炯,胡航,,False,True,2,98,,-4,,,,+(12),,-10,,,,+(86),,
1587,386,内蒙古工业大学,希远,李耀,苏耀文,刘天祥,,False,True,2,99,,-1,,,,+1(14),,-9,,,,+(65),,
1588,,河南工程学院,南苑一队,贾坤,周子航,王大鹏,,False,True,2,99,,,,,,+(9),,-2,,,,+1(70),,
1589,,天津理工大学,样例杀手不杀样例,阴乐琪,董金帅,张子恒,,False,True,2,99,,,,,,+(17),,-11,,,,+(82),,
1590,,华南师范大学,A了这题就当归宅部,林浩杰,黄骞胤,李泊霖,,False,True,2,100,,-2,,,,+1(9),-1,-4,,,,+1(51),,
1591,,吉利学院,吉利太美,罗志豪,何正,严嘉诚,,False,True,2,100,,-1,,,,+1(27),,-1,,,,+(53),,
1592,,新疆大学,iron medal show show way,张家豪,李昊宇,马凯,,False,True,2,100,,-1,,,,+(11),,-3,,,,+1(69),,
1593,,中国计量大学,天生赢家,李锦豪,温鸿,张天保,,False,True,2,100,,-1,,-3,,+(16),,-5,,,,+(84),,
1594,,天津工业大学,算法三剑客,蒋胜贤,鹿晓帅,张一诺,,False,True,2,101,,,,,,+1(25),,-3,,,,+(56),,
1595,,乐山师范学院,我的名字,吕文涛,蒋明枝,陈思妍,,False,True,2,101,,-2,,,,+(24),,,,,,+(77),,
1596,,南京邮电大学,njupt25team015,赵梦雨,赵烨楠,龚艺翰,,False,True,2,101,,,,,,+(14),,-2,,,,+(87),,
1597,387,安徽信息工程学院,感觉不如算法术士的重启人生,童梓乘,叶德健,杨希望,,False,True,2,102,,-5,,,,+2(19),,,,,,+(43),,
1598,,安阳工学院,读不懂题目就睡觉,赵益辉,刘景甲,张龙飞,,False,True,2,102,,-13,-1,-1,-1,+1(8),-1,-6,-1,-1,-1,+(74),-1,-1
1599,,中南民族大学,曙光,李虹睿,梁玉龙,胡田琪,,False,True,2,102,,,,,,+(17),,-4,,,,+(85),,
1600,388,保定学院,翻斗花园三剑客,马朝阳,李志勃,侯宇轩,,False,True,2,102,,,,,,+(13),,-9,,,,+(89),,
1601,,河南师范大学,今天我在富士山,刘雨欣,马若航,黄英娇,,False,True,2,102,,,,,,+(11),,-2,,,,+(91),,
1602,,成都信息工程大学,神秘蓝毛小萝莉和粉毛眼镜妹和棕毛魔法少女,陈俊宏,姜涵轩,林沁宇,,False,True,2,103,,-3,,,,+(19),,-1,,,,+1(64),,
1603,,北京印刷学院,中国出版大学,张玉龙,郭音,陈孟哲,,False,True,2,103,,-3,,,,+(16),,-2,,,,+1(67),,
1604,,山东科技大学,地平线号,邵嘉毅,张健,李瑞恒,,False,True,2,103,,-6,,,,+(15),,-1,,,,+(88),,
1605,,厦门理工学院,我再也不玩mc了,黄策,康宇,陈长志,,False,True,2,104,,,,,,+(26),,-39,,,,+1(58),,
1606,389,吉首大学,今年一定要过四级,钟文振,祝江宇,杜英杰,,False,True,2,104,,-2,,,,+(11),,-3,,,,+1(73),,
1607,,齐鲁工业大学,破晓之光,王鹏宇,周金林,王海科,,False,True,2,104,,,,,,+(11),,-5,,,,+1(73),,
1608,,南昌航空大学,码到成功,邹伊扬,陈少聪,龚子贤,,False,True,2,104,,,,,,+(14),,-3,,,,+(90),,
1609,,湖南涉外经济学院,三个吊儿郎当,虞尚武,唐攀林,黄逸洲,,False,True,2,105,,-5,,,,+2(20),,,,,,+(45),,
1610,390,四川信息职业技术学院,教练Ciallo～(∠・ω< )⌒☆,王国强,叶瑞鑫,青灿,,False,True,2,105,,-2,,,,+(14),-2,-9,,,,+2(51),,
1611,,陕西师范大学,恒卷时刻,张雨涵,毛英灿,勾治华,,False,True,2,105,,,,,,+1(15),,-2,,,,+(70),,
1612,,武汉科技大学,天地一家大爱盟,洪志轩,卢盛翔,周炜皓,,False,True,2,105,,-2,,,,+(13),,-5,,,,+1(72),,
1613,,浙江万里学院,万里四队,孙春辉,陈绍源,刘烨健,,False,True,2,105,,-1,,,,+1(12),,,,,,+(73),,
1614,,安阳工学院,我要AC队,康琼硕,赵永恒,刘一楠,,False,True,2,105,,-1,-1,-1,-1,+(12),-1,-1,-1,-1,-1,+(93),-1,-1
1615,,济南大学,编译未来,杜家豪,徐恺,郑俊,,False,True,2,105,,,,,,+(12),,-2,,,,+(93),,
1616,,东北大学秦皇岛分校,牛叉的队名,郭泓邑,杨宇昊,安苏杭,,False,True,2,105,,-3,,,,+(9),,-7,,,,+(96),,
1617,,重庆大学,代码奇点,魏宏伟,吴毓宗,,,False,True,2,106,,,,,,+(8),-4,-3,,,,+2(58),,
1618,,天津工业大学,#include<队友的脑子>,黎尚京,韩博成,李昊轩,,False,True,2,106,,,,,,+(26),,-3,,,,+1(60),,
1619,,南开大学,没想法就用少女乐队,白景仁,张雪柯,巢恒睿,,False,True,2,107,,-3,,,,+(6),,-3,,,,+1(81),,
1620,,哈尔滨商业大学,天堂之门,王宸霖,唐子建,吴天昊,,False,True,2,107,,-1,,,,+(23),,-4,,,,+(84),,
1621,391,燕京理工学院,今天导员不查课，翻墙出校打A,张子航,马翔,郭鑫,,False,True,2,108,,-1,,,,+(27),,-7,,,,+(81),,
1622,,南京师范大学,超胖的猫,李泽钦,刘岂尘,汤艺齐,,False,True,2,108,,-4,,,,+(14),,-3,,,,+(94),,
1623,,华北水利水电大学,菜鸡花钱坐牢,张嘉涛,车玉成,周海蛟,,False,True,2,109,,,,,,+1(10),,-1,,,,+1(59),,
1624,,成都信息工程大学,光之三妖精的DEBUG大冒险,苏宏,文清惠,冯源源,,False,True,2,109,,-6,,,,+(16),,-4,,,,+(93),,
1625,392,南昌航空大学科技学院,陈佳茜最可爱了,陈子政,陈佳茜,丁佳逸,,False,True,2,110,,,,,,+(8),,-1,,,,+2(62),,
1626,,山东女子学院,算鸟捞AC队,程智,赵浩然,吕昊键,,False,True,2,110,,,,,,+(38),,-2,,,,+(72),,
1627,,乐山师范学院,三张王牌,任力恒,范俊滔,汤青峰,,False,True,2,110,,-1,,,,+(13),-3,-4,,,,+1(77),,
1628,393,玉林师范学院,又被算法打败啦,侯雨恒,陶代恩,巫商权,,False,True,2,110,,-1,,,,+(11),,-1,,,,+(99),,
1629,,西北农林科技大学,NWAFU_1,窦维嘉,段昊辰,李彤,,False,True,2,111,,-3,,,,+1(31),,-11,,,,+(60),,
1630,,烟台大学,以上成绩全都无效,邓俊涵,黄一沣,朱铭,,False,True,2,111,,,-1,,,+(64),,-5,,,,+(47),,
1631,,安阳工学院,不要WaWa叫,牛金鑫,王胜举,杜泳君,,False,True,2,111,,,,,,+1(14),,-4,,,,+(77),,
1632,,南京农业大学,冗定,高筠豪,李俊福,陈可航,,False,True,2,111,,-3,,,,+(12),,,,,,+1(79),,
1633,,山东财经大学,看起来菜但很能编,曹萌萌,郝方岚,胡宇涵,,False,True,2,111,,-1,,,,+(15),,,,,,+(96),,
1634,394,宁波职业技术大学,她不一样,何家安,陈明磊,蓝春涛,,False,True,2,112,,,,,,+(15),,,,,,+2(57),,
1635,,天津仁爱学院,2025CCPC网络赛队伍3,程文彬,杨天琪,许玲芳,,False,True,2,112,,-10,,,,+(19),,,,,,+(93),,
1636,,成都信息工程大学,如果队友可以变成算法大佬然后把我带飞的话,郭子瑾,张苏停,王锐颖,,False,True,2,112,,-2,,,,+(13),,-5,,,,+(99),,
1637,395,福州外语外贸学院,我们仨太强了,林远浩,马君烨,徐玮庭,,False,True,2,112,,,,,,+(10),,-6,,,,+(102),,
1638,,苏州工学院,哈基米南北绿豆,刘震轩,杭雷,陈格格,,False,True,2,113,,-1,,,,+1(35),,,,,,+(58),,
1639,,南京林业大学,长夜月,苏锦翔,唐俊峰,许子由,,False,True,2,113,,-6,,,,+1(13),,,,,,+1(60),,
1640,,河南科技学院,科林不磕碜！,刘志文,王科林,栾海莹,,False,True,2,113,,,,,,+(29),,-4,,,,+(84),,
1641,,嘉应学院,AAA 算法建材集团,吴烨昊,郑景升,罗海明,,False,True,2,114,,-1,,,,+(14),,-15,,,,+1(80),,
1642,,长沙理工大学,厂里真练技术,曹永强,刘鑫,周宇,,False,True,2,114,,,,,,+(21),,-4,,,,+(93),,
1643,396,沈阳农业大学,谷涨稷萁稔,潘岩,金龙杰,苏紫辰,,False,True,2,115,,-4,,,,+1(6),,-1,,,,+2(49),,
1644,,西南科技大学,当然！当然！当然！,黄浩翔,程立坤,唐娅东,,False,True,2,115,,,,,,+1(13),,,,,,+1(62),,
1645,397,浙江工业职业技术学院,浙工院1队,洪璟乾,黄晨鹏,郑良,,False,True,2,115,,-4,,,,+1(16),,-4,,,,+(79),,
1646,,成都东软学院,到底是谁过了英语四级啊,吴庭信,金玉琳,王俊喆,,False,True,2,115,,,,,,+1(14),,-4,,,,+(81),,
1647,,五邑大学,这是什么中专,冯凯翔,黄达聪,李晟熙,,False,True,2,116,,-2,,,,+2(20),,-4,,,,+(56),,
1648,,成都信息工程大学,一千零一,首汉卿,王宇欣,李永康,,False,True,2,116,,,,,,+(9),,-8,,,,+2(67),,
1649,,香港科技大学广州,过了样例就能队,黄方哲,廖家民,郑杨一轩,,False,True,2,116,,,,,,+1(15),,-5,,,,+(81),,
1650,,山东科技大学,心宿号,陈家祺,于冠华,马锐,,False,True,2,116,,-8,,,,+(16),,,,,,+(100),,
1651,,成都东软学院,蛋黄瑞士卷,郭滨淞,罗朋,杨美雪,,False,True,2,116,,,,,,+(15),,-11,,,,+(101),,
1652,398,琼台师范学院,蒸蒸日上,詹宇栋,李宇浩,潘玮强,,False,True,2,116,,-2,,,,+(11),,-11,,,,+(105),,
1653,,山东财经大学,给我丢把AK,张志强,罗荣怀,孙晨雨,,False,True,2,116,,,,,,+(10),,-5,,,,+(106),,
1654,399,江西水利电力大学,我们队有个户晨风,谭宇晨,涂鸣灏,孔知足,,False,True,2,117,,-6,,,,+(13),,-12,,,,+2(64),-2,
1655,,广州城市理工学院,GCU-ac不在话下,吴志威,郑权峰,王建元,,False,True,2,117,,,,,,+(17),,-10,,,,+1(80),,
1656,,成都信息工程大学,说好的幸福呢,廉镓明,孟庆虎,王鑫,,False,True,2,117,,-1,,,,+(16),,-2,,,,+1(81),,
1657,,武汉科技大学,Re:从零开始的acm打铁生活,汤师睿,周梓阳,张晨阳,,False,True,2,117,,,,,,+(9),,-3,,,,+(108),,
1658,,台州学院,别炸我青铜,惠紫盈,陈可辛,余奕谚,,False,True,2,118,,-3,,,,+(12),-2,-6,,,,+1(86),,
1659,,西华大学,早醒了就该打瓦,郑颖,刘一丹,谢心淳,,False,True,2,118,,,,,,+(17),,-5,,,,+(101),,
1660,,新疆大学,三人行,赵文彪,梁家祥,肖甲昊,,False,True,2,119,,-1,,,,+(11),,-7,,,,+1(88),,
1661,,西北农林科技大学,NWAFU_3,郑枫,杨沐辰,张雅文,,False,True,2,119,,,,,,+(8),,-7,,,,+1(91),,
1662,,浙江工商大学,上厕所,戴成龙,叶子祥,金欣哲,,False,True,2,119,,,,,,+(14),,,,,,+(105),,
1663,,西南科技大学,喵喵队,刘星宇,王思咏,谭淇匀,,False,True,2,120,,-3,,,,+2(17),,-3,,,,+(63),,
1664,,山东师范大学,爆零就去玩原神,李佳恒,吕俊东,孙智毅,,False,True,2,120,,-1,,,,+(12),,-13,,,,+1(88),,
1665,,南京晓庄学院,你是什么π,盖礼杰,周稳,杜汶诗,,False,True,2,120,,,,,,+1(8),,,,,,+(92),,
1666,,山东大学（威海）,ACM狗队,华雨晨,李万钧,刘一帆,,False,True,2,121,,-2,,,,+1(17),,-6,,,,+1(64),,
1667,400,延边大学,延大998244353队,陈子谦,周煊毅,成子鸣,,False,True,2,122,,,,,,+(12),,-4,,,,+2(70),,
1668,,华南农业大学,你WA我不WA队,邱逸淳,张嘉怡,阳悦,,False,True,2,122,,,,,,+(9),,-6,,,,+2(73),,
1669,,山东大学,从山大中来到大山中去,陈柯,张名宇,左博文,,False,True,2,122,,-2,,,,+(6),,,,,,+1(96),,
1670,,南阳理工学院,九个臭皮匠,吴佳轩,史嘉琳,赵静冉,,False,True,2,122,,-5,,,,+(14),,,,,,+(108),,
1671,,温州大学,炫彩猫猫,严宏昌,王柯辰,章佳辉,,False,True,2,122,,-2,,,,+(12),,-2,,,,+(110),,
1672,,大连海事大学,想起CF REG,王满阳,陆遥,蒋宜廷,,False,True,2,123,,-1,,,,+1(30),,,,,,+(73),,
1673,,丽水学院,萌萌香后援团,欧烨,胡峻豪,张威皓,,False,True,2,123,,,,,,+1(15),,-4,,,,+(88),,
1674,,北京化工大学,牢码队,伍宸,王松浩,程泽华,,False,True,2,124,,-4,,,,+1(13),,,,,,+1(71),,
1675,,丽水学院,为了AC练就铁腚,王烨,邱嘉琦,郑钧升,,False,True,2,124,,,,,,+1(19),,-6,,,,+(85),,
1676,,莆田学院,少见的程序员不是二刺螈,卢义轩,谢天野,李炜城,,False,True,2,124,,,,,,+(9),,-1,,,,+1(95),,
1677,,上海海事大学,想获得名额的人脸上是没有笑容的,李海涵,朱炳泽,沈彦君,,False,True,2,125,,-1,,,,+(8),,-21,,,,+2(77),,
1678,,南京邮电大学,njupt25team018,唐浩,姚震阳,陈徐鹏,,False,True,2,126,,-1,,-5,,+2(23),,-1,,,,+(63),,
1679,,山东财经大学,请输入文本,李林诺,范志博,张轩铭,,False,True,2,126,,,,,,+(10),,-4,,,,+(116),,
1680,,广东外语外贸大学,广外1队,麦思睿,梁国祥,王祉乔,,False,True,2,127,,-2,,,,+(5),,-3,,,,+2(82),,
1681,,山东管理学院,#include <ACMer东山再起>,商玉颖,袁洋,王之星,,False,True,2,127,,,,,,+1(17),,-6,,,,+(90),,
1682,,佛山大学,acmer也是五字神人,沈珈庆,冯嘉华,刘剑东,,False,True,2,128,,-1,,,,+1(21),,-15,,,,+(87),,
1683,,同济大学,哪有那么多队,李胤龙,董涵玉,许柯琪,,False,True,2,128,,-4,,,,+1(12),,-2,,,,+(96),,
1684,401,平顶山学院,超能鹿战队,郭子凡,张龙飞,郭璐豪,,False,True,2,128,,,,-8,,+(22),,-7,,,,+(106),,
1685,,广州城市理工学院,GCU-塞翁失码,刘小康,孙瑞,陈虹东,,False,True,2,128,,,,,,+(14),-1,-5,,,,+(114),,
1686,,北京师范大学香港浸会大学联合国际学院,我已见过我的奶龙,蔡德誉,孙浩然,刘凯睿,,False,True,2,128,,-7,,,,+(13),,,,,,+(115),,
1687,,太原理工大学,事不过10086,程景柯,李誉,张博晗,,False,True,2,128,,-1,,-1,,+(10),,-8,,,,+(118),,
1688,,广东工业大学,起名最麻烦了,梁永洪,陈锦清,林梓豪,,False,True,2,129,,,,,,+(10),,,,,,+1(99),,
1689,,阜阳师范大学,教练说cf不上1800找人弄我,方鼎,周俊豪,刘徐瑞,,False,True,2,129,,,,,,+(16),,-1,,,,+(113),,
1690,,南昌大学,量子重构者,晁志坚,胡永宁,周伟城,,False,True,2,129,,-3,,,,+(14),,-21,,,,+(115),,
1691,,南京邮电大学,njupt25team004,金宇轩,陈子清,陶顾韬,,False,True,2,130,,-6,,,,+1(4),,-5,,,,+2(66),,
1692,402,唐山师范学院,唐师一队,王子硕,卢璐妃,王宣,,False,True,2,130,,,,,,+2(22),,-3,,,,+(68),,
1693,,徐州工程学院,O(梦)复杂度,赵志程,王畅,王子阳,,False,True,2,130,,,,,,+(15),,,,,,+2(75),,
1694,,阜阳师范大学,Temporary,彭思敏,王修晗,郭丹丹,,False,True,2,130,,-1,,,,+(23),,-4,,,,+1(87),,
1695,,南京农业大学,三--缺一不可,宋来宇,申壮壮,闫小凯,,False,True,2,130,,,,,,+1(17),,-4,,,,+(93),,
1696,,哈尔滨理工大学,HRBUST11,李世海,何添毓,李响,,False,True,2,130,,-2,,,,+(11),,-2,,,,+1(99),,
1697,403,南京中医药大学,谁把我中药换成拯救者了,戴椤樱,杨博超,付俊涵,,False,True,2,130,,,,,,+(29),,,,,,+(101),,
1698,,延安大学西安创新学院,无限剑制,肖磊,张一晨,杜世武,,False,True,2,130,,-1,,,,+(8),,-5,,,,+(122),,
1699,,长江大学,长夜未央,郑建斌,陈迪路,唐祎敏,,False,True,2,131,,,,-1,,+3(28),,-28,,,,+(43),,
1700,,合肥大学,命运石之门,曾一凡,田润泽,张旭锋,,False,True,2,131,,-27,,,,+1(21),,-7,,,,+1(70),,
1701,404,广西科技大学,哈基米南北绿豆,余绍龙,李嘉晨,姚思源,,False,True,2,131,,-5,,,,+1(16),,-6,,,,+(95),,
1702,,南昌航空大学,酒吧里面点炒饭,马铭宇,王云博,李声欢,,False,True,2,132,,,,,,+(9),,-11,,,,+1(103),,
1703,,绍兴理工学院,bug里找代码,吴宇承,王舒琪,吕橙昱,,False,True,2,132,,,,,,+(9),,-4,,,,+(123),,
1704,,山东科技大学,普林斯顿号,高宇,郭文凯,密启正,,False,True,2,133,,,,,,+(16),,-5,,,,+1(97),,
1705,,华中师范大学,请输入文本,徐吴朗,魏子洲,赵子毅,,False,True,2,133,,,,,,+(18),,-9,,,,+(115),,
1706,,安阳工学院,别吃外卖了,董艺琳,董家欣,陈梦茹,,False,True,2,134,,-2,,,,+(13),,,,,,+2(81),,
1707,,浙江工商大学,齐神和他的队友们,熊雷,邵瑞敏,李泽齐,,False,True,2,135,,-19,,,,+1(8),,-4,,,,+2(67),,
1708,,浙江科技大学,逆水行舟,林天皓,王其阳,周淇裕,,False,True,2,136,,,,,,+(21),,-2,,,,+(115),,
1709,,南京林业大学,超时是日常队,徐玮枫,陈真,程文翔,,False,True,2,137,,,,,,+(13),,-9,,,,+1(104),,
1710,,大连海事大学,偶然相遇Acceptism,梅宇涵,任品豪,石俊锋,,False,True,2,138,,,,,,+3(14),,-12,,,,+1(44),,
1711,405,厦门大学马来西亚分校,时间复杂度,高佳越,崔泽禹,刘臻,,False,True,2,140,,-3,,-2,,+1(21),,-3,,,,+(99),,
1712,406,黑龙江工程学院,青春期考研学长不会遇到打a学妹,李昂,谢文俊,岳柯印,,False,True,2,140,,-1,,,,+(15),,-7,,,,+(125),,
1713,,烟台大学,不知名的甘！文！崔！,戚靖博,刘一,吴振,,False,True,2,140,,,,,,+(13),,-4,,,,+(127),,
1714,,中国矿业大学,重生之我们打进了WF,池凡宇,吕亚蒙,覃浩育,,False,True,2,140,,-3,,,,+(13),,-5,,,,+(127),,
1715,,中国地质大学（北京）,我要玩丝之歌,许兴城,牛鸿宇,叶宇翔,,False,True,2,141,,,,,,+1(16),,-5,,,,+1(85),,
1716,,浙江万里学院,万里女队,任函语,杜彦冰,林奕彤,,False,True,2,141,,-2,,,,+(11),,-3,,,,+(130),,
1717,407,九江学院,重生之学弟带我AC,陈亮,朱涛,左鹏,,False,True,2,143,,,,,,+1(26),,-1,,,,+2(57),,
1718,,中南民族大学,404,陈乐怡,李泉灵,山含玉,,False,True,2,143,,,,,,+(19),,-3,,,,+(124),,-1
1719,,华南师范大学,砸瓦鲁多,彭云轩,刘嘉轩,杨铭哲,,False,True,2,143,,,,,,+(16),,-3,,,,+(127),,
1720,,广东工业大学揭阳校区,三千星芒织我翼,林旭,贺恩桐,黄以齐,,False,True,2,144,,,,,,+(14),,-16,,,,+(130),,
1721,,莆田学院,还在划水,缪高峰,曾煌斌,游千惠,,False,True,2,145,,-5,,,,+1(18),,-5,,,,+1(87),,
1722,,广东技术师范大学,南北绿豆队,莫梓浩,叶伊杰,李国金,,False,True,2,145,,-2,,,,+(17),,-15,,,,+(128),,
1723,,广州大学,绝对不爆零,黄泽林,胡梦佳,林培鑫,,False,True,2,146,,-1,,,,+(30),,-5,,,,+1(96),,
1724,,成都信息工程大学,稳博,王梓鉴,刘俊材,何晨曦,,False,True,2,146,,-21,,,,+1(16),,,,,,+(110),,
1725,,中国石油大学北京克拉玛依校区,发际线与我作队,张毅哲,曹菁菁,黄兴宇,,False,True,2,147,,-2,,,,+(20),,-4,,,,+2(87),,
1726,,浙大宁波理工学院,迭代到天明,何家俊,张欧尚,周宇,,False,True,2,147,,,,-3,,+(12),,-2,,,,+2(95),,
1727,,东北大学秦皇岛分校,钟高覃,钟竞航,高旭,覃子仪,,False,True,2,147,,-2,,,,+(9),,-6,,,,+1(118),,
1728,,齐鲁工业大学,知行合一,刘龙灿,祝传桐,李昱廷,,False,True,2,147,,,,,,+(23),,,,,,+(124),,
1729,,山东工商学院,123队,赵永琦,郭智豪,王鹏凯,,False,True,2,148,,,,,,+(15),,-6,,,,+2(93),,
1730,,湖北经济学院,击坠神明之日,杨佳慧,郑奥,秦川,,False,True,2,150,,,,,,+1(13),,-3,,,,+3(57),,
1731,,宁波大学,求求你们慢一点,赖诗亮,陈嘉晟,黄纤雨,,False,True,2,150,,-4,,,,+(14),,-35,,,,+3(76),,
1732,408,宁夏大学,鹅鹅鹅鹅鹅,刘城,郑英祺,廖浩然,,False,True,2,151,,,,,,+(11),,-9,,,,+3(80),,
1733,,南通大学,老弟的压压,曲子研,朱正康,熊远隆,,False,True,2,151,,-1,,,,+1(13),,-3,,,,+(118),,
1734,,哈尔滨工业大学,想成为人类 1,赵一鸣,杨阜东,姜郑康,,False,True,2,152,,+(143),,,,+(9),,,,,,-1,,
1735,,苏州科技大学,鹅鹅鹅,王永刚,徐照杰,陈泽玮,,False,True,2,154,,,,,,+(8),,-6,,,,+3(86),,
1736,,哈尔滨理工大学,HRBUST5,张天时,贝明轩,李乘远,,False,True,2,154,,,,,,+2(13),,-1,,,,+(101),,
1737,,安阳师范学院,栈满为患,张常璞,张靖博,刘航宇,,False,True,2,156,,-1,,,,+1(22),,-3,,,,+1(94),,
1738,,成都东软学院,重生之我在东软打a,胡晏宁,谢韵,杨永佳,,False,True,2,156,,-6,,,,+1(22),,-2,,,,+(114),,
1739,,湖南财政经济学院,铁汁，别生气,肖科,曾锐敏,罗上,,False,True,2,157,,,,,,+(13),,,,,,+1(124),,
1740,,重庆大学,周瑜字公瑾,张盛阳,贺绍凯,徐养默,,False,True,2,157,,-1,,,,+(12),,-5,,,,+(145),,
1741,,台州学院,看完这道题我决定启动源石计划,童威凯,斯乐轩,阳林君,,False,True,2,158,,,,,,+1(16),,-4,,,,+2(82),,
1742,,长安大学,这能不Ac_O！,张宇睿,许明虎,韩韬,,False,True,2,158,,-3,,,,+(14),,,,,,+2(104),,
1743,,临沂大学,临大汪汪队,陈曦,张琦,尹艺洁,,False,True,2,159,,,,-3,,+(12),,-9,,,,+2(107),,
1744,,南京中医药大学,爆炒代码,高心阳,吴梦,陈坤镈,,False,True,2,161,,,,,,+2(30),,-9,,,,+(91),,
1745,409,北京中医药大学,有谁知道队伍中文名最长可以多长,陈曦博,,,,False,True,2,161,,-3,,,,+2(18),,-4,,,,+(103),,
1746,,青岛理工大学,你好,王梓宁,田堃,方禺尧,,False,True,2,161,,-3,,,,+2(15),,-2,,,,+(106),,
1747,,天津仁爱学院,2025CCPC网络赛队伍2,司晨熙,闫秋桐,赵嘉鑫,,False,True,2,161,,-5,,,,+(22),,,,,,+(139),,
1748,,长春工业大学,v我50,何永恒,苏星雨,蒋卓君,,False,True,2,162,,,,,,+1(17),,-4,,,,+1(105),,
1749,,哈尔滨理工大学（威海）,码林三侠队,姜鸿勃,王映清,袁佳树,,False,True,2,162,,,,,,+(11),,-15,,,,+2(111),,
1750,,保定学院,不是，给我干哪去了？,张嘉然,吴圣海,刘政,,False,True,2,163,,-1,,,,+1(51),,-10,,,,+(92),,
1751,410,华东交通大学,连AC都要算罚时吗,毕浩然,商朝振,徐睿泽,,False,True,2,164,,-5,,,,+3(39),,-4,,,,+(65),,
1752,,苏州工学院,邪气大王,杜鹏飞,谢起,张雨萱,,False,True,2,164,,,,,,+2(17),,-4,,,,+2(67),,
1753,,成都信息工程大学,诡计多端，却无法做到QAQ,史炘宇,曹建杭,刘博匀,,False,True,2,164,,,,,,+2(14),,-5,,,,+(110),,
1754,,哈尔滨理工大学（威海）,拼好队,崔智身,张迈,车广浩,,False,True,2,164,,,,,,+(25),,-2,,,,+(139),,
1755,,广州大学,一轮游,胡淳,陈梅琳,陈博,,False,True,2,165,,,,,,+1(40),,-5,,,,+1(85),,
1756,,成都东软学院,挂科可以补考打a不行英文名,黄静怡,费诗婕,辛炳池,,False,True,2,165,,,,,,+(16),,-3,,,,+(149),,
1757,,河南师范大学,正经的队名,申海辰,强锦铭,任梓源,,False,True,2,166,,,,,,+1(42),,-9,,,,+(104),,
1758,,广州南方学院,茉法少女,张国栋,冯昊岚,刘炫堉,,False,True,2,167,,,,,,+2(38),,-1,,,,+(89),,
1759,,曲阜师范大学,训练,陈佩昊,马凡旭,李子易,,False,True,2,167,,,,,,+2(22),,-9,,,,+(105),,
1760,,西南大学,萌鸡小队,王亚雯,陈耘美,刘书言,,False,True,2,167,,,,,,+(24),,-1,,,,+(143),,
1761,,成都信息工程大学,不要指望我们队,李海鑫,王彤彤,左馨悦,,False,True,2,167,,,,,,+(12),,-6,,,,+(155),,
1762,,沈阳航空航天大学,随便,谢奇妍,胡雪灵,王俊一,,False,True,2,168,,,,,,+(15),,-1,,,,+(153),,
1763,,山东管理学院,因为太怕ac就全学暴力了,刘佳鑫,张云达,华勇,,False,True,2,169,,-1,,,,+(18),,-1,,,,+1(131),,
1764,,沈阳化工大学,IKUN,陈宇彤,施放,王杰,,False,True,2,170,,,,,,+1(15),,-1,,,,+(135),,
1765,,华北理工大学,Warning:unused variable 'teamname',袁恩泉,霍一博,卢子轩,,False,True,2,170,,,,,,+(8),,-1,,,,+1(142),,
1766,,广州城市理工学院,GCU-码码带我打wa,韦力,丘嘉文,荘铸,,False,True,2,171,,-3,,,,+(14),,,,,,+3(97),,
1767,,台州学院,胡桃率先出击,陈燚,陈嘉豪,王梓汇,,False,True,2,171,,,,,,+1(10),,-12,,,,+2(101),,
1768,411,湖北中医药大学,我依然故我，于终幕之上,周钲墙,阮鹏宇,李乐乐,,False,True,2,171,,-2,,-1,,+1(13),,-2,,,,+(138),,
1769,,华南师范大学,烧烤一下队名,梁敏豪,呙荸帏,黄凯愉,,False,True,2,171,,,,,,+(22),,,,,,+(149),,
1770,,太原理工大学,优先队列,宁昱杰,高翊城,郭兴源,,False,True,2,171,,-2,,,,+(21),,,,,,+(150),,
1771,,西安建筑科技大学,兄弟你好香,刘济荣,王思远,井宇航,,False,True,2,171,,,,,,+(21),,,,,,+(150),,
1772,,电子科技大学成都学院,科成1队,卢林烁,蒋一,杨喻鹏,,False,True,2,172,,,,,,+(16),,-7,,,,+1(136),,
1773,,中国民航大学,盖世双谐,冀胤含,王明骏,曹王熙,,False,True,2,172,,-2,,,,+1(13),,-1,,,,+(139),,
1774,,湖北经济学院,咸鱼梦想家,张全政,郭子仪,陈磊,,False,True,2,173,,,,,,+(15),,,,,,+(158),,
1775,,黑龙江工程学院,火鸡味锅巴,李林阳,高梓涵,徐江源,,False,True,2,173,,,,,,+(15),,-4,,,,+(158),,
1776,,湖州师范学院,湖师院7队,周则安,吴兆臻,张余佑,,False,True,2,175,,,,,,+1(12),,-7,,,,+(143),,
1777,,苏州大学,猿神起洞,方梓航,钟雨桐,张喻杰,,False,True,2,176,,-4,,,,+1(19),,-4,,,,+(137),,
1778,,武汉科技大学,超时陆战队,朱继德,聂天宇,陶佳乐,,False,True,2,177,,,,,,+2(16),,-6,,,,+2(81),,
1779,,中国计量大学现代科技学院,TLE on Test 114514,罗明涵,徐驰,张景轩,,False,True,2,177,,-1,,,,+2(18),,-6,,,,+(119),,
1780,,广州城市理工学院,GCU-报了名还想拿牌子？,黄伟杰,林俊彬,王顶成,,False,True,2,178,,,,,,+(11),-1,-9,,,,+3(107),,
1781,,浙江农林大学,AveMujica,姚沣城,徐思远,章京,,False,True,2,178,,,,,,+1(20),,-3,,,,+1(118),,
1782,,大连民族大学,好好好,钟子卿,叶柏驿,徐鹏程,,False,True,2,178,,,,,,+1(16),,,,,,+1(122),,
1783,,重庆科技大学,TheLingLakers,苏黔渝,郑祥至,周业顺,,False,True,2,178,,,,,,+(21),,-4,,,,+1(137),,
1784,,延安大学西安创新学院,acm笑传之程程编,张泽远,王省身,李嘉伟,,False,True,2,178,,,,,,+(14),,,,,,+1(144),,
1785,,山东大学,人活着就是为了樱岛麻衣,李贤君,王福成,熊智堃,,False,True,2,178,,,,,,+(10),,-5,,,,+(168),,
1786,,长江大学,我有壹个AC梦,张栗溦,张瀚,何志坤,,False,True,2,180,,,,,,+(15),,-3,,,,+2(125),,
1787,,合肥大学,一个NPC,胡畔然,田思洋,陈源,,False,True,2,181,,,,,,+(35),,-5,,,,+1(126),,
1788,,浙江工业大学,ZJUT9,王锦燊,刘伯亮,郭谨志,,False,True,2,184,,,,,,+2(28),,-1,,,,+(116),,
1789,,广西科技大学,这一发·来自终焉,方庆声,谢博轩,周丽欣,,False,True,2,187,,,,,,+1(16),,-5,,,,+1(131),,
1790,,兰州大学,自定义名称3,陆俊佑,田子杰,葛松宁,,False,True,2,187,,,,-1,,+(14),,,,,,+2(133),,
1791,,厦门大学嘉庚学院,再报一队XD,黄俊华,石鑫琦,冯剑宇,,False,True,2,187,,-2,,,,+(12),,-9,,,,+(175),,
1792,,武汉轻工大学,贪心我是按照板子写的,申卓毅,郑哲文,陈翊萱,,False,True,2,189,,,,,,+2(18),,,,,,+(131),,
1793,,内蒙古大学,重生之我在内大打oi,赵育琦,李杰,郑文辉,,False,True,2,189,,-3,,,,+1(15),,-9,,,,+(154),,
1794,,广州华商学院,777,黄文乐,朱健勋,江历,,False,True,2,190,,,,,,+2(17),,-3,,,,+(133),,
1795,412,大连外国语大学,灌注雪影丶小邱同学谢谢喵,邱毓,王君惠,王靖涵,,False,True,2,191,,,,,,+3(12),,-5,,,,+1(99),,-1
1796,,陕西师范大学,宋,杜振东,王嘉轩,徐颢恺,,False,True,2,191,,-1,,-2,,+1(5),,-6,,,,+3(106),,
1797,,暨南大学,不AC也要来滴茶,黄会焜,李宇航,林思煜,,False,True,2,194,,,,,,+1(39),,-1,,,,+1(115),,
1798,413,河南科技职业大学,水下比赛,赵毅,熊畅,刘纪梁,,False,True,2,194,,-3,,,,+(20),,-4,,,,+2(134),,
1799,,哈尔滨工业大学（威海）,爆零预言家,杨瀚畯,陈超,李庆轩,,False,True,2,194,,-3,,,,+1(14),,-2,-3,,,+(160),,
1800,,湖南文理学院,拓扑矩阵,杜仪,杨凡,谭宇东,,False,True,2,195,,,,,,+2(33),,-4,,,,+3(62),,
1801,,齐齐哈尔大学,AC不停,郭继远,程广宇,马军,,False,True,2,197,,,,,,+1(13),,-1,,,,+1(144),,
1802,,南京邮电大学,njupt25team016,袁润川,王子文,郭云鼎,,False,True,2,198,,-3,,,,+(9),,-5,,,,+2(149),,
1803,,北京师范大学香港浸会大学联合国际学院,广告位招租,王郅嘉,陈紫璇,汪卓晳,,False,True,2,198,,-1,,,,+(19),,-2,,,,+(179),,
1804,,成都信息工程大学,破釜沉舟,杨家奎,苏航,李政,,False,True,2,200,,,,,,+(12),,-5,,,,+2(148),,
1805,,河南理工大学,已经没时间了,李昭龙,邱宏林,李嘉琪,,False,True,2,201,,,,,,+(12),,-6,,,,+(189),,
1806,,延安大学西安创新学院,M属性大爆发,张博超,高梓豪,崔铭轩,,False,True,2,202,,-1,,,,+(10),,-2,,,,+3(132),,
1807,,大连东软信息学院,她说铜牌就嫁给我,齐天祺,杨凯森,沈昊霆,,False,True,2,203,,,,,,+1(62),,-1,,,,+(121),,
1808,,苏州工学院,铁团,许家轩,韩锐杰,王豪龙,,False,True,2,203,,,,,,+2(21),,-9,,,,+(142),,
1809,,河南工程学院,划水,卢杏,林琪竣,黄俊晓,,False,True,2,203,,-6,,,,+(18),,,,,,+2(145),,
1810,,河南工程学院,海底小纵队,张天硕,王笑,陈嘉乐,,False,True,2,204,,-2,,,,+(12),,,,,,+4(112),,
1811,,东莞理工学院,守铜笑传之测测爆,何智,唐明川,杨泽权,,False,True,2,206,,,,,,+1(17),,-6,,,,+2(129),,
1812,414,河南建筑职业技术学院,暗恋东北雨姐20年,贺体乐,胡梦阳,李豪健,,False,True,2,206,,,,,,+(66),,-10,,,,+(140),,
1813,,浙江工商大学,吴神和他的队友们,贾伊阳,廖赢煜,吴雨航,,False,True,2,206,,,,,,+1(7),-1,-7,,,,+1(159),,
1814,,天津工业大学,"""代码对不""队",李文浩,周祉佑,刘川川,,False,True,2,206,,,,,,+1(27),,,,,,+(159),,
1815,415,内蒙古师范大学,内师三队,张松涛,杨博岩,乔家博,,False,True,2,207,,,,,,+1(12),,-13,,,,+4(95),,
1816,,内蒙古师范大学,内师一队,刘思宇,李佳峻,康婕,,False,True,2,208,,-1,,,,+4(44),,,,,,+(84),,
1817,,南京大学苏州校区,我有一计,祝大展,黄闵宇,张俊贤,,False,True,2,208,,,,-1,,+(14),,,,,,+2(154),,
1818,,嘉应学院,吓我一跳我释放忍术,曾家俊,陈昌垚,谢浩欣,,False,True,2,208,,-1,,,,+(14),,-1,,,,+1(174),,
1819,,南京邮电大学,njupt25team020,史恬乐,段柯帆,王睿阳,,False,True,2,209,,-1,,,,+1(15),,-2,,,,+(174),,
1820,,广州软件学院,目标打铁,赖奕文,钟文贤,曾嘉政,,False,True,2,210,,-9,,,,+(16),,-4,,,,+1(174),,
1821,,太原理工大学,为什么不给我判队,王廷俣浩,李昞辰,雷晨涛,,False,True,2,211,,-2,,,,+1(41),,-4,,,,+1(130),,
1822,,兰州大学,纽币,刘亦霄,张展博,李腾昌,,False,True,2,212,,,,,,+1(42),,,,,,+1(130),,
1823,,山东女子学院,while(true) accepted;,张鑫宇,赵信博,魏俊宇,,False,True,2,212,,-1,,-1,,+(14),,-11,,,-1,+2(158),,
1824,,杭州电子科技大学信息工程学院,爱鸡TV之我不要爱我要麦,徐俊豪,黄楚彬,兰德涵,,False,True,2,215,,,,,,+1(28),,,,,,+4(87),,
1825,,江西财经大学,"鱼跃千帆竞,羊踏万里程",陈帆,钟俊,杨镇宁,,False,True,2,217,,,,,,+1(20),,-5,,,,+3(117),,
1826,,广东金融学院,活该你打XCPC,刘紫萱,李思甜,郑博诚,,False,True,2,217,,,,,,+1(12),,-5,,,,+3(125),,
1827,,湖州师范学院,湖师院4队,瞿宁浠,沈佳欣,彭美青,,False,True,2,217,,,,,,+(10),,-1,,,,+3(147),,
1828,,武汉商学院,栈溢出救援队,赵立,赵士冲,闫泽韬,,False,True,2,217,,,,,,+1(24),,-11,,,,+1(153),,
1829,,河南工程学院,海底小纵汪汪队,吴宇涵,王东浩,张运甫,,False,True,2,217,,-1,,,,+2(22),,-8,,,,+(155),,
1830,,河南科技学院,重生ACM赛场之欢迎来到王者荣耀,王得贤,王永卓,杨春露,,False,True,2,217,,,,,,+(25),,-6,,,,+(192),,
1831,416,防灾科技学院,防灾一队,陈泫宇,任曼菲,魏寒悦,,False,True,2,217,,,,,,+(16),,-4,,,,+(201),,
1832,,南京航空航天大学,跳舞的彩色蟑螂,王一焱,张书航,郭思媛,,False,True,2,218,,,,,,+(17),,-5,,,,+1(181),,
1833,,四川师范大学,都给我判对,肖思伽,彭湘媛,青原,,False,True,2,219,,,,,,+(21),,-3,,,,+(198),,
1834,,沈阳化工大学,从容应队,王晓彤,曹瑞婷,戚嘉玥,,False,True,2,220,,-3,,,,+(20),,,,,,+2(160),,
1835,,河北大学,超级AC队,刘宇昕,陈芃宇,赵子俊,,False,True,2,220,,,,,,+1(24),,-1,,,,+(176),,
1836,,山东大学（威海）,菜菜也能ac吗,张博渊,邱海鹏,张靖敏,,False,True,2,222,,,,,,+2(16),,-6,,,,+2(126),,
1837,417,浙江金融职业学院,过去香香软软的我已经死掉了,钟家乐,庞思熠,陈俊杰,,False,True,2,222,,,,,,+1(21),,-1,,,,+2(141),,
1838,,怀化学院,瑶光星,郑禹彤,王惜林,,,False,True,2,222,,,,,,+1(40),,-5,,,,+1(142),,
1839,,绍兴理工学院,做题5分钟翻译两小时,全仪,刘思颖,王李浩,,False,True,2,223,,,,,,+(14),,,,,,+2(169),,
1840,418,深圳理工大学,大样例都队,骆钧航,张佳敏,吴	梓鹏,,False,True,2,223,,-1,,-2,,+(21),,-3,,,,+1(182),,
1841,419,兰州交通大学,代码织梦人,王文宇,杨昆,钱奕辰,,False,True,2,225,,-3,,,,+1(67),,-2,,,,+(138),,
1842,,浙江金融职业学院,浙金院一队,陈灵吉,王杰,岳高远,,False,True,2,226,,-2,,,,+1(13),,-2,,,,+4(113),,
1843,,华南师范大学,智麻惠队,王云飞,黄兴平,马伟立,,False,True,2,226,,,,-6,,+(24),,-3,,,,+(202),,
1844,,南昌大学,答的都,文荣进,方梓杰,邓亮,,False,True,2,226,,-2,,-3,,+(13),,-4,,,,+(213),,
1845,,江西财经大学,阳光彩虹不白码,陶金杰,李承志,李润卓,,False,True,2,227,,,,-3,,+(12),,-4,,,,+2(175),,
1846,,浙江工商大学,三人行,吴畅婧,黄雨涵,卢倩莹,,False,True,2,227,,,,,,+(15),,-1,,,,+1(192),,
1847,,广州华商学院,不知道啊，队友说请吃烧烤我就来了,黄日健,黄伟豪,,,False,True,2,228,,-4,,,,+(12),,,,,,+1(196),,
1848,,天津工业大学,组一辈子乐队,黄劲,王伊杰,崔翔栋,,False,True,2,229,,-2,,,,+1(13),,,,,,+5(96),,
1849,420,浙江传媒学院,兔必南波万队,庄庆伟,李国旭,刘清,,False,True,2,229,,-2,,,,+(13),,-5,,,,+1(196),,
1850,,广西民族大学,小萝莉赛高,程志康,陈朝享,高帅,,False,True,2,230,,,,,,+3(33),,,,,,+2(97),,
1851,,南京邮电大学,njupt25team019,杨译骞,王绍泽,罗正中,,False,True,2,230,,,,,,+(11),,-5,,,,+(219),,
1852,,嘉应学院,蓝胖子,曾怡霖,郑小欢,刘润华,,False,True,2,231,,-1,,,,+3(89),,-1,,,,+(82),,-1
1853,,山东大学,"我推,一分为二(",史博文,徐聚礼,王新宇,,False,True,2,233,,-2,,-1,,+(12),,,,,,+5(121),,
1854,,南昌航空大学,码上就好,张茜,邹静峰,刘洁,,False,True,2,234,,,,-1,,+1(16),,-4,,,,+4(118),,
1855,,湖州师范学院,湖师院5队,胡舒涵,徐伊冉,曾洁仪,,False,True,2,234,,,,,,+1(43),,-5,,,,+(171),,
1856,421,重庆第二师范学院,暴力出奇迹,郑建秋,傅锦洋,王妍洁,,False,True,2,235,,,,,,+(18),,-6,,,,+(217),,
1857,,苏州科技大学,弗雷尔卓德队,邹昱,沈钰阳,金亮,,False,True,2,236,,-5,,,,+1(13),,-2,,,,+4(123),,
1858,,吉利学院,真的好难铜,白恩齐,甘晓喻,,,False,True,2,236,,,,,,+2(26),,-8,,,,+2(130),,
1859,,湖南工业大学,为什么要演奏吉他与孤独蓝色星球,陈天杨,陈百川,梁瀚,,False,True,2,236,,,,,,+(27),,,,,,+3(149),,
1860,,浙江工商大学,锋芳施韵,施泽昊,陈可欣,田宇晗,,False,True,2,236,,,,,,+(22),,-5,,,,+1(194),,
1861,,中原工学院,111000,卢锦轩,张文强,徐宁博,,False,True,2,238,,-1,,,,+(14),,-6,,,,+2(184),,
1862,,广东工业大学揭阳校区,广度优先摸鱼,黄兆康,罗启文,姚博译,,False,True,2,239,,,,,,+(24),,-8,,,,+3(155),,
1863,,厦门理工学院,"Goodbye, WA-No-Found",许育宾,陈传涛,廖炜祺,,False,True,2,242,,,,,,+3(28),,-6,,,,+(154),,
1864,,华中农业大学,天糖制造,张可凡,刘泽成,王思学,,False,True,2,243,,-7,,,,+(10),,-19,,,,+4(153),,
1865,422,浙江经贸职业技术学院,O(1) or Bust,薛国玮,董泽煌,王苏杰,,False,True,2,243,,-1,,,,+(21),,-11,,,,+2(182),,
1866,,浙江传媒学院,我真的想做队,赵启琪,笪媛媛,梁笑,,False,True,2,244,,-6,,,,+(36),,-5,,,,+1(188),,
1867,,同济大学,健康完赛队,陈山璞,孙一涵,陈远卓,,False,True,2,244,,-2,,,,+(14),,-5,,,,+1(210),,
1868,,长安大学,三叶算法树,乔奕萱,蔡昀青,姜添添,,False,True,2,248,,-2,,,,+(19),,-1,,,,+(229),,
1869,,宁波职业技术大学,牢大,吴泽康,陈宇劼,陈怀俊,,False,True,2,249,,,,,,+(107),,-8,,,,+(142),,
1870,,南京中医药大学,字节先锋,蔡瑞峰,郭宇箵,张恒,,False,True,2,249,,,,,,+1(25),,-11,,,,+(204),,
1871,,广西科技大学,来自**的你,陈梓昊,陈廷玮,向本森,,False,True,2,249,,-1,-1,-1,-1,+1(17),-1,-8,-1,-1,-1,+(212),-1,-1
1872,,浙江科技大学,我不会再遇幻想乡,周宁辉,汪文玥,杨睿,,False,True,2,250,,,,,,+(19),,-7,,,,+4(151),,
1873,,内蒙古师范大学,内师六队,付新然,张冉,乔嘉馨,,False,True,2,251,,,,,,+1(42),,-9,,,,+(189),,
1874,,四川师范大学,东东东萨胡尔,吕鸣睿,周怡佳,李庚润,,False,True,2,252,,,,,,+(14),,-7,,,,+2(198),,
1875,423,山西农业大学,码农烧烤,陈佳祺,田博轩,康旭东,,False,True,2,256,,,,,,+2(18),,-2,,,,+2(158),,
1876,,中原工学院,什么都不队,赵松伟,陈万通,郭浩,,False,True,2,258,,-4,,,,+(15),,,,,,+3(183),,
1877,,江汉大学,鸡煲队鸡煲队,冯诚,夏明剑,沈世杰,,False,True,2,260,,-3,,,,+1(18),,-1,,,,+2(182),,
1878,424,华北科技学院,有请下一队,王知言,林奕,李则豪,,False,True,2,261,,-4,,,,+(18),,-3,,,,+1(223),,
1879,,青岛理工大学,起名废来的,张芸菲,郑启钰,黎彬源,,False,True,2,262,,,,,,+(14),,-1,,,,+2(208),,
1880,,南京邮电大学,njupt25team012,刘会敏,张悦,陈吉,,False,True,2,262,,-5,,,,+1(13),,,,,,+(229),,
1881,425,青岛工学院,wa一下就哭了,王泽旭,刘欢,张梓丰,,False,True,2,263,,,,,,+3(35),,-3,,,,+2(128),,
1882,,湖北第二师范学院,剑溯流光,胡博康,陈愈仁,曾浩,,False,True,2,263,,-2,,,,+3(23),,-4,,,,+1(160),,
1883,,杭州医学院,青春猪头少年不会梦到CCPC金牌学姐,张烨冬,朱乐颜,顾运雨,,False,True,2,268,,,,,,+1(65),,,,,,+2(143),,
1884,,平顶山学院,房主有神器,安博森,马利航,张亳滔,,False,True,2,270,,-2,,,,+(18),,-1,,,,+2(212),,
1885,,大连民族大学,不说话就随便取一个,袁进,陈彦达,邱连庆,,False,True,2,271,,-3,,,,+(21),,-5,,,,+2(210),,
1886,,广州城市理工学院,GCU-码里奥,陈贝纯,赖德檀,黄嘉希,,False,True,2,272,,,-1,,,+1(16),,-8,,,,+(236),,
1887,,琼台师范学院,好石头在火山,杨豪,冉明灿,农元磊,,False,True,2,276,,-1,,,,+2(42),,,,,,+1(174),,
1888,,苏州大学,WA到无声也是歌,周业鸣,廉镇源,朱星晨,,False,True,2,276,,,,,,+(9),,,,,,+4(187),,
1889,,杭州师范大学,时代马戏团,唐嘉奇,杨兰欣,吴佳鹏,,False,True,2,278,,-4,,,,+(19),,-5,,,,+5(159),,
1890,,华北水利水电大学,上榜就算赢,刘立研,冯康卓,赵怡航,,False,True,2,282,,-1,,,,+2(23),,,,,,+(219),,
1891,,大连东软信息学院,当你拷打题目时，题目也在拷打你,李泉,朱贺,张萌,,False,True,2,288,,,,,,+1(27),,-7,,,,+2(201),,
1892,,中国民航大学,彩虹小队,王振羽,李雨泽,王子骏,,False,True,2,288,,,,,,+(17),,-6,,,,+(271),,
1893,,江西农业大学,什么都不会,李林跃,黄馨瑶,叶淑萌,,False,True,2,289,,-2,,,,+(19),,,,,,+3(210),,-2
1894,,华中师范大学,一二九四四,李雨佳,蔡雯雯,明子钧,,False,True,2,290,,,,,,+(14),,,,,,+5(176),,
1895,,同济大学,C++养老院,马凯,李天成,胡沛荻,,False,True,2,291,,-4,,,,+1(15),,-2,,,,+2(216),,
1896,,湖南中医药大学,会编程是什么感觉,龚权辉,范涵宇,李超飞,,False,True,2,294,,,,,,+(21),,-4,,,,+3(213),,
1897,,浙江金融职业学院,浙金院二队,章祖强,刘恒,沈宏仰,,False,True,2,296,,,,,,+(17),,,,,,+6(159),,
1898,426,福建技术师范学院,福建技术师范学院,许城滔,施明隆,揭钰英,,False,True,2,296,,-3,,-4,,+(14),,-2,,,,+(282),,
1899,,江西理工大学南昌校区,哈基米南北绿豆,牛子陆,林智磊,王清伟,,False,True,2,298,,-3,,,,+(20),,-11,,,,+(278),,
1900,,广州华商学院,铁匠铺,林奕俊,李汉楠,,,False,True,2,299,,,,,,+1(77),,,,,,+3(142),,
1901,,浙江传媒学院,我做的都队,王晨皓,叶子明,罗一鸣,,False,True,2,299,,-4,,,,+(21),,,,,,+(278),,
1902,,浙江科技大学,分母,潘至前,逯向前,林好,,False,True,2,302,,,,,,+1(19),,,,,,+6(143),,
1903,427,广西医科大学,自动机WAWA机,杨浩,何家诚,岑张悦,,False,True,2,302,,,,,,+2(38),,-5,,,,+3(164),,
1904,,内蒙古师范大学,内师四队,高磊,魏嘉朔,杜雯月,,False,True,2,303,,,,,,+(41),,-2,,,,+(262),,
1905,,华南师范大学,我不知道,丁鹏飞,陈泽鹏,陈福樵,,False,True,2,307,,,,,,+1(21),-6,-20,,,,+6(146),,-1
1906,,吉首大学,JSU1,袁蒋涛,黄家兴,乐俊鹏,,False,True,2,307,,,,,,+1(60),,-14,,,,+2(187),,
1907,,西华大学,囤囤囤西华,韦权展,罗智健,游卫长,,False,True,2,307,,,,,,+(19),-1,-5,,,,+2(248),,
1908,,内蒙古大学,状态好AC一个,高赵吉星,王岩松,渠发辉,,False,True,2,307,,-2,,,,+1(17),,-2,,,,+(270),,
1909,,同济大学,AKCCPC,陈治宇,韩一墨,徐佳咏,,False,True,2,308,,-3,,,,+(12),,-5,,,,+1(276),,
1910,,青岛农业大学,乌鲁鲁堵桥,白炳格,亓鹏飞,张路杰,,False,True,2,310,,,,,,+(18),,-16,,,,+2(252),,
1911,,电子科技大学成都学院,科成3队,许锐,杨乐雨,周永发,,False,True,2,311,,-2,,,,+(20),,-5,,,,+2(251),,
1912,,五邑大学,这是什么专业,郑柔昀,李静怡,史媛露,,False,True,2,314,,,,,,+5(37),,-3,,,,+1(157),,
1913,,华中师范大学,月光化樱吹雪成泥,贺向阳,王宇,徐金涛,,False,True,2,325,,,,,,+(9),,-12,,,,+5(216),,
1914,,内蒙古师范大学,内师二队,段宇航,罗佳齐,阎子墨,,False,True,2,327,,,,,,+2(47),,-3,,,,+(240),,
1915,,北京师范大学香港浸会大学联合国际学院,翻斗花园第一码农牛爷爷,胡冬智,李翊昊,刘扬,,False,True,2,328,,,,,,+9(65),,-7,,,,+(83),,
1916,,重庆大学,嘉陵江有色金属货轮,刘家齐,鲁永卓,李欣悦,,False,True,2,329,,,,,,+(8),,-9,,,,+2(281),,
1917,,绍兴理工学院,省赛没牌全怪奶龙,童晨旭,陈其康,刘洋,,False,True,2,336,,,,,,+(15),,-4,,,,+8(161),,
1918,428,北京邮电大学世纪学院,北邮世纪,闫奕龙,余泽锋,李影,,False,True,2,340,,,,,,+(28),,-1,,,,+1(292),,
1919,429,山东石油化工学院,const AC宇宙的尽头,何海扬,隋咏江,周正,,False,True,2,342,,,,,,+2(36),,-11,,,,+4(186),,
1920,,山东理工大学,arknights重度依赖吗？,岳墨涵,王玉彤,柳爱于,,False,True,2,345,,,,,,+1(24),,-2,,,,+3(241),,
1921,,五邑大学,这是什么学校,张艺钟,陈晋钦,曾智聪,,False,True,2,347,,-2,,-3,,+3(12),,-31,,,,+8(115),,
1922,,保定学院,弈星,董玉清,庞嘉欣,马天舟,,False,True,2,347,,,,,,+1(31),,-5,,,,+3(236),,
1923,,五邑大学,这是什么学院,黄灿豪,陈泽峰,梁信滔,,False,True,2,364,,-2,,,,+(15),,-1,,,,+3(289),,
1924,,河南科技学院,与友博弈快哉快哉,龚晴晴,马华恩,徐飞,,False,True,2,368,,-1,,,,+(20),,-5,,,,+3(288),,
1925,,南昌理工学院,2025 南理 4 队,黄超越,黎坤,朱琳,,False,True,2,375,,,,,,+6(69),,-3,,,,+2(146),,
1926,430,四川轻化工大学,这次真的最后一舞了,张豪,甘润,陈祈皓,,False,True,2,375,,,,,,+4(20),,-17,,,,+5(175),,
1927,431,哈尔滨华德学院,华德先锋队,马君豪,相静,刘明昊,,False,True,2,383,,-2,,,,+(14),,-15,,,,+4(289),,
1928,432,内蒙古科技大学包头师范学院,包头师范学院ACM三队,宋嘉韦,刘浩德,郑欣然,,False,True,2,393,,,,,,+3(23),,-15,,,,+5(210),,
1929,,哈尔滨商业大学,AC Squad,黑浩然,董庆锋,徐梦楠,,False,True,2,399,,-3,,,,+2(22),,-3,,,,+2(297),,
1930,,四川信息职业技术学院,红鲤李屡屡与绿鲤吕里里比驴红绿o.〇,张天浩,杨夕平,王垚,,False,True,2,407,,,,,,+1(47),,-4,,,,+8(180),,
1931,,山西农业大学,码农啤酒,黎泽康,陈子昕,周山涛,,False,True,2,419,,,,,,+3(30),,-43,,,,+4(249),,
1932,,深圳理工大学,圳美奶牛队,文泽豪,丁丁,王祺宇,,False,True,2,425,,,,,,+1(43),,-15,,,,+4(282),,
1933,,延安大学西安创新学院,永恒不变的斐波那契,付强怡,何一豪,,,False,True,2,428,,,,,,+(13),,-18,,,,+8(255),,
1934,,南昌理工学院,2025 南理 5 队,项子岳,雷秋豪,肖扬凡,,False,True,2,472,,,,,,+6(80),,,,,,+1(252),,
1935,,华北理工大学,重生之成为菜狗妄图递归宇宙,陈佳威,韦民,刘佳贤,,False,True,2,474,,,,,,+(13),,-22,,,,+10(261),,
1936,,湖南工商大学,dame爆零,吴文峰,汤皓翔,熊巍,,False,True,2,508,,-2,,,,+3(76),,,,,,+7(232),,
1937,433,东北电力大学,马上AC，别叫了,王祚成,蒋汉山,马俊博,,False,True,2,540,,,,,,+5(20),,,,,,+9(240),,
1938,,兰州交通大学,野火,关宇桐,王晨晨,张圣铎,,False,True,2,574,,-1,,,,+4(54),,-4,,,,+8(280),,
1939,,琼台师范学院,忘了我也无所谓,吕思远,邓翔,黄梓源,,False,True,2,684,,,,,,+10(209),,-13,,,,+2(235),,
1940,,四川轻化工大学,爆炒小南梁,焦辰泽,罗彬洋,邓焱,,False,True,1,10,,-5,,,,+(10),,-2,,,,-4,,
1941,,中国地质大学（北京）,打比赛进人大,刘雨澈,夏冬,许桥飞,,False,True,1,11,,,,,,+(11),,-1,,,,-5,,
1942,434,沈阳工业大学,永恒AC,郑奕煊,蔡嘉新,李思远,,False,True,1,11,,,,,,+(11),,,,,,,,
1943,,南京晓庄学院,河南队长飞井盖,彭帅豪,王嘉蔓,祝佳漪,,False,True,1,11,,,,,,+(11),,,,,,,,
1944,,湖南农业大学,WA_Automatons,杨鑫,杨皓程,刘永康,,False,True,1,12,,,,,,+(12),,,,,,-2,,
1945,,河海大学,我的铁牌哪去了,袁哲,高胜寒,欧阳闻泽,,False,True,1,12,,-2,,,,+(12),,-1,-1,,,-3,,
1946,,香港中文大学（深圳）,米奇妙妙屋,张翔,庞天一,田佳畅,,False,True,1,12,,-3,,,,+(12),,-14,,,,,,
1947,,上海科技大学,魔法大佬给予我我ac的能量！,樊锶宸,李怡蕙,朱佳林,,False,True,1,12,,-11,,,,+(12),,,,,,,,
1948,,闽南师范大学,你这家伙真是满脑子想着AC啊,孙天翊,林宇翔,欧阳昊,,False,True,1,13,,,,-4,,+(13),,-2,,,,,,
1949,,温州大学,温大六队,王展博,俞智杰,何泉涛,,False,True,1,13,,,,,,+(13),,-2,,,,-3,,
1950,,中国科学院大学,对对队,梁辰,张西源,尚凌睿,,False,True,1,15,,-1,,,,+(15),,,,,,,,
1951,,广州华商学院,1zGG,吕斯琳,许艺涵,黄润晴,,False,True,1,17,,,,,,+(17),,-7,,,,-1,,
1952,,内蒙古大学,Riddle Coder,茌心宇,季昊天,贾径懿,,False,True,1,17,,,,,,+(17),,-1,,,,,,
1953,,沈阳工业大学,三生万物,张鹤译,骆基浩,赵天佑,,False,True,1,17,,,,,,+(17),,,,,,,,
1954,435,重庆对外经贸学院,草原二剑,颜旭东,周添运,,,False,True,1,17,,,,,,+(17),,-2,,,,,,
1955,436,重庆电子科技职业大学,重电一队,余俊杰,李浩燃,石建豪,,False,True,1,17,,,,,,+(17),,-4,,,,,,
1956,437,河北师范大学附属民族学院,DIJKSTRA,何钰杨,孙思语,吴堉彬,,False,True,1,18,,,,,,+(18),,-10,,,,,,
1957,,湖南中医药大学,穿梭银河的火箭队,黎雅妮,刘雅婷,徐铭希,,False,True,1,18,,,,,,+(18),,-1,,,,-2,,
1958,,大连理工大学城市学院,虚王守银涉金,刘骐锋,毕洺瑞,高在毅,,False,True,1,18,,,,,,+(18),,-10,,,,,,
1959,,曲阜师范大学,曲师大人机,李昆霖,黄欣彤,于子川,,False,True,1,19,,,,,,+(19),,-5,,,,-3,,
1960,438,安徽财经大学,第一次来CCPC,路文浩,徐赵宇,潘誉文,,False,True,1,19,,,,,,+(19),,,,-3,-2,-1,,
1961,,西安科技大学,邦高祖怒斩八岐大蛇,朱佳乐,熊立,杨毅恒,,False,True,1,19,,,,,,+(19),,-1,,,,,,
1962,,江汉大学,AAA,杨杰,吴志飞,陈子一,,False,True,1,20,,,,,,+(20),,-6,,,,,,
1963,,江汉大学,写的都队,陈子杰,许佳瑶,范朝阳,,False,True,1,21,,,,,,+(21),,-1,,,,,,
1964,,山东财经大学,夜西湖,李中楠,潘文驰,孙逸诚,,False,True,1,21,,,,,,+(21),,-3,,,,,,
1965,,齐齐哈尔大学,谁当队长,曾泓鸣,季千寻,,,False,True,1,21,,,,,,+(21),,-1,,,,,,
1966,,重庆工程学院,重工新秀,杨银,徐飞扬,曾唯轩,,False,True,1,22,,,,,,+(22),,-19,,,,,,
1967,,四川师范大学,你好,桂林秀,谌泽轩,刘镇涛,,False,True,1,23,,,,,,+(23),,-4,,,,,,
1968,,广州城市理工学院,GCU-滴，打卡成功,刘思琪,陈幸儿,何语馨,,False,True,1,25,,,,,,+(25),,-2,,,,-1,,
1969,,沈阳化工大学,九转野史蛊说化大进了icpc全球总决赛,徐兴球,郑郭楠,刁炜宁,,False,True,1,26,,,,,,+(26),,-6,,,,-6,,
1970,439,中国人民公安大学,一次买够,陈笔睿,黄注勋,郑玺伦,,False,True,1,27,,,,,,+(27),,,,,,-1,,
1971,,沈阳化工大学,打饭不被插队,陈晓涵,杜秉睿,史文冶,,False,True,1,27,,,,,,+(27),,-2,,,,-2,,
1972,,广州城市理工学院,GCU-明明就在摸鱼,罗勋,邓家兴,汪琛程,,False,True,1,29,,,,,,+(29),,-3,,,,,,
1973,,黑龙江科技大学,我们写的都队,雷彬,丁鑫,黎晟志,,False,True,1,29,,,,,,+(29),,-12,,,,,,
1974,,天津仁爱学院,2025CCPC网络赛队伍4,虞映妃,张蓓,熊雨荻,,False,True,1,32,,,,,,+(32),,,,,,-2,,
1975,,沈阳化工大学,敲代码能比打本简单吗,王立莹,宋雨昕,单怡然,,False,True,1,32,,,,,,+(32),,-8,,,,,,
1976,,东北大学秦皇岛分校,不可战胜的神话,马艺轩,宁晓,傅雪维,,False,True,1,35,,-3,,,,+1(15),,-3,,,,-3,,
1977,,浙大城市学院,从容应队,张敬晨,潘岩,王怡然,,False,True,1,36,,,,,,+(36),,-7,,,,,,
1978,,山西大学,安慕希暴力打铁Ciallo～(∠・ω< )⌒★,汪杨涛,党雨乐,康家昊,,False,True,1,38,,,,,,+1(18),,-7,,,,-5,,
1979,,广州华商学院,打wa糕手,魏宇洋,邱梓烜,许伟杰,,False,True,1,38,,,,,,+1(18),,-5,,,,-4,,
1980,,黑龙江工程学院,格泽曜日,曲泽瑞,王喆,姜涵,,False,True,1,38,,,,,,+1(18),-4,-4,,,,-2,,
1981,,重庆人文科技学院,不知道啊，给学分就来了,石鑫,韩天欢,曾文镔,,False,True,1,38,,,,,,+(38),,-1,,,,,,
1982,,温州商学院,最后一年,丁玄龙,唐鑫杰,王嘉鹏,,False,True,1,39,,,,,,+1(19),,-10,,,,,,
1983,,内蒙古大学,咦咦咦,张思怡,周佳鑫,王诗淼,,False,True,1,39,,,,,,+(39),,-11,,,,-2,,
1984,,安徽财经大学,不知道叫啥队,尤海珍,吴思梦,叶梦婷,,False,True,1,41,,,,-3,,+(41),,,,,,,,
1985,,湖北经济学院,能跑就刑,万东,伍浩然,陈磊,,False,True,1,41,,,,,,+(41),,,,,,,,
1986,,郑州工商学院,别让TLE找上我,王炳博,张鹏军,徐建业,,False,True,1,42,,,,,,+1(22),,-1,,,,-2,,
1987,,北京语言大学,三行杀码客,李萌,马敬宇,刘桢雅,,False,True,1,43,,-2,,,,+(43),,,,,,-1,,
1988,,哈尔滨华德学院,午福队,耿铭阳,袁智伟,吴雨树,,False,True,1,44,,,,,,+1(24),,-11,,,,,,
1989,,江汉大学,三小只,操怡泽,陈宇航,余希文,,False,True,1,44,,,,,,+(44),,-2,,,,,,
1990,,湖北中医药大学,重新编译,钟奥,张瀚烽,蒋硕,,False,True,1,46,,,,,,+1(26),,-12,,,,-6,,-4
1991,,南京中医药大学,我在南中医很想你,王凤仪,严志飞,顾宵宇,,False,True,1,47,,-3,,,,+(47),,-3,,,,-1,,
1992,,哈尔滨理工大学,HRBUST10,刘睿轩,冯月,张庭玮,,False,True,1,48,,,,,,+1(28),,-3,,,,,,
1993,,邵阳学院,乱敲也能AC对不队,杨媛媛,杜银,李资凯,,False,True,1,48,,,,,,+1(28),,,,,,-1,,
1994,440,武汉工商学院,王中王火腿肠一节更比一节强,胡凯豪,王世正,赵佳雨,,False,True,1,48,,,,,,+1(28),,-10,,,,,,
1995,,山东女子学院,都叫兄弟了那还说啥,于铠源,高嫣然,王一凡,,False,True,1,50,,,,,,+1(30),,-2,,,,,,
1996,,苏州工学院,初征CCPC,侯奕帆,姜何坤,于子恩,,False,True,1,54,,,,-3,,+2(14),,-9,,,,-5,,
1997,,西华师范大学,这到底对不队,胡芯月,邓文韬,刘晴,,False,True,1,54,,,,,,+1(34),,-2,,,,,,
1998,,贵州师范大学,GZNU-2队,胡坦,尤宇翔,贺翰毅,,False,True,1,55,,,,,,+(55),,-5,,,,-1,,
1999,,西华师范大学,三个幸福南梁,章颢曦,吴福阳,苟立军,,False,True,1,57,,,,,,+2(17),,-3,,,,-2,,
2000,,哈尔滨学院,哈学院2队,李文博,刘译文,俞逸农,,False,True,1,57,,,,,,+1(37),,-10,,,,,,
2001,,黑龙江科技大学,玩原神玩的,周一帆,宋长宇,陈海康,,False,True,1,59,,,,,,+(59),,-5,,,,-3,,
2002,,防灾科技学院,防灾二队,张博文,王园皓,王东,,False,True,1,59,,,,,,+(59),,,,,,,,
2003,,浙江工商大学,初探网络赛,刘沿辰,蔡瑀旸,周逸宁,,False,True,1,60,,,,,,+2(20),,-4,,,,,,
2004,,重庆人文科技学院,好好学习,钱奕帆,蒋振涛,韦陈程,,False,True,1,61,,,,,,+1(41),,-3,,,,-2,,
2005,,琼台师范学院,从容硬队,李幸睿,黄晓雅,熊雨欣,,False,True,1,61,,,,,,+(61),,-23,,,,-1,-1,
2006,,四川轻化工大学,来了，做了，给了它一堆wa，走了,樊明智,鄢楠,王安平,,False,True,1,63,,,,,,+2(23),-4,-5,,,,,,
2007,,琼台师范学院,卡拉彼丘死了喵,朱勇勇,范传勇,岳灿林,,False,True,1,63,,,,,,+1(43),,-5,,,,,,
2008,,华北水利水电大学,天命人勇go-ccpc,李家乐,李家宝,黄赛一,,False,True,1,76,,,,,,+2(36),,-5,,,,,,
2009,,内蒙古师范大学,内师五队,王政昊,范北鑫,牛笑茁,,False,True,1,79,,,,,,+2(39),,-6,,,,,,
2010,,武汉工商学院,暴力出奇迹，TLE也诗意,郑康,金紫祥,刘韩猛,,False,True,1,80,,,,,,+2(40),,-4,,,,,,
2011,,内蒙古科技大学包头师范学院,包头师范学院ACM二队,杨舒焜,刘士琦,崔杰伦,,False,True,1,88,,,,,,+2(48),,-1,,,,-8,,
2012,,琼台师范学院,贪得吴彦组,唐娜,宋诗涵,蒋皖湘,,False,True,1,89,,-1,,,,+(89),,-2,,,,-8,,
2013,,西安科技大学,我有异域症,周启洋,文旭,韦瑞臣,,False,True,1,96,,,,,,+3(36),,-6,,,,,,
2014,441,辽宁工程技术大学,工大新起始,宁德瑞,李加鑫,赵一沣,,False,True,1,103,,,,,,+3(43),,,,,,,,
2015,,景德镇陶瓷大学,蛋仔派对,柴定超,武宝鑫,肖望晶,,False,True,1,108,,,,,,+3(48),-5,-5,,,,-1,,
2016,,济南大学,老师说的都队,常景阳,章俊杰,李念,,False,True,1,109,,,,,,+(109),,-3,,,,,,
2017,,宁波职业技术大学,铁牌也是牌,黄崇建,安可军,叶东宁,,False,True,1,118,,,,,,+(118),,,,,,-13,,
2018,,内蒙古科技大学包头师范学院,包头师范学院ACM一队,李宗晟,张伟,梁策涵,,False,True,1,170,,,,,,+6(50),,-3,,,,,,
2019,,天津仁爱学院,2025CCPC网络赛队伍5,李宇航,高鹏展,王志毅,,False,True,1,174,,,,,,+5(74),,,,,,,,
2020,,西安科技大学,我菜就不练了,候嘉乐,刘育钊,王宇鎛,,False,True,1,175,,,,,,+7(35),,-12,,,,,,
2021,,大连外国语大学,国际大外生编程竞赛,林冠泽,张宏泽,史晨熙,,False,True,1,179,,,,,,+6(59),,,,,,,,
2022,,成都师范学院,怎么也a不出,陶琪,胡又苹,林圆圆,,False,True,1,181,,,,,,+5(81),,-1,,,,,,
2023,,北京交通大学（威海）,bjv008,陈诚,杨明熹,于程宇,,False,True,1,200,,-5,,,,+6(80),,,,,,,,
2024,,内蒙古师范大学,内师大七队,王东雨,窦珂,韩琰,,False,True,1,230,,-1,,,,+6(110),,-6,,,,,,
2025,,广州城市理工学院,GCU-从路人角色开始的探索ACM,梁泽桦,黄铭玥,陈思仰,,False,True,1,294,,,,,,+10(94),,-12,,,,-1,,
2026,,重庆大学,AAA在线AK,康懿骢,侯楠,方勇豪,,False,True,0,0,,,,,,,,,,,,,,
2027,,东北电力大学,AC回响,郭梓桐,李晓娜,龙依晨,,False,True,0,0,,,,,,,,,,,,,,
2028,,南京晓庄学院,CET还我钱,王妍,董晨育,叶开,,False,True,0,0,,,,,,,,,,,,,,
2029,,华东师范大学,Rebellion,刘子沛,汪子昊,孙育泉,,False,True,0,0,,,,,,,,,,,,,,
2030,,武汉大学,TripleCore,陈伟康,姜宇鹏,陈俊铭,,False,True,0,0,,,,,,,,,,,,,,
2031,,电子科技大学,UESTC_desuwa,包航,覃子睿,雷霖,,False,True,0,0,,,,,,,,,,,,,,
2032,,国防科技大学,random_shuffle出牌子,高英博,刘宇轩,王俊博,,False,True,0,0,,,,,,,,,,,,,,
2033,442,遂宁职业学院,三个臭皮匠,赵粒州,梁毅,周世友,,False,True,0,0,,,,,,,,-2,,,,,,
2034,443,淮北师范大学,不会起名,吴越,陈浩然,王友明,,False,True,0,0,,,,,,,,,,,,,,
2035,,中国科学院大学,不知道起什么名字队,许晋升,吴墨林,,,False,True,0,0,,,,,,,,,,,,,,
2036,,清华大学,不要再 ultra 了,姚熙,赵英智,李劲逸,,False,True,0,0,,,,,,,,,,,,,,
2037,444,北京电子科技学院,丢掉幻想准备斗争,张锐,李炫睿,邱贤达,,False,True,0,0,,,,,,,,,,,,,,
2038,,重庆人文科技学院,代码三重奏,梁雨丹,郑 杰,张雅,,False,True,0,0,,,,,,,,,,,,,,
2039,,江西农业大学,你的存在是一个奇迹,罗光明,胡艺,贺子豪,,False,True,0,0,,,,,,,,,,,,,,
2040,,内蒙古科技大学包头师范学院,包头师范学院ACM四队,翁飞煜,渠佳敏,郭宣瑶,,False,True,0,0,,,,,,-12,,-4,,,,,,
2041,,浙江大学,北极星,王羽立,余承恩,尤佳骏,,False,True,0,0,,,,,,-1,,,,,,,,
2042,,清华大学,卸载FJOI谢谢喵！,陈羽力,陈凌山,林圣涵,,False,True,0,0,,,,,,,,,,,,,,
2043,,清华大学,反克伦通,李璟鎔,郭淑华,张荷莉,,False,True,0,0,,,,,,,,,,,,,,
2044,,北京师范大学香港浸会大学联合国际学院,只会写helloworld,李骐瀚,曾浩航,刘俊言,,False,True,0,0,,,,,,,,,,,,,,
2045,,浙江工商大学,哆啦ak,刘泽轩,于天佑,方存轩,,False,True,0,0,,,,,,,,,,,,,,
2046,,清华大学,堆栈霸主,李纳华,德珍,诸葛行天,,False,True,0,0,,,,,,,,,,,,,,
2047,,中国地质大学（北京）,头像代表实力,王珣,王熙文,陆志宇,,False,True,0,0,,,,,,,,,,,,,,
2048,,云南大学,安卓队伍,高凌豪,毕洲铭,周志昊,,False,True,0,0,,,,,,,,,,,,,,
2049,,南京工业大学,小飞机来喽,汪海涛,戴钰宸,王一涵,,False,True,0,0,,,,,,,,,,,,,,
2050,,东南大学,希腊奶,黄粲宸,张宸铭,周陈曦,,False,True,0,0,,,,,,,,,,,,,,
2051,,广州华商学院,怡田子过禾拆桥,杨子禾,孙泽田,张怡晴,,False,True,0,0,,,,,,,,,,,,,,
2052,,浙江工业大学之江学院,我开挂了求针对,钱憬琦,陈宇昊,赵豪磊,,False,True,0,0,,,,,,,,,,,,,,
2053,,江西农业大学,战斗爽,宁臻,王建,万文茜,,False,True,0,0,,,,,,,,,,,,,,
2054,,清华大学,报名晚了,董亦骐,钟自厚,崔隽章,,False,True,0,0,,,,,,,,,,,,,,
2055,,山东师范大学,无限流bug,吴章平,庄政,,,False,True,0,0,,,,,,,,,,,,,,
2056,,重庆交通大学,时光时光曼些巴,文彪,张绍杰,王峰,,False,True,0,0,,,,,,,,,,,,,,
2057,,西南大学,梦舟队,范奕辰,陈晓雨杉,张庭宇,,False,True,0,0,,,,,,,,,,,,,,
2058,,清华大学,榴莲,黄瓅琦,瑞达,曾詠欣,,False,True,0,0,,,,,,,,,,,,,,
2059,,南开大学,比起xcpc我更喜欢拿铁（真的指咖啡）,郭军凯,刘沛鑫,廖望,,False,True,0,0,,,,,,,,,,,,,,
2060,,湖南农业大学,湘农码农突击队,沈彦君,王淑芳,单齐,,False,True,0,0,,,,,,,,,,,,,,
2061,,南京工业大学,燃尽仍未知道那题AC的模样,张华熠,朱意东,刘奕,,False,True,0,0,,,,,,,,,,,,,,
2062,,山东科技大学,疯马号,姜山,马亿南,孟振江,,False,True,0,0,,,,,,,,,,,,,,
2063,,清华大学,皮卡丘快想啊,吴佰霆,石昕潼,胡夏玮,,False,True,0,0,,,,,,,,,,,,,,
2064,,湖南人文科技学院,睡到太阳下,仇宇弘,孙金城,朱佳悦,,False,True,0,0,,,,,,,,,,,,,,
2065,445,河南水利与环境职业学院,碼隸,李天一,高泽文,郭景源,,False,True,0,0,,,,,,-3,,,,,,,,
2066,,武汉大学,管你对不队,高子程,谭博友,曾楚豪,,False,True,0,0,,,,,,,,,,,,,,
2067,,北京电子科技学院,罚时罚到外婆桥,于凯,林丹阳,于笑尘,,False,True,0,0,,,,,,,,,,,,,,
2068,,遂宁职业学院,萝卜开会,谯云耀,彭柯迪,刘平安,,False,True,0,0,,,,,,,,,,,,,,
2069,,重庆人文科技学院,走一遭,尹苏熙,范博洋,胡若熙,,False,True,0,0,,,,,,,,,,,,,,
2070,,厦门理工学院,这一次，我要夺回我失去的一切,张子漠,,,,False,True,0,0,,,,,,,,,,,,,,
2071,,南京林业大学,那我问你这道题你AC了吗,张文馨,王羽清,周舒琪,,False,True,0,0,,,,,,,,,,,,,,
2072,,重庆电子科技职业大学,重电二队,张玮东,张恩顺,张婷,,False,True,0,0,,,,,,-20,,-9,,,,,,
2073,446,上海工程技术大学,青WA子,胡耀杰,赵承麟,甘祺正,,False,True,0,0,,,,,,,,,,,,,,
2074,,同济大学,静态规划,农国达,杨一达,张翼洋,,False,True,0,0,,,,,,,,,,,,,,
2075,,中国科学院大学,面无波澜,马宇骏,韩旭成,邱宇峰,,False,True,0,0,,,,,,,,,,,,,,
