Rank,School Rank,School,Team Name,Member1,Member2,Member3,Coach,Girl,Official,Solved,Penalty,Medal,A,B,C,D,E,F,G,H,I,J,K,L
1,1,北京大学,赤橙黄绿蓝紫,蒋凌宇,钱易,,,False,True,12,1272,,+(173),+1(56),+1(100),+(73),+(50),+(152),+(109),+2(235),+(84),+1(62),+(49),+(29)
2,,北京大学,呆呆鸟,王蔚澄,王相文,徐安矣,,False,True,12,1272,,+2(186),+(55),+(52),+1(45),+(86),+(99),+1(129),+1(251),+(69),+1(76),+(52),+(52)
3,2,清华大学,击中月亮,程思元,戚朗瑞,魏佳泽,,False,True,12,1554,,+(281),+1(58),+2(133),+(113),+(63),+(167),+(116),+2(243),+2(83),+1(47),+(45),+(45)
4,,北京大学,随机匹配,柯绎思,柯怿憬,谢梓涵,,False,True,12,1568,,+3(267),+(55),+2(155),+(73),+(63),+(174),+2(100),+1(301),+(81),+(51),+(44),+(44)
5,,北京大学,思路打开,管晏如,朱剑枫,张致,,False,True,12,1610,,+2(189),+(57),+(248),+(61),+(52),+2(166),+1(94),+5(259),+(83),+1(77),+(52),+(52)
6,,北京大学,躺在沙发上变成没知觉的植物沉入泥中蝶泳,叶子川,马未然,翟锦程,,False,True,12,1656,,+2(278),+(36),+3(201),+(75),+(62),+2(120),+(147),+1(325),+(82),+(70),+(53),+(47)
7,3,哈尔滨工业大学,蓬莱人形,陈煜航,丁文涛,张彭凯,,False,True,11,1278,,+1(274),+1(56),+(147),+(71),+(76),+(208),+(106),,+(123),+(88),+(58),+(31)
8,4,东北大学,东北大学_天狐座,苏焜,周尧,仝家驹,,False,True,11,1307,,+1(309),+(43),+(108),+(75),+(64),+1(214),+(159),,+(126),+(89),+(51),+(29)
9,5,北京交通大学,羊羊羊,郭昱哲,夏鹤鸣,斯修远,,False,True,11,1363,,+2(261),+3(47),+(151),+1(56),+1(72),+(222),+(123),-7,+(104),+1(93),+(46),+(28)
10,6,浙江大学,Plenty of Penalty,吴与伦,徐锐扬,万弘,,False,True,11,1410,,+4(310),+(52),+1(195),+(91),+1(87),+(145),+(104),-3,+(114),+(77),+(63),+(52)
11,,北京大学,DINNER123,李可,陈佳梁,王浩清,,False,True,11,1453,,+2(282),+(88),+(161),+(50),+2(89),+(220),+2(117),-4,+(121),+1(73),+(62),+(50)
12,,北京大学,请在此处输入您的队名,胡家哲,冯天琦,陈浩霆,,False,True,11,1467,,+2(307),+3(49),+1(72),+(46),+1(75),+(237),+2(144),,+(82),+3(100),+(60),+(55)
13,7,复旦大学,怎么表达都可以,曲泽阳,房天乐,谢志得,,False,True,11,1476,,+1(332),+(51),+(168),+(40),+(70),+1(254),+1(153),,+(100),+1(123),+(61),+(44)
14,,浙江大学,Untitled Life,严子轩,周轩熠,张湫阳,,False,True,11,1548,,+4(224),+(48),+1(286),+(66),+1(45),+(278),+3(103),-1,+(93),+2(81),+(53),+(51)
15,,清华大学,报名晚了,董亦骐,钟自厚,崔隽章,,False,True,11,1564,,+3(316),+1(62),+5(251),+(67),+(57),+(229),+2(131),,+(88),+1(50),+(48),+(25)
16,,清华大学,进行一个象的抽,王锦博,张睿阳,张怀沙,,False,True,11,1566,,+1(300),+1(54),+1(140),+(118),+1(63),+(302),+(183),,+(152),+(106),+(45),+(23)
17,,复旦大学,以键盘的音色世界鸣响,白杨硕,张一白,林诗航,,False,True,11,1611,,+1(324),+1(60),+(199),+(78),+(86),+1(272),+(163),,+2(135),+(102),+(49),+(43)
18,8,中山大学,中山大学2队,陈景泰,吴永聪,薛炜鹏,,False,True,11,1626,,+7(315),+(70),+(235),+(66),+1(57),+1(207),+(173),,+(113),+(82),+(72),+(56)
19,9,浙江工业大学,月球猫猫,陈泓睿,陆徐豪,李汶芝,,False,True,11,1636,,+2(330),+(51),+1(186),+(103),+1(119),+(231),+(170),-2,+(128),+1(82),+1(64),+(52)
20,,清华大学,Escape,任舍予,郭雨豪,郑玄晔,,False,True,11,1653,,+5(333),+1(67),+5(293),+(75),+(44),+1(140),+(146),-3,+(158),+(62),+(44),+(51)
21,10,北京理工大学,Penalty一定是分数吧,柯宁皓,张思哲,黄康,,False,True,11,1662,,+1(354),+(64),+(227),+(84),+(114),+(300),+(132),,+(151),+(100),+(67),+(49)
22,,北京大学,施加 网络赛。引入 队名。,杨欣烨,疏彦凯,肖千与,,False,True,11,1674,,+1(330),+(56),+1(210),+(81),+2(103),+2(349),+(146),,+(111),+(77),+(45),+(46)
23,,复旦大学,关注 Hydro 谢谢喵,陈佳鹏,于文阔,徐子恩,,False,True,11,1708,,+3(324),+1(71),+1(97),+(49),+1(123),+2(306),+(180),,+1(151),+(113),+(74),+(40)
24,,北京大学,家园火锅点特辣,李雷思问,汪煦康,王飞扬,,False,True,11,1753,,+2(317),+(60),+5(266),+1(90),+(71),+1(251),+(147),,+(113),+1(114),+(50),+1(54)
25,,中山大学,中山大学1队,赵肖睿,刘志源,古鸣浩,,False,True,11,1826,,+3(336),+1(71),+2(174),+(85),+1(112),+2(335),+(152),,+1(79),+3(128),+(55),+(39)
26,,北京大学,雪月花,施开成,李嘉佑,孙睿泽,,False,True,11,1837,,+4(249),+(48),+7(332),+(63),+1(80),+3(258),+(185),,+(122),+(104),+(52),+(44)
27,,复旦大学,学海无涯，回头是岸,崔博钧,阚子淳,莫骐彰,,False,True,11,1857,,+2(353),+(66),+4(275),+1(83),+1(104),+2(285),+2(139),,+(66),+2(110),+(67),+(29)
28,11,北京航空航天大学,哟哟,孙健钧,李澎瑞,黄伟宁,,False,True,11,1873,,+(237),+1(65),+(297),+(160),+2(119),+1(328),+3(216),,+1(133),+(78),+(50),+(30)
29,,北京大学,饿鳄鱼,陈易涵,张乐天,程伟伦,,False,True,11,1877,,+6(356),+1(64),+1(170),+1(99),+(79),+2(278),+2(261),,+(111),+(117),+(53),+(29)
30,,清华大学,一路向北,许庭强,唐绍轩,周航锐,,False,True,10,879,,,+1(57),+(102),+(67),+(72),+(150),+1(93),,+(80),+2(74),+(53),+(51)
31,,北京大学,呜呜呜嘤嘤嘤哇哇哇,罗思远,孟煜皓,葛子越,,False,True,10,1103,,-1,+(36),+3(325),+(59),+(52),+(132),+(164),,+(70),+1(101),+(44),+(40)
32,12,杭州电子科技大学,2024杭电1队,马文浩,何卓锟,黄光升,,False,True,10,1177,,-8,+1(45),+1(239),+(75),+1(95),+2(219),+(123),,+(93),+(86),+(54),+(48)
33,,哈尔滨工业大学,w4p3r Black-fan Club,杜沛键,谢书泱,邱思宇,,False,True,10,1222,,-7,+1(56),+1(214),+(100),+(45),+(252),+(138),,+1(126),+2(84),+(60),+(47)
34,13,中南大学,电子界探寻者,江天运,易光廷,周湘予,,False,True,10,1241,,-6,+(43),+4(261),+(83),+1(59),+(243),+(137),,+(117),+(94),+(60),+(44)
35,,北京大学,Lumina,郭羽冲,沈吉滪,朱羿恺,,False,True,10,1244,,-2,+(48),+1(162),+(73),+(43),+2(297),+3(200),,+(105),+(90),+(63),+(43)
36,,清华大学,卸载FJOI谢谢喵！,陈羽力,陈凌山,林圣涵,,False,True,10,1273,,+5(346),+1(48),+(143),+(87),+1(76),-8,+1(133),,+(51),+1(96),+(59),+(54)
37,14,华东师范大学,夏雪冬花，麦秋亦春,程籽实,谢书骁,,,False,True,10,1282,,+2(336),+(64),+(164),+(103),+1(92),-4,+(131),,+(152),+(54),+(78),+(48)
38,,北京航空航天大学,红紫粉绿,蒋槟阳,董和军,王大禹,,False,True,10,1286,,-8,+(83),+3(325),+(90),+(66),+2(189),+(117),,+(103),+1(78),+(59),+(56)
39,,北京大学,欠了学校999度电,林帮才,陈知轩,龚欣洋,,False,True,10,1292,,-4,+1(76),+(175),+(107),+1(85),+(259),+2(156),,+(115),+1(103),+(58),+(58)
40,,清华大学,摇奖出力,黄子睿,颜桉,周与锋,,False,True,10,1314,,-2,+(60),+2(187),+(82),+2(72),+4(326),+1(134),,+(100),+(89),+(51),+(33)
41,15,四川大学,难题逆转小队,李名骕,杨轶涵,黄云垄,,False,True,10,1338,,+3(324),+1(69),+(134),+(91),+(75),-19,+4(163),,+(107),+2(63),+(57),+(55)
42,,清华大学,此地无银三百两,孙梓皓,李春进,华羽帆,,False,True,10,1340,,+(303),+2(49),-19,+(63),+(97),+2(254),+1(145),,+1(112),+1(95),+(45),+(37)
43,,北京大学,感觉不如黑猿神,吴孟周,曹原,陈胤戬,,False,True,10,1372,,+2(257),+1(61),+2(300),+(107),+(86),,+(136),,+(94),+1(100),+(61),+(50)
44,16,广东工业大学,jump！！！！,林俊耿,杨子弘,肖能翔,,False,True,10,1389,,-6,+(46),+1(176),+(106),+2(89),+1(284),+3(216),,+(128),+(96),+(56),+(52)
45,17,中国科学技术大学,丝路市西套村代表队,周翟恩和,洪文杰,郭一航,,False,True,10,1413,,-1,+1(85),+1(163),+(95),+(104),+1(318),+1(209),,+(78),+2(116),+(62),+(63)
46,18,南京航空航天大学,错误,吕俊琪,赵乐坤,胡昊天,,False,True,10,1459,,-7,+2(60),+2(336),+(96),+(84),+2(271),+(148),,+1(68),+(108),+(71),+(77)
47,,北京大学,去年看错题了。,郑皓元,闫昕,汪之茗,,False,True,10,1511,,+3(244),+1(60),-2,+(68),+(50),+(356),+6(157),,+(123),+2(109),+(61),+(43)
48,,浙江大学,普罗旺斯,潘伦可,黄钰,邹宇涵,,False,True,10,1520,,+4(342),+1(79),+3(228),+(86),+(65),,+1(185),,+(155),+(105),+(59),+(36)
49,,中国科学技术大学,蓝桥春雪,冯正桦,邵晓玮,李俊辰,,False,True,10,1533,,+(309),+2(55),+1(250),+(113),+1(106),,+1(155),,+(145),+1(153),+1(61),+(46)
50,,中山大学,中山大学5队,黄秋铭,韩冠东,陈峻宇,,False,True,10,1543,,-3,+1(65),+1(239),+(73),+1(87),+(297),+2(178),,+3(207),+1(100),+1(56),+(41)
51,,浙江大学,又活一天,王楚淏,王羽立,高宏钧,,False,True,10,1570,,-7,+(56),+2(246),+1(88),+(203),+(338),+1(178),,+(122),+(153),+1(58),+(28)
52,19,武汉大学,秘封俱乐部,潘非,李佳隆,熊师飏,,False,True,10,1584,,+2(345),+(64),+2(300),+(126),+1(120),-1,+2(195),,+(76),+(102),+(65),+(51)
53,,中山大学,中山大学4队,涂博皓,邱恺铭,李昊洲,,False,True,10,1588,,-11,+(55),+1(259),+(72),+3(89),+4(358),+3(155),,+(129),+2(107),+(61),+(43)
54,20,香港中文大学（深圳）,通顶雪道,孙悠然,忙秋阳,郭青硕,,False,True,10,1614,,-1,+(54),+2(319),+(62),+(87),+1(302),+(209),,+1(183),+2(170),+(45),+1(43)
55,,复旦大学,杠上林克，队长砍树,邹畅,何友瑭,何昭琛,,False,True,10,1618,,+2(324),+(56),+(216),+(88),+1(107),,+3(229),,+1(159),+2(151),+1(62),+(26)
56,,中国科学技术大学,cls,陈聆祎,陈骆鑫,樊澄宇,,False,True,10,1621,,+4(353),+(62),+1(208),+(85),+(95),,+2(253),,+(156),+(129),+(68),+1(52)
57,21,福州大学,重返未来,游世伟,蔡长波,王子豪,,False,True,10,1640,,,+2(67),+(209),+(116),+(127),+4(332),+(188),,+(168),+(150),+1(82),+(61)
58,,清华大学,Make 519 great again,冯政玮,肖子尧,吴畅,,False,True,10,1671,,,+(59),+1(186),+(118),+1(100),+(296),+1(224),,+4(84),+4(217),+2(82),+(45)
59,,北京大学,但中文名要考虑的就多了,蒋梓衡,姜锐漳,郭宸淏,,False,True,10,1706,,-1,+(61),+(119),+(70),+(78),+5(312),+1(187),,+(89),+7(338),+2(97),+(55)
60,,复旦大学,小粉兔真爱粉,戴士博,李佳骏,王子乐,,False,True,10,1773,,,+1(49),+2(315),+(119),+(129),+(327),+3(212),,+4(229),+(93),+(49),+(51)
61,22,吉林大学,烈冕号,于之航,陈俊甫,王一丁,,False,True,10,1773,,,+1(59),+4(331),+(67),+1(112),+7(299),+4(182),,+(120),+3(105),+(52),+(46)
62,,北京大学,交给你们了,温昊麟,吴蕴章,冯睿阳,,False,True,10,1962,,-3,+2(112),+1(233),+1(135),+1(201),+4(330),+2(284),,+(168),+1(148),+(60),+(51)
63,,北京大学,135+187+199=521,黄彦涛,王亦木,支扬帆,,False,True,9,900,,,+(35),+4(218),+(54),+(66),-10,+1(149),,+(116),+(83),+(51),+(28)
64,,中国科学技术大学,摸鱼之魂热血传奇,温家睿,林度,陈凌峰,,False,True,9,930,,,+1(74),+(137),+(93),+2(78),,+1(164),,+(145),+(55),+(66),+(38)
65,,中国科学技术大学,Randomize,高华成,何煜恒,涂建鹏,,False,True,9,999,,,+1(52),+(121),+(93),+2(100),-2,+1(189),-1,+(147),+(105),+(58),+(54)
66,23,南方科技大学,SUSTech_Two,林政宇,薛哲,曾子华,,False,True,9,999,,,+(66),+2(213),+(96),+(90),,+(160),,+(117),+(108),+(57),+(52)
67,24,南开大学,强基计划我爱你,郭军凯,赵思远,车昱辉,,False,True,9,1000,,,+(56),+3(245),+(65),+(73),,+(128),,+(149),+2(89),+(48),+(47)
68,,复旦大学,笑对挑战永不言弃,袁子彦,颜皓鹏,沈子轩,,False,True,9,1026,,,+(60),+(225),+(92),+(94),-1,+(183),,+(158),+(117),+(53),+(44)
69,,北京大学,飞舞队,蔡立一,梁宝烨,邱鸿绪,,False,True,9,1044,,,+(57),-2,+(105),+(95),+1(311),+(120),,+(136),+(88),+(59),+(53)
70,,香港中文大学（深圳）,WTYTO,涂宵箫,王泽诚,杨久知,,False,True,9,1062,,-6,+1(45),+1(135),+(122),+(76),-13,+1(206),,+(149),+1(112),+(78),+(59)
71,,北京大学,毕业旅游,余快,戴傅聪,陈奇之,,False,True,9,1066,,-6,+2(64),+(178),+(61),+3(104),,+(156),,+(115),+2(101),+1(73),+(54)
72,25,华南理工大学,打xcpc不喊我,吕浩天,徐睿,梁立州,,False,True,9,1068,,,+(53),+(249),+(98),+1(77),-8,+1(177),-1,+(187),+(120),+(33),+(34)
73,26,山东大学,_应用随机过程,李玉庭,苏岳,王源鑫,,False,True,9,1080,,,+(51),+(234),+(89),+2(90),-9,+1(168),,+(121),+2(120),+(56),+(51)
74,,复旦大学,密码八个八,陈禹卓,杜泊谷,曾添琪,,False,True,9,1090,,-5,+1(64),+3(256),+(102),+1(50),,+(177),,+(127),+(92),+(74),+(48)
75,,香港中文大学（深圳）,CUHK-SZ: (TBD),陈翰飞,曾子荣,何润元,,False,True,9,1091,,-2,+2(56),+(196),+2(103),+(77),,+1(186),,+(151),+(137),+(59),+(26)
76,,清华大学,青一色,陈紫阳,胡昊,褚轩宇,,False,True,9,1102,,,+1(58),+1(233),+1(82),+1(72),,+1(176),,+1(158),+(105),+(50),+(48)
77,,浙江大学,WF在逃三人团,周转,朱睿哲,李克成,,False,True,9,1112,,-3,+2(80),-4,+(55),+1(67),+9(242),+1(69),,+(100),+(95),+2(75),+(29)
78,,中山大学,中山大学新1队,张宸睿,周睿韬,张益晟,,False,True,9,1113,,,+2(63),-5,+(81),+(103),+1(266),+(164),,+1(136),+(118),+(68),+(34)
79,,北京大学,不是 很菜,王晟帆,陈益磊,林思旭,,False,True,9,1122,,,+(60),-2,+(81),+(103),+1(301),+(161),,+1(137),+(117),+(53),+1(49)
80,27,西安交通大学,唐人,李纳川,杨润轩,刘欣楠,,False,True,9,1123,,,+2(57),+1(230),+(92),+(88),-1,+1(173),,+3(141),+(103),+(50),+(49)
81,,北京大学,狗狗生气,张宇卓,刘君实,王尧,,False,True,9,1159,,,+(48),-3,+(93),+(63),+1(254),+4(148),,+3(108),+3(119),+(58),+(48)
82,,北京大学,现充队友太多了！,杨卓凡,谈一鸣,彭乙桐,,False,True,9,1161,,,+(62),-20,+(73),+5(52),+3(284),+(177),,+(111),+1(122),+(44),+(56)
83,,南方科技大学,南方科技大学-老登,曹哲振,冯照航,洪朝阳,,False,True,9,1171,,,+(62),+3(241),+1(58),+1(103),-3,+3(172),,+(135),+(115),+(79),+(46)
84,28,安徽理工大学,我永远喜欢Chtholly,厉东霖,程明达,李天祥,,False,True,9,1171,,,+(53),+2(301),+(88),+2(101),,+(159),,+(174),+(127),+(44),+(44)
85,,东北大学,东北大学_加油,王涵聪,王啸烽,陈增杰,,False,True,9,1201,,-3,+(64),+1(218),+(81),+(104),-2,+1(217),,+(233),+(147),+(52),+(45)
86,,北京大学,东起深渊,贺煦轩,李尚泽,马梁育,,False,True,9,1203,,,+(58),-3,+(88),+(99),+1(344),+1(199),,+(108),+1(153),+(49),+(45)
87,29,电子科技大学,UESTC_诶多诶多呐呐呐,包航,覃子睿,雷霖,,False,True,9,1212,,,+(67),+(319),+(120),+1(113),,+1(225),,+(168),+(59),+(70),+(31)
88,30,哈尔滨工业大学（深圳）,猫猫不会数数,高子烽,曹锦程,曹鹏宇,,False,True,9,1219,,,+(50),-4,+(80),+(65),+1(323),+(202),,+3(157),+1(114),+2(52),+(36)
89,31,湖南大学,Hakurei100000,廖曙康,朱名扬,吕乐,,False,True,9,1222,,-2,+(62),+(223),+(122),+3(89),,+4(205),,+(164),+(113),+(60),+(44)
90,,北京大学,给链不要链,杨尚霖,于孟宏,林喆熹,,False,True,9,1230,,,+(56),+1(181),+1(60),+4(120),-3,+5(265),,+(141),+(74),+(52),+(61)
91,32,绍兴理工学院,编程马楼,江亚君,徐冕,谢琳涵,,False,True,9,1230,,,+1(61),+2(204),+(97),+(115),,+2(271),,+1(143),+(48),+2(77),+(54)
92,,浙江大学,幻想風靡,张志心,谭思成,柯怀俊,,False,True,9,1235,,-5,+2(52),+4(320),+(78),+1(86),,+2(183),,+1(127),+(100),+(51),+(38)
93,,北京大学,仨人成行,王冠尧,宋来恒,刘鹏飞,,False,True,9,1247,,-2,+2(69),+4(215),+(92),+(81),-11,+2(146),,+5(110),+2(126),+(58),+(50)
94,,西安交通大学,未铭记何谈淡忘,方亦晨,陈弘烜,陈光耀,,False,True,9,1255,,,+1(68),+1(300),+1(80),+(135),-2,+(191),,+(200),+(150),+(43),+(28)
95,,北京航空航天大学,队长要吃三个汉堡,吴昊恒,董雨润,李秉翰,,False,True,9,1273,,,+(65),,+(76),+2(87),+2(296),+3(196),,+(150),+2(127),+(52),+(44)
96,,广东工业大学,演奏春日影,庞翔,梁展榕,林正,,False,True,9,1293,,-3,+1(85),+(239),+(99),+2(80),,+1(197),,+(139),+4(192),+(69),+(33)
97,,西安交通大学,写都写了，交一发吧/WA on test 1,贺睿杰,杨一帆,周品良,,False,True,9,1299,,-2,+1(57),+(259),+(85),+(183),,+2(250),,+(171),+1(106),+(59),+(49)
98,,哈尔滨工业大学,碧天伴行,张城玮,卢景行,田宇丰,,False,True,9,1304,,,+1(68),+4(308),+(94),+1(83),,+1(168),,+(223),+(131),+(45),+(44)
99,33,西安电子科技大学,喵喵喵,张亲翰,刘朝旭,罗杰,,False,True,9,1309,,,+(56),+(320),+(67),+(45),-2,+3(195),,+2(259),+(146),+(58),+1(43)
100,,哈尔滨工业大学,W4p3r Fan Club,方智鉴,范嘉涵,孔敬德,,False,True,9,1320,,,+(45),+1(291),+(149),+1(133),-3,+(227),,+(158),+1(180),+(48),+(29)
101,34,同济大学,仙银,郎若谷,高胜寒,李堂辉,,False,True,9,1322,,+3(349),+(51),-1,+(100),+1(92),,+1(228),,+(151),+(125),+(67),+(59)
102,35,湖南师范大学,栀晓,唐熙林,魏佳蕾,杨泽旭,,False,True,9,1323,,,+(67),+2(321),+(95),+2(282),,+(170),,+(59),+1(122),+1(57),+(30)
103,,电子科技大学,UESTC_雪色光晕,张昕诺,李毅远,吕书武,,False,True,9,1330,,,+1(51),+1(279),+(83),+3(160),,+1(222),,+(203),+(121),+(53),+(38)
104,,复旦大学,曼波大战哈姆,罗意明,徐兆恺,陈可汗,,False,True,9,1344,,-2,+2(87),+(233),+(95),+1(118),,+2(229),,+2(173),+(143),+(70),+(56)
105,,电子科技大学,UESTC_xxx,吴峻锋,蔡少政,吴宇环,,False,True,9,1344,,,+1(65),+3(282),+(104),+(89),,+1(194),,+1(155),+3(171),+(57),+(47)
106,,浙江大学,乌拉呀哈 呀哈乌拉,丁思韬,余承恩,金政羽,,False,True,9,1355,,-8,+1(62),+(261),+(115),+(135),,+(220),,+(189),+1(200),+(78),+(55)
107,36,华中科技大学,红温黄豆,胡伟江,黄浚源,刘祖泰,,False,True,9,1360,,,+1(54),+3(352),+(81),+1(108),,+1(261),,+(186),+(141),+(34),+(23)
108,37,香港科技大学广州,杂~鱼❤杂~鱼❤大哥哥连A题都过不掉嘛~,王向前,储文皓,罗浩,,False,True,9,1361,,,+(73),-2,+(93),+2(65),+3(319),+(221),,+(177),+(139),+(87),+1(67)
109,,西安电子科技大学,三分之二去零点,曾岩,田康杰,夏秀锟,,False,True,9,1363,,,+(56),+1(306),+(96),+1(100),,+(190),,+(141),+6(223),+(46),+(45)
110,38,华中师范大学,明明如月,郭子寒,王彬宇,曹俞欣,,False,True,9,1367,,,+1(52),+3(332),+(84),+(105),,+(237),,+(197),+1(172),+(57),+(31)
111,,西安交通大学,正在评测中,王博想,吴夏天,邱宇成,,False,True,9,1383,,,+(54),+2(292),+(122),+1(157),,+(211),,+(236),+2(99),+(58),+(54)
112,,哈尔滨工业大学（深圳）,这么出题是吧,蔡易轩,高俊垚,李潭啸,,False,True,9,1412,,,+(72),+1(315),+(128),+1(110),,+(254),,+(196),+1(172),+(59),+(46)
113,,香港科技大学广州,ZJJ是赵家杰,张晋杰,赵欣昊,何家睿,,False,True,9,1412,,,+1(67),+(252),+(87),+(98),,+(191),,+(344),+3(162),+1(54),+(57)
114,,北京大学,膜拜ljc大队,潘致辰,陈文灏,周俊豪,,False,True,9,1416,,,+2(58),-9,+(78),+3(156),+2(342),+1(218),,+2(134),+1(96),+(65),+(49)
115,,北京理工大学,大香蕉的感觉不奇妙,王翔宇,叶子宁,戴睿,,False,True,9,1430,,,+(48),+5(334),+(116),+2(139),,+2(263),,+(166),+(83),+(53),+(48)
116,,北京大学,黄忠二技能宗师,李佳衡,何天浚,张力元,,False,True,9,1439,,+6(349),+(68),-12,+(94),+1(106),,+1(187),,+(152),+3(138),+1(59),+(46)
117,,中山大学,中山大学8队,罗金浩,甘善铭,王泓皓,,False,True,9,1452,,,+(60),+1(267),+(100),+2(167),,+4(275),,+(171),+(134),+1(68),+(50)
118,,杭州电子科技大学,2024杭电3队,闻人雨泽,傅景康,周靖凯,,False,True,9,1458,,,+2(58),+1(255),+(123),+1(161),,+4(236),,+1(176),+1(148),+(60),+(41)
119,39,上海大学,SHU2401,陶钧,陈仕杰,顾潇予,,False,True,9,1465,,-5,+(58),+(326),+1(81),+1(144),,+2(275),,+(202),+1(177),+(55),+(47)
120,,中山大学,中山大学3队,肖淇,苏律硕,吴明禹,,False,True,9,1467,,,+(66),-5,+(89),+5(128),+4(306),+2(225),,+(176),+(135),+(61),+(61)
121,,北京交通大学,白夜追风,殷澄宇,陈可致,杨展宇,,False,True,9,1483,,,+(78),+1(320),+(98),+1(117),,+1(193),,+1(286),+3(150),+(73),+(28)
122,40,东北大学秦皇岛分校,名字取好了吗,刘峻畅,肖轲闻,冯阳阳,,False,True,9,1498,,,+1(62),+1(285),+(116),+1(82),,+6(356),-4,+1(175),+1(96),+(56),+(50)
123,,杭州电子科技大学,2024杭电5队,许思杰,范宇航,蔡炜权,,False,True,9,1505,,,+(48),+1(349),+(84),+4(164),,+1(241),,+1(279),+(109),+(45),+(46)
124,,四川大学,雍正王朝老太医,王鹏超,熊一鸣,邓雍,,False,True,9,1521,,-2,+(85),+5(252),+(138),+(158),-1,+(228),,+(177),+3(193),+(80),+(50)
125,,清华大学,北京贵妇的小秋田犬,杨千里,李振洋,刘建行,,False,True,9,1521,,,+2(60),+6(346),+(75),+(98),-2,+2(226),,+1(120),+3(222),+(46),+(48)
126,,华中科技大学,有没有很捎又不会被封的队名,刘星佳,黄暄骜,刘铖,,False,True,9,1526,,+5(332),+(86),-1,+(104),+3(126),,+1(214),,+1(143),+1(166),+(70),+(65)
127,,南方科技大学,SUSTech_Three,江博成,王振宇,王泰翔,,False,True,9,1527,,,+1(64),+2(339),+(102),+(168),-6,+1(239),,+1(216),+(187),+(60),+(52)
128,41,武汉科技大学,RELX悦刻幻影PRO,孙煜恒,朱俊杰,万家梁,,False,True,9,1559,,,+1(72),+2(341),+(83),+1(106),,+2(272),,+6(210),+(122),+(63),+(50)
129,42,山东科技大学,柏林号,岳立冬,张一炜,徐熙睿,,False,True,9,1562,,,+2(62),+1(122),+(117),+(140),,+5(208),,+(349),+1(275),+(71),+(38)
130,43,南京理工大学,帮帮我，鲍汁锅先生,何平,彭锐政,陈静波,,False,True,9,1569,,,+1(59),+1(339),+(76),+2(178),,+3(256),,+3(277),+(87),+(51),+(46)
131,,北京大学,愛計算姬,徐朝睿,苏泓燃,刘佳未,,False,True,9,1574,,,+3(83),+2(245),+2(141),+(91),,+6(260),,+(160),+2(148),+1(77),+(49)
132,44,湘潭大学,海之霸,李子熙,魏志高,程书涵,,False,True,9,1594,,,+1(71),+4(348),+(91),+1(127),,+1(272),,+2(207),+2(163),+(51),+(44)
133,,杭州电子科技大学,2024杭电10队,王秉杭,帅嘉洋,吴立文,,False,True,9,1608,,,+1(52),+(299),+(114),+(133),,+1(250),,+(284),+3(248),+(63),+(65)
134,,复旦大学,启发式优化,黄悦源,邹丰羽,沈高畅,,False,True,9,1612,,,+1(78),+7(335),+(100),+2(136),,+(254),,+5(218),+(62),+(74),+(55)
135,,北京理工大学,内核恐慌,张书豪,徐宇飞,陈驭祺,,False,True,9,1636,,+3(241),+2(52),-9,+1(93),+(271),,+1(295),,+(142),+1(296),+(54),+(32)
136,,南方科技大学,南方科技大学-奥斯陆,张祺宇,杨博文,姜奕豪,,False,True,9,1654,,-3,+(55),+4(341),+(79),+2(225),,+1(247),,+1(187),+(218),+1(64),+(58)
137,45,上海财经大学,iDLEM@STER O149,郭士纳,史靖玮,姜聿时,,False,True,9,1692,,-2,+(64),+1(330),+(90),+2(194),,+(298),,+4(258),+1(191),+(56),+(51)
138,,福州大学,孤高曼波,黄旭,叶志杰,郑恩琦,,False,True,9,1692,,,+1(47),+3(338),+(107),+(137),,+5(341),,+(239),+(166),+2(69),+(28)
139,,福州大学,旅行的意义,陈宇,张子良,林伟豪,,False,True,9,1713,,,+(85),+1(327),+(208),+1(184),,+2(135),,+1(270),+(232),+1(103),+(49)
140,,山东大学,电话微波炉（暂定）,詹靖杰,宿子腾,董家豪,,False,True,9,1721,,,+1(57),+4(338),+1(185),+1(184),,+2(276),,+(210),+1(167),+(59),+(45)
141,46,深圳大学,twilight illusion,张艺轩,郑博瀚,何元捷,,False,True,9,1727,,,+1(66),+2(321),+(86),+1(133),,+(218),,+9(349),+1(163),+(63),+(48)
142,,北京航空航天大学,老ACMer烧烤,廖鹏飞,陈睿正,闫佳豪,,False,True,9,1738,,,+3(71),+1(340),+(100),+1(283),,+1(278),,+(223),+(194),+(76),+(53)
143,,电子科技大学,UESTC_十斤鸭梨,黄霖,徐辰烨,祁泓金,,False,True,9,1754,,,+(54),+2(340),+1(93),+(241),,+(298),,+(265),+1(279),+(59),+(45)
144,,电子科技大学,UESTC_在理工学校想邂逅文学学姐搞错了什么,梁育诚,冉泽宇,陈治臻,,False,True,9,1765,,,+(63),+5(350),+(129),+2(228),,+2(261),,+2(285),+(112),+(66),+(51)
145,47,武汉理工大学,机械降神,朱振傲,侯哲昊,孙力为,,False,True,9,1769,,-1,+(68),+(352),+(90),+2(130),-1,+1(312),-1,+(265),+4(276),+(68),+(68)
146,48,天津大学,锐刻没有电,范艳青,邓锦源,黄涛,,False,True,8,766,,-8,+2(55),-3,+(84),+(65),,+(148),,+(117),+1(127),+1(50),+(40)
147,,北京航空航天大学,早知道，还是可口可乐,杭洋,刘昊言,李墨之,,False,True,8,789,,,+(61),,+(98),+(51),-5,+1(178),,+3(128),+(82),+(63),+(48)
148,49,南京大学,平流层,潘谟天,陆华均,陈梓睿,,False,True,8,804,,-12,+1(74),,+(87),+(52),-1,+1(168),,+1(139),+(103),+(71),+(50)
149,,浙江大学,雪花倾诉之时,徐敏睿,靳鹏举,朱天煜,,False,True,8,806,,-5,+1(59),+4(145),+(44),+1(51),-2,-12,,+2(155),+1(79),+(59),+(34)
150,,北京航空航天大学,会挽雕弓如满月,傅可树,马一,梁钧著,,False,True,8,876,,-2,+2(62),-1,+(75),+1(93),-1,+(226),,+(149),+(120),+(50),+(41)
151,,西安交通大学,天狼星的心脏,洪家庆,刘一可,许孜诚,,False,True,8,913,,,+(45),-5,+(129),+1(73),,+1(174),,+(214),+(119),+1(55),+(44)
152,,华中科技大学,盖亚教会了我太多,汪文卓,金城根,刘兆硕,,False,True,8,918,,,+1(58),-3,+1(90),+1(96),,+2(186),,+(134),+(118),+1(63),+(53)
153,,华东师范大学,假飞了！,冯中信,姜朝顺,陈赵润,,False,True,8,952,,-3,+(58),,+(107),+(82),,+1(238),,+2(196),+(133),+(52),+(26)
154,50,浙江师范大学,树学与应用树学的小伙计来打ACM咯,陈增豪,许凯胤,王学远,,False,True,8,991,,,+(44),-10,+(71),+2(133),,+(217),,+1(181),+1(160),+(57),+(48)
155,51,东南大学,不休独舞,戚雨林,张皓,王希陶,,False,True,8,997,,,+2(63),-1,+(50),+(150),,+1(198),,+(210),+1(120),+(73),+(53)
156,,吉林大学,管埋员,张智祺,王恕,乔彦博,,False,True,8,997,,-8,+(60),-5,+(139),+1(90),,+1(235),,+(171),+2(128),+(48),+(46)
157,,华南理工大学,五小时对于三个acmer来说还是太短了,赵玺焱,唐瑞林,李嘉锐,,False,True,8,1008,,,+1(58),-4,+(86),+1(67),,+(232),,+2(211),+1(164),+(46),+(44)
158,,哈尔滨工业大学（深圳）,潜水小怪,孙宇开,羊柯伍,梁彬,,False,True,8,1015,,-6,+4(55),-10,+(116),+(121),,+(185),,+(162),+5(105),+(47),+(44)
159,,吉林大学,砖打林鸡,陈鹏旭,王天泽,陈卓,,False,True,8,1047,,-7,+1(63),,+(121),+(86),,+(185),,+1(239),+(150),+2(73),+(50)
160,,杭州电子科技大学,2024杭电2队,徐墨凡,徐铭扬,余梓诚,,False,True,8,1061,,,+(43),,+(100),+(171),,+(225),,+(206),+5(134),+(50),+(32)
161,52,南京信息工程大学,Zoltraak,潘小康,马天顺,徐凡明,,False,True,8,1062,,,+(57),-1,+(118),+(101),,+2(255),,+1(202),+1(155),+(50),+(44)
162,,福州大学,最佳小丑,林东颖,傅安,江滢怡,,False,True,8,1066,,,+1(52),-2,+(94),+(85),,+(268),,+(138),+1(289),+(51),+1(29)
163,,北京理工大学,打饿了吃隔壁桌,彭田栩,陈鹏宇,牟星宇,,False,True,8,1083,,,+1(57),-1,+(88),+(110),,+3(265),,+(143),+3(187),+(63),+(30)
164,53,杭州电子科技大学信息工程学院,无尽的风之轨迹,杨鑫,尹凯乐,周越,,False,True,8,1087,,,+1(41),,+(99),+(116),,+10(237),,+1(177),+1(74),+(48),+(35)
165,,华中科技大学,奇思妙想,潘裕洲,苏畅,赖明恺,,False,True,8,1094,,,+1(51),-6,+(121),+2(109),,+4(313),,+(161),+(106),+(46),+(47)
166,,清华大学,成群结队,吴佰霆,石昕潼,张德洵,,False,True,8,1106,,,+2(69),,+(112),+(75),,+2(286),,+1(209),+(152),+(55),+(48)
167,,清华大学,不洁之人，不得入,谭淇心,周牧岩,王俊凯,,False,True,8,1114,,,+(63),-2,+(94),+1(92),,+4(238),,+(126),+6(195),+(55),+(31)
168,54,江苏大学,队友呢，救一下,张道正,庞政,赵安杰,,False,True,8,1114,,,+1(47),-8,+1(88),+(73),,+3(202),,+1(242),+3(142),+1(69),+(51)
169,,北京航空航天大学,一剑霜寒十四州,严禹韬,王泓翔,谭喆文,,False,True,8,1114,,,+(59),+3(261),+(146),+1(80),,-4,,+1(176),+1(131),+(68),+1(53)
170,,武汉大学,二次原,郑寒友,张弛,刘锡锐,,False,True,8,1139,,,+1(64),-3,+(108),+1(102),,+4(294),,+(182),+1(143),+(57),+(49)
171,,南京大学,屋旁的青草,陈昊洋,梁航宇,陈子达,,False,True,8,1144,,,+1(70),-11,+(141),+2(108),,+3(242),,+(188),+(168),+(63),+(44)
172,,中山大学,中山大学10队,王宇晨,陈政宇,元朗曦,,False,True,8,1159,,,+2(68),-1,+1(139),+(112),,+1(252),,+(205),+(152),+2(71),+(40)
173,55,国防科技大学,青铜时代号,李泽锴,王荣航,蒋卓彧,,False,True,8,1162,,,+(75),,+(116),+2(114),,+(214),,+(238),+2(192),+(81),+(52)
174,,南方科技大学,SUSTech_Five,钟雨薇,项楚涵,王紫漩,,False,True,8,1182,,,+1(87),+1(319),+1(117),+1(104),,+1(209),,-1,+(132),+(61),+(53)
175,56,大连理工大学,三只复健小蒟蒻,陈常杰,刘兆洲,徐昊天,,False,True,8,1199,,,+1(101),-1,+(120),+(136),,+3(260),,+(192),+(163),+2(64),+(43)
176,,西安电子科技大学,水产王,陈俊丞,孙振元,王骏杰,,False,True,8,1203,,,+(56),-1,+(104),+4(144),,+3(261),,+(186),+(210),+(59),+(43)
177,,南京大学,南小鸟,周相羽,朱家辰,贺卓宇,,False,True,8,1209,,,+(103),,+(113),+(120),,+(264),,+(281),+1(191),+(62),+(55)
178,,华东师范大学,为了拿奖金才放弃了百度之星偷鸡的机会,冯顾炜,许乐,冯嘉一,,False,True,8,1220,,,+(74),,+(121),+3(97),,+2(280),,+1(250),+(166),+(71),+(41)
179,,华东师范大学,东方homo馆,漆宇祥,范晨阳,余东桦,,False,True,8,1246,,-2,+(70),-3,+(140),+1(136),,+6(263),,+(186),+1(159),+(74),+(58)
180,57,浙江理工大学,马拉车算法算车拉马,姚仁杰,汤丰玮,卢一鸣,,False,True,8,1246,,,+(73),,+(98),+(131),,+1(315),,+(199),+2(257),+(64),+(49)
181,58,兰州大学,随便,水源,张恩彬,吕澎,,False,True,8,1260,,,+1(58),,+(139),+(88),,+(111),,+4(309),+2(197),+3(114),+(44)
182,59,西北大学,剑舞者,朱钊毅,伍俊霖,蒋宏烨,,False,True,8,1261,,,+(64),,+(106),+1(126),,+(224),,+(278),+(305),+(83),+(55)
183,,哈尔滨工业大学,风灵玉秀,陈云龙,金智威,郭昕旸,,False,True,8,1266,,,+1(59),-1,+1(155),+4(188),,+(280),,+(239),+(122),+(58),+(45)
184,,武汉大学,虎先锋三拳打碎大圣梦,卢凯宾,谷嘉良,水熙锐,,False,True,8,1273,,,+1(61),-4,+(101),+1(267),,+3(320),,+2(132),+3(91),+(55),+(46)
185,,南京大学,我打铁牌？真的假的？,黄文睿,谭泽晖,张浩淼,,False,True,8,1274,,,+(66),-2,+(122),+(81),,+2(267),,+1(133),+5(296),+2(64),+(45)
186,60,厦门大学,为王的诞生献上黄瓜,邹品聪,,,,False,True,8,1278,,,+(70),-5,+(95),+(199),,+1(242),,+1(279),+2(178),+(77),+(58)
187,,武汉大学,超高校级的xcpc玩家,徐嘉浩,柯昀志,罗岑,,False,True,8,1298,,,+(59),-2,+(89),+5(136),,+6(226),,+(201),+1(165),+1(90),+1(52)
188,,上海大学,SHU2402,房辰燏,松浩然,潘铧超,,False,True,8,1300,,,+1(49),-2,+(89),+(153),,+1(302),,+(245),+4(191),+2(78),+(33)
189,61,重庆大学,不考计算几何就摆烂,葛轩铭,陈泆君,鲁永卓,,False,True,8,1303,,,+2(62),-1,+(86),+1(229),,+(305),,+(265),+(179),+(68),+(49)
190,,杭州电子科技大学,2024杭电7队,王佳栋,刘亿臻,吴启航,,False,True,8,1304,,,+1(55),-3,+(122),+(185),,+3(276),,+(222),+2(226),+(49),+(49)
191,,杭州电子科技大学,2024杭电9队,冯松权,沈栩冉,沈泽楷,,False,True,8,1314,,,+(50),-2,+(97),+1(136),,+(340),,+2(284),+1(208),+(66),+(53)
192,,南京信息工程大学,笨蛋天才膜法师,刘一鸣,刘阳元,曹煜珑,,False,True,8,1314,,,+(61),,+(123),+(141),,+1(354),,+1(301),+(219),+(45),+(30)
193,62,福建理工大学,猿农舟,郑晟睿,林舜华,陈鹏,,False,True,8,1317,,,+(65),-3,+2(123),+3(258),,+1(236),,+(141),+3(190),+1(56),+(48)
194,63,河海大学,我的acm铁牌物语果然有问题,付宏磊,朱庆刚,林桁,,False,True,8,1325,,-1,+1(55),,+(109),+1(145),,+3(331),,+(245),+2(210),+(62),+(28)
195,,西安电子科技大学,什么都不会也能参加ACM吗？,汤修齐,潘振,吴晨,,False,True,8,1329,,,+1(73),-2,+(150),+(160),,+1(226),,+2(279),+4(187),+(60),+(34)
196,64,浙江科技大学,星光算法馆,范思哲,孙以恒,杨佳涵,,False,True,8,1345,,,+(64),,+(129),+(103),,+(298),,+1(345),+1(249),+(67),+(50)
197,,同济大学,本来挺喜欢ACM的,孙治弘,刘依扬,张乐天,,False,True,8,1356,,-7,+1(67),,+(106),+(136),,+4(291),,+1(241),+1(245),+(70),+(60)
198,,北京理工大学,重生之我是姜萍,张智文,金典,黄冠泽,,False,True,8,1356,,,+(64),,+(104),+2(203),,+(270),,+(324),+2(225),+(52),+(34)
199,,东南大学,不知道叫啥名,靳赫涛,杜鑫研,毛周祥,,False,True,8,1361,,,+1(75),-1,+(147),+5(296),,+(223),,+(191),+2(130),+(74),+(65)
200,,中国科学技术大学,布吉岛,张以诺,郑心舟,戎峻泽,,False,True,8,1365,,,+3(83),-2,+(99),+1(162),,+3(311),,+(231),+(183),+1(84),+(52)
201,,吉林大学,为什么要有队名,孔泉智,徐梓博,席乐媛,,False,True,8,1369,,,+(66),-4,+(98),+1(275),,+3(161),,+(302),+1(206),+2(67),+(54)
202,,浙江理工大学,炉石新晋肺癌一哥,张莉曼,王显龙,陶稼辉,,False,True,8,1374,,,+(48),+3(273),+(127),+(311),,,,+(230),+2(166),+(67),+(52)
,,成都市树德中学,放手一搏,黄亦石,赵思诚,叶东南,,False,False,8,1374,,,+1(93),,+(113),+1(137),,+3(326),,+(226),+3(189),+(75),+(55)
203,,同济大学,登神长阶,张翔,林鑫宇,王琨瑀,,False,True,8,1381,,,+(61),,+(130),+(70),,+2(358),,+(258),+2(324),+(50),+(50)
204,,上海大学,SHU2403,耿鹏成,张学鹏,周子竣,,False,True,8,1397,,-2,+1(68),,+3(119),+(249),,+4(227),,+(281),+2(145),+(54),+(54)
205,,华南理工大学,洛杉矶糊人,李建成,董宏远,严浩文,,False,True,8,1406,,,+2(71),-1,+1(149),+1(106),,+5(266),,+1(267),+(178),+1(108),+(41)
206,,西安交通大学,事已至此，先炸评测机吧,封鸿焱,王君睿,姜宇骋,,False,True,8,1409,,,+1(59),-4,+(72),+(251),,+(313),,+(227),+4(278),+(48),+1(41)
207,,杭州电子科技大学,2024杭电8队,金佳栋,余邦轩,许钟乐,,False,True,8,1412,,,+1(54),-1,+1(96),+1(210),,+3(344),,+1(338),+(124),+(63),+(43)
208,,中山大学,中山大学9队,张温楷,游少濠,李景楠,,False,True,8,1423,,,+2(82),-2,+(181),+2(124),,+9(338),,+(151),+4(137),+(41),+(29)
209,,杭州电子科技大学,2024杭电6队,张劭晗,陈煜,阮虹涛,,False,True,8,1426,,,+2(69),-1,+(102),+1(165),,+6(330),,+1(280),+(178),+(56),+(46)
210,,华南理工大学,原根,马成均,邵弈,欧天毅,,False,True,8,1448,,-1,+(63),+1(313),+(100),+1(245),,+2(238),,+(279),,+2(54),+(36)
211,,武汉大学,学习使我快乐_早八使我自律_晚十使我清醒,苌子杰,毛一凡,王舒睿,,False,True,8,1449,,,+1(59),,+(121),+1(313),,+1(230),,+1(304),+(207),+(74),+(61)
212,,华中科技大学,冒泡猫虫,王尊玉,卞曜洋,吴佳黎,,False,True,8,1449,,,+4(61),,+(138),+2(115),,+3(243),,+2(348),+1(224),+(44),+(36)
213,,浙江师范大学,ZJNU_12队,潘锦桦,俞天琦,翁一栋,,False,True,8,1452,,,+(81),,+(127),+1(188),,+3(327),,+2(233),+(260),+(70),+(46)
214,,四川大学,拼图,陈凯奇,杨卓,林宸,,False,True,8,1456,,,+(66),,+(48),+5(116),,+7(327),,+6(219),+1(150),+1(75),+(55)
215,,中国科学技术大学,白日梦想家,王怡钧,蔡俊成,高君祚,,False,True,8,1456,,,+2(62),+2(341),+(72),-4,,+2(303),,+(206),+(213),+1(68),+(51)
216,65,燕山大学,塔山之巅,孙振轩,李一阳,吴亚楠,,False,True,8,1460,,,+1(45),-1,+1(136),+5(185),,+3(284),,+(243),+1(220),+1(78),+(29)
217,,中山大学,中山大学11队,郑少怀,郭翊涛,杨志宸,,False,True,8,1461,,,+(71),,+(102),+(162),,+(332),,+(291),+3(341),+(58),+(44)
218,66,西北工业大学,#N/A,张天翔,牛马思元,王景珩,,False,True,8,1467,,-1,+2(74),,+(104),+2(217),,+1(312),,+1(279),+(182),+(62),+3(57)
219,,复旦大学,无限螺旋,刘浩然,丁以恒,郭颖,,False,True,8,1471,,,+1(65),+1(359),+1(123),+1(204),,+1(291),,+(199),-1,+(69),+(61)
220,,南京大学,广告位招租,邓铭越,郦恒仪,程星智,,False,True,8,1477,,,+2(67),,+(105),+1(152),,+2(294),,+(285),+2(327),+(60),+(47)
221,,西安交通大学,宇宙将为你闪烁,王禹皓,邓熙健,石皓文,,False,True,8,1480,,,+(67),,+(96),+4(284),,+7(206),,+(319),+(149),+(94),+(45)
222,,清华大学,休闲大队,贾朝蓬,冷滟泽,骆科运,,False,True,8,1493,,,+6(130),,+(89),+(136),-1,+2(325),,+(179),+4(267),+(81),+(46)
223,,福州大学,不AC不睡觉,丁杰,李盈盈,黄思睿,,False,True,8,1501,,,+(62),,+(193),+2(180),,+2(293),,+(326),+2(228),+(55),+(44)
224,,北京大学,黑神话悟能,张开泰,陈伯轩,袁晓坤,,False,True,8,1508,,,+(69),-14,+(102),+5(114),,+6(288),,+(189),+5(244),+2(88),+(54)
225,67,北京林业大学,上林花似锦,付耀刚,余行健,张锦秀,,False,True,8,1534,,,+1(53),,+1(122),+4(253),,+3(342),,+(233),+2(204),+(61),+(46)
226,,同济大学,闪电旋风劈,谭兆辰,曾熠辰,周耀佳,,False,True,8,1546,,,+2(89),,+(113),+8(306),,+1(220),,+2(282),+1(164),+(60),+(32)
227,68,湖南科技大学,万万大宝贝,万佳文,文帅,李中钰,,False,True,8,1589,,,+1(64),,+(160),+1(129),,+10(355),,+1(277),+(202),+1(90),+(32)
228,,杭州电子科技大学,2024杭电4队,罗传杰,俞越,张雨泽,,False,True,8,1591,,,+(43),-5,+(79),+6(325),,+4(260),,+(287),+3(176),+3(72),+(29)
229,,东北大学秦皇岛分校,最澄澈的空与海,王若翔,邓逸飞,唐德斌,,False,True,8,1602,,,+2(58),,+(342),+(279),,+(337),,+(255),+(114),+2(98),+(39)
230,,华中科技大学,懒大王,潘喆,刘正航,向恩泽,,False,True,8,1605,,,+(52),+2(246),+1(99),-9,,+(260),,+(310),+7(347),+(54),+(37)
231,,西安交通大学,锦筝叹,曹思宇,钟宇,李牧远,,False,True,8,1609,,,+(56),,+(94),+1(110),,+2(334),,+5(347),+7(245),+1(71),+(32)
232,,南京理工大学,混沌蝴蝶,丁则文,王一萌,吴俐伽,,False,True,8,1619,,,+3(66),,+(103),+1(241),,+(310),,+(354),+2(298),+(70),+(57)
233,,西安交通大学,萨摩耶空间站站长今天买什么,胡辰同,林沫非,李彧闻,,False,True,8,1624,,,+(85),-1,+(152),+2(164),,+5(297),,+(256),+3(337),+(75),+(58)
234,,北京大学,我要玩黑吗喽,苏政鑫,舒俊喜,肖瑾瑜,,False,True,8,1666,,,+2(56),-3,+(133),+(95),,+7(354),,+(245),+6(281),+2(129),+(33)
235,,华中科技大学,长夜杯空,万睿朋,邓本永,李鑫,,False,True,7,754,,,+1(43),-5,+(100),+1(67),,+2(203),,+1(136),-11,+(55),+(50)
236,,南京大学,不敢苟铜,熊俊淇,李方泽,陈哲敏,,False,True,7,766,,,+(52),,+(131),+1(138),,+(107),,-6,+2(180),+(63),+(35)
237,,清华大学,天宫抛物,孙乐然,何珈玮,陈卓裕,,False,True,7,787,,-6,+(56),,+1(195),+(95),,-7,,+1(193),+1(85),+(58),+(45)
238,,浙江工业大学,choke豁免检定大成功,鲍成,罗志炜,叶瑞阳,,False,True,7,811,,-6,+(64),,+(107),+1(94),,+(189),,-3,+(205),+1(67),+(45)
239,,厦门大学,XMU01,栾英石,,,,False,True,7,827,,-7,+(70),,+(81),+(165),,+1(228),,-10,+(142),+(63),+(58)
240,69,衡阳师范学院,望春风,林红历,戴璐瑶,郑庆,,False,True,7,863,,,+(69),+1(71),+1(125),,,+1(194),,,+2(209),+(63),+(32)
241,70,上海科技大学,二刺猿黑猴在地平线上飙筋斗云,王鹏程,徐振羽,李怡蕙,,False,True,7,931,,-2,+1(67),-1,+1(135),+1(97),,,,+(251),+1(183),+(89),+(29)
242,71,华南农业大学,公司写题跟nm偷情一样,梁嘉俊,何勤政,陈国豪,,False,True,7,933,,,+1(57),,+(89),+(160),,+(302),,-16,+1(212),+(44),+(29)
243,72,沈阳理工大学,亻尔 女子,茅泉浩,闻家尉,相一衡,,False,True,7,934,,,+1(60),,+(83),+(98),,+3(198),,-4,+2(277),+(54),+(44)
244,73,上海理工大学,安云染街 客语佳辰,董柯演,张皓宇,吴佳霖,,False,True,7,940,,-4,+1(57),-1,+(118),+1(103),,-3,,+2(289),+(154),+1(71),+(48)
245,,东南大学,西西弗斯,刘一鸣,何辰玮,王俊迪,,False,True,7,943,,,+2(68),-7,+(90),-1,,+5(331),,+(165),+(81),+(40),+(28)
246,,复旦大学,重生之塔菲先别急喵,谢锦树,张勖扬,柯炳屹,,False,True,7,950,,,+1(71),-6,+(135),+1(218),,-4,,+(180),+2(168),+(57),+(41)
247,,吉林大学,结构化查询语言,苏睿杰,刘昱,邱天,,False,True,7,957,,,+2(51),-3,+(111),+(169),,-1,,+4(238),+(150),+(63),+(55)
248,,山东大学,复方金银花颗粒,陈子载,程前,吴浩明,,False,True,7,972,,-4,+(63),-1,+(134),+1(209),,+1(289),,,+1(106),+(67),+(44)
249,,华中科技大学,真的没摆烂,郭际泽,李凌凯,赵佳义,,False,True,7,999,,,+1(56),,+1(92),+(145),-1,-3,,+1(216),+5(226),+(59),+(45)
250,,南方科技大学,南方科技大学-特隆赫姆,殷铭轩,曾沛宸,娄午尘,,False,True,7,1003,,-1,+1(53),,+(98),+2(136),,-7,,+2(301),+1(159),+1(66),+(50)
251,,华南理工大学,队长带我打名额,刘浩然,陈鹏,洪家欣,,False,True,7,1007,,,+(61),,+(99),+(166),,+3(287),,,+1(217),+(52),+(45)
252,,中山大学,中山大学7队,谭栋泽,吴振熙,万耀文,,False,True,7,1008,,,+(68),,+(106),+2(122),,-8,,+2(273),+3(159),+(72),+1(48)
253,,东北大学,东北大学_努力能力与未来,谢天石,张佳栋,黄宇帆,,False,True,7,1012,,,+2(63),,+1(107),+(106),,,,+(298),+1(257),+(51),+(50)
254,,北京理工大学,阿夸滑滑蛋喝冰红茶,李嘉政,李轩宇,彭程,,False,True,7,1021,,,+2(66),,+(111),+(270),,-1,,+(189),+2(199),+(54),+(52)
255,,中国科学技术大学,夜旅号,杨思汗,黄盛唐,刘畅,,False,True,7,1022,,-5,+2(69),-6,+(104),+1(157),,,,+(241),+3(219),+(65),+(47)
256,74,苏州大学,fzcsyglq,韩则进,周进一,李承庚,,False,True,7,1028,,,+2(80),,+(141),+2(168),,+3(66),,-7,+(217),+3(102),+(54)
257,,哈尔滨工业大学,海星罐头,周书扬,李志轩,杜宇丰,,False,True,7,1034,,,+(50),,+(149),+(107),,-5,,+3(331),+(246),+(56),+(35)
258,75,西湖大学,Waiting for a four-year date,楼鑫浩,刘振豪,陈子乐,,False,True,7,1036,,-9,+(60),,+(110),+1(173),,+2(341),,+(212),-5,+(49),+(31)
259,,南京大学,随家仓,樊书岩,邓淇,李承泽,,False,True,7,1040,,,+2(74),-1,+(107),+1(153),,,,+(228),+(281),+(79),+(58)
260,76,南京邮电大学,njupt24team003,胡乐安,崔晨曦,赵聿祺,,False,True,7,1058,,,+(61),-3,+(87),+1(222),,+(147),,+4(351),,+(45),+(45)
261,77,武汉纺织大学,我的青春AC物语果然没有恋爱,刘洋,裘贺宝,周黄灏,,False,True,7,1067,,-1,+1(49),-1,+(121),+1(157),-1,-4,-1,+1(340),+2(193),+(65),+(42)
262,,四川大学,在线光速幂,刘宇凡星,罗实,韩子睿,,False,True,7,1075,,,+(44),-3,+2(103),+(152),,,,+(284),+6(249),+(54),+(29)
263,,华中师范大学,弘文了,张凯文,杨波,汪祺祺,,False,True,7,1083,,,+(53),,+(101),+(219),,+3(324),,,+(212),+(64),+(50)
264,,南京大学,乱翘键盘,陈端锐,张植翔,葛文清,,False,True,7,1088,,,+1(59),,+(99),+2(97),,+5(308),,+2(207),,+1(68),+(30)
265,78,东华大学,不可视境界线,金浩帆,杨韵清,侯迦得,,False,True,7,1102,,,+1(86),-2,+(130),+1(274),,,,+3(242),+(157),+(70),+(43)
266,79,宁波职业技术大学,你不能拿我们和那些本科队伍比,王泽宇,吕扬盛,陈科朋,,False,True,7,1104,,,+3(67),,+(121),+1(180),,,,+(314),+1(232),+(49),+(41)
267,,国防科技大学,听党指挥,刘宇林,宋怀源,杨泽,,False,True,7,1111,,,+2(93),,+(134),+(156),,-2,,+(279),+1(235),+1(81),+(53)
268,,西安交通大学,WA 症候群,黄万平,封俊宇,薛楠恺,,False,True,7,1125,,,+(52),+2(348),+1(117),+(257),,,,+(189),-6,+(61),+(41)
269,80,哈尔滨工业大学（威海）,为帅比学长征婚QQ2216541094,李泳明,姚天奇,陈子铭,,False,True,7,1128,,,+1(64),,+1(110),+(156),,-5,,+1(266),+5(246),+(57),+1(49)
270,,中国科学技术大学,可爱白毛萝莉,孙旭磊,殷跃然,曾昱嘉,,False,True,7,1129,,,+3(98),-10,+(121),+1(212),,,,+(236),+2(165),+(106),+(71)
271,81,中国地质大学（北京）,不时以暴力写算法的邻座铁牌同学,许兴城,滕俊宁,盖林,,False,True,7,1133,,,+1(58),,+(126),+1(98),,-5,,+1(297),+5(248),+(65),+2(41)
272,,华中科技大学,起名字好难,郭梓洋,刘嘉恒,王子石,,False,True,7,1138,,,+1(56),,+(96),+1(114),,+4(358),,,+1(272),+(62),+(40)
273,,华中科技大学,五个月了不会喝果冻,吴高宇,李秉翰,黄国栋,,False,True,7,1144,,,+1(84),,+(55),+(303),,+2(257),,+1(209),-10,+(97),+(59)
274,,东北大学秦皇岛分校,鸡鸣湖畔,司伟业,张昱东,张裕博,,False,True,7,1148,,,+1(63),,+1(142),+2(145),,+(306),,+(227),-6,+3(82),+(43)
275,82,杭州师范大学,春天的草莓和夏天的啤酒花,林丰,邵茹怡,尤馨然,,False,True,7,1154,,,+1(73),,+(132),+(233),,+1(309),,,+1(208),+(96),+(43)
276,,深圳大学,蓝桥杯深圳总部,张少南,马午寅,陈洋琛,,False,True,7,1155,,,+1(84),,+(116),+(245),,+(339),,-3,+(227),+(63),+(61)
277,,南方科技大学,SUSTech_Four,徐晨熠,彭致远,王扬皓,,False,True,7,1161,,,+3(58),,+1(97),,,+3(306),,+1(229),+2(169),+(57),+(45)
278,,西安电子科技大学,喵亦或鱼,谢睿杰,冯子诚,文童宇,,False,True,7,1164,,,+1(50),,+(105),+(182),,+2(257),,,+1(357),+(66),+1(47)
279,83,中国石油大学（北京）,天不怕地不怕,姜致远,林昱辰,仝泰旻,,False,True,7,1167,,,+1(60),,+(121),+1(164),,+(293),,,+1(306),+1(103),+(40)
280,84,重庆理工大学,重理工1,许润峰,于张本,张洋,,False,True,7,1171,,,+(32),,+(141),+(252),,+3(333),,,+2(229),+(48),+(36)
281,,哈尔滨工业大学（威海）,帅比队长继续征婚QQ2216541094,解裕懋,李义朋,沈晨阳,,False,True,7,1184,,,+2(82),,+(92),+1(180),,-2,,+3(305),+(256),+2(64),+(45)
282,,武汉大学,终末旅行,厉汪扬,解丛语,李澍,,False,True,7,1184,,,+1(79),,+(161),+3(129),,,,+(221),+3(330),+(64),+(60)
283,,中国科学技术大学,我们真的热爱数学,乐屈毅,黄星皓,赵星宇,,False,True,7,1190,,,+4(115),+(300),+(208),+3(224),,,,,+(102),+(59),+(42)
284,,南京大学,九九,许世泽,张宸源,朱伟鹏,,False,True,7,1195,,,+2(84),,+1(141),+(177),,+(283),,,+(312),+(83),+(55)
285,,浙江工业大学,ZJUT7,谢宇韬,陆仙梁,冯梓航,,False,True,7,1195,,,+1(58),,+(110),+(293),,+(260),,,+(348),+(62),+(44)
286,,浙江师范大学,分秒易逝，V我5时,刘思源,敖浩博,兰博望,,False,True,7,1198,,-5,+2(138),,+(148),+(205),,-2,,+1(274),+1(228),+(80),+(45)
287,,山东大学,复活吧，我的 yc,俞程,钟以楠,陈方航,,False,True,7,1206,,,+(71),-3,+(111),,,+3(348),,+(186),+4(176),+(79),+1(75)
288,85,福建师范大学,杰尼龟快使用飞叶快刀,夏子洋,柯培垚,王潇,,False,True,7,1217,,,+2(55),,+(119),+2(297),,+7(343),,,+(92),+(47),+(44)
289,86,中国民航大学,合法队名选择器,崔凌宵,陆浩楠,颜一鸣,,False,True,7,1224,,,+(83),,+(114),+2(320),,+1(273),,,+1(207),+1(71),+(56)
290,,华中科技大学,旅游启动！！！,冯业齐,储昭晗,彭雨洋,,False,True,7,1231,,-3,+2(54),,+1(113),+(246),,+4(302),,+1(198),-1,+2(65),+(53)
291,,山东大学,攻击性没有还低能的要死,周何,王在烜,许蕴朴,,False,True,7,1237,,,+(77),,+(105),+2(177),,+4(260),,,+(333),+2(72),+(53)
292,,南方科技大学,SUSTech_Six,刘睿涵,王海粼,李佳霖,,False,True,7,1237,,,+1(65),,+2(192),+2(334),,-6,,+(258),+(168),+(68),+(52)
293,87,湖南理工学院,流泪猫猫头,金烜宇,梁韧,林卫昱,,False,True,7,1243,,,+(55),,+1(126),+(220),,-3,,+1(283),+(310),+4(84),+(45)
294,,同济大学,君与构造与构造之恋,李烨,鲁浩宇,杜宇轩,,False,True,7,1252,,,+1(91),,+(111),+2(199),,+7(306),,-1,+(170),+(88),+(87)
295,88,大连海事大学,牛刀小试,周晨枫,任毅,张雨露,,False,True,7,1255,,,+1(60),,+1(176),+3(204),,+3(323),,,+(239),+(50),+(43)
296,89,合肥工业大学,漠北行舟,张力中,丁帅,王雅典,,False,True,7,1266,,,+2(70),,+(97),+2(159),,+6(323),,,+2(264),+(66),+(47)
297,90,西北农林科技大学,nwafuteam,蔡祺峰,张益诚,寻真,,False,True,7,1266,,,+1(56),,+(83),,,+2(308),,+(358),+4(200),+1(62),+(39)
298,,北京交通大学,世纪难题,周一鸣,孙宁,邬健翔,,False,True,7,1281,,,+2(85),,+1(214),+1(323),,+2(286),,,+(142),+(63),+(48)
299,91,广州大学,i * i = -1,吴梓涵,黎俊豪,谢艺瀚,,False,True,7,1309,,,+(65),,+1(120),+2(352),,+2(311),,,+3(213),+(51),+(37)
300,,同济大学,于离别之朝束起约定之花,靳嘉成,吴晶承,刘诗奇,,False,True,7,1317,,,+3(128),,+(111),+(160),,,,+(206),+3(353),+2(149),+(50)
301,92,湖南城市学院,陆乃乃子乃子虎视眈眈,杨港宇,王钦荣,陆昌坤,,False,True,7,1342,,,+1(58),,+1(142),+2(291),,+2(346),,,+3(247),+(44),+(34)
302,93,郑州大学,郑大一队,赵圣元,乔培元,梁志杰,,False,True,7,1351,,,+1(59),,+(123),+(281),,,,+6(335),+(344),+(46),+(23)
303,,南京大学,然后，下一题即将通过,邓振霄,鞠哲,缪天顺,,False,True,7,1351,,,+(74),,+3(128),+(93),,+8(355),,+3(305),-3,+(66),+(50)
304,,南京大学,该名称已被占用,罗荣鑫,卢林强,汪文韬,,False,True,7,1394,,+8(353),+2(57),,+(162),+2(152),,,,+(282),-5,+(87),+(61)
305,,北京理工大学,过了样例也不队,邬宇炼,王舒晗,何大鹏,,False,True,7,1429,,,+2(67),+4(359),+1(158),-1,,+1(264),,+1(291),-3,+(61),+(49)
306,94,上海师范大学,你用着二次元头像说我是二次元？,林彬,王刚,李至峰,,False,True,7,1453,,,+4(120),,+(90),+2(173),,+11(342),,+2(231),-16,+(66),+(51)
307,,西北工业大学,小甜甜,邹嘉豪,李可期,钟涛宇,,False,True,7,1533,,,+2(101),,+(266),+1(159),,+13(354),,,+(187),+(94),+(52)
308,,上海理工大学,煌煌威灵 照彻万川,黄毅帆,章振杰,龚丞思,,False,True,7,1854,,,+1(57),,+(195),+2(168),,+24(346),,,+1(333),+3(89),+(46)
309,95,安徽大学,嗷呜嘎嘎,桑浩翔,胡明道,张嘉怡,,False,True,6,627,,,+(74),,+(99),+(151),,,,,+(211),+(61),+(31)
310,,东北大学,东北大学_好果汁,刘格显,房田峰,贺康,,False,True,6,629,,,+(51),,+(153),+(112),,-4,,,+(216),+(74),+(23)
311,,湘潭大学,夜曲,曾庆鑫,卓越,叶祖晨,,False,True,6,636,,,+(49),,+(115),,,+3(208),,-13,+(67),+(72),+1(45)
312,,中国科学技术大学,烧烤队列,于泳昊,楼元培,,,False,True,6,681,,,+1(52),,+1(123),+1(136),,,,+(240),-8,+(40),+(30)
313,,华中科技大学,相信你的注册中心,毛嘉琛,雷昕延,马瑞暄,,False,True,6,686,,,+2(68),,+(129),+2(110),,-12,,+(196),,+(55),+(48)
314,,西湖大学,Mathematics Bomber,汪阳,贾岚晴,俞开,,False,True,6,692,,-4,+1(65),,+(133),+2(138),,-4,,,+(172),+(83),+(41)
315,,山东大学,芝士队名,吴一豪,王政骁,王路阳,,False,True,6,693,,,+(64),,+(97),+1(135),,,,-9,+2(241),+(56),+(40)
316,,安徽大学,罚时冠军,周礼阳,高源,张允成,,False,True,6,725,,,+2(69),,+(112),+(208),,-9,,,+(171),+(74),+(51)
317,,武汉大学,无言的宇宙,金润禾,孙阳光,张涵,,False,True,6,726,,,+(76),,+(136),+1(108),,-2,,-5,+2(201),+(87),+(58)
318,,浙江理工大学,浙理不队,项帅,张浩,章智博,,False,True,6,761,,,+(53),,+1(105),+(176),,+2(261),,-6,,+(63),+(43)
319,,北京航空航天大学,fumofumo,段岳辰,张子昱,任一杰,,False,True,6,772,,,+(57),,+(122),,,,,+1(263),+1(173),+(73),+(44)
320,,北京理工大学,v我50带你看下北泽沼气动力猪头少年,黄俊超,赵一辰,刘洲甫,,False,True,6,782,,,+1(68),,+(160),+(124),,,,,+1(280),+(60),+(50)
321,,南开大学,为什么要演奏acm,陈馨颍,陈伯远,曲恒睿,,False,True,6,784,,,+(61),,+1(100),+1(154),,-5,,-3,+3(260),+(66),+(43)
322,,华南理工大学,这发不AC我当场把电脑吃掉,罗子健,王雅恒,叶文煜,,False,True,6,789,,,+2(60),,+(142),+1(136),,-4,,+(268),-5,+(94),+(29)
323,,上海科技大学,学大技科海上,陈籽安,何宗原,戚桐瑜,,False,True,6,799,,,+1(75),,+(154),+1(265),,,,+(163),-3,+(61),+(41)
324,,华中科技大学,HCL,卢逸飞,黄云昊,陈神爱,,False,True,6,801,,,+1(72),,+(79),+(227),,-2,,,+2(244),+(69),+(50)
325,,湘潭大学,训练两年半，何日上绿名,方云卓,谢东骏,谢先皓,,False,True,6,825,,,+(76),,+(107),+2(332),,-10,,,+(141),+1(61),+(48)
326,,西湖大学,GLORY: CCPC,严密,杨宇恒,袁嘉骏,,False,True,6,826,,-14,+1(108),-9,+(116),+1(138),-15,-13,-7,+1(258),-6,+(96),+(50)
327,,华中师范大学,空天之梦,曾位俊,郑壹腾,邱俊凯,,False,True,6,827,,,+1(69),,+(152),+(104),,,,+2(318),-2,+(62),+(62)
328,,电子科技大学,UESTC_老东西,王振波,常铭,郑力文,,False,True,6,831,,,+(66),,+(110),-1,,,,+2(335),+(163),+(68),+(49)
329,,中国科学技术大学,苕玩点原神,孙悦淳,金天昊,赖浩宸,,False,True,6,834,,,+1(59),,+(71),+5(198),,-22,,,+2(243),+(57),+(46)
330,96,北京师范大学,乘三成队,张明杨,季涛,吕祖峰,,False,True,6,839,,-5,+1(58),,+(147),+1(106),,,,,+2(331),+(68),+(49)
331,,苏州大学,RE 手动机,刘昕宇,沈杨卓凡,陈顾漪,,False,True,6,842,,,+(78),,+(163),+1(127),,+3(284),-1,-2,-1,+(67),+(43)
332,97,哈尔滨理工大学,哈理工2024Y11,王令开,刘泽旭,李晶洋,,False,True,6,845,,,+2(78),,+(168),+(180),,,,,+(290),+(60),+(29)
333,,南京航空航天大学,DML,沈运之,邵嘉奇,任衍硕,,False,True,6,852,,,+(46),,+(74),+1(221),,-3,,,+1(343),+(77),+(51)
334,,大连理工大学,我没有想法,刘博文,金鑫宇,连茗暄,,False,True,6,860,,,+2(66),,+1(176),+(210),,,,,+(167),+1(111),+(50)
335,98,西安理工大学,神秘的力量,马铭源,金钰奇,王颢焓,,False,True,6,863,,-1,+1(75),,+1(130),+3(283),,-1,,,+(171),+(63),+(41)
336,99,华南师范大学,变出队名的魔法,温则葆,蔡润钦,余昕烨,,False,True,6,868,,,+2(59),,+(138),+1(231),,,,+(243),-9,+(89),+(48)
337,,中南大学,大鸟 zig zig zag,高雨涵,朱天乐,文启智,,False,True,6,872,,,+1(76),,+1(125),-2,,-5,,+3(248),+2(204),+(49),+(30)
338,100,东北农业大学,谁敢向我挑衅？网络赛专用高胜率起手已配,庄原,田毅,侯宇,,False,True,6,872,,,+(60),-5,+(225),+1(135),,,,,+(280),+1(86),+(46)
339,,苏州大学,汉汉欧欧手,王宇轩,肖锦嗣,周逸扬,,False,True,6,874,,,+(60),,+(102),,,+4(260),,,+2(219),+(64),+(49)
340,,上海科技大学,嘉然今天吃嘉心糖,黄磊,张亦弛,胡艾博,,False,True,6,877,,,+1(58),-3,+1(144),+2(187),,,,,+(211),+2(94),+(63)
341,,北京师范大学,苹果狗,陈志锐,罗一粟,王儒斌,,False,True,6,877,,,+2(68),,+(84),,,,,+2(171),+4(268),+(82),+(44)
342,101,中国科学院大学,啥,石曜铭,吕安哲,尤俊翔,,False,True,6,883,,,+2(74),,+(98),+(137),,,,+4(341),-10,+(68),+(45)
343,,西北工业大学,憧憬成为算法少女,甘云帆,刘雨萱,吴语,,False,True,6,884,,,+1(82),,+(136),+(278),,,,,+1(231),+(69),+(48)
344,,华南理工大学,Magically WA,涂序有,黄子豪,吴友郅,,False,True,6,888,,,+(61),,+(128),+1(203),,-34,,,+1(342),+(69),+(45)
345,,南京大学,哥布林,徐梓鸣,李熠城,彭钰朝,,False,True,6,890,,,+(63),,+(144),+1(238),,-2,,+2(240),-4,+(78),+(67)
346,,北京理工大学,结束乐队,王学康,唐珈玮,刘恒溥,,False,True,6,893,,,+1(78),,+(113),+(202),,,,+1(344),,+(66),+(50)
347,,电子科技大学,UESTC_风沙星辰,李星遥,许庆山,李雨斌,,False,True,6,898,,,+(54),,+(144),+(274),,-2,,+3(212),-1,+(94),+(60)
348,102,广西大学,这一发·贯穿星辰,李周详,梅松,孙怿翔,,False,True,6,914,,,+1(69),-1,+(115),+(206),,,,,+3(347),+(53),+(44)
349,,南方科技大学,南方科技大学-斯塔万格,王惠民,李滨,丁哲昊,,False,True,6,915,,-3,+1(88),,+(127),,,+2(323),,,+1(175),+(69),+(53)
350,,深圳大学,秋秋你给我块金牌吧，我什么都绘做的,王荟斐,蔡子健,邹瀚泓,,False,True,6,928,,-2,+2(87),,+(110),+2(313),,-3,,,+1(190),+(80),+(48)
351,,华东师范大学,河东食堂转生队,沈崇焕,刘俊毅,刘昕东,,False,True,6,930,,-2,+1(77),-1,+(178),+2(197),,,,+1(294),-1,+(61),+(43)
352,,四川大学,来计院只为夺金,钟诚,张麒豫,刘泽勋,,False,True,6,933,,,+(73),,+(112),+4(269),,-6,,+1(257),,+(61),+1(41)
353,,合肥工业大学,天天做早操队,王腾昊,韩昆桦,舒雨飞,,False,True,6,935,,,+(63),,+(272),+4(191),,-2,,,+(202),+(84),+(43)
354,103,江西理工大学,你是我遥不可及的梦,简政,司佩东,张宇凡,,False,True,6,939,,,+2(67),,+(143),+1(206),,,,-1,+2(324),+(53),+(46)
355,104,浙大城市学院,冬雪涟,郭申申,鲁俊杰,张洋鸣,,False,True,6,941,,,+1(69),,+(145),+1(241),,+1(293),,,,+1(79),+(34)
356,,深圳大学,不要找我打什么黑吗喽我要学算法打比赛OK?,查凯文,刘骐华,佘洽聪,,False,True,6,946,,,+2(82),,+(123),+(196),,,,,+2(320),+1(79),+(46)
357,,电子科技大学,UESTC_PenaltyAutomaton,吕东阳,傅若山,邹子成,,False,True,6,946,,,+1(69),+(86),+(263),-11,,,,,+4(320),+(59),+(49)
358,,北京理工大学,卡批炉批和穹批,梁思源,李昂,郑润哲,,False,True,6,951,,-8,+5(81),,+(132),+2(252),,,,,+2(169),+1(78),+(39)
359,,山东大学,你有这样高速运转的机械进入软件园,孙语聪,燕学烨,孙广宸,,False,True,6,952,,,+3(76),,+(139),+(326),,,,,+(218),+(52),+1(61)
360,,电子科技大学,UESTC_EndlessEmbrace,王彬丞,王鹏,余天羽,,False,True,6,959,,,+1(64),-3,+(115),+1(283),,,,-11,+2(287),+(63),+1(47)
361,,同济大学,黄渡技术幼儿园,姜乃珲,张又文,赵思铭,,False,True,6,963,,,+(72),,+(106),+2(171),,-5,,+5(331),,+(60),+1(63)
362,105,浙江农林大学,队长不会二分搜索,杨一郎,章心阳,包涵,,False,True,6,972,,,+2(80),,+(116),+3(232),,-6,,,+(332),+(64),+(48)
363,,上海科技大学,can can need 对不队,钱靖,俞喆川,杨子烆,,False,True,6,978,,,+2(78),,+1(120),+3(151),,,,,+7(242),+1(59),+(48)
364,,华中科技大学,啊哈哈哈哈,孙航雨,邱卓珩,李嘉泽,,False,True,6,979,,,+1(77),,+(186),,,+1(311),,+(241),,+(73),+(51)
365,106,长沙学院,三脸懵逼,龚珊珊,罗宝升,曾令翔,,False,True,6,981,,,+2(136),,+(167),+(299),,,,,+(193),+(103),+(43)
366,,南京航空航天大学,黄转绿,谢雨奇,王锴,匡显然,,False,True,6,987,,,+2(73),,+(103),-2,,,,+4(325),+3(204),+(54),+(48)
367,,华中科技大学,诗羽 花花 Corinth,沈明辉,冯元宁,李佩远,,False,True,6,996,,,+(80),,+(62),+3(262),,+4(325),,,-2,+(73),+(54)
368,,浙江师范大学,使一颗心免于哀伤,厉峻宏,郭宝旭,项展,,False,True,6,999,,,+3(70),,+(119),+2(345),,,,,+(203),+2(76),+(46)
369,107,西南大学,AutoC++,徐畅,马博涵,傅祥斌,,False,True,6,1000,,,+3(58),,+(245),+2(158),,-22,,,+5(231),+(60),+(48)
370,108,中国矿业大学,虔诚雏草姬每天都要对塔祷⾄昏,李岘,龚子贤,高宏智,,False,True,6,1000,,,+2(84),,+(143),+(314),,,,,+1(276),+(64),+(59)
371,,中南大学,"写都写了,交一发",周学恒,刘润田,刘鸣晓,,False,True,6,1002,,,+1(81),,+4(144),,,+(274),,-4,+1(277),+(59),+(47)
372,,南京邮电大学,njupt24team001,张禹健,冯一帆,文超航,,False,True,6,1002,,,+(53),,+(106),,,+6(244),,,+2(308),+1(66),+(45)
373,,吉林大学,划船全靠浪,武锦旗,刘凡平,赵星宇,,False,True,6,1016,,,+2(59),,+1(165),+2(159),,-10,,,+5(290),+2(79),+(24)
374,,大连理工大学,dlut01,赵一鹏,李泽与,侯硕伟,,False,True,6,1019,,,+(64),,+(98),+(285),,+4(356),,,-1,+(74),+(62)
375,,河海大学,25时、在ccpc打铁,张天浩,杜泽恩,李金涛,,False,True,6,1021,,,+3(76),,+1(170),+1(221),,,,+(327),,+(60),+1(47)
376,,华南理工大学,Fast Fast TLE,吴挺宇,吴尚鸿,甘景贤,,False,True,6,1024,,,+1(62),,+2(171),+1(303),,,,-1,+(231),+2(114),+(23)
377,,苏州大学,ZzzNotFound,周骁逸,史华睿,林昱彤,,False,True,6,1030,,,+1(81),,+(137),,,+3(293),,,+(321),+(70),+(48)
378,109,北京工业大学,铁牌也是牌,李俊良,苏阳,冯际鸣,,False,True,6,1035,,,+(91),,+(136),+2(270),,-18,,,+(294),+2(110),+(54)
379,,浙大城市学院,夏日青空,林景阳,林嘉亮,许航杰,,False,True,6,1036,,,+2(64),,+1(127),+3(342),,+2(245),,,,+(63),+(35)
380,,厦门大学,云璃，你可以吃琼实鸟串,蔡培,陈朱迪,林育立,,False,True,6,1051,,,+2(87),,+(178),+1(332),,,,,+(300),+(50),+(44)
381,,广西大学,憧憬成为原神高手,张健明,陶康,高健宁,,False,True,6,1055,,,+(63),+1(77),+2(261),-9,,+3(333),,,,+2(101),+(60)
382,,中国科学院大学,原神启动队,黄铮舸,胡格致,唐睿,,False,True,6,1060,,,+2(56),,+(175),+1(150),,,,,+11(296),+(66),+(37)
383,110,集美大学,真城,周鑫,陈文静,黄传献,,False,True,6,1061,,,+1(54),,+(147),+5(283),,,,+(306),,+(102),+(49)
384,,香港中文大学（深圳）,OZR,刘长睿,王中天,王雨菲,,False,True,6,1068,,,+2(87),,+1(114),+6(249),,,,+(316),-3,+1(56),+(46)
385,111,宁波大学,泥巴动物园,吴镇桥,沈天佑,方炫玮,,False,True,6,1076,,,+2(54),,+7(278),+(128),,,,+(340),,+(67),+(29)
386,112,华东理工大学,原来的队名太难听了所以先把这个队名填上去,乐征宇,朱晨煊,祁璟玥,,False,True,6,1082,,,+1(80),,+1(164),+2(232),,,,,+1(284),+2(129),+(53)
387,,杭州电子科技大学,2024杭电12队,乐星宇,徐吴昊,王麒润,,False,True,6,1085,,,+(62),,+(165),+1(356),,,,,+4(299),+(52),+(51)
388,,香港科技大学广州,科广汪汪汪,刘博文,吴星智,梁君豪,,False,True,6,1090,,,+(55),+3(355),+2(234),,,,,,+2(176),+1(71),+(39)
389,,浙江理工大学,小喷菇懒得喷,干佳立,余首荣,姜楠,,False,True,6,1092,,,+2(76),,+(154),-2,,+1(318),,,+6(257),+(58),+(49)
390,,南京邮电大学,njupt24team006,田晓亮,韩炜,陈卓然,,False,True,6,1101,,,+(84),,+(177),+1(255),,,,,+5(353),+(63),+(49)
391,,东北大学,东北大学_退役打铁,濮金骁,王子晗,祝云飞,,False,True,6,1103,,,+1(59),,+(230),+(204),,,,,+1(351),+3(109),+(50)
392,,南京大学,求周处放过,张成禹,王思齐,谢庆轩,,False,True,6,1109,,,+1(85),,+(106),+7(328),,+3(227),,,-5,+(80),+(63)
393,113,贵州大学,被计组乱杀的acm loser,高嘉阳,傅锦灿,史昌盛,,False,True,6,1114,,,+2(87),-1,+(161),+(349),,,,,+1(320),+(89),+(48)
394,114,河南大学,AC人生,何高磊,魏文博,李锦辉,,False,True,6,1130,,,+2(81),,+(162),+1(263),,-53,,,+4(339),+(97),+(48)
395,,哈尔滨工业大学（深圳）,算法？没会过！,徐子昂,罗千原,颜秋子,,False,True,6,1152,,,+2(184),,+(173),+(216),,-2,,+(283),,+3(145),+(51)
396,,南京邮电大学,njupt24team017,李永鑫,陈昊泽,王普立,,False,True,6,1154,,,+1(58),,+(109),+4(300),,+11(251),,,,+(80),+(36)
397,,东华大学,随便吧，你看着搞吧,陈缪鑫,彭飞,蔡晋,,False,True,6,1181,,,+(87),+3(333),+1(135),,,,,+4(306),,+1(90),+(50)
398,,南京邮电大学,njupt24team005,廖梓轩,王瑞阳,陈华柯焱,,False,True,6,1193,,,+2(80),,+(227),+2(279),,+3(355),,,,+(62),+(50)
399,,中国矿业大学,无名之辈,黄科海,梁浩均,周佳炜,,False,True,6,1200,,,+2(74),,+(288),+2(201),,,,,+(338),+1(115),+2(44)
400,,东南大学,悄然谜响,陈琳昊,黄煜杰,周子航,,False,True,6,1209,,,+(86),,+2(268),+3(242),,,,,+2(343),+(72),+(58)
401,,上海财经大学,尼采说得队,陶晟昱,朱烨成,陈建明,,False,True,6,1237,,,+1(75),,+1(231),+(284),,,,,+6(358),+(60),+1(49)
402,115,天津仁爱学院,2024CCPC网络赛队伍1,李安磊,方思源,刘征,,False,True,6,1239,,,+3(104),,+(161),+4(359),,,,,+1(287),+(126),+(42)
403,,广东工业大学,我们已经很努力想队名了,黄立韬,梁志聪,李梓灏,,False,True,6,1257,,,+(119),,+1(208),,,+9(342),,,+2(147),+2(109),+(52)
404,116,武汉工程大学,深藏blue2.0,王尔强,邱泽旭,郭翰良,,False,True,6,1265,,,+1(120),,+(175),+4(290),,,,,+1(348),+1(152),+(40)
405,,东华大学,转生成为C++卢瑟,沈兴波,谢昀辰,占宏,,False,True,6,1272,,,+1(132),,+1(173),,,+5(329),,,+4(242),+1(105),+(51)
406,117,中国计量大学,"兄弟,我想拿牌",陈忠鹏,陈家齐,陈敏,,False,True,5,418,,,+(59),,+(143),+(66),,-10,,,,+2(82),+(28)
407,118,浙江农林大学暨阳学院,zjyc1,褚茂誉,赵博渊,姜梓堉,,False,True,5,450,,,+(45),,+1(105),,,,,,+(152),+2(62),+(26)
408,119,北京化工大学,O.o,彭天祺,徐文博,黄东琦,,False,True,5,465,,,+(67),,+(83),,,,,,+(230),+(56),+(29)
409,,东南大学,打ACM打的↑↓,汪骏宇,张一林,陈乐扬,,False,True,5,489,,,+2(66),,+(147),+(110),,,,,-3,+(65),+(61)
410,,浙大城市学院,扫雷爱好者,陈至之,沈墨昕,褚锦威,,False,True,5,497,,,+(61),,+1(138),,,+1(149),,,,+(65),+(44)
411,120,中国海洋大学,No Answer of Wrong Answer,冯钰恒,张成玺,陈岳阳,,False,True,5,498,,,+1(75),,+(143),+(157),,,,,,+(58),+(45)
412,,华中科技大学,糖果酱,赵亮亮,丁易然,李嘉明,,False,True,5,499,,,+(54),-8,+(195),+(162),,,,,-7,+(44),+(44)
413,,福建师范大学,最有希望的一集,王金鹏,陈伟杰,李志锐,,False,True,5,500,,,+1(56),,+(93),,,,,,+2(160),+1(66),+(45)
414,121,阿坝师范学院,火攻,李先笙,胡航,刘付焮,,False,True,5,507,,,+(71),,+(115),+2(172),,,,,-8,+(60),+(49)
415,,香港中文大学（深圳）,新建文件夹,莫骄阳,周信言,邓有权,,False,True,5,507,,,+(62),,+(92),+3(174),,,,,,+(69),+(50)
416,122,山西大学,sxu_败犬acmer太多了！,华晓飞,刘明泽,贺文杰,,False,True,5,517,,,+(67),-6,+(56),+(239),,,,,,+1(84),+(51)
417,,西湖大学,Elderly sightseeing tour,周扬帆,王浩择,周子涵,,False,True,5,520,,,+(63),,+(103),+3(196),,,,,-5,+1(50),+(28)
418,,大连理工大学,dlut02,梁彦君,赵子尧,范辰一,,False,True,5,521,,,+(45),,+1(151),+(208),,,,-4,,+(66),+(31)
419,,大连理工大学,dlut09,刘杰,贾乾坤,梁蛟源,,False,True,5,529,,,+1(63),,+(103),+1(215),,-713,,,-16,+(57),+(51)
420,123,山东师范大学,多压力队友才会有好成绩,李浩,李睿琦,孙兆政,,False,True,5,543,,,+1(58),,+(97),-4,,,,+(276),,+(56),+(36)
421,,浙江师范大学,干翻别人队,赵欣雨,汪暄暄,陈佳宜,,False,True,5,546,,,+1(58),,+(116),+(235),,,,,,+(80),+(37)
422,,中国科学技术大学,黑曼巴:出去,刘彦宏,叶力天,解亿凡,,False,True,5,555,,-1,+(78),-1,+1(106),+3(174),-1,-7,-1,-1,-2,+(68),+(49)
423,,电子科技大学,UESTC_正在验证您是否是真人,汤宗铉,李果,林子豪,,False,True,5,557,,,+1(72),,+(117),+1(233),,,,,,+(58),+(37)
424,,浙江工业大学,今亦求金,周泳良,闵士轩,罗一鸣,,False,True,5,559,,-5,+(65),,+(139),,,+(251),,,,+(53),+(51)
425,,浙江工业大学,队长求你别考公了啊,黄陈兆鋆,朱科睿,苏雨钦,,False,True,5,560,,,+(58),-2,+1(92),-9,,+(264),,,,+1(70),+(36)
426,124,河南师范大学,Pal Team,冯常林,荆文超,徐熙涵,,False,True,5,560,,,+(50),,+(107),,,-10,,,+(309),+(65),+(29)
427,,深圳大学,SZU_SUZ_ZUS_ZSU_USZ_UZS,李晗,李子炫,徐嘉哲,,False,True,5,563,,,+1(75),,+1(134),-1,,,,,+1(175),+1(55),+(44)
428,,武汉大学,重修数理基础,林喆霖,范锦炜,蔡子,,False,True,5,567,,,+4(49),,+(92),-5,,+3(156),,,-5,+1(79),+(31)
429,,西南大学,说好的奖金呢,盛明睿,蒋天逸,韩清泉,,False,True,5,568,,,+1(72),,+(135),+(239),,,,,,+(58),+(44)
430,,浙江师范大学,该戒网瘾了,嵇纹垲,陈炯荣,张煜,,False,True,5,570,,,+(61),,+(112),,,,,-9,+1(263),+(71),+(43)
431,,中国科学技术大学,浑水摸奖,时颢恒,张文峻,崔卓,,False,True,5,572,,,+1(85),,+1(141),-3,,-2,,,+2(144),+(63),+(59)
432,125,江南大学,Taboo「Laevatein」,董万里,赵泓博,王鑫阳,,False,True,5,572,,,+(49),,+(107),,,,,+(315),,+(66),+(35)
433,,华东师范大学,不玩原神导致的,杜霖,张潮,王江扬,,False,True,5,573,,,+1(64),,+(129),+(266),,,,,-1,+(62),+(32)
434,,西安电子科技大学,便乘计划wa舞台！,闵旭曈,邓思哲,李林,,False,True,5,577,,,+2(65),,+1(113),+2(161),,-13,,,-2,+1(73),+(45)
435,,华中师范大学,且听风吟,潘芮锐,易嘉鸣,张蓬月,,False,True,5,577,,,+(59),,+(141),,,,,,+(261),+(73),+(43)
436,,集美大学,我想同你永望黄昏,颜秉轩,姚远,许超洪,,False,True,5,580,,,+(69),,+(180),+1(157),,-131,,,,+(98),+(56)
437,,哈尔滨工业大学（威海）,唐可可后援会,许展翔,李昕烨,焦浩清,,False,True,5,581,,,+1(88),,+(117),+(241),,,,,-2,+(67),+(48)
438,126,河南理工大学,橙子往昔,罗峻函,王郅明,高嘉琦,,False,True,5,582,,,+(57),,+(87),+1(277),,,,,-8,+1(78),+(43)
439,,广州大学,六兆TLEと一WA物語,郑灵杰,杨竣淇,陈全隆,,False,True,5,584,,,+(40),,+(158),+(293),,,,,-12,+(65),+(28)
440,,北京交通大学,七海之旅,王君斐,杜宜宸,魏浩桓,,False,True,5,588,,,+1(73),,+(126),-2,,-1,,,+(227),+1(71),+(51)
441,,华中科技大学,罚时上天,张俊焕,王畅,朱雨程,,False,True,5,588,,,+1(49),,+(97),+1(272),,,,,-3,+1(65),+(45)
442,127,电子科技大学中山学院,中山学院2队,廖铭源,胡逸涵,钟毓鑫,,False,True,5,589,,,+(49),,+(86),,,,,,+1(313),+1(69),+(32)
443,128,成都信息工程大学,可我始终不及你的冰冷,季璨,王熙岚,秦朝超,,False,True,5,590,,,+2(67),,+(152),+(260),,-1,,-2,,+(40),+(31)
444,,中山大学,中山大学12队,周岱昕,唐翼,张耀天,,False,True,5,592,,,+1(84),,+(112),,,,,,+2(224),+(68),+(44)
445,,电子科技大学,UESTC_DebugSimulator,褚睿极,李文硕,徐立,,False,True,5,595,,,+(60),,+(165),+(227),,,,-4,,+(80),+(63)
446,,江南大学,坂田金银铜时,王志鹏,上官家哲,唐宇喆,,False,True,5,595,,,+2(62),,+(111),,,-3,,,+1(254),+(69),+(39)
447,129,重庆移通学院,世界の中心、ACCEPTでを叫ぶ,李德立,韩世杰,袁馨渝,,False,True,5,599,,,+1(68),,+(136),,,,,,+(191),+2(107),+(37)
448,,西北工业大学,智力不太好,王钎屹,吴映卓,罗隆华,,False,True,5,607,,,+1(68),,+2(191),+(182),,,,,,+(57),+(49)
449,130,浙江财经大学,压缩毛巾,陈凯煜,唐俊杰,桑汉成,,False,True,5,610,,,+3(64),,+(127),+(196),,,,,,+1(89),+(54)
450,131,浙大宁波理工学院,青梅绿茶,涂荣基,吴东,吴泽坤,,False,True,5,610,,,+(55),,+(95),,,+1(331),,,-2,+(66),+(43)
451,,南京理工大学,猫猫头想吃鱼,徐菲阳,陈文轩,查怡安,,False,True,5,612,,,+1(90),,+(140),,,,,,+1(218),+(71),+(53)
452,132,广东工业大学揭阳校区,彼岸之约,黄浩天,陈煜祺,向宇飞,,False,True,5,614,,,+(70),,+(182),+(245),,-11,,,,+1(60),+(37)
453,133,西南科技大学,老东西,刘雨凡,游克峰,朱杰,,False,True,5,614,,,+(53),,+(132),,,,,,+2(258),+1(68),+(43)
454,,武汉理工大学,*幻想乡旅行团,刘泽宇,巫殷凯,胡书诚,,False,True,5,619,,,+2(70),,+(181),+1(208),,,,,,+(67),+(33)
455,134,长春理工大学,我绝不和煎蛋不放糖的家伙结婚！,范泽涛,孟天,陈奕帆,,False,True,5,620,,,+1(65),,+3(152),,,+1(208),,,-3,+(57),+(38)
456,135,哈尔滨工程大学,随风飘游于阳炎热浪,叶凯鹏,李简平,王亦凡,,False,True,5,625,,,+1(82),,+(202),+2(140),,,-1,,,+(79),+(62)
457,136,山东大学（威海）,以上以下队伍都启动黑神话：悟空,温泽林,陈汶泽,赵禹权,,False,True,5,626,,,+1(59),,+(136),+(308),,,,-1,,+(64),+(39)
458,,哈尔滨工程大学,队长27小时无法宝速通黑神话悟空,张传炯,金炜东,王一帆,,False,True,5,628,,,+1(64),,+(80),,,,,-1,+2(322),+1(52),+(30)
459,,北京师范大学,异或小姐的狗,高延子鹏,傅俊林,颜方志,,False,True,5,633,,,+(71),,+(250),+(215),,,,-3,-4,+(53),+(44)
460,,哈尔滨工业大学,憂鬱烏龜,寒钟书,卢海琪,许岩,,False,True,5,637,,,+(62),,+(108),+1(313),,,,,-10,+(81),+(53)
461,,成都信息工程大学,帝企鹅,林莫豪,刘雨葳,李奕乐,,False,True,5,638,,,+(63),,+(148),+1(228),,-1,,,,+2(103),+(36)
462,137,江西财经大学,Fe^3=Au,王玛琪,黄亦诚,石翰林,,False,True,5,642,,,+(55),,+(140),,,,,,+(330),+(80),+(37)
463,138,长沙理工大学,代码不能从这一侧AC,徐彬峰,詹一夫,王兴宇,,False,True,5,644,,+6(249),+1(55),,+(93),,,,,,-7,+(64),+(43)
464,,南京理工大学,茶姬猫猫头,沈培森,刘懿臻,黄苏闽,,False,True,5,645,,,+4(55),,+(108),,,,,,+(260),+1(76),+(46)
465,139,新疆大学,奇迹与你,黄梓峰,古恩豪,张志诚,,False,True,5,647,,,+1(48),,+1(165),+(301),,,,,-1,+(59),+(34)
466,,中国科学技术大学,五年oi三年io,史启源,王少白,钱易,,False,True,5,648,,,+3(86),,+(106),,,,,,+4(215),+(55),+(46)
467,,哈尔滨工业大学（深圳）,重生之我在哈工深打ACM,秦绍竣,王一鸣,任德阳,,False,True,5,648,,,+1(76),,+1(107),,,-5,,+2(262),,+(67),+(56)
468,,同济大学,星辰之音,杨非凡,吕博文,尚莉强,,False,True,5,650,,,+(81),,+(176),+1(227),,-2,,,,+(103),+(43)
469,140,天津理工大学,啊？我来打ACM？,佟佳华,龚志杰,成冰阳,,False,True,5,651,,,+(64),,+1(168),+1(141),,-163,,,-1,+(79),+5(59)
470,,西安电子科技大学,关于起名字很随意这件事,杨润彬,李聿垲,吴奕玮,,False,True,5,653,,,+1(56),,+2(181),-1,,+(247),,-1,-3,+(68),+(41)
471,,浙江师范大学,五金店,童培峻,余健原,李羿辰,,False,True,5,654,,,+1(91),,+(143),+1(214),,,,,,+2(77),+(49)
472,,华中师范大学,这里没有乐子,张书颇,严展翔,徐振迪,,False,True,5,656,,,+1(63),,+(241),+3(188),,,,,-1,+(52),+(32)
473,,湖南师范大学,how to win,段天琦,曾磊鑫,陈碧辉,,False,True,5,659,,,+2(74),,+1(148),+1(263),,-6,,,,+(53),+(41)
474,,华中科技大学,宝宝哭哭,郭泽鑫,盖政华,张智博,,False,True,5,660,,,+3(58),,+1(105),,,+1(237),,-1,,+(104),+(56)
475,,河海大学,不定积分,申宝亿,蔡松廷,江晟东,,False,True,5,660,,,+(61),,+(123),-1,,,,,+(323),+1(88),+(45)
476,,湖南科技大学,在线找清纯白毛萝莉QQ2806159031,胡博潇,杨紫陌,彭洋,,False,True,5,661,,,+(82),,+1(114),,,,,,+2(275),+(72),+(58)
477,,厦门大学,秦心人气投票19望周知,王业盛,陈亚峰,赵子越,,False,True,5,664,,,+2(63),,+(93),,,-6,,,+8(221),+(44),+(43)
478,141,南昌航空大学,+∞,黄心磊,汤正泰,陈鹏,,False,True,5,665,,,+(61),,+1(187),-7,,-1,,,+(276),+(69),+(52)
479,142,北方工业大学,样例过了,周易,王思诚,黄梨宸,,False,True,5,666,,,+(65),,+(135),+2(325),,,,,,+(53),+(48)
480,,长沙理工大学,Sakura,唐彪,谭焱文,马艺,,False,True,5,672,,,+(64),,+(132),,,,,,+1(272),+3(79),+(45)
481,143,山东理工大学,清纯白毛小萝莉,王鹤翱,孙童乐,从文杰,,False,True,5,672,,,+1(63),,+(166),+(313),,,,,-7,+(65),+(45)
482,,山东师范大学,零原组,王尧,张凤来,高天生,,False,True,5,674,,,+1(52),,+(120),+1(349),,-4,,,,+(76),+(37)
483,,杭州师范大学,一隅之梦,张朝,蔡宇欣,陈俊安,,False,True,5,678,,,+(65),,+(162),-1,,+(219),,,,+3(136),+(36)
484,,兰州大学,重生之这一世我要考上兰大计算机,马良,沈天辰,郑宇航,,False,True,5,681,,,+5(94),,+(124),,,-12,,,+(209),+1(84),+(50)
485,,南京大学,this.name=null,林晨浩,计昀,蒋雨泽,,False,True,5,684,,,+1(68),,+2(204),+(226),,,,,-4,+(74),+(52)
486,,西南科技大学,飘零之剑,王云龙,石申圆,陈阳,,False,True,5,684,,,+1(59),,-4,,,+2(315),,,+2(112),+(53),+(45)
487,,南京信息工程大学,CF 灰名也有打铁梦,崔嘉豪,栗雨,龚敏,,False,True,5,688,,,+1(60),,+1(130),,,+1(310),,,,+1(69),+(39)
488,144,青岛理工大学,莫问前程,胡书杰,饶礼建,陈文卓,,False,True,5,690,,,+(81),,+2(125),-3,,,,,+3(224),+2(71),+(49)
489,,复旦大学,奇计软软,傅全通,汤腾博,牟昱榕,,False,True,5,690,,-4,+3(64),,+(109),-4,,-1,,,+2(266),+1(74),+(57)
490,,郑州大学,郑大二队,彭俊儒,罗飞云,曹建壮,,False,True,5,690,,,+3(70),,+1(134),-3,,,,,+1(283),+(52),+(51)
491,,山东大学,诺曼底上岸队,孙更欣,高士轩,于瑞灏,,False,True,5,693,,,+4(88),,+(142),-4,,+2(212),,,,+(60),+1(51)
492,145,苏州工学院,队长让我想中文队名,王凌云,顾家豪,戈心宇,,False,True,5,695,,,+(64),,+(171),+(278),,-162,,,-1,+2(98),+(44)
493,,成都信息工程大学,射影酉群,常旭海,杨洋,夏铭萱,,False,True,5,697,,,+1(59),,+(122),+3(296),,,,,,+(91),+(49)
494,,浙江理工大学,全员玩手机最长传奇队伍是也,陈宏毅,汤宇涛,江子豪,,False,True,5,698,,-3,+(59),,+(166),-2,,+3(315),,,,+(64),+(34)
495,,西安电子科技大学,队名是啥,朱星宇,黄旭,王靖恒,,False,True,5,702,,,+(54),,+(160),+2(336),,,,,-3,+(67),+(45)
496,,华南师范大学,会赢的,侯俊宇,张振,尧韶聪,,False,True,5,703,,,+(60),,+(144),+(309),,,,,-10,+2(99),+(51)
497,146,厦门理工学院,厦门理工1队,黄鸿,张子漠,唐旭,,False,True,5,705,,,+3(63),,+2(130),,,,,+2(260),,+(64),+(48)
498,,山东大学,原始人，起洞,王嘉,谯迪中,孙秋延,,False,True,5,706,,,+1(59),,+(113),-1,,,,,+4(325),+(72),+(37)
499,147,大连理工大学盘锦校区,胰岛素,陈嘉佑,张正阳,杨镇熙,,False,True,5,711,,,+2(86),,+1(157),-3,,,,,+1(269),+(71),+(48)
500,148,广州航海学院,AK是不可能AK的,侯晓锴,高林杰,刘炀,,False,True,5,711,,,+1(77),,+1(164),,,,,,+2(286),+(61),+(43)
501,149,怀化学院,怀化学院1队,宋正阳,王宇轩,曾凡耀,,False,True,5,713,,-3,+1(77),,+(225),-7,,,,,+(258),+(85),+(48)
502,150,东北师范大学,吧别塔,项赞宇,齐进帅,贺金龙,,False,True,5,714,,,+(59),+1(298),+1(243),,,,,,-1,+(48),+(26)
503,,东北大学秦皇岛分校,未命名,董欣谕,段俊宏,徐陆军,,False,True,5,719,,,+(99),,+3(178),+2(216),,-14,,,-4,+1(78),+(28)
504,151,海南大学,海南大学一队,方政,郑朴,吕珅,,False,True,5,722,,,+1(114),,+1(147),,,,,,+2(235),+1(79),+(47)
505,,福州大学,Wa?Wa也算时间哦,廖棋灿,吴羽晗,陈程忞,,False,True,5,725,,,+2(68),,+(126),,,,,,+2(352),+(55),+(44)
506,152,天津工业大学,你有什么头猪吗？,应嘉宇,赵艺稞,郭梦贞,,False,True,5,727,,,+1(76),,+1(167),,,+(318),,,,+(75),+(51)
507,,哈尔滨工业大学,加载中，请稍后,刘明卓,刘靖文,郭健桓,,False,True,5,729,,,+1(95),,+1(163),,,,,,+2(255),+(91),+(45)
508,,华南理工大学,是菜狗但我还没重生呢,张麟,王奕凯,陈祖榆,,False,True,5,730,,,+2(61),,+1(220),,,+(279),,,-6,+1(63),+(27)
509,,湘潭大学,horizon,欧鹏夫,曾鸿文,贺正高,,False,True,5,734,,,+4(81),,+(133),,,,,+2(297),,+(65),+(38)
510,,上海大学,SHU13,邵一涵,王轶轩,阮一城,,False,True,5,736,,,+2(62),,+(188),+2(284),,,,,-14,+(76),+(46)
511,,电子科技大学中山学院,中山学院1队,董泓栎,樊洪源,洪金健,,False,True,5,739,,,+2(54),,+(177),,,,,-2,+2(242),+3(82),+(44)
512,,西湖大学,Genshin Impart,王宇皓,周禹卿,王子俊,,False,True,5,742,,-5,+2(74),,+1(199),+3(194),,,,,-3,+(113),+(42)
513,,南京信息工程大学,冰雪聪明琪露诺,孙嘉诚,朱一诺,俞卓群,,False,True,5,742,,,+(114),,+(160),,,+(315),,,,+(99),+(54)
514,153,北京交通大学威海校区,渔村代表队,李骁,蔡云中,,,False,True,5,745,,,+(108),,+(178),,,,,,+1(249),+2(98),+(52)
515,,长沙理工大学,流萤,沈彬宇,陈师贤,赵翰熙,,False,True,5,753,,,+1(59),,+1(191),-2,,+2(341),,-5,,+(48),+(34)
516,154,上海电力大学,不玩原神导致的,朱凯年,栾效睿,裴洪宇,,False,True,5,754,,,+2(108),,+(174),+1(238),,,,,-1,+(125),+(49)
517,155,中国矿业大学（北京）,毕业前想打一次ccpc,罗心伟,郭天茁,史坪巧,,False,True,5,754,,,+(71),,+(218),+2(318),,,,,-5,+(59),+(48)
518,,东北师范大学,RuntimeError,齐昊坤,曹勇麟,黎江楠,,False,True,5,757,,,+1(79),+2(327),+(129),,,,,,,+1(96),+(46)
519,,长沙学院,三只小丑想拿牌,曾俊,张方林,杨李兵,,False,True,5,758,,,+(111),,+(201),+(317),,,,,-2,+(98),+(31)
520,156,武汉商学院,冰雪聪明琪露诺,熊子豪,贾锐哲,魏翔,,False,True,5,760,,,+1(67),-14,+(163),+4(292),,,,,-15,+1(94),+(24)
521,,东南大学,扬帆续新辰,刘玮辰,潘亦新,王续丰,,False,True,5,764,,-7,+(93),,+(132),-1,,+4(332),,,,+(73),+(54)
522,157,浙江工商大学,理塘最速WA传说,林仁豪,陈孝乐,刘嘉炜,,False,True,5,765,,,+(67),,+(244),+1(289),,-3,,,,+1(93),+(32)
523,,南京理工大学,彩虹猫猫头,冯宇杰,刘一欢,吴东来,,False,True,5,768,,,+3(82),,+(186),,,,,+(286),,+(94),+(60)
524,,西南大学,西大暴龙队,蒋麟洲,孙舒源,刘益鸣,,False,True,5,781,,,+2(83),,+(145),+6(283),,,,,,+(64),+(46)
525,158,青岛大学,风浪越大题越队,崔宇昊,杨润,徐易,,False,True,5,783,,,+2(87),,+(216),+2(281),,-2,,,,+1(61),+(38)
526,159,沈阳化工大学,玖久扒耳丝丝散舞伞,吴少荣,益文友,贾凤琦,,False,True,5,783,,,+(67),,+1(222),,,,,,+(307),+1(105),+(42)
527,,山东大学（威海）,唐神话：奶龙,童延,陆柯旭,钟菡树,,False,True,5,787,,,+2(114),,+(172),+1(272),,,,,-2,+(135),+(34)
528,,山东大学（威海）,四川妹妹单挑小分队（不知毛肚为何物版）,张智航,张胜熙,涂鸿铭,,False,True,5,791,,,+2(66),,+(164),+5(248),,,,,-5,+2(88),+(45)
529,,广西大学,与星尘的握手,付家锐,石新阳,韦祖豪,,False,True,5,792,,,+(70),-2,+(196),,,,,,+4(320),+(74),+(52)
530,,天津大学,W一更，T一更，聒碎乡心梦不成,安玺儒,万文彬,陈奕池,,False,True,5,794,,,+1(50),,+(166),-3,,,,+5(344),,+(61),+(53)
531,,东北大学,东北大学_交一发吧反正不会更糟了,翟潇潇,王耀辉,张起予,,False,True,5,795,,,+1(65),,+1(227),+2(319),,,,,,+(60),+(44)
532,160,大连大学,还差两个人打王者荣耀校赛,张逸璇,魏恒彬,蒋文博,,False,True,5,795,,,+1(56),,+(151),+5(324),,-4,,,-6,+(91),+(53)
533,,重庆大学,WA的速度是每秒五十次,喻言,周骁坤,杨展途,,False,True,5,796,,-7,+(78),,+(220),,,+2(327),,,,+(67),+(64)
534,,武汉科技大学,理塘的最强傳説純真猛虎丁一郎,袁铭,潘骏,王宇杰,,False,True,5,799,,,+(73),,+(111),+8(355),,,,,,+(61),+(39)
535,,大连海事大学,劈咔邱少兒編程,王金洋,何文韬,鲍帅宇,,False,True,5,807,,,+(127),,+(239),+3(215),,,,,-2,+(111),+(55)
536,,香港科技大学广州,S属性大爆发,张思达,黄俊良,李宇堃,,False,True,5,809,,,+1(83),,+2(190),+2(273),,,,,,+1(92),+(51)
537,161,阜阳师范大学,又到了难搞的时候,张美星,胡召鑫,束明伟,,False,True,5,809,,,+3(58),,+2(211),,,-18,,,+2(293),+(79),+(28)
538,,广东工业大学,做得都队,彭文昊,石飏,齐思贤,,False,True,5,809,,,+2(57),,+(218),+(329),,-2,,,,+2(92),+(33)
539,,东华大学,杰哥做k吗,郭旭阳,孙逸凡,杨文杰,,False,True,5,810,,,+(76),,+(164),-2,,+2(338),,,,+2(106),+(46)
540,162,合肥大学,甘！文！！崔！！！,钟健,许志航,桑长安,,False,True,5,811,,,+1(93),,+2(139),,,,,,+4(262),+1(90),+(67)
541,,国防科技大学,空零,习逸晗,彭正圣,马艺洋,,False,True,5,811,,,+(59),,-2,+3(201),,,,,+4(274),+(72),+(65)
542,,浙大城市学院,阿库塞尔最强超绝圣剑美少女谢谢你爱丽丝,项天聪,杨烨锋,张宸赫,,False,True,5,815,,,+(84),,+2(173),,,+2(342),,,,+(76),+(60)
543,,西安电子科技大学,醉里挑灯看键,俞凯嘉,洪龙颖,陈俊睿,,False,True,5,817,,,+1(52),,+1(130),+6(340),,,,,-3,+1(68),+(47)
544,163,中国地质大学（武汉）,不可思议之国的爱丽丝正在梦游仙境,陈学海,李诏天,何坤良,,False,True,5,817,,,+(79),,+1(252),+1(355),,,,,,+(63),+(28)
545,,上海大学,SHU04,田凯文,靳红飞,杨天浩,,False,True,5,818,,,+(73),,+(259),+2(334),,,,,,+(61),+(51)
546,164,泉州师范学院,qztc1,王嘉铭,崔韩磊,阳捷,,False,True,5,818,,,+(51),-3,+(263),+1(353),,,,,,+(92),+(39)
547,,哈尔滨工程大学,goto: 希腊奶,蒋渡,孙江吉,赵新凯,,False,True,5,819,,,+1(104),,+(155),,,,,,+2(345),+(85),+1(50)
548,,四川大学,偷吃嘉然小姐的贡品,吴佳城,杨瑞,张翰辰,,False,True,5,820,,,+(83),,+(305),-1,,,,,+4(245),+(63),+(44)
549,,南京理工大学,天和猫猫头,丁宗健,何丰辰,谢景帆,,False,True,5,826,,,+(45),,+2(191),+2(299),,,,,-2,+2(121),+(50)
550,,杭州师范大学,时停猫猫头,张卓,何敏璐,温从锭,,False,True,5,827,,,+(67),,+2(220),+(338),,,,,-3,+(117),+(45)
551,,电子科技大学,UESTC_宇宙超级无敌暴龙战士,幸旭鑫,黄雪锋,周蛰粼,,False,True,5,828,,,+(86),,+(180),+4(357),,,,,,+(71),+(54)
552,,上海科技大学,网络赛：吗喽,艾恒宇,张哲轩,叶浩徐,,False,True,5,830,,,+2(84),,+1(175),,,+3(286),,,,+(109),+(56)
553,165,赣东学院,世界遗忘我,李垚隆,,,,False,True,5,830,,,+2(91),,+(167),,,+4(291),,,-2,+(107),+(54)
554,,青岛大学,月色回音,曾学钦,代自超,李子涵,,False,True,5,830,,,+2(84),,+(162),,,+5(320),,,,+1(74),+(30)
555,,北京理工大学,你们可以抽象，但是别太抽象,蒋济遥,陈奕帆,刘济尧,,False,True,5,833,,,+(64),,+3(266),+(245),,,,,-4,+1(130),+(48)
556,,中国民航大学,哆啦AC,葛朋林,刘俊杰,罗霄鹏,,False,True,5,833,,,+1(95),,+2(179),,,,,,+1(348),+1(83),+(28)
557,,杭州师范大学,再想想特判？,周奕,戴子晟,江宇帆,,False,True,5,836,,,+1(76),,+1(298),+3(235),,,,,-2,+(85),+(42)
558,,中国科学技术大学,退休中灯再就业,赵泽昆,汪晨曦,陈纳川,,False,True,5,837,,,+1(57),,+1(148),+8(314),,,,,-1,+(71),+(47)
559,,浙江农林大学,不拿牌就不能守护你，拿起牌就不能拥抱你,黄炫榕,任益超,王啸洋,,False,True,5,843,,,+1(74),,+(144),,,,,,+6(325),+1(84),+(56)
560,,吉林大学,高玩派对,拱垲,袁英麒,吕浩然,,False,True,5,846,,,+1(65),,+2(150),-1,,,,,+6(353),+(57),+(41)
561,,香港中文大学（深圳）,仚屳屲冚,张恒,孙超逸,梁皓,,False,True,5,850,,,+1(51),,+2(328),+2(203),,,,,,+2(98),+(30)
562,,湖南师范大学,whenever aftergrow 也算wa吗,王雨清,董爵硕,高嘉鑫,,False,True,5,852,,,+2(57),,+(177),-1,,+5(342),,,,+(93),+(43)
563,,华东理工大学,珂朵莉最可爱了,仇俊杰,徐池,张孙毓,,False,True,5,858,,,+1(91),,+1(218),+2(320),,,,,,+(72),+(77)
564,166,北京理工大学珠海学院,新伙撩沅,王壮辉,蔡炆沅,丘晖扬,,False,True,5,858,,,+1(68),,+3(261),+(345),,,,,,+(55),+(49)
565,,武汉理工大学,曼波哈基米大战贤者三异鸟,周泽鹏,邢家童,孙晨奥,,False,True,5,863,,+12(293),+(61),,+(152),-8,,,,,,+(67),+(50)
566,,杭州师范大学,秋天的南瓜和冬天的雪山药,陈科舟,殷吴辉,杨嘉福,,False,True,5,864,,,+2(64),,+(98),-5,,+7(339),,,,+2(112),+(31)
567,167,湖南工学院,=188+182,陈翔,刘志毫,王江和,,False,True,5,867,,,+(77),+(246),+6(327),,,-1,,,,+(63),+(34)
568,168,浙江育英职业技术学院,育英七队,张杨晨昱,徐诚翰,陈华鹏,,False,True,5,867,,,+(54),,+5(220),,,+2(342),,,,+(68),+(43)
569,,吉林大学,紧急通知：等通知,李一航,唐德睿,林浩博,,False,True,5,869,,,+2(65),+1(333),-6,,,,,,+1(257),+(79),+(55)
570,169,西南交通大学,公主殿下护卫队,郭欣森,毛锦阳,陈凯南,,False,True,5,874,,,+3(98),,+3(219),,,,,,+2(254),+(80),+(63)
571,,东华大学,青青草原,俞鑫颜,刘青山,王飘飏,,False,True,5,875,,,+2(80),,+(102),-3,,,,,+9(346),+(75),+(52)
572,,中南大学,老司机带带我,吴子健,朱芝毅,林宇煌,,False,True,5,876,,,+1(91),,+(183),,,,,,+5(353),+1(68),+(41)
573,170,中南民族大学,巅峰1800,项升辉,高俊杰,刘时胜,,False,True,5,877,,,+1(48),,+(175),-7,,,,,+7(343),+2(65),+(46)
574,171,江西师范大学,心态好,汤海峰,黎朔鸣,许国振,,False,True,5,882,,,+2(69),+2(326),,+2(183),,,,,,+3(88),+(36)
575,,华东师范大学,谁说在实验室吃东西不队？,单敏杰,张甲伟,张子彤,,False,True,5,885,,-1,+(61),,+2(212),,,+3(349),,,,+1(89),+(54)
576,,广州大学,成哥带飞队,陈旭明,梁金成,刘成,,False,True,5,886,,,+3(114),,+2(201),+1(314),,,,,-1,+1(69),+(48)
577,,浙大宁波理工学院,带薪参赛,陈泽楷,陈铮,吴承丞,,False,True,5,895,,,+1(64),,+1(192),+3(296),,,,,-10,+4(120),+(43)
578,,广东工业大学,静声,袁镇清,许晓喆,谢嘉骏,,False,True,5,904,,,+3(74),,+(244),,,,,,+(322),+2(111),+(53)
579,,福州大学,除你网络,陈建宇,庄宇烽,杨云飞,,False,True,5,908,,,+4(112),,+(184),,,+2(298),,,,+3(89),+(45)
580,172,云南大学,YNUER-CCPC,周志昊,高凌豪,崔耀,,False,True,5,910,,,+2(61),,+(161),,,,,+3(335),,+3(144),+(49)
581,,华南理工大学,队名,黄烁韩,柯谱,邹明序,,False,True,5,915,,,+2(73),,+2(239),+4(343),,,,,-7,+(51),+(49)
582,173,中北大学,YBQ粉丝团,邢飞杨,毕镇,于秉琪,,False,True,5,919,,,+3(77),,+(182),,,+4(351),,,-7,+1(97),+(52)
583,,华南师范大学,最后一页,严雍泽,徐书研,吴彪生,,False,True,5,929,,,+3(126),,+(291),+1(225),,,,,-1,+2(119),+(48)
584,,湖南大学,天禄,刘博文,陈罡,朱潇庸,,False,True,5,936,,,+2(89),,+(182),+2(351),,,,,,+3(146),+(28)
585,,哈尔滨工业大学,睡到自然醒,徐明拯,任相龙,曾浩锐,,False,True,5,937,,,+2(64),,+3(255),,,-3,,,+2(349),+1(77),+(32)
586,,中南大学,我吃麦当劳,吕飞扬,马思博,何炳琨,,False,True,5,939,,,+3(105),,+1(240),,,,,,+3(284),+1(98),+(52)
587,174,合肥工业大学宣城校区,Knights of the Eastern Calculus,于鸥鹿,徐宇宸,王泓杰,,False,True,5,954,,,+2(81),,+(224),,,,,,+7(346),+(79),+(44)
588,,山东理工大学,三重豌豆のxcpc,李连奇,毕振豪,吴宇恒,,False,True,5,959,,,+(91),,+1(196),,,+7(307),,,,+3(122),+(23)
589,175,北京师范大学香港浸会大学联合国际学院,你的择路人,吕路遥,赵泽峰,倪方博,,False,True,5,976,,,+3(194),,+1(188),,,,,+(280),,+2(155),+(39)
590,,广东工业大学,果粒橙,关津杰,张树程,邱列圻,,False,True,5,979,,,+(84),,+5(325),+2(309),,,,,-1,+(71),+(50)
591,,浙江工商大学,电之光,姚益浩,丁豪,叶恒,,False,True,5,997,,,+2(89),,+2(223),+8(311),,,,,,+(73),+(61)
592,176,浙江万里学院,MikuFans,竺夏,赵之钰,王力澜,,False,True,5,999,,,+(49),,+(109),+20(329),,,,,-1,+1(60),+(32)
593,,安徽大学,众梦之聚,许钧剑,吴昌盛,龙源徽,,False,True,5,1031,,,+5(86),,+(146),-7,,,,,+8(352),+1(100),+(67)
594,,湖南大学,知足常乐,丁海桐,孙保庆,李景越,,False,True,5,1036,,,+3(151),,+(273),+3(337),,,,,,+(111),+(44)
595,177,华北电力大学（保定）,据gt声称，不拿金就给三国杀刷好评,闻瑞祥,梁朝阳,朱浩宇,,False,True,5,1040,,,+3(125),,+(193),,,,,,+9(355),+(82),+(45)
596,178,重庆工程学院,黑神话：打铁,张翔,,,,False,True,5,1058,,,+3(85),,+(141),,,,,,+14(291),+3(92),+(49)
597,,中国科学院大学,不知道起什么名字队,郭子颖,吴墨林,许晋升,,False,True,5,1299,,,+1(283),-3,+3(282),-4,,+(248),,,-4,+(192),+(214)
598,,武汉理工大学,打一辈子出你字母能转生为AC高手吗,刘承明,胡晨煊,陶释然,,False,True,4,259,,,+1(65),,+(96),,,,,,,+(48),+(30)
599,,河南理工大学,无敌罚时大王,李梦洋,张科文,马俊超,,False,True,4,266,,,+(61),,+(109),,,-36,,,,+(66),+(30)
600,,青岛大学,三个东营老人,李坤鹏,安晓曼,白骏,,False,True,4,286,,,+(68),,+(126),,,,,,,+(59),+(33)
601,179,黑龙江大学,拂晓晨辉,张宇航,白晓博,代玉鑫,,False,True,4,287,,,+1(45),,+(124),,,,,,,+(68),+(30)
602,,武汉纺织大学,别质疑我们了好吗好的乖摸摸头队,孔浩杰,谢飞,林舒乐,,False,True,4,288,,,+(73),,+1(92),,,,,,-3,+(58),+(45)
603,,长沙学院,冲冲冲,应郑涛,曾翔,何南宁,,False,True,4,292,,-1,+(67),,+(106),,,,,,-81,+(76),+(43)
604,,江西财经大学,彩虹海,喻琰,肖丛宇,郭宇航,,False,True,4,296,,,+(49),,+(148),-1,,,,,,+(68),+(31)
605,,西南交通大学,米兰的小铁匠,廖智成,徐丁阳,陈加林,,False,True,4,301,,,+1(48),,+(155),,,-9,,,,+(54),+(24)
606,,哈尔滨工业大学（威海）,旧城以西,张洪瑞,徐悦,赵文溥,,False,True,4,307,,,+1(59),,+(99),,,,,,-2,+(71),+(58)
607,,湖南师范大学,again crychic 也算ac吗,殷浩文,唐嘉彬,陶子杨,,False,True,4,308,,,+2(60),,+(109),-2,,,,,,+(54),+(45)
608,180,河南农业大学,OVO,闫亚鑫,刘伟,齐子昊,,False,True,4,308,,,+1(63),,+1(122),,,-3,,,,+(55),+(28)
609,181,华北水利水电大学,对WA使用无懈可击,刘桐,张毅,黄鹏基,,False,True,4,308,,,+1(53),,+(123),,,,,,,+(77),+(35)
610,182,鲁东大学,银狼,张瑞哲,朱德翔,潘佳雨,,False,True,4,309,,-1,+(59),-1,+(129),-1,-1,-1,-1,-1,-4,+(73),+(48)
611,,东华大学,堇青之夜,张晓高,鲍威凌,黄城帆,,False,True,4,310,,,+(74),,+(131),,,,,,-3,+(61),+(44)
612,,广东工业大学,漫游者,钟迪,林敏彬,潘锦炫,,False,True,4,312,,,+(44),,+(154),,,,,,,+(70),+(44)
613,183,安阳工学院,起什么队名呢,刘浩楠,张浩祥,李自豪,,False,True,4,315,,,+(68),,+(160),,,-58,,,,+(55),+(32)
614,,西北工业大学,"destruction 3,2,1",蔡思博,闻茁,韩正,,False,True,4,319,,,+2(59),,+(107),-2,,-2,,,,+(63),+(50)
615,,哈尔滨工程大学,vp后烤肉会,冯小石,张良正,李在熙,,False,True,4,321,,,+(62),,+(103),,,,,,-2,+(108),+(48)
616,,南京信息工程大学,Accept 做得到吗,田轹文,张泾玮,赵彬宏,,False,True,4,322,,,+(73),,+(145),,,,,,,+(59),+(45)
617,,华南理工大学,不想写模拟了,刘臻,陈炳坤,陈诗懿,,False,True,4,326,,,+(74),,+(108),,,,,,-4,+2(57),+(47)
618,,长春理工大学,桃李酥,陶乐乐,李澹,苏照城,,False,True,4,331,,,+1(71),,+(133),,,-86,,,-3,+1(64),+(23)
619,,浙江师范大学,总裁，夫人说这签到题写不完，今晚不许回家,李燕斌,张之娴,马天晟,,False,True,4,331,,,+(67),,+(140),-1,,,,,,+(74),+(50)
620,184,西南民族大学,永远都像初次见你那样使我心荡漾,王海潮,张伟模,石珈豪,,False,True,4,331,,,+1(55),,+(152),,,,,,,+(65),+(39)
621,185,台州学院,转生异世界发现自己acm水平下降100倍,鲍科任,柯豪,陆嘉,,False,True,4,336,,,+1(74),,+(157),,,,,,,+(57),+(28)
622,,南京航空航天大学,南航猫猫头（队长十年单身换区域赛铜牌版）,胡弘泰,池明轩,刘映石,,False,True,4,338,,,+(65),,+(160),,,,,,-2,+(70),+(43)
623,,浙江理工大学,你T不T吧,余江辉,贺宇昊,任麒源,,False,True,4,339,,,+2(75),-3,+(132),,,,,,,+(59),+(33)
624,186,浙江广厦建设职业技术大学,油爆枇杷,张皓杰,余瑞,曹政业,,False,True,4,339,,,+1(59),,+1(145),,,,,,-1,+(50),+(45)
625,,西北大学,越来越好,易李彦翰,安俊杰,姜博宇,,False,True,4,340,,,+(87),,+(123),,,,,,,+1(72),+(38)
626,,中国矿业大学（北京）,我庄严宣誓我不干好事,梁凯,杜若琳,李维家,,False,True,4,342,,,+(60),,+1(170),,,,,,-1,+(64),+(28)
627,,吉林大学,以上队伍成绩无效,鞠学深,梁家铭,,,False,True,4,345,,,+2(89),,+(99),-3,,,,,-1,+(77),+(40)
628,187,湖南工业大学,永远是深夜有多好,杨泰,刘润博,林思,,False,True,4,346,,,+2(70),,+(150),,,,,,,+(51),+(35)
629,,河南大学,狗不理包子,尤铭,胡逢彬,孙小文,,False,True,4,346,,,+(66),-3,+(180),-2,,,,,,+(55),+(45)
630,188,郑州轻工业大学,最近公共祖先,王梓博,汪雨航,周琪翔,,False,True,4,349,,,+(79),,+(124),,,,,,,+2(66),+(40)
631,189,江西理工大学南昌校区,双非勇闯酒吧舞之差一名有名额,李子昱,黄坪,刘化龙,,False,True,4,351,,,+(76),,+(134),,,,,,-8,+(63),+1(58)
632,,郑州轻工业大学,不懂抽象,刘家贤,姬孟龙,吴宇扬,,False,True,4,351,,,+(53),,+(172),,,,,,,+1(78),+(28)
633,190,北华大学,always wrong answer,叶鑫楠,成鲜微,张珈铭,,False,True,4,353,,,+(56),,+2(146),,,,,,-1,+(62),+(49)
634,,华南师范大学,代码先和初中生同步,何明聪,肖沐鑫,古嘉诚,,False,True,4,353,,,+1(44),,+1(147),,,,,,-3,+1(72),+(30)
635,,南京信息工程大学,轻飘飘时间,宋思泽,息子悦,刘城垚,,False,True,4,353,,,+(79),,+1(154),,,,,,-1,+(60),+(40)
636,,电子科技大学,UESTC_*._.*,郑祯宇,赵聪,郑智馨,,False,True,4,359,,,+1(74),,+(137),-2,,-2,,,,+(79),+(49)
637,,华南农业大学,青春acm少年不会梦到<censored>猫娘,巴云浩,吴文斌,林永鸿,,False,True,4,359,,,+(73),,+(157),,,,,,-2,+(78),+(51)
638,,浙江工业大学,下次还填非常简单,高钰峰,梁越,杨若童,,False,True,4,361,,,+1(52),,+(174),-1,,-10,,-2,,+(59),+(56)
639,,苏州大学,队里有神，而且原神,顾天宇,原明清,张显荣,,False,True,4,363,,,+(60),,+(145),,,-4,,,,+1(88),+(50)
640,,浙江师范大学,AAA蜜雪冰城代购,周雨星,叶杨城,周胜烨,,False,True,4,363,,,+2(75),,+(146),,,,,,,+(57),+(45)
641,,武汉理工大学,队名怎么办,余子逸,段宇坤,王益宇,,False,True,4,365,,,+1(87),-3,+(141),,,,,,,+(70),+(47)
642,,河海大学,可以组一辈子acm队吗,王跃然,江建谕,王大儒,,False,True,4,365,,,+(57),,+(156),,,,,,,+(90),+1(42)
643,191,南京工程学院,NJIT_13队_被封了76个账号也想网络赛出线,丁昊,崔东靖,张诺言,,False,True,4,366,,-1,+1(52),,+1(167),,,,,,,+(75),+(32)
644,,哈尔滨工程大学,坐岸观海，听十一月雨,张天磊,杜鹏宇,林鹏涵,,False,True,4,372,,,+(51),,+1(99),,,,,,,+1(132),+(50)
645,,东华大学,千山夕照,邵兵,李虹宇,郭峻岑,,False,True,4,372,,,+(85),,+1(151),,,,,,-2,+(74),+(42)
646,,四川大学,猫狗鱼,田烨,吴卓琦,黄奕浩,,False,True,4,373,,,+1(62),,+1(151),,,,,,-1,+(66),+(54)
647,,武汉理工大学,黑算法：赛码仕之唐龙Anon,李晨,李意峰,俞烨宸,,False,True,4,373,,,+(69),,+1(187),,,,,,,+(49),+(48)
648,,杭州电子科技大学,2024杭电11队,成家康,刘翔,袁宇轩,,False,True,4,374,,,+1(75),,+(120),,,,,,,+(87),+(72)
649,,同济大学,我实在不会,郭凌浩,朱亚琨,白愈己,,False,True,4,374,,,+(91),,+(146),,,,,,,+(79),+(58)
650,,东南大学,无敌暴零战士,肖智恒,蒲京,朱佳航,,False,True,4,374,,,+1(90),,+(165),,,,,,,+(68),+(31)
651,,湖南大学,你们这个比赛怎么没星啊？,林新晨,张世东,胡宇辰,,False,True,4,375,,,+1(80),,+(156),,,,,,,+(68),+(51)
652,,重庆大学,从大三开始打铁的XCPC生活,刘家齐,王灿,李欣悦,,False,True,4,376,,,+2(81),,+1(133),,,,,,-4,+(59),+(43)
653,,哈尔滨工业大学（威海）,黑扣德：哇空,刘锦标,陈启蔚,盛凯,,False,True,4,376,,,+1(77),,+(140),,,,,,,+(94),+(45)
654,,鲁东大学,钢筋混凝土拌面,徐艺玮,刘智勇,赵桂林,,False,True,4,376,,,+(77),,+(175),,,,,,,+(70),+(54)
655,,东北大学,东北大学_没有气球怎么办,林星希,戈文鑫,曹鑫阳,,False,True,4,377,,,+(78),,+(134),,,,,,,+(90),+(75)
656,192,嘉应学院,治愈ACM致郁我的AC梦,郑烁,郑乔炜,张嘉焜,,False,True,4,377,,,+(78),,+(139),-6,,,,,,+(86),+1(54)
657,,华东理工大学,别急我还在藏东西,谢榛,孙俊,李佳强,,False,True,4,378,,,+1(49),,+(171),,,,,,,+1(89),+(29)
658,,湖南工业大学,我这个贪心肯定队,吴玉峰,袁永健,阿布都克力木 阿布都拉,,False,True,4,379,,,+1(86),,+(171),,,-143,,,-31,+(70),+(32)
659,,湖南工业大学,CRYCHIC,肖明阳,胡家兴,池龙辉,,False,True,4,379,,,+1(60),,+(181),,,-705,,,-1,+(81),+(37)
660,193,暨南大学,空白格,黄一帆,林楷,郑冰伟,,False,True,4,380,,,+2(67),,+(162),-1,,,,,-1,+(60),+(51)
661,194,莆田学院,葡萄菜菜子,许城涛,赵佶鑫,李熔豪,,False,True,4,380,,,+(76),,+(184),,,,,-2,,+(67),+(53)
662,195,中国传媒大学,开局重伤倒地，激发队友潜力,杜可,刘钰,范金旭,,False,True,4,381,,,+1(121),,+(101),,,,,,-5,+1(91),+(28)
663,,大连理工大学,dlut08,吴习哲,吴锡奎,蓝海洋,,False,True,4,383,,,+(82),,+(142),,,,,,,+(97),+(62)
664,196,乐山师范学院,漫云征途,罗明杨,魏杰,何志扬,,False,True,4,384,,,+1(89),,+1(140),,,,,-4,,+(68),+(47)
665,,衡阳师范学院,蓝色夜晚的记忆,谢成,冯世杰,王葡豪,,False,True,4,385,,,+(54),-2,+(158),,,,,,-3,+2(101),+(32)
666,,武汉大学,ACMore,黄祯,杨曦,陈宇轩,,False,True,4,385,,,+1(71),,+(193),,,,,,,+(71),+(30)
667,197,上海第二工业大学,粉红毛毛兔,邓人铭,马建强,沈序寒,,False,True,4,386,,,+(77),,+(184),,,,,,,+(64),+1(41)
668,,台州学院,别急,金鑫,刘韬,陈逸轩,,False,True,4,386,,,+1(65),,+1(185),,,,,,-2,+(54),+(42)
669,,华南师范大学,A了这题就去吃麦旋风,袁浩轩,黄家谦,曾天乐,,False,True,4,387,,,+2(69),,+(166),,,,,,-2,+(58),+(54)
670,,武汉大学,核心算法,魏俊涛,戴天奕,杨锦熙,,False,True,4,388,,,+(72),,+1(172),,,,,,,+(90),+(34)
671,,华南理工大学,Tiga,廖嘉豪,余阳,王国龙,,False,True,4,389,,,+(63),,+(151),-6,,,,,,+2(89),+(46)
672,198,河南工业大学,WA常有而AC不常有，经常寄于TLE之手,曹瑞峰,陈兰锴,牛浩然,,False,True,4,389,,,+1(74),,+(192),,,,,,-1,+(63),+(40)
673,,中国矿业大学,三只煤球想成金,杜重阳,倪浩宸,吴帅,,False,True,4,390,,,+(59),,+(173),,,,,,,+(104),+(54)
674,,广东工业大学,我想拿牌子,李耿豪,黄博,周建宏,,False,True,4,391,,,+1(80),,+(151),,,-1,,,-7,+1(77),+(43)
675,,浙大宁波理工学院,保不齐对,周艺杰,戴柯求,余健林,,False,True,4,391,,,+(66),,+(205),,,,,,,+(76),+(44)
676,,东北大学,东北大学_1234566,徐海,韩重,肖举涛,,False,True,4,392,,,+2(71),,+(125),-1,,,,,-1,+(88),+1(48)
677,,武汉纺织大学,419355133210017000,蒋沈浩,苏宇曦,胡劲睿,,False,True,4,393,,,+(54),,+2(146),-3,,,,,-2,+1(80),+(53)
678,199,南京林业大学,出题人应该多去刷刷力扣再来出题,宗家宇,雷宇,潘冠宇,,False,True,4,394,,,+2(63),,+(139),,,,,,-4,+1(83),+(49)
679,200,福建农林大学,凌云,刘雄豪,郭伟平,陈炎,,False,True,4,394,,,+(54),,+(212),,,,,,,+(78),+(50)
680,,武汉科技大学,537要复仇,张咏鑫,邱佳建,胡成星,,False,True,4,395,,,+2(59),,+(192),,,,,,-3,+(75),+(29)
681,201,华中农业大学,唐完了就是淞,苏森阳,王敬淞,邵晨曦,,False,True,4,395,,,+1(51),,+(210),,,,,,-15,+(71),+(43)
682,,宁波大学,圣园未花华为原神是回文串,陈一波,严齐航,胡健山,,False,True,4,395,,,+(57),,+(218),,,,,,,+(76),+(44)
683,,江西师范大学,完蛋!我被原P包围了!,周路煜,李海平,熊贤昊,,False,True,4,396,,,+(69),,+(165),,,,,,,+(108),+(54)
684,202,南阳理工学院,给队友端茶倒水,禹云龙,李灿辉,张泽楷,,False,True,4,396,,,+(66),,+(166),,,,,,-2,+2(96),+(28)
685,203,延安大学西安创新学院,略大于单挑,刘庆,刘长磊,杨拓丹,,False,True,4,398,,,+1(77),,+(163),,,,,,-3,+(84),+(54)
686,204,南昌大学,雪月花,何超,汪宇翔,王子勤,,False,True,4,400,,,+1(62),,+(184),,,,,,-1,+1(90),+(24)
687,,河南农业大学,数组清空不完全,赵嘉驰,胡锦阳,张岩,,False,True,4,400,,,+(81),,+(228),,,-2,,,,+(68),+(23)
688,,南京航空航天大学,铜牌锅贴,黄子源,黄耘青,桑浩然,,False,True,4,403,,,+(71),,+(212),,,,,,-4,+(86),+(34)
689,,阜阳师范大学,A+BProblem,张鹏程,严航,王保君,,False,True,4,403,,,+(71),,+(238),,,-229,,,-33,+(54),+(40)
690,,东北大学秦皇岛分校,旭日东升,徐睿康,吴一玄,刘东升,,False,True,4,404,,,+1(58),,+(164),,,,,,,+1(101),+(41)
691,,厦门大学,0x0d00,林帅,刘之流,孙欣怡,,False,True,4,405,,-3,+2(78),,+(168),,,-6,,,,+(75),+(44)
692,,哈尔滨工业大学（深圳）,想打icpc,罗烺韬,吴志广,邹锦宇,,False,True,4,406,,,+1(80),,+(167),-3,,,,,-4,+1(67),+(52)
693,,安徽大学,似乎有着能够令人AC的隐藏指令,刘圆博,吕建强,许子桢,,False,True,4,407,,,+2(58),,+1(166),,,,,,,+1(73),+(30)
694,,哈尔滨工业大学（深圳）,我在ccpc不响丸辣,李俊铖,冯炀,林亮宇,,False,True,4,408,,,+1(80),,+(170),-1,,,,,-2,+(83),+(55)
695,,东南大学,只做签到题,戴高乐,周天逸,殷晓铭,,False,True,4,409,,,+1(56),,+(172),,,,,,-6,+1(98),+(43)
696,,南阳理工学院,以下队伍成绩全部作废,叶昱彤,赵梦一,周硕涵,,False,True,4,409,,,+1(68),,+1(174),,,-50,,,,+(79),+(48)
697,205,信息工程大学,花生可,闫国基,李鸣铭,黄颂凯,,False,True,4,410,,,+(70),,+(211),,,,,,-5,+(79),+(50)
698,,西南交通大学,胆小菇之梦,阚闯,丁昱,徐明山,,False,True,4,411,,,+1(71),,+(185),,,,,,-2,+1(84),+(31)
699,,莆田学院,口胡金牌题,许庆华,龚磊,黄佳威,,False,True,4,412,,,+3(54),,+(144),-3,,-29,,,-1,+1(106),+(28)
700,,四川大学,关于期末周要思考队名这件事,陈春昊,唐文可,邓善聪,,False,True,4,412,,,+(53),,+1(186),-4,,,,,-2,+(101),+(52)
701,,华东师范大学,例方体,蓝寒,陶雨捷,韦思成,,False,True,4,413,,,+(72),,+(239),-4,,,,,,+(52),+(50)
702,,南阳理工学院,一哥一演一挂机,周一涛,王士尧,毋华萍,,False,True,4,414,,,+1(73),,+(208),,,,,,-1,+(69),+(44)
703,,河海大学,xcpc什么时候进奥运,黄兆彬,任意,杨家辉,,False,True,4,415,,,+1(82),,+(214),,,,,,,+(59),+(40)
704,206,南阳师范学院,悬笔一绝,仵蓓文,邱志恩,黄景焜,,False,True,4,416,,,+1(65),-7,+(161),,,,,,,+2(99),+(31)
705,,电子科技大学,UESTC_当初是你要分开,孙博林,杨云皓,赵城尧,,False,True,4,416,,,+2(78),,+(162),,,,,,-1,+1(73),+(43)
706,207,齐鲁工业大学,转生为铲车人哦布莱克斯,闫书萌,黄韵绮,孙铭,,False,True,4,416,,,+(60),-17,+1(232),-1,,,,,,+(68),+(36)
707,,上海大学,SHU2406,黄垒,蔡轩,韦杰恒,,False,True,4,417,,,+(79),,+1(180),,,,,,,+(67),+1(51)
708,208,南华大学,样例过了就是过了！,李柏顺,刘思凯,聂城炎,,False,True,4,418,,,+(94),,+1(130),,,,,,,+2(76),+(58)
709,,南京邮电大学,njupt24team004,展翼,陈兆锋,吴天宇,,False,True,4,418,,,+(80),,+(217),,,,,,,+(87),+(34)
710,,中国民航大学,永远的分母,孔子豪,胡逸飞,刘瑞轩,,False,True,4,419,,,+3(77),,+(167),-1,,,,,,+(64),+(51)
711,209,内蒙古大学,BOYSACMCRY,贾径懿,季昊天,茌心宇,,False,True,4,419,,,+1(84),,+1(188),,,,,,,+(64),+(43)
712,,北京理工大学,快进到五小时后,王庭易,周明睿,张直,,False,True,4,421,,,+3(87),,+(162),,,,,-5,,+(63),+(49)
713,,武汉工程大学,本场罚时全部作为神社香火钱,高士博,徐洋,徐明洋,,False,True,4,421,,,+1(62),,+1(164),,,,,,,+1(91),+(44)
714,,青岛理工大学,猜结论，过样例，代码一交就是寄,黄从恺,韦振兴,魏天意,,False,True,4,423,,,+2(77),,+(163),,,,,,-2,+(95),+(48)
715,,福建理工大学,RE：从bug到debug开始的XCPC生活,周俊杰,陈雨彬,连鑫焱,,False,True,4,424,,,+1(97),,+1(151),,,,,,-5,+1(76),+(40)
716,,上海科技大学,鹰之翼,居然,李建昊,王旻昊,,False,True,4,425,,-3,+1(101),,+1(151),-2,,,,,,+(99),+(34)
717,,南阳理工学院,无敌噼里啪啦,尚同铮,张睿博,徐子川,,False,True,4,425,,,+1(55),,+1(179),,,,,,-2,+1(97),+(34)
718,,武汉科技大学,长方形,赵炜锋,刘峻州,付雅典,,False,True,4,425,,,+(74),,+1(234),,,,,,-3,+(52),+(45)
719,210,广东外语外贸大学,Fe++,罗梓元,邓骐初,杜卓礼,,False,True,4,427,,,+1(71),,,+1(214),,,,,,+(54),+(48)
720,,大连理工大学,我将点燃大海,金晟,蒋佳炀,时佳骏,,False,True,4,428,,,+(94),,+(166),-2,,,,,,+2(82),+(46)
721,211,郑州经贸学院,阿比盖尔之花,张海乐,席玮辰,王哲,,False,True,4,428,,,+(69),,+(207),,,,,,-1,+(101),+(51)
722,,西北大学,追风去,陈鸿羽,颜晓轶,杨明坤,,False,True,4,428,,,+1(76),,+(243),,,,,,,+(59),+(30)
723,,集美大学,鳄鱼也要做鳄梦,陈华弘,洪韩毅,廖杰如,,False,True,4,430,,,+1(83),,+(178),,,,,,,+1(88),+(41)
724,212,成都东软学院,不时坐在小徐腿上小声撒娇的邻队xy同学,周志宏,徐佳杰,廖永东,,False,True,4,430,,,+(65),,+(200),,,,,,,+1(109),+(36)
725,,天津大学,这还是蟹堡王么,吕一然,马宏伟,张明达,,False,True,4,432,,,+3(88),,+(151),-2,,,,,,+(59),+(74)
726,213,西华大学,夏日限定的告白,赵熙,谢维文,肖代阳,,False,True,4,432,,,+1(53),,+1(174),,,,,,,+2(93),+(32)
,,成都市树德中学,一战传奇旅行者进军泰拉,李文耀,高驰轩,冯思齐,,False,False,4,433,,,+2(75),,+2(135),-15,,-79,,,-6,+(83),+(60)
727,,武汉工程大学,青青子衿，悠悠我心,白雨龙,朱盛杰,邓豪,,False,True,4,433,,,+2(62),,+(155),,,,,,-5,+1(115),+(41)
728,,浙江科技大学,梅川苦茶子,郑鑫,朱睿哲,赵科竣,,False,True,4,433,,,+1(93),,+(194),,,-168,,,,+1(74),+(32)
729,,浙江师范大学,深藏blue,苏得昂,姜翔元,周纪恺,,False,True,4,434,,,+(100),,+(184),,,,,,,+1(85),+(45)
730,,中国计量大学,wc又不是正解,方志伟,李熠轩,吴仁钘,,False,True,4,434,,,+1(62),,+2(210),,,,,,-3,+(59),+(43)
731,,香港科技大学广州,ACM之日：无限罚时制,王智渊,陈志屹,黎志凌,,False,True,4,435,,,+2(101),,+(183),-4,,,,,,+(63),+(48)
732,,江西师范大学,Wrong_answer_on_test_1,杨扬骁,刘俊豪,叶潮辉,,False,True,4,436,,,+2(75),,+(209),,,,,,-3,+(62),+(50)
733,,广东工业大学,三句号,赵浩杰,陈建生,吴毓乐,,False,True,4,436,,,+2(66),,+(232),,,,,,-2,+(54),+(44)
734,,东南大学,白矮星,郝舒扬,顾凌晗,周启凡,,False,True,4,437,,,+2(94),,+(212),,,,,,,+(55),+(36)
735,,东北大学,东北大学_坐标火石桥,魏子杰,黄佳明,王帅,,False,True,4,440,,,+1(60),,+2(232),,,,,,,+(58),+(30)
736,,深圳大学,SZU_Wrong answer on test 2,温家燊,肖俊祺,葛峻赫,,False,True,4,444,,,+1(85),,+(164),-2,,,,,,+1(98),+(57)
737,,华中科技大学,等我回家想想队名,王泽贤,张思潼,杨凯文,,False,True,4,444,,,+2(57),-1,+1(186),-2,,-152,,,,+1(86),+(35)
738,,北京林业大学,一码归一码,周欣潼,张秉鸿,李振梁,,False,True,4,444,,,+1(60),,,+(293),,,,,,+(47),+(24)
739,,东北大学秦皇岛分校,先看A题,尹瀚磊,曹朝阳,王永翔,,False,True,4,446,,,+3(106),,+(130),,,,,,,+(93),+(57)
740,214,中央民族大学,给我们一个分站赛的名额吧,李艳丽,陈博,田星远,,False,True,4,449,,,+2(118),,+1(133),,,,,,,+(61),+1(57)
741,,华南师范大学,老兵不死,黄政波,张科禄,海建荣,,False,True,4,449,,,+2(79),,-1,+3(185),,,,,,+(53),+(32)
742,,大连理工大学,dlut03,徐易,吴胤祺,孟家祺,,False,True,4,450,,,+3(89),,+1(172),,,-3,,,-4,+(63),+(46)
743,,武汉大学,骗分过样例,刘尚源,洪阳,刘金成,,False,True,4,452,,,+3(72),,+(190),-2,,,,,,+(101),+(29)
744,,武汉理工大学,靠两位大爹带,张云迪,郭征威,陈涛,,False,True,4,452,,,+1(57),,+(260),,,,,,-1,+(66),+(49)
745,215,成都大学,都市狂少,何智恒,李纪松,翟鑫麟,,False,True,4,453,,,+2(94),,+1(177),,,,,,,+1(61),+(41)
746,,大连海事大学,♥相亲相爱一家人♥,陈昊楠,廖易超,张皓奕,,False,True,4,453,,,+1(75),,+1(190),-1,,,,,,+(105),+(43)
747,216,山东建筑大学,大明湖水怪,庄文轩,冯振荆,董芳安,,False,True,4,455,,,+1(75),,+(191),,,-10,,,,+1(101),+(48)
748,,中国传媒大学,一刻也没有为TLE哀悼，立刻赶往战场的是,陈旻庚,叶阳,朱霁,,False,True,4,455,,,+2(68),,,,,,,,+1(204),+(80),+(43)
749,217,青岛科技大学,一唱雄鸡天下白,王宏利,魏鹏超,王景冉,,False,True,4,455,,,+2(67),,+(219),,,,,,,+(86),+(43)
750,218,南京师范大学,失败贯彻始终,陆昊宇,季润民,徐耀,,False,True,4,458,,-4,+1(52),-1,+1(274),-6,-1,-27,-1,-1,-4,+(64),+(28)
751,,山东科技大学,无畏号,谭明昆,李慎彬,张作为,,False,True,4,459,,,+1(80),,+(195),,,,,,,+1(111),+(33)
752,219,广西外国语学院,弥补一下GXCPC的遗憾,杨瑞杰,唐楷,蒋俊辉,,False,True,4,459,,,+(47),,+(314),,,,,,-25,+(51),+(47)
753,,东南大学,汪汪队,李睿佳,吴思源,,,False,True,4,461,,,+4(92),,+1(144),,,,,,-1,+(73),+(52)
754,,天津大学,守夜人,罗逸伦,王俊学,黄文聪,,False,True,4,462,,,+1(64),,+1(217),-12,,,,,,+(88),+(53)
755,,华中科技大学,练习时长一坤月的野猪骑士,杨逸轩,谭博涵,,,False,True,4,462,,,+2(69),,+1(230),,,,,,-80,+(66),+(37)
756,,合肥工业大学宣城校区,宣工专悠闲纪行～边挂科边打ACM～,吉中原,程龙廷,冯舶钊,,False,True,4,463,,,+2(74),,+3(180),,,,,,-1,+(59),+(50)
757,220,绍兴文理学院,山里灵活 & 山田凉 & 永远鲜红的幼月,李柯叡,寿正阳,陆奕丰,,False,True,4,463,,,+1(78),,+(180),,,,,,-5,+2(98),+(47)
758,,南阳理工学院,8.2牢大带我坤情通宵海底捞,宋雨静,陈玥如,张瑞婷,,False,True,4,463,,,+(70),,+(265),,,,,,,+(80),+(48)
759,221,无锡学院,WXU_Excalibur,钟思旋,王圣,韩顺,,False,True,4,464,,,+1(82),,+1(205),,,,,,-1,+(86),+(51)
760,222,济南大学,红黑树之影,李沐翰,荆一彤,张崇,,False,True,4,465,,,+3(105),,+(149),,,,,,,+(75),+(76)
761,,南京师范大学,取经第一难：罚坐5小时,陈竹阳,胡立,许添,,False,True,4,465,,-2,+1(95),,+(206),,,,,,,+1(70),+(54)
762,,北方工业大学,鸡煲+小蓝人=ac,郑元兴,程鹏,邵奕涵,,False,True,4,466,,-2,+2(48),-2,+(210),-2,-2,-2,-113,-2,-2,+2(94),+(34)
763,,中南民族大学,佳明带飞学长学姐,方可,连煜博,吴佳明,,False,True,4,468,,,+2(88),,+(183),,,,,,-2,+1(104),+(33)
764,,江西师范大学,辣子鸡,朱讯麟,简力然,刘皓东,,False,True,4,468,,,+1(55),,+(255),,,,,,-2,+1(86),+(32)
765,,广东工业大学,逸误,李俊贤,吴达武,易俊霖,,False,True,4,468,,,+1(75),,+(273),,,,,,,+(56),+(44)
766,223,四川师范大学,写都写了，交一发吧,唐宇,武恒,李嘉乐,,False,True,4,469,,,+2(71),,+(174),,,,,,,+2(78),+1(46)
767,224,安徽农业大学,签到杀手被签到题杀,李兹如,姜乐源,童文康,,False,True,4,469,,,+1(112),,+(178),,,,,,-2,+1(95),+(44)
768,,河南工业大学,重生之拿下美羊羊,汪明超,凡亚豪,吴鸿洋,,False,True,4,471,,,+1(103),,+1(220),,,,,,,+(72),+(36)
769,,台州学院,真有趣该回家了,郑艳佳,任羽昕,叶洗亚,,False,True,4,471,,,+1(86),,+(266),,,,,,,+(67),+(32)
770,225,湖南警察学院,湖南警察学院5队,李道远,袁福来,申宇,,False,True,4,473,,,+(80),,-1,,,,,,+1(252),+(71),+(50)
771,226,北京信息科技大学,你猜烫金黄不黄,朱默涵,房承烨,韩家成,,False,True,4,474,,,+1(67),,+(166),,,,,,,+2(133),+(48)
772,,浙江工商大学,空花阳焰,徐贤涛,王哲,薛强,,False,True,4,474,,,+2(70),,+(189),-1,,,,,,+2(86),+(49)
773,,哈尔滨工程大学,我们的队名非常的长为什么因为一寸长一寸强,陆学弘,张福森,廖浠言,,False,True,4,474,,,+1(83),,+(254),,,,,,,+(60),+(57)
774,,长春理工大学,哭泣男孩WA队,唐海原,黄炳睿,周易非,,False,True,4,475,,-10,+1(76),,+2(181),,,,,,,+1(82),+(56)
775,,深圳大学,szu_OvO,岑健锋,唐浚源,张楠,,False,True,4,476,,,+2(77),-2,+1(232),,,,,,,+1(57),+(30)
776,,南方科技大学,SUSTech_Seven,黄睿轩,徐晨钧,李连馨,,False,True,4,476,,-8,+(101),,+(243),,,,,,,+(74),+(58)
777,,西南民族大学,灰烬孕育生灵，催生枝叶，濯净浑浊。,买鑫鑫,韦慧欣,蓝浩晨,,False,True,4,478,,,+1(64),,+2(183),,,-1,,,-1,+1(106),+(45)
778,,福州大学,深藏blue队,洪语涵,潘凌峰,张仁杰,,False,True,4,478,,,+1(86),,+1(201),,,,,,,+(76),+(75)
779,,西安理工大学,庄周梦韩,韩明轩,庄睿君,周彦泽,,False,True,4,478,,,+1(96),-1,+1(203),,,,,,-7,+1(73),+(46)
780,,华南理工大学,我不知道我不会你们来,王烁云,王腾岳,张辉洲,,False,True,4,478,,,+2(80),,+3(214),,,,,,-2,+(51),+(33)
781,227,香港城市大学（东莞）,导师叫我们再来打一次比赛,郭旺乐,袁庚麒,唐朝,,False,True,4,478,,,+1(71),,+(287),-1,,-17,,,,+(50),+(50)
782,,中国传媒大学,啥,王思远,刘禹熹,黄屹,,False,True,4,479,,,+(63),,-2,+3(260),,,,,-4,+(52),+(44)
783,,上海科技大学,没打过黑马喽的黑码农,马锐泽,周小攀,钟睿丹,,False,True,4,481,,,+2(100),-9,+(199),,,,,,,+(97),+(45)
784,,成都信息工程大学,不会就睡觉,张顺军,杨鹏,权雨帆,,False,True,4,482,,-1,+2(82),-1,+(190),-1,-1,-1,-1,-1,-1,+2(101),+(29)
785,228,西安邮电大学,西邮一队,石宇,牛晨旭,毋至晨,,False,True,4,482,,,+(72),,+(214),,,,,,-4,+1(111),+(65)
786,229,山东财经大学,放不下的热爱,马弘逸,来孟阳,张淇皓,,False,True,4,482,,,+1(84),,+1(270),,,,,,-7,+(63),+(25)
787,,山东大学,勿空,乐恩玮,薛润泽,郭荣祥,,False,True,4,483,,,+2(105),,+1(195),,,,,,,+(75),+(48)
788,230,长安大学,暴力与打表之神，请赐予我随机数过题的能力,辜颖燊,吴宇伦,靳泽宇,,False,True,4,483,,,+2(83),,+(213),,,,,,-1,+1(82),+(45)
789,,中南民族大学,玛卡巴卡和它的秘密花园,林佳露,李子安,尹子昂,,False,True,4,483,,,+2(59),,+3(218),,,,,,,+(72),+(34)
790,,广东工业大学,加睡,梁若飞,梁伟,陈中豫,,False,True,4,483,,,+2(65),,+(301),-1,,,,,-3,+(44),+(33)
791,231,湖北工业大学,长生,杨思腾,陈奕澄,陈晓辉,,False,True,4,484,,,+2(89),,+(187),,,,,,-1,+1(89),+(59)
792,,东北农业大学,前面的题目以后再来探索吧,王亚男,谢梓涛,张钧辅,,False,True,4,484,,,+1(75),,+(192),-1,,,,,-1,+2(103),+(54)
793,,重庆大学,team570,张腾,周屹,周其星,,False,True,4,484,,,+2(54),,+3(224),,,-11,,,,+(76),+(30)
794,,郑州大学,郑大四队,程申夫,郭易哲,刘开阳,,False,True,4,485,,,+1(71),,+(235),,,,,,,+1(93),+(46)
795,,华中农业大学,CCPC华农队,孙宇恒,黄泽源,游宇珅,,False,True,4,486,,,+1(91),,+(224),,,,,,,+(103),+(48)
796,,华南理工大学,七猫,乔羽桐,樊子谦,陈铭浩,,False,True,4,487,,,+3(116),,,+1(144),,,,,,+2(83),+(24)
797,,宁波大学,nbu老登,林成峰,梁航锋,陈炳灿,,False,True,4,487,,,+3(64),,+3(170),,,,,,,+(88),+(45)
798,,杭州电子科技大学,2024杭电14队,黄泽彬,罗比,原子垚,,False,True,4,488,,,+(51),,+5(224),,,,,,-5,+(62),+(51)
799,,中国计量大学,我们是不是可以躺了？,张民权,刘子杭,苗先涛,,False,True,4,488,,,+2(73),,+1(250),-2,,,,,,+(65),+(40)
800,,江苏大学,别以为这样就能赢了,任屹涵,秦强民,李梦婷,,False,True,4,489,,,+(63),,+(171),,,,,,,+3(124),+1(51)
801,,河海大学,憧憬成为膜法ACMer,周厚望,王睿彬,陈培印,,False,True,4,489,,,+1(72),,+1(237),,,,,,-2,+1(76),+(44)
802,,厦门大学,byd,吴俊豪,庄昀,宋浩元,,False,True,4,489,,,+2(69),,+(242),,,,,,,+(99),+(39)
803,232,上海对外经贸大学,CatBrick,韩逸卿,唐超,陈玉翔,,False,True,4,489,,,+1(86),,+(244),-1,,,,,,+1(71),+(48)
804,233,杭州医学院,HMC1队,杨炘沛,冯洋一,洪嘉栋,,False,True,4,490,,-1,+1(74),-1,+(186),-1,-1,-1,-1,-1,-1,+1(134),+(56)
805,,福建理工大学,什么罐头我说,郭亿镭,戴佩旎,张宏志,,False,True,4,490,,,+2(87),,+(251),,,-13,,,,+(73),+(39)
806,,广东工业大学,qwq,廖家健,冯天翔,欧俊希,,False,True,4,491,,,+1(105),,+1(178),,,-859,,,,+(92),+1(56)
807,,武汉大学,(qwq),李俊涛,严鑫,李楚森,,False,True,4,492,,,+1(106),,+(222),,,,,,,+(92),+(52)
808,,中国地质大学（北京）,起名不如打猿神,许桥飞,夏冬,陈俊豪,,False,True,4,492,,,+3(61),,+3(226),,,,,,-7,+(57),+(28)
809,234,烟台科技学院,我要考研,徐召佳,张志伟,,,False,True,4,494,,,+2(50),,+2(186),-3,,,,,-4,+(92),+1(66)
810,235,西南财经大学,让我们出个线吧,吴晗,杨龙皓,匡政宇,,False,True,4,494,,,+(71),,+1(204),,,,,,-2,+2(103),+(56)
811,,哈尔滨工业大学（威海）,教练我不想再wa了,杜中坤,庄则栋,郑怡恒,,False,True,4,494,,,+2(78),,+1(227),,,,,,,+(94),+(35)
812,,北京林业大学,我们太想拿牌了,蔡优,管穗京,柯思源,,False,True,4,495,,,+(61),,+(191),-4,,,,,,+5(98),+(45)
813,236,湖南人文科技学院,WA!  真的是你啊,周念祖,尹朝伟,罗伦财,,False,True,4,495,,,+1(66),,+1(220),,,,,,-4,+2(85),+(44)
814,,武汉大学,方块人转生成铁牌选手,丁启航,陈新尧,石炜,,False,True,4,495,,,+(80),,+1(228),,,,,,,+(89),+1(58)
,,成都市树德中学,公费旅游真开心,张誉翔,潘奕成,肖瑞峰,,False,False,4,496,,,+2(126),,+(196),,,,,,-1,+(83),+(51)
815,,南京航空航天大学,找对象,陈梓鹏,吕海亮,李章锐,,False,True,4,497,,,+(105),,+(164),,,,,,,+3(122),+(46)
816,237,惠州学院,桂花载酒，少年余梦,龚诚,冼健民,陈冠宇,,False,True,4,497,,-1,+4(78),-1,+1(213),-1,-1,-1,-1,-1,-1,+(73),+(33)
817,238,临沂大学,铁牛牛肉面,王琦,黑乃骁,刘昊铜,,False,True,4,498,,,+2(76),,-6,,,,,,+3(182),+(98),+(42)
818,,宁波大学,Tri-Squad,刘毅,曾昆,李安康,,False,True,4,500,,,+4(116),,+1(137),,,,,,,+1(78),+(49)
819,,中国矿业大学,宇宙兄弟,严川浙,肖永烨,唐嘉诣,,False,True,4,500,,,+2(84),,+(168),,,,,,-2,+2(121),+(47)
820,,山东大学（威海）,是谁在喊我宝宝,靳可欣,郑甫,殷越,,False,True,4,500,,,+(72),,+3(184),,,,,,,+1(103),+(61)
821,239,湖南中医药大学,样例过了就队,魏征,李悦灵,付海洋,,False,True,4,502,,,+1(87),-1,+(181),-1,,,,,,+2(138),+(36)
822,,山东大学,人有三名，代码有三行,邓璐,郭明珠,李一波,,False,True,4,502,,,+1(65),,+(196),,,,,,,+(131),+(90)
823,,武汉理工大学,样例都没过怎么AC了,王雨辰,吴明洲,王浩丞,,False,True,4,502,,-1,+1(61),,+1(275),,,,,,-1,+(94),+(32)
824,240,浙江中医药大学,ZCMU-赛博老中医,王震,黄超逸,何子涵,,False,True,4,503,,,+(58),,+1(217),,,,,,,+3(112),+(36)
825,,华南理工大学,"译验丁真,鉴定为这发AC",何嘉骅,张玮澎,叶嘉文,,False,True,4,504,,,+3(96),,+1(179),,,,,,,+1(89),+(40)
826,,苏州大学,草酰乙酸,李宇杰,范宇辰,吴雪峰,,False,True,4,504,,,+(149),,+(188),,,,,,,+(122),+(45)
827,241,安徽工程大学,不能鸭，wa!,阮杨永,周子豪,余牧,,False,True,4,504,,-2,+1(121),,+(207),,,-3,,,,+(94),+(62)
828,,惠州学院,出关的小白,孙昊,汤家健,江仰德,,False,True,4,504,,,+2(97),,+(214),,,,,,,+1(86),+(47)
829,,浙江理工大学,学车归来势必通关黑神话悟空,胡涛,颜林浩,黄晨康,,False,True,4,504,,,+1(58),,+(268),,,,,,,+(72),+1(66)
830,,长沙学院,名字好难取,刘音杰,唐俊华,杨启凡,,False,True,4,506,,,+2(88),,+(195),,,,,,,+1(115),+(48)
831,242,吉首大学,猪猪队,文凯,魏褚鹏,文旅航,,False,True,4,507,,,+2(120),,+(164),-1,,,,,-3,+1(116),+(47)
832,,福建理工大学,ACaAC,郑少豪,颜嘉民,周世杰,,False,True,4,507,,,+1(85),-3,+(276),,,,,,,+(72),+(54)
833,,吉林大学,菜鸟俱乐部,康德润,程宇星,刘雅奇,,False,True,4,507,,,+1(66),,+(284),,,,,,-8,+1(83),+(34)
834,,西北工业大学,牛战士的AK之梦,黄知远,欧阳家杰,吕昊临,,False,True,4,508,,,+4(92),,+1(194),,,,,,-1,+1(64),+(38)
835,,山东理工大学,无敌暴龙龙龙,周鵬,牛嘉鑫,刘述开,,False,True,4,509,,,+1(101),,+(210),,,,,,-2,+(132),+(46)
836,243,桂林电子科技大学,网络流大师wth,林镔壕,,,,False,True,4,510,,,+(124),,+(222),,,,,,,+1(96),+(48)
837,,成都大学,翻斗花园第一罚时队,黄兵,陈德健,张信富,,False,True,4,510,,,+(82),,+3(250),,,,,,,+(69),+(49)
838,244,安徽工业大学,黑同调:CCPC,林仁杰,朱冬阳,李锐,,False,True,4,511,,,+2(80),,+1(170),,,,,,,+3(91),+(50)
839,,鲁东大学,燎原,杨荫洲,刘春蒲,吕方伟,,False,True,4,513,,,+3(61),,+(172),,,,,,,+2(136),+(44)
840,,浙江财经大学,炒饭梦想家,林煜超,贾亦浩,何益繁,,False,True,4,513,,,+1(101),,+(250),,,-2,,,-6,+(85),+(57)
841,,哈尔滨工业大学（威海）,我们队名改成文化水平不高，不会起名吧,王宇卓,郑权涌,杨朝平,,False,True,4,514,,,+1(112),,+(212),,,,,,,+(115),+(55)
842,,华东理工大学,得得得得,张勉,贾正坤,孙启翔,,False,True,4,514,,,+(76),,+1(218),,,,,,,+2(102),+(58)
843,,重庆大学,原，妙不可言,胡明涛,单宇宸,文红兵,,False,True,4,515,,,+(59),,+(249),,,-8,,,,+1(136),+(51)
844,,长沙学院,不能说的秘密,盛林锋,张政明,饶子伟,,False,True,4,517,,,+3(67),,+(191),,,,,,,+2(106),+(53)
845,,厦门理工学院,厦门理工2队,黄承杰,林依婷,洪世炜,,False,True,4,518,,,+2(79),,+(194),,,,,,,+2(121),+(44)
846,,江西师范大学,打acm死路一条,张志伟,徐磊,冯尉旺,,False,True,4,518,,,+1(69),,+1(209),,,,,,-3,+3(109),+(31)
847,,山东大学,伤口很浅，莫要起身了,张讯,彭麟翔,刘逸宁,,False,True,4,521,,,+1(76),,+1(207),,,,,,-1,+1(120),+(58)
848,245,湖南农业大学,以上ac无效,李南翃,刘永康,李磊,,False,True,4,522,,,+(72),-4,+1(276),,,,,,,+1(100),+(34)
849,,长安大学,神樱树,刘葆骐,高源,田笑颜,,False,True,4,523,,,+2(92),,+2(210),,,-2,,,-7,+(76),+(65)
850,,山东理工大学,我每天打ACM也没上瘾啊,杨庭硕,崔立栋,王佳丽,,False,True,4,523,,,+1(74),,+3(262),,,,,,,+(62),+(45)
851,,北京化工大学,夺心魔,曾赫喆,熊家怡,安晓阳,,False,True,4,523,,,+1(83),,+(268),,,,,,,+1(77),+(55)
852,,兰州大学,忽略所有提示直接输出通过,吴晨阳,万全,任墨涵,,False,True,4,524,,-4,+2(84),,+2(200),,,,,,,+1(92),+(48)
853,,台州学院,队名起什么,尹海涛,韩松霖,戴于皓,,False,True,4,524,,,+1(57),,+3(225),,,,,,-18,+2(92),+(30)
854,246,广东技术师范大学,阿伟从小就很可爱,谢合松,黄宇凡,李苇森,,False,True,4,525,,,+1(55),,+1(182),,,,,,,+3(142),+(46)
855,,西安电子科技大学,不知道,廖文轩,何牧,曾闻海,,False,True,4,525,,,+1(123),,+1(237),,,,,,-1,+(81),+(44)
856,247,西安欧亚学院,略去过程QED,林川翔,蒋冬伟,陈秋文,,False,True,4,526,,,+1(89),,+(199),-6,,,,,,+2(130),+(48)
857,248,石家庄铁道大学,"vivo50,我们队wa出秦始皇了",陈林埒,徐傲,刘宇恒,,False,True,4,526,,,+2(93),,+(268),,,,,,-6,+(68),+(57)
858,249,长春工业大学,这老破玩意收我250,饶晟烨,徐承润,刘明昊,,False,True,4,527,,,+2(115),,+(188),,,,,,-9,+(104),+(80)
859,,国防科技大学,冲冲冲,刘益通,程星桦,苏弘烨,,False,True,4,527,,,+1(71),,+1(243),-2,,,,,,+1(91),+(62)
860,,浙江工商大学,看ad免费ac,谢相逸,詹海吉,陈锦鸿,,False,True,4,527,,,+1(90),,+(265),,,,,,,+(97),+(55)
861,,杭州师范大学,小卓两杯,张俊涛,葛先步,徐浩哲,,False,True,4,529,,,+2(61),,+(225),,,-422,,,-1,+1(138),+(45)
862,250,烟台大学,手提玉剑斥千军，昔日锦鲤化金龙,邱敏,李嘉豪,王玉浩,,False,True,4,529,,,+2(101),,+1(228),,,-69,,,,+(69),+1(51)
863,,中北大学,旺财不会喵喵叫,崔璨,邓佳铭,王嘉璇,,False,True,4,529,,,+1(106),,+(248),,,,,,-1,+(97),+(58)
864,,新疆大学,请你给个牌子，我什么都会做的,蒋涛,骆承,欧力铭,,False,True,4,529,,,+1(61),,+1(278),,,,,,,+1(82),+(48)
865,,中国科学技术大学,我从来没觉得打比赛能AC过,栾Luan,娄彦轩,陈天添,,False,True,4,530,,,+1(139),,+2(179),,,,,,-9,+(103),+(49)
866,,武汉工程大学,她说我们之间没有结果，但我明明输出了ans,归子达,刘明,钱嘉豪,,False,True,4,530,,,+1(96),,+(217),,,,-2,,,+2(106),+(51)
867,,内蒙古大学,铁匠,张琦,李浩,许书豪,,False,True,4,530,,,+1(77),,+1(287),-7,,,,,-5,+1(63),+(43)
868,251,安阳师范学院,算法这科豪楠,周兴科,余卓豪,陈超楠,,False,True,4,531,,,+2(60),,+3(217),,,,,,-4,+1(71),+1(43)
869,,华中师范大学,只此青绿,徐普,王宇姿,陈诚,,False,True,4,533,,,+1(135),,+(230),,,,,,-2,+(97),+(51)
870,,西南科技大学,大山里的动物朋友,姚斌,孙东洋,唐浩展,,False,True,4,533,,,+2(50),,+1(323),-1,,,,,,+(65),+(35)
871,252,河北工业大学,我来写你们别走,赵一玮,高泽文,杨佳豪,,False,True,4,534,,,+1(84),,+1(258),,,-11,,,,+(60),+2(52)
872,253,南京农业大学,没有人比我更懂AC,黄子琰,张博轩,魏尧选,,False,True,4,535,,,+1(110),,+1(206),,,,,,,+(130),+(49)
873,,湖南工业大学,Cannotimagine,李昊展,黎程帆,田梅楠,,False,True,4,535,,,+(67),,+(221),,,-1010,,,,+3(141),+(46)
874,,大连理工大学,dlut06,刘晨旭,汪瀚声,杨君泓,,False,True,4,538,,,+3(86),,+1(173),,,,,,,+2(104),+(55)
875,254,江西农业大学,领航者,刘圣丰,潘仕翰,孙文凯,,False,True,4,538,,,+1(80),,+2(179),,,,,,-2,+5(73),+(46)
876,,华南师范大学,一路向南,于昊炜,朱宬华,曾祥康,,False,True,4,538,,,+(63),,+1(294),,,,,,-3,+(105),+(56)
877,,合肥工业大学宣城校区,WA会消失对不对,王子恒,罗天昊,岳乐,,False,True,4,539,,,+2(90),,+1(205),,,,,,-3,+2(113),+(31)
878,255,华北电力大学,在提瓦特大陆寻找锐刻旗舰店是否搞错了什么,林鸿睿,张子恒,许云辉,,False,True,4,539,,,+2(66),,+(230),,,,,,-1,+4(92),+(31)
879,,深圳大学,SZU_MouTai19937,林文伟,雷昀珂,冉起,,False,True,4,540,,,+(81),,+(277),,,,,,-3,+(92),+1(70)
,,河南师范大学附属中学,若我们不曾见过金牌,李凡一,王林翰,郑博文,,False,False,4,541,,,+3(100),-1,-1,,,+3(139),,,-1,+2(76),+1(46)
880,,西安电子科技大学,憧憬成为ACM高手,刘昊昕,周川旸,李明辉,,False,True,4,541,,,+(75),-1,+2(213),,,,,,,+2(117),+(56)
881,,北京师范大学,故梦之隐,姚述军,王思潮,陈博,,False,True,4,541,,,+(69),,+1(341),,,,,,,+(77),+(34)
882,,中国海洋大学,TLE Master,蔡万林,王俞鉴,李明朗,,False,True,4,543,,,+(80),-1,+(164),,,-4,,,,+4(169),+(50)
883,,香港中文大学（深圳）,啥都不会队,江璘鋆,张力文,林宇凡,,False,True,4,543,,,+(60),,+3(275),,,,,-2,,+1(83),+(45)
884,,南昌航空大学,极限水花,袁帅,梁军斌,唐斌,,False,True,4,545,,-1,+1(83),-1,+1(211),-1,-1,-1,-1,-1,-1,+2(125),+(46)
885,,河海大学,不时以暴力算法tle的邻座acm同学,金炬光,杨帆,曾国琳,,False,True,4,545,,,+(82),,+1(329),,,,,,,+(51),+(63)
886,,江苏大学,我队友呢？,周文杰,杨皓煜,沙先银,,False,True,4,547,,,+4(93),,+1(249),,,-8,,,,+(58),+(47)
887,,厦门大学,XMU03,彭泽喜,连亮瑜,李纪原,,False,True,4,547,,,+1(64),,+2(271),,,,,,,+1(86),+(46)
888,,武汉科技大学,以上队伍成绩全部无效,张子豪,曾令卓,张晨旭,,False,True,4,547,,,+2(58),,+(295),,,,,,-1,+1(95),+(39)
889,,山东大学,签到人,史博文,徐聚礼,张林翰,,False,True,4,547,,,+(83),,,,,+(340),,,,+(69),+(55)
890,,江西理工大学,初出茅庐,陈云杰,吴仕贤,蔡结,,False,True,4,548,,,+1(68),,+1(244),-4,,-5,,,,+2(107),+(49)
891,,青岛大学,AC钙奶,宇泉,王新儒,王禹杰,,False,True,4,549,,,+2(95),,+1(232),,,,,,,+(111),+(51)
892,,信息工程大学,我们仨指定嘎嘎猛吃,白昊然,王华锋,危东,,False,True,4,550,,,+1(71),,+1(252),,,-7,,,-13,+(130),+(57)
893,,浙江工商大学,哆啦ak,刘泽轩,于天佑,方存轩,,False,True,4,551,,,+1(93),,+(174),,,-7,,,,+2(134),+2(50)
894,,南京林业大学,25浙软点击就送,喻灯,俞言骐,缪若凡,,False,True,4,551,,,+1(70),,+1(249),,,,,,-2,+2(107),+(45)
895,,合肥大学,候鸟,王国梁,杨仕超,吕文杰,,False,True,4,553,,,+3(77),,+(238),,,,,,,+1(107),+(51)
896,256,山东管理学院,纯真丁一郎,陈健豪,梁勋浩,卢明煜,,False,True,4,553,,,+3(73),,+1(244),,,,,,-2,+1(88),+(48)
897,,天津大学,北洋水师?,张纪同,刘清源,韦德敏,,False,True,4,553,,-3,+1(65),,+2(272),-2,,,,,,+1(84),+(52)
898,,香港科技大学广州,青春科广男大不会梦见被接受,任发申,王语诺,王海彬,,False,True,4,554,,,+1(58),,+(231),,,-2,,,,+2(143),+(62)
899,,武汉科技大学,537小分队,彭睿,张轶雯,明正阳,,False,True,4,555,,,+(113),,+1(297),,,,,,,+(86),+(39)
900,,福建师范大学,复活赛续集,廖子涵,陈咏欣,王超,,False,True,4,556,,,+3(95),,+2(196),,,,,,,+(89),+1(56)
901,,南昌大学,三下五除二,何家欢,刘学麟,杨喆,,False,True,4,558,,,+1(72),,+6(239),,,,,,,+(56),+(51)
902,257,湖北第二师范学院,老学长爆牌子,张进,游俊爽,,,False,True,4,558,,,+1(61),,,,,,,,+5(282),+(48),+(47)
903,,烟台大学,少年先疯队,艾雪飞,赵俊翔,王云飞,,False,True,4,559,,,+(92),,+(188),,,-50,,,,+5(126),+(53)
904,,香港科技大学广州,DSA-志锐教育科技一队,司徒子瑄,陈卓轩,池默,,False,True,4,559,,-2,+1(124),,+(266),,,,,,,+(88),+(61)
905,,北京化工大学,？神？动,刘炯良,杨青博,周好,,False,True,4,561,,,+(58),,+4(318),,,,,,,+(74),+(31)
906,,青岛科技大学,HJW,刘博,吴茂瑜,闫振斌,,False,True,4,562,,,+(57),,+3(318),,,,,,,+(70),+(57)
907,,西安电子科技大学,青春算法少年不会梦到ACM学姐,李景生,李熙源,曾海滨,,False,True,4,564,,-2,+2(50),,+(343),,,,,,,+(77),+(54)
908,,东北农业大学,马桶怎么堵了？哦原来是我仨的手速拉满了,刘金尧,杨煜,杨家浩,,False,True,4,565,,,+(94),,+4(225),,,,,,,+2(76),+(50)
909,,宁波大学,败犬acmer太多了,李嘉琪,朱文豪,赵瑞杰,,False,True,4,565,,,+1(63),,-2,,,-2,,,+2(333),+(61),+(48)
910,,哈尔滨工业大学（深圳）,黑CPC：骗分,崔俊杰,樊卓意,曹智逸,,False,True,4,566,,,+2(55),,+1(235),,,-8,,,,+3(120),+(36)
911,258,河南工程学院,南苑一队,郭旗号,孙浩,姚文博,,False,True,4,568,,,+(58),,+3(274),,,,,,,+1(117),+(39)
912,,北京师范大学香港浸会大学联合国际学院,西湖醋鱼,齐湘儒,杨博涵,关越,,False,True,4,570,,,+1(77),,+1(243),-4,,,,,,+3(114),+(36)
913,,四川大学,必胜的Alice会梦见珂朵莉树吗,王枭越,李浩,曾灵杰,,False,True,4,570,,,+2(103),,+1(287),-1,,,,,,+(72),+(48)
914,,天津工业大学,为什么天工不报销？,王浩研,张幸闯,侯仁正,,False,True,4,572,,,+2(82),,+2(297),,,,,,,+(79),+(34)
915,,河北工业大学,全都做队,黄锦翔,李瀚文,白博豪,,False,True,4,572,,,+(64),,+2(343),,,-6,,,-1,+(73),+(52)
916,259,邵阳学院,邵院1队,周鹏,刘帅,付金坪,,False,True,4,573,,,+1(125),,+(224),,,,,,-2,+1(145),+(39)
917,,信息工程大学,肖舔犬,王钒羽,肖天,孙钰航,,False,True,4,575,,,+4(117),,+(215),,,,,,,+(97),+1(46)
918,,华中农业大学,不喜欢暴力的袋鼠哥哥,雷博琦,胡泽宇,艾子鸣,,False,True,4,576,,,+3(107),,+2(226),,,,,,,+(88),+(55)
919,,天津工业大学,我上早八,吕佳乐,李翊萌,徐振业,,False,True,4,576,,,+1(86),,+(303),,,,,,,+1(120),+(27)
920,,暨南大学,无眼鹿,阚志宇,王宇涛,苏汉源,,False,True,4,577,,,+1(99),,,,,+3(242),,,,+2(72),+(44)
921,,湖南城市学院,晚安，诗音,李柯潘,张文杰,陈佳辉,,False,True,4,578,,,+1(63),,+(213),,,,,,-10,+4(134),+1(48)
922,260,黄冈师范学院,递交偏执狂,张荣臻,刘翔宇,张泰林,,False,True,4,578,,,+2(66),,+(297),,,-331,,,,+2(86),+(49)
923,,苏州大学,WA了十发后终于TLE了,黎子卿,田浦汛,成嘉益,,False,True,4,579,,,+(90),,+3(313),,,,,,,+(72),+(44)
924,,南京大学,百鸟苑,于啸洋,马嘉骏,蒋凤晨,,False,True,4,580,,,+2(99),,+1(229),,,,,,-1,+(124),+1(48)
925,,同济大学,苍蓝之诗,韩廷叙,徐川,韩昊苏,,False,True,4,583,,,+2(132),,+(217),-4,,,,,,+1(110),+(64)
926,,浙江工商大学,了解你的捍卫者,宋壕杰,刘晓涛,朱俊哲,,False,True,4,583,,,+3(63),,+(328),,,,,,,+(87),+(45)
927,,广西大学,W.H.Y,姚雨希,黄翠婷,韦书临,,False,True,4,584,,,+(107),,+4(258),,,-71,,,,+(87),+(52)
928,,河海大学,824赛博霍金肘击电子东雪莲0721次,徐子俊,罗誉,林煜斌,,False,True,4,585,,,+4(105),,+1(264),,,,,,,+(66),+(50)
929,,哈尔滨工程大学,队里只有一只二刺猿所以起名还是问fufu吧¿,赵艺凯,李焱冉,万德俊,,False,True,4,587,,,+1(82),,+2(219),,,,,,,+1(156),+(50)
930,,南阳理工学院,取不来名字，要长脑子了,李亦凡,李怡昊,李昌泓,,False,True,4,587,,-1,+3(102),-1,+(251),-1,-1,-1234,-1,-1,-1,+1(82),+2(32)
931,,山东大学,acm，启动！,滕家良,杨师玉,农烨明,,False,True,4,587,,,+2(78),,+3(265),,,,,,-1,+(75),+1(49)
932,,天津工业大学,已老实，求放过。,孙文杰,程梧桐,刘涛,,False,True,4,587,,,+(59),,+1(322),,,,,,,+2(107),+(39)
933,,东南大学,样例过了交一发,蒋雨初,王嘉瑞,黄笃修,,False,True,4,590,,,+2(158),,+2(215),,,,,,,+(79),+(58)
934,,南昌航空大学,鷐鸚庄园无对手,林培豪,周文梓,曾钦文,,False,True,4,591,,,+1(78),,+(295),,,,,,,+1(121),+(57)
935,,山东师范大学,爆零就去玩原神,李佳恒,吕俊东,孙智毅,,False,True,4,592,,,+1(79),,+(321),,,,,,,+(111),+(61)
936,,广州大学,管好你的输入流,同舒泽,郭子锋,彭海峰,,False,True,4,593,,,+2(131),,+(191),,,,,,,+4(109),+(42)
937,,东北大学,东北大学_天天向上,苏铭炜,高健,张恒,,False,True,4,594,,,+1(92),,+(351),,,,,,,+(100),+(31)
938,,天津工业大学,祥子帮帮写,周浩,水博翔,章若晨,,False,True,4,597,,,+1(122),,+(237),,,,,,,+2(126),+(52)
939,,河南工业大学,不是，哥们，这题能WA？,吴浩,万明浩,张宏泽,,False,True,4,597,,,+3(89),,+1(291),,,,,,-1,+1(74),+(43)
940,,华东师范大学,OI，启动,路修远,周恒立,董芷鉴,,False,True,4,598,,,+2(72),,+(311),,,,,,-5,+1(88),+1(47)
941,261,南通大学,就是第一,赵迪,陆玺州,周熙月,,False,True,4,600,,+3(280),+1(96),,-1,,,,,,,+(87),+(57)
942,,南京大学,yyy天下第一可爱,徐乐怡,王昕琰,陈雨涵,,False,True,4,602,,-5,+2(128),,+4(181),,,,,,,+(90),+(83)
943,262,江苏科技大学,粉毛大香蕉,徐鲸鹏,金智恒,彭羽轩,,False,True,4,602,,,+2(56),,+6(289),,,,,,,+(67),+(30)
944,,华东师范大学,智算火花,王浩宇,丁乙,闫皓翔,,False,True,4,603,,,+2(94),,+1(327),,,,,,,+(72),+(50)
945,263,广东培正学院,找不到队友,沈亦鱼,黄铭锋,,,False,True,4,604,,,+5(59),,+(274),,,,,,-10,+1(85),+(66)
946,,绍兴文理学院,看队友打代码,贺克屿,曹安迪,张铭浩,,False,True,4,605,,,+3(94),,+2(274),,,,,,,+(76),+(61)
947,,山东师范大学,YXL,喻齐,许家禄,刘鑫,,False,True,4,607,,,+(105),,+3(262),,,-1,,,,+2(92),+(48)
948,,华南师范大学,江南行者,熊铮煌,李建新,陈育瀚,,False,True,4,609,,-3,+3(122),,+(262),,,,,,,+(132),+(33)
949,264,三峡大学,海神三叉戟,梁逢达,郝彬,宋兴宜,,False,True,4,611,,,+1(75),,+(208),,,,,,,+2(215),+(53)
950,,东北大学秦皇岛分校,敲键盘,胡林润,陈泓翰,焦一晟,,False,True,4,611,,,+1(114),,+(316),-3,,,,,,+(97),+(64)
951,265,湖州师范学院,2024湖师院2队,周温策,胡微祥,赖郑峰,,False,True,4,615,,,+1(137),,+1(234),,,,,,-5,+2(120),+(44)
952,266,上海海事大学,海事探险小分队,刘逸杰,顾以为,陈立元,,False,True,4,615,,,+3(85),,+1(267),,,,,,,+2(93),+(50)
953,,兰州大学,别灰心我会做得更好,邵逸帆,吴平,时哲涵,,False,True,4,616,,,+3(87),,+2(289),,,,,,-2,+(92),+(48)
954,,浙大宁波理工学院,倒头就睡,张奔晟,陈洪逸,钱晨,,False,True,4,620,,,+(56),,+(321),,,,,,,+3(153),+(30)
955,,东北师范大学,重生成为太刀侠在星露谷钓生命鲈鱼,潘可欣,陈静,林律融,,False,True,4,620,,,+1(69),,+1(327),,,,,,,+2(101),+(43)
956,,西北工业大学,奥恩,杜鑫怡,黄煜,刘锦奇,,False,True,4,621,,,+2(78),-1,+3(210),,,-7,,,-5,+4(115),+(38)
957,,成都大学,爱你老妈，明天见,万名森,何永杰,吴帆,,False,True,4,622,,,+3(104),,+1(224),,,-13,,,,+1(143),+(51)
958,,广东工业大学,AC发电机,何彦憬,郭靖扬,王耀廷,,False,True,4,622,,,+5(101),,+(225),,,-2,,,-4,+2(113),+(43)
959,,华南师范大学,帝车超光所向捷,王振华,李嘉鼎,林楷楠,,False,True,4,623,,,+(89),,+1(279),,,,,,-8,+1(155),+(60)
960,,浙江工业大学,ZJUT11,张恒维,周睿,翁昊越,,False,True,4,623,,,+3(65),,+(283),,,,,,,+2(134),+(41)
961,,西华大学,黄昏,石浩楠,陈言浩,刘佳宏,,False,True,4,624,,,+2(96),,+(213),,,,,,-2,+5(146),+(29)
962,267,曲阜师范大学,别闹了，老婆，咱们回家吧,高文昊,孙一粟,杨梦洁,,False,True,4,624,,,+1(72),,+1(215),,,,,,-2,+3(183),+(54)
963,,中央民族大学,低语的月亮,马雨衡,盛楠,郭茂熙,,False,True,4,624,,,+(97),,+(242),-5,,,,,,+4(157),+(48)
964,,天津工业大学,能者多牢,杨仕豪,宫昌禹,韩奕霖,,False,True,4,624,,,+1(120),,+3(254),,,,,,,+1(94),+(56)
965,,燕山大学,今天又摆烂了队不队,唐湘黔,李梦浩,李述源,,False,True,4,625,,,+1(123),,+1(255),,,,,,,+3(118),+(29)
966,,武汉理工大学,wa完就回家,戴敦茂,李江东,吕毅,,False,True,4,630,,,+3(138),,+1(227),,,,,,-1,+1(122),+(43)
967,,华南师范大学,你怎么知道我的鼠标里有器灵,阴铭洋,蔡海鹏,陈耿城,,False,True,4,631,,,+2(66),,+4(259),,,,,,-3,+3(82),+(44)
968,,江西师范大学,蚌麻乐典孝急,章文浩,杨旭,张正航,,False,True,4,633,,,+(82),,+4(344),,,,,,-2,+(70),+(57)
969,268,西南石油大学,我队友是电科研究生,赵泽熙,王艺钢,刁俊熙,,False,True,4,634,,,+1(50),,+(193),,,,,,,+10(143),+(28)
970,,江南大学,海底小纵队,徐兢,杨学钊,陈一鸣,,False,True,4,636,,,+2(156),,+1(246),,,,,,-3,+(120),+(54)
971,,湖南警察学院,湖南警察学院3队,段家吾,肖玮璟,罗尧宇,,False,True,4,637,,,+3(86),-20,-4,,,,,,+6(214),+(81),+(76)
972,,合肥工业大学宣城校区,笨笨,陆俊,雒雪萌,金晨毅,,False,True,4,637,,,+1(65),,+1(261),,,,,,-1,+5(129),+(42)
973,,哈尔滨理工大学,哈理工2024Y03,黄忆杭,薛皓元,林如愿,,False,True,4,638,,,+4(118),,+2(258),,,,,,,+1(76),+(46)
974,,中国海洋大学,爆零了怎么办,袁瑞彬,郑玉龙,屈兴阳,,False,True,4,642,,,+2(139),,+(286),,,,,,,+2(90),+(47)
975,,湖南农业大学,我要成为原神糕手,彭语宸,许健强,何晨,,False,True,4,642,,,+2(107),,+3(311),,,-269,,,-2,+(87),+(37)
976,,中国传媒大学,重生帝女之我在定福庄二小附属大学,蔡奕麟,王梓涵,白小杨,,False,True,4,643,,,+1(96),,+(319),,,,,,-1,+1(137),+(51)
977,,浙江财经大学,踏雪寻梅,陈启亮,吴帆,赵子腾,,False,True,4,644,,,+1(95),,,,,+2(344),,,,+1(80),+(45)
978,,中国地质大学（武汉）,地脉恒辉,彭磊,鲍炳辰,王佳豪,,False,True,4,645,,,+3(140),-1,+(272),,,,,,,+(109),+(64)
979,269,南京工业大学,南工大n队,商文博,张弘扬,陈星宇,,False,True,4,645,,,+1(79),,+(331),,,,,,,+2(119),+(56)
,,成都市树德中学,我们还叫这个名字,马琳峰,张恩炫,韩承益,,False,False,4,647,,,+3(155),,+(229),,,,,,,+2(110),+(53)
980,,西南科技大学,我不是管人痴,刘炅珺,王泽洋,何明成,,False,True,4,648,,,+(87),,+2(320),,,,,,,+4(77),+(44)
981,,北京化工大学,Alnitak,孙光照,陈子逸,王梦冉,,False,True,4,649,,,+4(135),,+(231),,,,,,,+1(139),+(44)
982,,华南农业大学,事已至此先睡觉吧,黄诗杰,陈俊彬,,,False,True,4,650,,,+2(79),,+5(269),,,,,,-2,+(94),+1(48)
983,,苏州大学,异或,姜涛,陈灵波,蔡福临,,False,True,4,651,,,+4(106),,+2(269),,,,,,,+1(86),+(50)
984,,桂林电子科技大学,happymore,张安航,,,,False,True,4,651,,,+1(84),,+5(274),,,,,,,+1(110),+(43)
985,270,重庆交通大学,乌木威尔维恩耶尔吐温威乌温穆本欧萨斯,王墨,向鸿锐,陈星求,,False,True,4,652,,,+4(110),,+(259),,,,,,,+2(115),+(48)
986,,浙江工商大学,枯木逢春,章圣央,凌文乐,徐晓轩,,False,True,4,657,,,+1(90),,+(344),,,,,,,+2(126),+(37)
987,,中国科学技术大学,黑框框：代码,罗浩民,李丁,王子宁,,False,True,4,663,,,+1(200),,+(276),,,,,,,+1(88),+(59)
988,271,河北师范大学,橙白1队,徐敬磊,叶兆伦,李奕飞,,False,True,4,665,,,+2(109),,+1(321),,,,,,,+2(106),+(29)
989,,香港科技大学广州,阿尔戈,陶文祥,刘秋悦,于明阳,,False,True,4,671,,,+2(104),,+4(308),,,-3,,,,+(86),+(53)
990,272,中国计量大学现代科技学院,燃烧你的梦,徐建博,江帆,金鸿睿,,False,True,4,673,,,+1(128),,+1(325),,,,,,,+1(107),+(53)
991,,湖州师范学院,2024湖师院3队,郑恩祈,王伟翔,候鹏程,,False,True,4,674,,,+5(134),,+(257),,,-12,,,,+1(114),+(49)
992,273,厦门大学嘉庚学院,AveMujica,卓子翔,孙硕,冯剑宇,,False,True,4,674,,,+2(113),,+1(288),,,,,,-4,+2(136),+(37)
993,,东北大学秦皇岛分校,我没意见,徐向博,闫一飞,张景皓,,False,True,4,675,,,+5(111),,+2(256),,,,,,,+(119),+(49)
994,,福建农林大学,超级大廉颇,严其旺,陈明扬,林学士,,False,True,4,675,,,+1(100),,+4(310),,,,,,,+(83),+(82)
995,,厦门大学,XMU02,蔡欣琪,张锦雯,何后天,,False,True,4,676,,,+(73),,+2(317),,,,,,,+3(137),+(49)
996,,浙江工业大学,ZJUT12,马浩俊,陈颢元,胡益临,,False,True,4,678,,,+5(83),,+4(283),,,,,,-2,+(59),+1(53)
997,,惠州学院,感觉不如gc,钟煜杰,罗科杰,李镇发,,False,True,4,678,,,+2(86),,+(301),,,,,,,+1(158),+(73)
998,274,广西科技大学,《关于三等于一加二这件事》,姜炳群,吴宏昊,樊昊兵,,False,True,4,679,,,+1(95),,+1(338),,,,,,,+2(134),+(32)
999,,南京工程学院,NJIT_12队_动态规划规划规划虎视眈眈,陈昱安,张释予,金铭,,False,True,4,680,,,+2(82),,+1(345),-1,-1,-4,-5,-1,-4,+1(122),+(51)
1000,,成都东软学院,向日葵,薛熠,杨豪,夏健瑶,,False,True,4,682,,,+4(141),,+(258),,,,,,,+1(132),+(51)
1001,,华南理工大学,BlackContest: AllWa,陈浩宇,袁宇,陈载熺,,False,True,4,682,,,+3(99),,+1(340),,,,,,,+1(98),+(45)
1002,,阜阳师范大学,锐笔速写,詹敏玮,纪成伟,邹宇,,False,True,4,682,,,+2(126),,+(350),,,,,,,+1(99),+(47)
1003,275,井冈山大学,大国铁匠,吴传民,吴彤,王琼,,False,True,4,686,,,+3(77),,+2(340),,,,,,,+1(101),+(48)
1004,276,山东工商学院,写完这题就结束,栗子旭,赵潼,谢俊杰,,False,True,4,689,,,+4(142),,+2(256),,,,,,,+1(94),+(57)
1005,277,华北理工大学,勤奋守信好学,丰文政,张海洋,陆意非,,False,True,4,690,,,+2(102),,+3(347),,,,,,,+(91),+(50)
1006,,四川师范大学,hhh_jokers,胡琦,侯欢,胡希言,,False,True,4,691,,,+4(142),,+1(276),,,-1,,,-1,+(88),+1(65)
1007,,中国海洋大学,Abyss Watchers,汪希,汤琦,王佳晖,,False,True,4,691,,,+1(167),,+3(329),,,,,,,+(76),+(39)
1008,,南京航空航天大学,循序渐WA,蒋润霖,孟超凡,徐昕钰,,False,True,4,706,,,+3(80),,+(202),,,-248,,,,+6(186),+(58)
1009,,苏州工学院,退一万步讲难道屏幕前的你们就没有错吗？,陆佳炜,吴梓豪,丁钰铸,,False,True,4,709,,,+1(105),,+5(341),,,-191,,,,+(90),+(53)
1010,,阜阳师范大学,白雪公组,石泱泱,王佳莉,朱雪丽,,False,True,4,714,,,+1(127),,+1(351),,,,,,,+2(105),+(51)
1011,,浙江万里学院,万里3队,牛腾,何丰毅,孙春辉,,False,True,4,715,,,+2(113),,+(347),,,,,,,+3(121),+(34)
1012,278,山东航空学院,和光同尘,魏铭泽,李乐翔,李璐,,False,True,4,716,,,+1(108),,+1(334),,,-81,,,,+(163),+(71)
1013,,苏州大学,泥塑内存溢出,王天予,周子尧,汪子琛,,False,True,4,725,,-2,+3(84),,+4(294),,,-2,,,,+3(111),+(36)
1014,,华东理工大学,希望能,沈誉,王振宇,朱嘉辉,,False,True,4,733,,,+3(92),,+2(293),,,,,,,+1(174),+(54)
1015,,江西师范大学,樱trick,欧阳予晨,谢炜忠,罗一鸣,,False,True,4,735,,,+2(112),-2,+3(322),,,,,,,+2(83),+1(58)
1016,,西湖大学,Super Dinosaurs,毛智辉,项延皓,李志洲,,False,True,4,738,,,+3(165),,+2(248),,,,,-7,,+(150),+(75)
1017,,南京理工大学,仓鼠猫猫头,刘志豪,汪立洪,王宏伟,,False,True,4,745,,,+2(137),,+4(151),,,,,,,+6(173),+(44)
1018,,山东理工大学,我有铁牌,杨国强,宋润桐,朱嘉超,,False,True,4,749,,,+3(125),,+3(336),,,-65,,,,+1(103),+(45)
1019,279,重庆科技大学,背水一战,廖章昊,余臻,刘冬勇,,False,True,4,757,,,+1(64),,+6(295),,,,,,,+4(142),+(36)
1020,,杭州电子科技大学,2024杭电13队,余蓝浩,黄可染,徐正阳,,False,True,4,763,,,+4(100),,+6(352),,,,,,-1,+(63),+(48)
1021,280,太原理工大学,吃黄瓜要趁绿,许星宇,荀思杰,宋宇臣,,False,True,4,765,,,+4(202),,+(255),,,,,,-2,+2(146),+(42)
1022,,重庆大学,小青草,林继清,曹泽阳,彭小轩,,False,True,4,765,,,+1(162),,+(303),,,,,,,+4(127),+(73)
1023,281,电子科技大学成都学院,平安喜乐丶,吕文凯,熊悦童,,,False,True,4,768,,,+(174),,+2(342),,,,,,,+2(122),+(50)
1024,,天津工业大学,队长才不是小楠娘了啦,李俊贤,孙海杭,孙恺,,False,True,4,769,,,+6(147),,+(307),,,,,,,+(100),+1(75)
1025,,南京航空航天大学,米兰的铁匠铺,陆齐嘉,罗力昂,施天笑,,False,True,4,770,,,+6(133),,+4(304),,,,,,-1,+(72),+1(41)
1026,,湘潭大学,数据别和我作队,资刘宇凡,陈翔,许秋宇,,False,True,4,773,,,+1(58),,-10,,,-6,,,+9(347),+3(69),+(39)
1027,,浙江广厦建设职业技术大学,孙燕姿歌迷,陈硕,黄燊锐,陈斌,,False,True,4,774,,,+3(70),,+7(351),,,,,,-4,+2(63),+(50)
1028,,华南师范大学,菜鸟队,陈嘉希,侯赛浩,张林晨,,False,True,4,784,,,+1(93),,+3(351),,,,,,,+4(132),+(48)
1029,,上海海事大学,我重生了这一世我要夺回属于我的ccpc名额,常缪洋,沈彦君,郑天罡,,False,True,4,789,,,+4(145),,+2(285),,,-61,,,,+3(134),+(45)
1030,,苏州大学,你说的都对,刘硕,朱星晨,周业鸣,,False,True,4,800,,,+4(211),,+1(329),,,,,,,+1(91),+(49)
1031,,华东师范大学,待到秋来九月八,江楠,陈秋澎,曹欣元,,False,True,4,812,,,+1(149),,+(328),,,,,,,+3(182),+(73)
1032,,河南大学,全部队,李莹,孙利伟,朱德良,,False,True,4,818,,,+(70),,+10(343),,,,,,,+2(108),+(57)
1033,,南京农业大学,那年春，除却AC不是真,朱立明,顾慎之,胡宇昊,,False,True,4,820,,,+(91),,+4(344),,,,,,,+2(187),+(78)
1034,,浙江师范大学,唐宋元每个都沾,金涵博,汤建凌,沈佳乐,,False,True,4,822,,,+(79),,+1(355),,,,,,,+5(191),+1(57)
1035,,武汉理工大学,队友只要AC就可以，摸鱼就要考虑很多了,戚桂铨,殷越,罗韬,,False,True,4,828,,,+4(175),,+(285),,,,,,-2,+5(163),+(25)
1036,,中央民族大学,烫烫烫烫锟斤拷,陈治北,张栋良,刘睿喆,,False,True,4,835,,,+2(275),,+1(220),,,,,,-5,+(126),+1(134)
1037,282,西安科技大学,炼金术士,李姜帅,袁伯琦,罗元,,False,True,4,839,,,+(70),,+(183),,,,,,,+4(63),+20(43)
1038,283,广州华立学院,一个考研+一个考雅思+一个java炒粉,谭翰煨,罗伟康,廖俊杰,,False,True,4,854,,,+4(85),,+9(290),-1,,,,,,+3(110),+(49)
1039,,江西农业大学,我已亭亭，不忧亦不惧,陈烨,江柏霖,闫卡特,,False,True,4,867,,,+2(65),,+(333),,,,,,,+7(221),+1(48)
1040,,哈尔滨工程大学,小红帽,徐美信,孔俊涵,叶枫,,False,True,4,876,,,+4(125),,+6(295),,,,,,,+1(160),+1(56)
1041,284,常州大学,三个绿名,王成晨,许晨辉,庄季旭,,False,True,4,879,,,+2(76),,+5(307),-1,,,,,,+7(108),+3(48)
1042,285,沈阳工业大学,都给我打瓦队,曲家智,林玮,李帅,,False,True,4,916,,,+3(184),+5(330),,,,,,,-4,+3(150),+(32)
1043,,江西师范大学,小老虎爱吃西兰花,何建伟,雷川圣,徐青山,,False,True,4,917,,,+3(173),,+(336),,,,,,,+4(234),+(34)
1044,286,重庆城市科技学院,彳亍,吴广平,郑海波,姜欢,,False,True,4,933,,,+4(118),,+(340),-8,,,,,-5,+7(200),+(55)
1045,287,闽南师范大学,快new一个队名,沈金荣,吴连捷,庄瑜,,False,True,4,974,,,+2(86),,+6(308),-1,,,,,-2,+5(288),+(32)
1046,288,四川农业大学,穿越之我是菜狗,陈俊炜,聂宇豪,唐源泉,,False,True,4,1009,,,+5(198),,,,,,,,+2(266),+6(192),+2(53)
1047,,西南财经大学,鼠鼠不想打铁,王世海,陈鹏宇,陈施燃,,False,True,4,1055,,,+10(308),,+(273),,,,,,,+1(173),+(81)
1048,,西南科技大学,今天也想见到你,时玉成,邓超文,张星宇,,False,True,3,134,,,+(63),,,,,-134,,,,+(48),+(23)
1049,,集美大学,夏日重现—jmu,道又铭,叶文定,庄晓兵,,False,True,3,163,,,+1(55),,,-2,,,,,,+(44),+(44)
1050,,浙江工商大学,倚星折月,陈晨,龚嘉瑶,干凯洁,,False,True,3,165,,,+(75),,,-1,,-1,,,,+(59),+(31)
1051,,浙江中医药大学,重生之我是原神高手,冯致远,金理宏,余成曙,,False,True,3,166,,,+(55),,,,,,,,,+(65),+(46)
1052,,中南大学,破晓之光,吴俊杰,李文韬,罗浩成,,False,True,3,178,,,+1(60),,-1,-6,,,,,,+(63),+(35)
1053,,南通大学,来只秃头唐龙,肖如航,梁曹开,李梓鸣,,False,True,3,180,,,+1(64),,-1,,,,,,,+(51),+(45)
1054,,南京邮电大学,njupt24team009,王悦瀚,王薪睿,韩达昊,,False,True,3,184,,,+(87),-2,,,,,,,,+(60),+(37)
1055,,四川师范大学,就算是中二病也要谈恋爱,董军军,邓厚锐,梁敏聪,,False,True,3,186,,,+1(72),-4,-3,,,,,,,+(60),+(34)
1056,,哈尔滨工业大学（威海）,一番断幺,王潇逸,郑尊文,朱圣方,,False,True,3,189,,,+2(62),,,-1,,,,,,+(55),+(32)
1057,,华南师范大学,野指针,林泽勋,罗为,李浩源,,False,True,3,189,,,+1(69),,,-4,,,,,-4,+(52),+(48)
1058,,杭州师范大学,没一个会取名字,陈玥汕,陈宇雯,葛宇逍,,False,True,3,189,,,+(50),,,,,,,,-4,+1(87),+(32)
1059,,鲁东大学,红色玫瑰,刘若麟,周振文,周建行,,False,True,3,191,,,+1(56),,,,,,,,,+(80),+(35)
1060,,北京师范大学香港浸会大学联合国际学院,重生之猫猫上树,赵浩然,杨睿果,陈劭延,,False,True,3,191,,,+(96),,,,,,,-1,,+(62),+(33)
1061,,安阳工学院,OK感觉要队,冯鼎,张金博,牛金鑫,,False,True,3,192,,-1,+(81),-1,-1,-1,-1,-1,-1,-1,-1,+(61),+(50)
1062,,浙江财经大学,一路向北,周弋航,王彦彬,黄曦,,False,True,3,194,,,+(62),,-4,,,,,,,+(84),+(48)
1063,,江西财经大学,我不想吃蛙,王海峰,彭俊杰,李鑫,,False,True,3,196,,,+1(47),,-6,,-4,-63,,-4,-3,+1(62),+(47)
1064,289,东莞理工学院,心态就是力量,黄海,林恬烁,林志龙,,False,True,3,196,,,+(58),,-54,,,,,,-3,+1(78),+(40)
1065,290,沈阳师范大学,今夜，星光灿烂,朱少泽,谌致远,章传亮,,False,True,3,196,,,+1(78),,-1,,,,,,,+(69),+(29)
1066,291,商丘师范学院,爱玩蛋仔派对,贾易臻,汤函,马腾飞,,False,True,3,197,,,+1(82),,,,,,,,,+(60),+(35)
1067,,鲁东大学,三个不会打ACM的ACMER,李俊锋,朱乐民,李圣杰,,False,True,3,197,,-1,+(85),-1,-1,-1,-1,-1,-1,-1,-1,+(70),+(42)
1068,,东北农业大学,你的人格类型是：XCPC,王杭涛,胡家诚,董奇瑞,,False,True,3,198,,,+1(73),,,,,,,,,+(54),+(51)
1069,,华北理工大学,不会止步于...后面忘了,陈焜,董文清,郝文元,,False,True,3,198,,,+(69),,-2,,,,,,-3,+(94),+(35)
1070,,中国传媒大学,谁看懂题了,邱豪,张家宝,陈嘉祺,,False,True,3,200,,,+1(75),,,,,,,,,+(59),+(46)
1071,,浙江万里学院,万里2队,袁礼赞,钱沁浩,侯睿远,,False,True,3,201,,,+(85),-3,,,,,,,,+(70),+(46)
1072,,黑龙江大学,三相之力,王浩,刘彦良,高阳,,False,True,3,203,,,+2(67),,,,,,,,-2,+(50),+(46)
1073,,西南科技大学,凭阑西望，潇潇雨歇,刘鑫,张毅,黄锡恩,,False,True,3,203,,,+1(65),,,,,-70,,,-2,+1(74),+(24)
1074,,浙江科技大学,这是你起的名字吗,胡仕豪,胡大帅,郑双,,False,True,3,203,,,+(61),,-5,,,,,,,+(103),+(39)
1075,,河南大学,604,张亚豪,程功,耿东阳,,False,True,3,206,,,+1(58),-18,,,,,,,-2,+(76),+(52)
1076,,鲁东大学,确实挺不错的,李承建,程继熙,王万涛,,False,True,3,206,,,+(79),,,,,,,,,+(83),+(44)
1077,,南昌航空大学,大小姐，it is time to  go to XCPC,谢景妍,万嘉磊,张进超,,False,True,3,208,,,+1(77),,-1,,,,,,,+(65),+(46)
1078,,青岛理工大学,CCPC慈善捐款基金会,王潘勋,付俊潇,王鹏宇,,False,True,3,208,,,+1(62),,,,,,,,,+(97),+(29)
1079,,南京工业大学,我太想进步了,叶劭伟,钱致宁,陈立森,,False,True,3,209,,,+1(74),,,,,-3,,,-4,+(65),+(50)
1080,,吉林大学,愚人号,庄德锴,周明月,陆广阳,,False,True,3,209,,-3,+1(77),,,,,,,,,+(60),+(52)
1081,,河南师范大学,导员抽查我的毕设惊了,许恩铎,王昊宇,郑欣宇,,False,True,3,209,,,+2(53),,,,,-5,,,,+(79),+(37)
1082,,郑州轻工业大学,"鸿鹄之志,不在林间",王少杰,赵梓昊,高福涛,,False,True,3,209,,,+1(60),,,,,,,,,+(79),+(50)
1083,,天津大学,狼王-亚索-司命,荆智彬,高家璇,温梓昕,,False,True,3,212,,,+(78),,-3,,,,,,,+(83),+(51)
1084,292,武昌首义学院,蒟蒻猫猫虫,张楠,汤龙飞,张嘉杰,,False,True,3,212,,,+1(67),,,,,,,,,+(84),+(41)
1085,,南京工业大学,小飞机来喽,汪 海涛,戴钰宸,王一涵,,False,True,3,212,,,+1(69),,-3,,,,,,,+(84),+(39)
1086,,山东理工大学,重生之我在沙梨疯狂WA,张天天,袁烨,袁成,,False,True,3,212,,,+1(56),,-4,,,-35,,,,+1(92),+(24)
1087,293,浙江工业职业技术学院,浙江工业职业技术学院4队,苏楠,施世泽,温作航,,False,True,3,213,,,+1(84),,,,,,,,,+(80),+(29)
1088,,暨南大学,这一发一定过！,郭彦培,毛俊懿,刘昌源,,False,True,3,214,,-1,+2(66),-1,-20,-1,-1,-5,-1,-1,-2,+(65),+(43)
1089,,成都信息工程大学,命运旋律,黄博文,简一凡,张玮,,False,True,3,215,,,+2(67),,-101,,,,,,,+1(57),+(31)
1090,,天津大学,拼搏百天，我要上天津大学,王然驰,马佳一,于兴航,,False,True,3,216,,,+(68),,,,,-18,,,,+(79),+(69)
1091,,同济大学,我没意见,刘子康,魏千壹,毛韩宇,,False,True,3,216,,,+(106),,,,,,,,,+(61),+(49)
1092,,山东理工大学,只此一发,刘晓宇,屈浩浩,程嘉润,,False,True,3,217,,,+1(80),,-2,,,,,,,+(62),+(55)
1093,,中国传媒大学,从零开始的acm生活,李繁耀,谭泓,邱欣睿,,False,True,3,217,,,+(77),,-2,,,,,,,+(90),+(50)
1094,,台州学院,菜菜，带带,邵琳开,吴世达,屠高磊,,False,True,3,218,,,+1(68),,-11,,,,,,,+(71),+(59)
1095,,南开大学,期末上机等评测何尝不是一种大比队,是忻言,史傅冠华,谭易,,False,True,3,219,,,+(79),,,,,,,,-2,+(85),+(55)
1096,,长沙理工大学,贞德士泥鸭,张子睿,曾培翔,丁炎培,,False,True,3,221,,,+1(78),,,,,,,,-3,+1(55),+(48)
1097,,西南民族大学,夜阑风静欲归时，惟有一江明月碧琉璃,詹宁康,苗家纯,张楚豪,,False,True,3,222,,,+1(82),,,,,,,,,+1(71),+(29)
1098,,广东工业大学,紫罗兰永恒花园,何其浚,叶冠锋,张越,,False,True,3,222,,,+(71),,-1,,,,,,,+(107),+(44)
1099,,中南民族大学,我们的队伍正在蒸蒸日上,林俊彦,魏子杰,陈宇轩,,False,True,3,223,,-1,+1(50),-1,-2,-1,-1,-1,-1,-1,-1,+(97),+(56)
1100,,中国地质大学（北京）,虫子制造机,张宝仁,彭嘉伟,宋子涵,,False,True,3,225,,,+2(66),,-10,-2,,,,,,+(77),+(42)
1101,,暨南大学,让三追梦,曾琪瑶,马子凯,谢正心,,False,True,3,225,,,+1(92),,-4,,,,,,,+(62),+(51)
1102,,浙大城市学院,那场TLE毁了我的金牌梦#沉淀,徐俊华,魏华楠,虞子琰,,False,True,3,226,,,+1(54),,-1,,,-1,,,,+(74),+(78)
1103,294,广州城市理工学院,重振软工荣光,曾振辉,于广,莫国庆,,False,True,3,226,,,+1(56),,,,,,,,,+1(94),+(36)
1104,295,河南科技学院,真ikun才能Ac,贾强,郭培炎,胡智敏,,False,True,3,226,,,+1(62),,-8,,,,,,,+(109),+(35)
1105,296,广东药科大学,我不是药神,郭瑞涛,林信达,蓝业,,False,True,3,227,,,+(100),,-4,,,,,,-3,+(82),+(45)
1106,,河南大学,不时用豫语告白的广东老乡,张艺洋,邹健宇,孟翔雨,,False,True,3,227,,,+(101),,,,,,,,,+1(81),+(25)
1107,,长春理工大学,三十秒广告解锁题解,王建闳,甄元浩,赵耀财,,False,True,3,229,,,+3(70),,,,,-64,,,,+1(48),+(31)
1108,297,韩山师范学院,玫瑰常开警告常在,陈紫阳,何启华,陈佳栩,,False,True,3,229,,,+(89),,-4,,,,,,,+1(77),+(43)
1109,,成都东软学院,我以后再也不会笑了,罗元聪,王俊喆,吴庭信,,False,True,3,229,,,+1(93),-1,,,,-764,,,-3,+(73),+(43)
1110,,同济大学,索伯算法竞技俱乐部,王梓彦,严梓杰,胡浩杰,,False,True,3,229,,,+1(95),,,-10,,,,,,+(72),+(42)
1111,298,齐齐哈尔大学,"齐大是齐齐哈尔最好的大学,张雪峰都这么说",段圣宣,李奇运,蓝俊贤,,False,True,3,230,,,+(87),,-1,,,,,,,+(97),+(46)
1112,299,深圳技术大学,SZTU_断了的轨迹,张俊城,黄睿,莫昊,,False,True,3,231,,,+(48),,-1,,,,,,,+3(94),+(29)
1113,,合肥大学,白裤裆寒冬一击,郭旗旭,谢宇,孙圳昂,,False,True,3,231,,,+1(99),-1,,,,,,,,+(77),+(35)
1114,,河南工程学院,要不叫不会起名队,王帅豪,姚宗凯,周宇航,,False,True,3,231,,,+(105),,-5,,,,,,,+(73),+(53)
1115,,武汉理工大学,一题都不队,叶金格,陈筱筱,林雅钦,,False,True,3,233,,,+1(72),,,,,,,,,+(88),+(53)
1116,,成都东软学院,勇敢去做,张慈玖,王成锐,贾立旺,,False,True,3,233,,,+2(89),,,,,-8,,,,+1(55),+(29)
1117,,绍兴文理学院,守银,牛佳泉,费鸿杰,顾煜,,False,True,3,235,,,+(84),,-3,,,,,,,+2(70),+(41)
1118,,浙江工商大学,自由发挥队,许晨龙,杨顾文韬,陈嗣元,,False,True,3,236,,,+(104),,,,,,,,,+(73),+(59)
1119,,集美大学,我样例过了,王力恒,林敬炜,谢业成,,False,True,3,236,,,+1(66),,-21,,,,,,,+(108),+(42)
1120,,郑州大学,郑大三队,吕翊加,孙昱涵,李少昆,,False,True,3,239,,,+3(70),,-1,,,,,,,+(58),+(51)
1121,,天津理工大学,蒟蒻想打区域赛,陆思成,刘鑫星,赵浩然,,False,True,3,239,,,+(79),,,,,-10,,,,+(86),+1(54)
1122,,石家庄铁道大学,云之彼端，约定的地方,申世铎,王垚,李天宇,,False,True,3,240,,,+2(52),,,,,,,,,+1(83),+(45)
1123,300,武汉职业技术大学,关于大专生勇闯CCPC这件事,罗振荣,王子玄,杨浩,,False,True,3,240,,,+1(95),,-1,,,,,,,+1(71),+(34)
1124,,天津大学,少爷和老奴,仇静逸,蒋茜,王煜杰,,False,True,3,240,,,+(80),,,,,,,,,+(101),+(59)
1125,301,五邑大学,东成村职业技术学院,卢苇,陈杰,冯凯翔,,False,True,3,241,,,+1(88),,-3,,,,,,-2,+1(67),+(46)
1126,,江西师范大学,原来你也玩原神,韩玮翌,梅相彪,马天乐,,False,True,3,241,,,+(92),,,,,,,,-2,+1(79),+(50)
1127,,山东理工大学,我的青春ACM物语不会梦到吃货幽幽子,李彦硕,马新皓,姚翰洋,,False,True,3,241,,,+1(71),,-3,,,-42,,,,+(97),+(53)
1128,,浙江工商大学,猫猫骑士团初探区域赛,卢嘉亮·,张任杰,杨毅博,,False,True,3,241,,,+1(102),,-1,,,,,,-2,+(74),+(45)
1129,,苏州工学院,翻斗花园孩子王,陈文钰,邵文杰,钱图,,False,True,3,241,,,+(51),,-2,,,,,,,+1(136),+(34)
1130,,哈尔滨理工大学,哈理工2024Y13,冉渝旭,刘名洋,李黛希,,False,True,3,242,,,+2(74),,-12,,,,,,,+1(78),+(30)
1131,,宁波大学,我们得思索一下,赖诗亮,朱怡晨,吴祺昊,,False,True,3,242,,,+1(97),,,,,,,,,+1(72),+(33)
1132,,南阳理工学院,取名困难户，别问我,李肖阳,吴隆,张恒瑞,,False,True,3,242,,,+(84),,-1,,,,,,,+(113),+(45)
1133,,怀化学院,怀化学院2队,郑岳桓,陈皓,孟正浩,,False,True,3,243,,,+1(104),,,,,,,,-8,+(85),+(34)
1134,,中国计量大学,互联网处决我,曹炳涛,赵星亮,赖俊文,,False,True,3,244,,,+1(84),,,,,,-1,,-5,+1(67),+(53)
1135,302,吉利学院,吉利太美,罗志豪,何正,赵研淞,,False,True,3,244,,,+1(89),,-9,,,,,,,+1(67),+(48)
1136,,郑州轻工业大学,小狗怎么叫,杜琰,党子俊,任五州,,False,True,3,245,,,+1(89),,,,,,,,,+1(65),+(51)
1137,,中国地质大学（北京）,不ac就别wawa叫,赵杰,熊凌玉,秦郅涵,,False,True,3,245,,,+2(97),,-2,,,,,,,+(60),+(48)
1138,,东华大学,缝纫机糕手,徐张琪,申森,苏王宸,,False,True,3,245,,,+2(80),,,,,,,,-1,+(97),+(28)
1139,,南京邮电大学,njupt24team007,熊鼎,耿嘉泽,杨珈懿,,False,True,3,245,,,+2(117),-3,,,,,,,,+(54),+(34)
1140,,长安大学,震惊长安第114514拳,李亦阳,蒙禹龙,原理畅,,False,True,3,245,,,+(120),-11,,,,,,,-3,+(97),+(28)
1141,,深圳技术大学,SZTU_卡在起名上了,徐鑫,薛晓阳,王楷彬,,False,True,3,247,,,+1(75),,,,,,,,,+(79),+(73)
1142,,浙江科技大学,皮肤爽朗不服气,徐林灿,许城玮,张德军,,False,True,3,248,,,+2(81),,-1,,,,,,,+(80),+(47)
1143,303,山东女子学院,彼阳地队,颜瑞临,朱昊城,赵士健,,False,True,3,248,,,+1(102),,,,,,,,-2,+(90),+(36)
1144,,大连大学,选择困难症犯了,汤世軒,郑卫,何彦东,,False,True,3,248,,,+1(104),,,,,,,,,+(75),+(49)
1145,304,北京印刷学院,中国出版大学,李成蹊,陶慕尧,蒋帆,,False,True,3,248,,,+1(108),,-16,,,-20,,,,+(82),+(38)
1146,,长沙理工大学,深藏blue,郭展宏,赖贝尔,成捷,,False,True,3,249,,,+1(63),,,,,,,,,+1(100),+(46)
1147,,西北大学,我们太想进部了,梁家瑞,黄志扬,罗穰杰,,False,True,3,250,,,+2(87),,,,,,,,-4,+1(64),+(39)
1148,,南京师范大学,我能在得了健忘症的情况下打完ACM吗,徐杰克,陆扬帆,姜凌,,False,True,3,250,,,+1(103),,-5,,,,,,,+(83),+(44)
1149,,浙江农林大学,我直直直直直接给你坐下,朱冠霖,赵亭旭,黄志腾,,False,True,3,250,,,+(77),,,,,,,,,+1(105),+(48)
1150,,中国科学技术大学,小熊猫,邢祎航,张朝阳,吉耀岚,,False,True,3,250,,,+1(107),,,-7,,,,,,+(74),+(49)
1151,305,信阳师范学院,圣芙蕾雅,王荣显,宋之涵,梁子义,,False,True,3,251,,,+1(87),,-6,,,,,,-1,+2(72),+(32)
1152,,江西农业大学,憧憬成为魔法少女,杨宪东,黄宇,许思帆,,False,True,3,251,,,+1(63),,-2,,,,,,,+1(89),+(59)
1153,,中国矿业大学（北京）,云淡风轻,周发顺,徐靖涵,王晨,,False,True,3,252,,,+(80),,-1,,,,,,,+3(68),+(44)
1154,,华南理工大学,Tea Time,曾武俊,曹航语,黄嘉坤,,False,True,3,253,,,+4(75),,-2,,,,,,-1,+(66),+(32)
1155,,哈尔滨工业大学（威海）,被CCPC暴打,李博文,孙云起,王健睿,,False,True,3,253,,,+2(96),,-1,,,,,,,+(67),+(50)
1156,306,宁波财经学院,下水管道疏通半小时上门1,潘致远,李心豪,李辉鸿,,False,True,3,253,,,+1(74),,-2,,,,,,,+(105),+(54)
1157,,中国地质大学（武汉）,网瘾早该电电了,杨家鹤,李泽文,魏忠强,,False,True,3,255,,,+(67),,,,,,,,,+1(123),+(45)
1158,,华东师范大学,春日影,李俊辰,陈涵,,,False,True,3,256,,,+(107),,-2,-1,,,,,,+(95),+(54)
1159,,湖南中医药大学,以上队伍成绩无效,杨增磊,刘孝波,宋世超,,False,True,3,257,,,+1(85),-1,,-1,,,,,,+1(89),+(43)
1160,,郑州大学,郑大五队,徐钧杰,杨光,朱锦昊,,False,True,3,258,,,+1(101),,,,,,,,,+1(79),+(38)
1161,,浙江工商大学,魔法火焰,邬子阳,廖赢煜,吴雨航,,False,True,3,259,,,+2(96),,,,,,,,,+(74),+(49)
1162,,齐鲁工业大学,举牌喵喵机,杨梓睿,张宸维,郑博维,,False,True,3,259,,-1,+1(72),,-2,-2,,,,,,+1(101),+(46)
1163,,浙江工业大学,ZJUT6,施豪硕,郭正楠,谢子杰,,False,True,3,259,,,+(80),,-1,,,,,,,+1(102),+(57)
1164,,华中师范大学,黑神话：铁牌,陈晓鸣,赵毅,王绪毅,,False,True,3,260,,,+1(58),,-4,,,,,,,+1(87),+1(55)
1165,307,哈尔滨理工大学（威海）,Day-100,董建豪,董军豪,田军,,False,True,3,261,,,+3(76),,,-5,,-4,,,,+1(73),+(32)
1166,,山东师范大学,樱高轻音部,张兴晨,路宇欣,魏淑英,,False,True,3,261,,,+3(62),,,,,,,,,+(81),+(58)
1167,,武汉科技大学,一厢情愿，有始无终,吕瑞峰,荣成,管沙隆,,False,True,3,261,,,+1(100),,,,,,,,,+1(76),+(45)
1168,308,中国农业大学,我超农,李晗,马铭浩,季楷翔,,False,True,3,261,,,+1(56),,-5,,,,,,,+2(108),+(37)
1169,,武汉理工大学,相遇天使,詹万炜,陈嘉乐,李咏泽,,False,True,3,261,,,+1(65),,-2,,,,,,,+1(108),+(48)
1170,309,扬州大学,柚子醋蒸虾头,蒋蠡,余兴正,宋世荣,,False,True,3,261,,,+1(67),,,,,,,,,+(128),+(46)
1171,,惠州学院,爆零鼠鼠の逆袭,吴海杰,钟志杰,陈源欣,,False,True,3,262,,,+1(95),,-2,,,,,,-1,+(69),+1(58)
1172,,浙大城市学院,雨夹雪,黄雪颖,钟诗雨,王雨婷,,False,True,3,262,,,+1(75),,-1,,,,,,,+(113),+(54)
1173,,西北农林科技大学,wa也是a(,向闽星,曹广友,贾棋萌,,False,True,3,262,,,+(121),,,,,-684,,,,+(75),+1(46)
1174,,浙江理工大学,汪汪队不立功,裘雨彤,陈钢,上官福诚,,False,True,3,263,,,+(93),,,,,,,,-1,+2(82),+(48)
1175,,中国民航大学,数据别和我作队,李林芮,马佳昶,姚远,,False,True,3,263,,,+1(80),,,,,,,,,+(119),+(44)
1176,,石家庄铁道大学,乐正司百曲，绫动万年红,王飞,史锦涛,王韵然,,False,True,3,263,,,+(124),,,,,,,,,+(101),+(38)
1177,,西南交通大学,const int PI = 3.1415926535;,林泽宇,曹创,倪阳,,False,True,3,264,,-5,+1(77),,,,,,,,,+(120),+(47)
1178,,湖南工学院,人机求轻虐,万鑫杰,陈嘉鹏,李东,,False,True,3,265,,,+2(72),,,,,,,,,+1(89),+(44)
1179,,浙江师范大学,斜月三星洞 风灵月影宗,李侑轩,李一辉,陈智,,False,True,3,266,,,+(100),,-10,,,,,,,+1(94),+(52)
1180,,西南民族大学,玛卡巴卡,傅子益,俞欣,甘梓廷,,False,True,3,266,,,+2(108),,,,,,,,,+(85),+(33)
1181,,山东大学,明天考离散,王成意,王涵,荆昱熹,,False,True,3,266,,,+(90),,,,,,,,,+1(112),+(44)
1182,310,河南科技大学,lwl,李超健,王宇阳,李喆,,False,True,3,266,,,+1(92),,,,,,,,,+(121),+(33)
1183,,东北师范大学,从CCPC打铁到ICPC爆零,邓鹏,陈景源,许浚锴,,False,True,3,267,,,+2(74),,,,,,,,-17,+1(85),+(48)
1184,,西南民族大学,SCCPC*,姚焜,欧辉强,黄铭,,False,True,3,267,,,+1(86),,,,,,,,,+1(99),+(42)
1185,,华南农业大学,Ciallo～(∠·ω< )⌒★,谭伟杰,钟志轩,温雨佳,,False,True,3,268,,,+5(84),,-19,,,-1317,,,,+(52),+(32)
1186,,山东大学（威海）,听我说先别急,尚棋浩,严一涵,倪子鉴,,False,True,3,268,,,+2(69),,,,,,,,,+2(85),+(34)
1187,,广州大学,去逃避,车志昊,郑海锐,曹志成,,False,True,3,268,,,+1(94),,,,,,,,,+(105),+(49)
1188,,南阳理工学院,青春锐可顶针不会遇到芙蓉王原学长,崔恺林,于超凡,耿宇航,,False,True,3,268,,,+2(107),,,,,,,,,+1(67),+(34)
1189,,深圳技术大学,SZTU_想不出,伊轩文,李泽濠,行珩,,False,True,3,268,,,+2(112),,-1,,,,,,,+(76),+(40)
1190,,安徽大学,知识学爆~,成智炜,李子涵,吴元斌,,False,True,3,269,,,+1(72),,-5,,,,,,,+2(106),+(31)
1191,,成都信息工程大学,看广告让谢帝复活牢大,陈礼烨,邓小东,赵多俊,,False,True,3,270,,,+1(113),,,,,,,,,+(85),+(52)
1192,,南京航空航天大学,哆啦A梦助我蒙的都队,李徐佳,孙思璇,刘阳,,False,True,3,271,,,+1(124),,,,,,,,,+(81),+(46)
1193,,西安理工大学,大雪深埋,邹乐凡,郝韵,周杨,,False,True,3,272,,,+(76),,-1,,,,,,,+(97),+2(59)
1194,,东北农业大学,WA自动急,郝孝彬,王策翔,刘梦柯,,False,True,3,272,,,+(100),,-3,,,,,,,+2(82),+(50)
1195,311,哈尔滨学院,拿名额复活辛美尔,余悦,王劲轲,仇伟,,False,True,3,272,,,+2(105),,-1,,,,,-1,-3,+(82),+(45)
1196,,暨南大学,WA自动机,王睿鑫,陈梓宏,周嘉杰,,False,True,3,272,,,+2(110),,-7,,,,,,,+(73),+(49)
1197,,山东理工大学,队友怎么这么帅,安鹏飞,吴宇威,徐煜峰,,False,True,3,273,,,+1(80),,,,,,,,,+1(78),+1(55)
1198,,中南民族大学,我说怎么T了原来是交错题了,余文杰,庞彪,董光泽,,False,True,3,274,,,+2(88),,-1,,,,,,,+1(97),+(29)
1199,312,盐城工学院,脚踏实地,黄朝旺,尹星星,胡鹏辉,,False,True,3,274,,,+1(108),,-3,,,,,,,+(89),+(57)
1200,,湖北工业大学,唐龙队,陶大阳,杨晨,张忆周,,False,True,3,274,,-1,+(73),-3,,,,,,,,+1(122),+(59)
1201,,齐鲁工业大学,原始人，起洞！,王梓宇,刘起铭,蒋志发,,False,True,3,275,,,+1(87),,,,,,,,-1,+2(78),+(50)
1202,,四川农业大学,你不要给我WAWA叫,任景逸,江雅奥,郑春林,,False,True,3,276,,,+2(84),,,,,-3,,,,+(102),+(50)
1203,,南京邮电大学,njupt24team012,缪鹭杰,蒋秉欣,薛喆元,,False,True,3,276,,,+1(105),,,,,,,,,+2(76),+(35)
1204,,西北农林科技大学,老九农,窦维嘉,段昊辰,龚城圩,,False,True,3,276,,,+1(116),,-3,,,,,,,+(89),+(51)
1205,,大连理工大学,dlut05,魏昊祯,蒋承峻,袁冰月,,False,True,3,276,,,+(67),,,,,,,,-4,+1(149),+(40)
1206,,中南民族大学,转生成为acm糕手,黄纪量,张耀,段杰豪,,False,True,3,277,,,+2(98),,-1,,,,,,,+1(73),+(46)
1207,,河南大学,不调和级数,曹家宁,赵炳凯,罗施达,,False,True,3,277,,,+3(98),,,,,,,,,+(86),+(33)
1208,313,湖北中医药大学,世界将我们遗弃,李梓恒,陶信予,方沁鸿,,False,True,3,277,,,+(71),,,,,,,,,+2(113),+(53)
1209,,南京信息工程大学,杰哥不要 WAWA 交,王文杰,余天成,吴悠,,False,True,3,277,,,+1(61),,-5,,,,,,,+1(116),+(60)
1210,,重庆理工大学,重理工2,江帅霖,王俊杰,雷涛,,False,True,3,278,,,+2(80),,,,,,,,-2,+1(94),+(44)
1211,,杭州师范大学,知识学爆,叶志汉,金岸,王熠楠,,False,True,3,278,,,+2(112),,,,,-27,,,,+(70),+(56)
1212,,浙江万里学院,用户请求的页面不存在,陈绍源,奚舒雯,任函语,,False,True,3,278,,,+1(121),-1,-2,,,,,,,+(79),+(58)
1213,314,山东石油化工学院,露营甜点喝茶,石煜,黄煜泽,郭义政,,False,True,3,278,,,+(129),,-2,,,,,,,+2(79),+(30)
1214,,华中师范大学,我没意见,李坤霖,史家业,姜高峰,,False,True,3,280,,,+2(73),,,,,,,,,+2(99),+(28)
1215,,兰州大学,不纠结队名,王云鹏,王毅,高塽,,False,True,3,280,,,+2(105),,-2,,,,,,,+(100),+(35)
1216,,苏州工学院,小菜狗逆袭记,谢起,杜鹏飞,张雨萱,,False,True,3,282,,,+1(113),,-1,,,,,,,+1(81),+(48)
1217,,南阳理工学院,喂队友吃饭擦嘴,陈诗曼,陈双,孟令婷,,False,True,3,282,,,+1(76),,,,,,,,,+(131),+(55)
1218,315,四川轻化工大学,爆炒小南娘,焦辰泽,罗彬洋,邓焱,,False,True,3,283,,,+2(118),,-1,,,,,,,+(70),+(55)
1219,316,中国石油大学北京克拉玛依校区,三个绿名,邬圣锋,刘佳一,方叶武,,False,True,3,284,,,+2(79),,-1,,,,,,,+2(92),+(33)
1220,317,徐州工程学院,云在青天水在瓶,陈光雨,尹基胜,顾宇燿,,False,True,3,284,,,+1(106),,-2,,,,,,,+1(89),+(49)
1221,318,湖南财政经济学院,TLE自动机,李沛轩,李广财,储豪,,False,True,3,284,,,+3(114),,,,,,,,,+(60),+(50)
1222,319,浙江外国语学院,浙外X队,吴建强,张佳乐,许永桢,,False,True,3,285,,,+(104),,-2,,,,,,-1,+1(125),+(36)
1223,,南阳理工学院,醉醉醉把佳人成双队！！！,吴佳轩,夏圣燕,陈慧婷,,False,True,3,285,,,+1(65),,,,,,,,,+1(145),+(35)
1224,,浙江理工大学,不死图腾,戴亮,鲁洁阳,汪明,,False,True,3,286,,,+2(104),,-5,,,,,,,+1(86),+(36)
1225,320,南昌理工学院,2024 南理 1 队,谢文灿,薛博豪,葛海彬,,False,True,3,286,,,+2(82),,-4,,,,,,,+1(108),+(36)
1226,,浙江科技大学,ikun666,金昀,马涵硕,吴家炜,,False,True,3,286,,,+1(118),,-1,,,,,,,+1(82),+(46)
1227,321,华侨大学,华侨大学1队,鄭創基,黄庆彰,吴传虎,,False,True,3,286,,,+(119),,-4,,,,,,,+1(100),+(47)
1228,,南阳理工学院,这就是鹿队,刘晧,杨京昊,张雷鸣,,False,True,3,286,,,+(97),,,,,,,,,+1(126),+(43)
1229,,宁波大学,我一定要扫宁波大街,吴晨昊,陈炜宣,戴吉程,,False,True,3,287,,,+3(107),,,,,,,,,+1(65),+(35)
1230,,山东石油化工学院,Guess to Au,许津冬,李子杰,姚神忠,,False,True,3,287,,,+1(114),-1,-1,,,-4,,,,+1(84),+(49)
1231,,华南农业大学,一把抓住样例，顷刻炼化,卢豪禧,肖超,吴智铉,,False,True,3,287,,,+2(118),-3,,,,,,,,+(75),+(54)
1232,,北京印刷学院,学校怎么还不改名,郭音,陈孟哲,惠秦宇,,False,True,3,287,,,+1(129),,,,,-226,,,,+1(89),+(29)
1233,,河北师范大学,黎明之光,李明瑞,向清弘,孙传炜,,False,True,3,287,,,+2(56),,-6,,,,,,-1,+1(131),+(40)
1234,,中国民航大学,重庆森林,王琨,郑晨兮,张雨萌,,False,True,3,288,,,+(117),,,,,,,,,+1(94),+(57)
1235,,烟台大学,对不起，第一次给牌子了,张云卓,王涵,杨奇,,False,True,3,290,,,+3(93),,,,,-35,,,,+1(69),+(48)
1236,,香港科技大学广州,打铁还需自身硬，所以我们要软,钟嘉宸,梁枫,熊恩汲,,False,True,3,290,,,+1(78),,,,,-6,,,,+1(97),+1(55)
1237,,山东科技大学,飞马号,赛开淼,冯湛博,徐敏清,,False,True,3,290,,,+1(107),,-1,,,,,,,+(127),+(36)
1238,322,广州南方学院,狂怒,童希玮,曾昱恺,魏廷锋,,False,True,3,291,,,+2(112),,-1,,,,,,,+(103),+(36)
1239,,绍兴理工学院,菜地卷狗,叶其浩,吴俊楠,张益恒,,False,True,3,291,,,+1(88),,,,,,,,-3,+1(115),+(48)
1240,,南阳理工学院,想成功先发疯,黎鹏翔,杨利恒,姜良超,,False,True,3,291,,,+1(72),,,,,,,,-6,+1(120),+(59)
1241,323,长江大学,子曰有解,郑建斌,陈迪路,唐祎敏,,False,True,3,292,,,+2(101),,-1,,,,,,-6,+1(97),+(34)
1242,,中国计量大学,楼上猫娘队,倪晓宇,张雷,陈柄宇,,False,True,3,293,,,+2(105),,-7,,,,,,,+(77),+1(51)
1243,,浙江工商大学,蛋仔派对,徐宇涛,胡正烨,唐一轩,,False,True,3,293,,,+1(113),,,,,,,,,+1(100),+(40)
1244,,上海大学,SHU2405,曾宇成,张志远,郭倪含,,False,True,3,294,,,+1(76),,,,,,,,,+2(115),+(43)
1245,324,浙江传媒学院,桥豆麻队,竺光煜,胡琦函,林君阳,,False,True,3,294,,,+1(100),,-4,,,,,,,+(126),+(48)
1246,,武汉科技大学,武科大第n队,汪烁,游籁珺,左新宇,,False,True,3,295,,,+1(88),,,,,,,,,+2(103),+(44)
1247,,湖南财政经济学院,包萤的,申维聪,蒋桐达,张森,,False,True,3,295,,,+2(76),,,,,,,,,+1(117),+(42)
1248,,南京信息工程大学,地铁上的年轻人,李鸿硕,丁诚诚,王欣悦,,False,True,3,295,,,+(122),,-3,,,,,,,+1(96),+(57)
1249,,浙江财经大学,幻想家在幻想时间幻想ac,朱腾,陈超,冯裕钵,,False,True,3,295,,,+(88),,,,,,,,,+1(124),+(63)
1250,,中国传媒大学,憧憬成为AC高手,谢嘉彤,龙岑华,李思扬,,False,True,3,296,,,+1(111),,-1,,,,,,,+(119),+(46)
1251,,山东师范大学,朱队友发力了,张浥青,王晓迪,朱俊伟,,False,True,3,296,,,+(45),,-14,,,,,,-1,+4(139),+(32)
1252,,深圳技术大学,网瘾少年,罗星辉,马远力,肖文航,,False,True,3,297,,,+3(99),,-1,,,,,,,+1(70),+(48)
1253,,浙江育英职业技术学院,育英二队,潘彬泽,刘金维,孙明轩,,False,True,3,297,,,+6(108),,-2,,,,,,-1,+(41),+(28)
1254,,中北大学,ACMer转生，到了xcpc就拿出0721次罚时,杨庆伟,李镇道,孙天赫,,False,True,3,297,,,+1(118),,-4,,,-75,,,,+1(93),+(46)
1255,,安阳工学院,我们好队,赵如冰,刘池,郭慧娟,,False,True,3,297,,,+2(133),,,,,,,,,+(90),+(34)
1256,,中国矿业大学,发际线跟我作队,周博岩,毛子瑜,李蕴龙,,False,True,3,297,,,+1(138),,,,,,,,-1,+(90),+(49)
1257,,东北大学秦皇岛分校,焚风,尚昀飞,曹方健,黄远,,False,True,3,297,,,+1(94),,-3,,,,,,,+(143),+(40)
1258,,中国海洋大学,It's mygo !!!,薛全笑,洪佳荣,杨辰方,,False,True,3,297,,,+1(63),,,,,,,,,+2(145),+(29)
1259,,黑龙江大学,我们爆金币，你们爆名额吗,陈秋雨,王希龙,魏全宏,,False,True,3,298,,,+4(82),,-5,,,,,,,+1(67),+(49)
1260,,武汉商学院,求求你让我赢一次吧,钱梅,谢展宏,陈久谱,,False,True,3,298,,,+3(96),,,,,,,,,+1(68),+(54)
1261,,华南农业大学,你不对我队,刘晓宇,谢凯泽,文禹平,,False,True,3,298,,,+1(100),,,,,,,,,+1(108),+(50)
1262,325,苏州科技大学,铁牌 金牌,倪翊诚,贺鹏飞,金亮,,False,True,3,298,,,+1(51),,-1,-1,,,,,,+2(110),+1(57)
1263,,天津大学,谦虚好学的玛卡巴卡们,王一丁,王子轩,廖浩然,,False,True,3,298,,,+1(107),,,,,,,,,+1(112),+(39)
1264,,东北农业大学,心疼报名费,史东伟,陆延续,戚晏嘉,,False,True,3,299,,,+2(99),,,,,,,,,+(111),+(49)
1265,,河南理工大学,两个半臭皮匠,陈奕廷,韦红材,常曜璘,,False,True,3,299,,,+(124),,-4,,,,,,,+(114),+(61)
1266,,江西师范大学,hope to ac,李永康,刘家福,徐睿阳,,False,True,3,299,,,+1(101),,,,,,,,,+(126),+(52)
1267,,东华大学,Sleepy2,范佳,李承烨,夏国庆,,False,True,3,299,,,+1(126),,,,,,,,,+(109),+(44)
1268,,华南理工大学,树上猫猫虫,王思哲,刘俊祺,刘兆宇,,False,True,3,299,,,+2(66),,,,,,,,-7,+1(144),+(29)
1269,,东北大学秦皇岛分校,ac打断他的wa,麦致恺,谭羽中,李昌岳,,False,True,3,299,,,+(77),,-1,,,,,,,+1(148),+(54)
1270,,中国民航大学,起队名最麻烦了,孙皓,王璟鸿,梁永琰,,False,True,3,300,,,+2(67),,,,,,,,,+2(102),+(51)
1271,,宁波大学,Going Merry,王泽豪,黄博翼,刘文凯,,False,True,3,300,,,+1(85),,,,,,,,,+1(125),+(50)
1272,,江西财经大学,但求问心无愧,张瑞杰,罗潇彬,杨源鑫,,False,True,3,300,,,+1(79),,-5,,,,,,,+1(128),+(53)
1273,,山东财经大学,参与奖掠夺者,李锦月,江文硕,陈代鑫,,False,True,3,301,,,+4(98),,-6,,,,,,,+(77),+(46)
1274,,福州大学,原原神神起起动动,詹思榕,滕柏宇,鲍晓鹏,,False,True,3,301,,,+2(106),,-1,,,,,,,+1(90),+(45)
1275,,成都大学,CF枪王之王,巢国俊,吴哲希,张中行,,False,True,3,302,,,+2(97),,,,,,,,,+2(77),+(48)
1276,,江西理工大学南昌校区,摸鱼队,刘创,蓝隆涛,孙港,,False,True,3,302,,,+2(103),,-10,,,,,,,+1(88),+(51)
1277,,武汉理工大学,小猪小猪，快开门～,邹子斌,代文博,吕建超,,False,True,3,302,,,+2(67),,-2,,,,,,,+2(121),+(34)
1278,,浙江师范大学,非自然AC,陈韬宇,罗文庭,王乐恒,,False,True,3,302,,,+(123),,-1,,,,,,,+1(102),+(57)
1279,326,江汉大学,不动的大图书馆,熊振庭,李尧斐,焦子霖,,False,True,3,302,,,+(66),,,-2,,,,,,+3(143),+(33)
1280,,中北大学,大马来了,窦均,赵明兴,马飞晨,,False,True,3,303,,,+2(78),,,,,,,,,+(100),+(85)
1281,,中国地质大学（武汉）,白色基地,王学海,樊瑞航,孟华龙,,False,True,3,303,,,+1(119),,,,,,,,,+(115),+(49)
1282,,四川农业大学,我们有铁牌,李鑫,刁戈,无无无,,False,True,3,304,,,+3(67),,,,,,,,-1,+1(92),+(65)
1283,,河南师范大学,Amoxilin,石康强,李文祥,黄锦辉,,False,True,3,304,,,+4(93),,,,,,,,,+(87),+(44)
1284,,湖南理工学院,教练我想拿牌,郭烨铖,徐程,高天宇,,False,True,3,305,,,+4(80),,,,,,,,,+1(70),+(55)
1285,,国防科技大学,万有引力号,张锦霄,宋畅玮,郭明辰,,False,True,3,306,,,+7(72),,,,,,,,,+(51),+(43)
1286,,吉林大学,捏猫猫的,李肇兴,唐榆淇,邓力豪,,False,True,3,307,,,+2(101),,-9,-1,,,,,,+2(77),+(49)
1287,,青岛科技大学,烟花一半醒,张中正,徐展鹏,李岳斌,,False,True,3,307,,,+(120),,,,,,,,-4,+2(96),+(51)
1288,,广东工业大学揭阳校区,揭宿乐队,刘子恒,莫子桦,林杰钗,,False,True,3,307,,,+2(130),,,,,,,,,+1(74),+(43)
1289,,中国矿业大学,矿兵出击,杨骐玮,赵 际云,卜炜珏,,False,True,3,308,,,+2(110),,-5,,,-1,,,,+1(85),+(53)
1290,,青岛大学,青岛大学114514队,池一恒,杨秉运,张骏,,False,True,3,308,,,+3(119),,,,,,,,,+(80),+(49)
1291,,广东工业大学揭阳校区,绝不早到迟队,王杰,李宣达,欧阳滢茵,,False,True,3,308,,,+1(83),,-1,,,,,,,+2(124),+(41)
1292,,香港科技大学广州,回家的诱惑,李臻卓,胡珂宇,李婧依,,False,True,3,308,,,+(91),,,,,,,,,+(157),+(60)
1293,,信息工程大学,新旬拔队,丁钧铖,林万新,张裕颉,,False,True,3,309,,,+3(65),,-1,,,,,,,+1(81),+2(43)
1294,,中国矿业大学（北京）,燐光,饶汉青,闵俊宝,梅斌杰,,False,True,3,309,,,+3(118),,,,,,,,,+(80),+(51)
1295,,合肥工业大学,共用电子队,王熠辉,程云哲,陶文健,,False,True,3,310,,,+2(90),,,,,,,,,+(125),+(55)
1296,,武汉纺织大学,我们三个顶一个,钟宇峰,范赫,游为与,,False,True,3,310,,,+(88),,-1,,,,,,,+1(136),+(66)
1297,,台州学院,这把打完就吃饭,林昭亦,池浩凯,周博涵,,False,True,3,311,,,+3(91),,-3,,,,,,,+2(72),+(48)
1298,,华南农业大学,主人说再ac一道就让我当杏怒,颜乾彪,钱志远,陈伟鹏,,False,True,3,311,,,+1(120),,,,,-44,,,-1,+1(101),+(50)
1299,,江西师范大学,海底小纵队,陈勇,尤宏瑞,岑志博,,False,True,3,311,,-6,+1(118),,,,,,,,,+(121),+(52)
1300,,长沙理工大学,肖学长和夏学弟的故事,郭佳鑫,肖志翔,夏昱,,False,True,3,312,,,+1(91),,-1,,,,,,,+1(95),+2(46)
1301,,宁波大学,三虾聚鼎,赵翰韬,梁博淇,虞卓军,,False,True,3,312,,,+1(103),,,,,,,,,+1(124),+(45)
1302,,苏州科技大学,分我个铜牌吧，哥！,李衍庆,沈钰阳,邹昱,,False,True,3,312,,,+2(131),,-2,,,,,,,+(90),+(51)
1303,,宁波大学,灰太螂说会爱我,金焕磊,袁铭都,陈昕宇,,False,True,3,312,,,+1(89),,,,,,,,,+1(144),+(39)
1304,,天津大学,山一程，水一程，身向AC那畔行,张翔智,郑海明,王嘉晨,,False,True,3,313,,,+4(101),,,,,,,,,+(75),+(57)
1305,,莆田学院,打完这把就退役,王其彬,王佳闽,柳永康,,False,True,3,313,,,+2(66),,-19,,,,,,-5,+3(103),+(44)
1306,,中国传媒大学,算法术士的重启人生,沈瀚洋,李梦磊,邓子扬,,False,True,3,313,,,+2(116),,-2,,,,,,,+1(87),+(50)
1307,327,南京理工大学泰州科技学院,败犬acmer太多了,王超奇,张兆洋,马宇乐,,False,True,3,313,,,+1(87),,,,,,,,,+2(128),+(38)
1308,,浙江农林大学,今天codeforces 上分了吗？,卢建涛,何泓硕,戴城浩,,False,True,3,314,,,+1(118),,,,,,,,,+2(88),+(48)
1309,,南京邮电大学,njupt24team010,范语辰,林茈恒,李兆添,,False,True,3,316,,,+3(114),,,,,,,,,+(94),+(48)
1310,,鲁东大学,洋芋罐头,宋冠辉,杨悦,吴炫榆,,False,True,3,317,,,+3(88),,,,,,,,,+2(100),+(29)
1311,,湖南城市学院,code.erase(bug),黄家祥,周忠武,李山水,,False,True,3,317,,,+1(116),,,,,,,,,+(141),+(40)
1312,,山东科技大学,西塔克号,潘文硕,吕胜浩,李卓航,,False,True,3,318,,,+5(76),,,,,,,,,+(94),+(48)
1313,,广西科技大学,这是一场豪赌,徐尚毅,李鹤阳,朱济国,,False,True,3,318,,,+3(102),,-1,,,,,,-2,+3(65),+(31)
1314,328,青岛农业大学,BX是你的谎言,李德辰,吴迪,穆帅宇,,False,True,3,318,,,+1(79),,-14,,,,,,,+3(110),+(49)
1315,,重庆大学,虫大三人行,许瑞杰,陈孙一硕,张宇鹤,,False,True,3,318,,,+2(131),,,,,-1153,,,-1,+1(96),+(31)
1316,,徐州工程学院,面向AC程序设计,夏晨龙,范紫萍,薛烨,,False,True,3,319,,,+1(100),,,,,,,,-1,+3(90),+(49)
1317,,武汉理工大学,铁牌怎么不算牌,蒋博熙,俞嘉怡,徐聘博,,False,True,3,319,,,+1(104),,-14,,,,,,,+2(84),+1(51)
1318,,南昌航空大学,未定义,万龙平,姜涛,邹仁杰,,False,True,3,319,,,+1(126),,,,,,,,,+1(105),+(48)
1319,,山东科技大学,白羊号,杨永智,吴佳璇,彭志诚,,False,True,3,320,,,+1(92),,-11,,,,,,,+2(119),+(49)
1320,,黑龙江大学,纯美的女神伊德莉拉美貌盖世无双,王憬怡,郑鑫蕊,申博元,,False,True,3,321,,,+4(83),,,-1,,,,,,+2(73),+(45)
1321,,深圳大学,SZU_ohimesama,朱启荣,唐济宁,华浩名,,False,True,3,321,,,+3(120),,-6,,,,,,,+(84),+(57)
1322,329,上海电机学院,爱拼才会赢,胡涛,孟林默,严俊玉,,False,True,3,322,,-1,+1(104),-1,-5,-1,-1,-1,-1,-1,-1,+1(123),+(55)
1323,,成都东软学院,不时用c语言遮羞的败犬acmer们,王佳硕,钟喀生,魏大策,,False,True,3,324,,,+1(148),,,,,,,,,+(106),+(50)
1324,330,大连理工大学城市学院,大明刑部ccpc一队,赵艺景,高小柯,闫屹伟,,False,True,3,325,,,+1(95),,,,,-112,,,,+1(109),+1(61)
1325,,鲁东大学,贪生pass,李福超,王义超,王凌志,,False,True,3,325,,,+2(104),,-1,,,,,,,+1(113),+(48)
1326,,广东工业大学,AC手动机,高泽彤,关泽霖,许铭宇,,False,True,3,325,,,+1(88),,,,,,,,,+1(147),+(50)
1327,,江苏科技大学,菈妮的锋刃,贾文超,王光明,韩天睿,,False,True,3,326,,,+(120),,,,,,,,,+4(94),+(32)
1328,,浙大城市学院,红魔乡第一爆炎法王,阮诗哲,易仁喜,赵徐坚,,False,True,3,326,,,+2(148),,-2,,,,,,,+1(70),+(48)
1329,,北京师范大学,打完就回去搬砖,丁余健,凤晨阳,陆祖亿,,False,True,3,327,,,+3(126),,,,,,,,,+1(77),+(44)
1330,,南京邮电大学,njupt24team011,袁田,吴陈浩,周希明,,False,True,3,327,,,+3(141),,,,,,,,,+(75),+(51)
1331,,山东科技大学,鹦鹉螺号,胡东辰,李屹然,邢子建,,False,True,3,328,,,+1(108),,-7,,,,,,,+2(114),+(46)
1332,,山东科技大学,阿瓦隆号,董鑫磊,张培腾,王浩然,,False,True,3,328,,,+3(117),,,,,,,,,+1(101),+(30)
1333,,大连大学,今天你摆烂了对不队,幸豪,陈岩,龙鑫雨,,False,True,3,328,,,+2(65),,-3,,,,-1,,,+3(130),+(33)
1334,,浙江科技大学,难铜队,祝嘉豪,祁佳乐,刘黄坪,,False,True,3,328,,,+2(136),,,-5,,,,,,+(107),+(45)
1335,,中国矿业大学,wawa队立大功,王若同,李和霂,李跃辉,,False,True,3,328,,,+1(150),,,,,-62,,,-3,+(96),+(62)
1336,,山东师范大学,队友呢队友救一下,陈正义,宋文远,张梓洋,,False,True,3,329,,,+2(113),,,,,,,,,+1(106),+(50)
1337,,华北理工大学,23经统林凯,林凯,韩硕宇,王士硕,,False,True,3,330,,,+1(78),,,,,,,,,+2(122),+1(50)
1338,,河南师范大学,day day accepted,雷皓迪,原嘉一,骆怡娉,,False,True,3,330,,,+1(99),,-2,,,,,,,+2(123),+(48)
1339,,南阳理工学院,清纯白毛萝莉队,田园康,杜保杰,赵益田,,False,True,3,330,,,+1(78),,,,,,,,,+2(133),+(59)
1340,,重庆交通大学,Wa 是bug，赶快改，Wa 是屎山，没救了,徐胤杰,黄晨旭,彭寿江,,False,True,3,331,,,+1(96),,,,,,,,-1,+3(111),+(44)
1341,,西南石油大学,算法本当上手,冯相杰,钟云山,郑淇文,,False,True,3,331,,,+1(101),,,,,,,,,+2(121),+(49)
1342,,河北师范大学,橙白2队,孙浩滨,李金聪,卢俊澎,,False,True,3,332,,,+3(76),,,,,,,,,+2(106),+(50)
1343,,东北农业大学,卒三进二,张子杰,宋振慈,丁思彤,,False,True,3,332,,,+1(109),,-1,,,,,,,+4(74),+(49)
1344,,中国地质大学（武汉）,折磨测评机,王晗宇,汪润东,吴易凡,,False,True,3,332,,,+4(147),,,,,,,,,+(73),+(32)
1345,,山东航空学院,维玉及瑶,王宝川,刘佳辉,李阔阔,,False,True,3,332,,,+1(57),,,,,,,,,+3(159),+(36)
1346,,北京印刷学院,不要指望我们队,张玉龙,汪东林,赵子熙,,False,True,3,332,,,+(160),,,,,,,,-2,+(126),+(46)
1347,,长春工业大学,风平浪静,叶俊捷,吴贻炫,蒋雄,,False,True,3,334,,,+(142),,,,,,,,,+1(102),+(70)
1348,,湖南师范大学,没人起队名导致查不到队伍,王鸿杰,叶欣睿,周鸿志,,False,True,3,335,,,+3(132),,-3,,,,,,,+(93),+(50)
1349,331,湖南科技学院,听取wa声一队,杨锦林,曾志,陈可,,False,True,3,336,,,+3(108),,,,,,,,-2,+2(103),+(25)
1350,332,大连东软信息学院,青春acmer不会遇到肘击赛题,李双阳,贺宣宁,张子骏,,False,True,3,336,,,+2(68),,-1,,,-1,,,,+3(115),+(53)
1351,333,广东金融学院,这是一个队名,徐展鹏,陈嘉亿,王桂坤,,False,True,3,336,,,+1(125),,,,,,,,,+2(103),+(48)
1352,,宁波职业技术大学,下次一定对,吴郑雨,张峻榕,黄方杰,,False,True,3,336,,,+1(79),,-2,,,,,,,+3(132),+(45)
1353,,浙江农林大学,别急再给我五分钟,陈柳,陈镇锋,欧阳国典,,False,True,3,336,,,+1(79),,,,,,,,-1,+2(136),+(61)
1354,,宁波大学,欧墨系咯有,张增城,郭轩阳,杨耀康,,False,True,3,336,,,+1(137),,,,,,,,,+1(114),+(45)
1355,,河北师范大学,憧憬成为CCPC高手,曾云昊,贺雪杭,温凯旺,,False,True,3,336,,,+(143),,,,,,,,,+1(113),+(60)
1356,334,广东财经大学,我爱吃薯片,陈昌,彭垲铠,石千山,,False,True,3,336,,,+2(160),-1,,,,,,,,+(78),+(58)
1357,,三峡大学,打完这场就退役,杨宇浩,谭诗雨,李深贤,,False,True,3,337,,,+3(101),,-1,,,,,,,+1(107),+(49)
1358,,成都信息工程大学,打算法竞赛也会遇见16岁天才美少女吗,曾乙,张永俊,章秀龙,,False,True,3,338,,,+3(109),,,,,,-1,,-1,+1(103),+(46)
1359,,浙江农林大学,计算练习生,熊奕炫,胡潘杰,罗星艺,,False,True,3,338,,,+2(133),,,,,,,,,+(108),+(57)
1360,,哈尔滨工程大学,再不给我AC我可要狠狠WA了QAQ,赵文定,冯望,文俊飞,,False,True,3,339,,,+4(110),,-2,,,,,,,+1(79),+(50)
1361,,南京邮电大学,njupt24team008,李佳灿,李治成,阚文博,,False,True,3,339,,,+3(124),,,-1,,,,,,+(119),+(36)
1362,,青岛大学,空调和AC总得要一个吧,韩程瑞,李露,霍宪伟,,False,True,3,339,,,+1(71),,,,,-1,,,,+2(181),+(27)
1363,,山东科技大学,占星者号,于永晨,王浩轩,李庆拓,,False,True,3,341,,,+3(99),,-2,,,,,,,+2(107),+(35)
1364,335,北京师范大学珠海校区,丝滑拿铁,许郅斐,何晋熙,蔡泽俊,,False,True,3,341,,,+3(103),,,,,,,,-1,+(113),+(65)
1365,336,东华理工大学,东理二队,王继源,方鑫,程健,,False,True,3,341,,,+3(98),,,-1,,,,,,+1(119),+(44)
1366,,河北师范大学,橙白4队,王思韩,金麟玲,崔珂欣,,False,True,3,341,,,+3(130),,,,,,,,,+(103),+(48)
1367,,湖北工业大学,这不是一个正经的名字,梅锦昕,谭宇杰,王宇轩,,False,True,3,341,,,+(108),,-1,,,,,,-1,+1(151),+(62)
1368,,广州大学,Arae,杨逍,谢宇峰,王承宇,,False,True,3,342,,,+1(118),,-6,,,,,,,+2(113),+(51)
1369,,华北电力大学（保定）,黑吗喽勇闯编程,郭佳兴,胡海彬,朱程词,,False,True,3,342,,,+1(87),,-5,,,,,,,+3(130),+(45)
1370,,成都信息工程大学,迎着阳光盛大逃亡,王浩然,陈琪,蔡忠纬,,False,True,3,343,,,+3(123),,,,,,,,,+1(92),+(48)
1371,,华北理工大学,队名就叫这个吧,赵卓,陈宇宁,王家煦,,False,True,3,344,,,+1(70),,-5,,,,,,,+5(107),+(47)
1372,,河海大学,理塘王吃满0721次罚时后原神启动了,张紫轩,钱子恒,李昱泓,,False,True,3,344,,,+3(108),,-5,,,,,,,+1(89),+1(47)
1373,,闽南师范大学,我们仍未知道那天所看见的bug的名字.,林陈炜,郑婧雯,郭彦祺,,False,True,3,344,,,+1(90),,,,,,,,,+3(131),+(43)
1374,,青岛科技大学,三个人,郭暾,陆知遥,孙浩然,,False,True,3,344,,,+2(64),,,,,,,,,+3(137),+(43)
1375,,河南师范大学,啊对对对,刘轩豪,高继凯,陈晗,,False,True,3,344,,-1,+1(139),,,,,,,,-4,+(145),+(40)
1376,,阜阳师范大学,软舰攻城,刘欣怡,马静祥,刘振东,,False,True,3,345,,,+1(133),,,,,,,,,+2(107),+(45)
1377,337,辽宁大学,三位一体,吴俊威,欧阳兴隆,毛博汉,,False,True,3,345,,,+(60),,,,,,,,-1,+3(196),+(29)
1378,,同济大学,你掏粪,胡正华,潘越,许思源,,False,True,3,346,,,+1(80),,,,,,,,-1,+4(110),+(56)
1379,,郑州轻工业大学,思考细菌,陈浩,陈艺杰,陈显皓,,False,True,3,346,,,+2(164),,-3,,,,,,-1,+(98),+(44)
1380,,重庆大学,赛前瓦了比赛就不能wa了,冯航睿,黄梓杰,胡朝平,,False,True,3,347,,,+4(89),,,,,-666,,,,+1(101),+(57)
1381,,河南科技大学,班嘞，别睡了！,镐紫兴,吴优,刘子豪,,False,True,3,347,,,+2(95),,-1,,,,,,,+2(127),+(45)
1382,,云南大学,队名,史哲轩,马永琦,马文骏,,False,True,3,347,,,+1(140),,,,,,,-1,,+1(109),+(58)
1383,,浙江工业职业技术学院,浙江工业职业技术学院2队,曹泽明,孙新杨,霍洋洋,,False,True,3,347,,,+3(144),,,,,,,,,+(95),+(48)
1384,,郑州轻工业大学,遇事不决从容应队,薛晓煜,夏高祥,栗闫恒,,False,True,3,348,,,+(66),,-2,,,,,,,+3(138),+2(44)
1385,,南昌大学,我的她爱上他的它,叶锦鑫,熊俊哲,萧诚磊,,False,True,3,348,,,+1(70),,,,,-96,,,-1,+3(141),+(57)
1386,,浙江工商大学,毅如既往学算法,李斌斌,林安,林哲,,False,True,3,348,,,+2(162),,,,,,,,,+(98),+(48)
1387,,山东科技大学,赫利奥斯号,郑鸿康,张明耀,于海金,,False,True,3,349,,-1,+1(127),,,,,,,,,+2(111),+(51)
1388,,苏州大学,管他对不队,刘雨欣,田瑞琪,李守旭,,False,True,3,349,,,+2(71),,-2,,,,,,,+2(161),+(37)
1389,,安阳工学院,男子汉们,陈壮,杨宇磊,裴武珂,,False,True,3,350,,,+2(85),,,,,,,,,+(132),+(93)
1390,,新疆大学,吃见手青爆a直接ak,邱开崟,刘宇轩,田野,,False,True,3,350,,,+2(99),,-4,,,,,,,+1(140),+(51)
1391,,南京航空航天大学,我是菜鸟，想寄就寄。,王思雨,刘金颜,赵天屹,,False,True,3,351,,,+3(127),,,,,-8,,,,+(109),+(55)
1392,,深圳大学,szu_main,郭天朗,刘与同,苏凯伦,,False,True,3,351,,,+3(128),,-2,,,,,,,+(102),+(61)
1393,,中南民族大学,样例过了为什么没A?,钟佑安,连怡祥,黄炜超,,False,True,3,351,,,+1(137),,-1,,,,,,,+1(120),+(54)
1394,338,潍坊学院,超和平Busters,张新栋,咸迹萍,李炳瑞,,False,True,3,351,,,+1(86),,,,,,,,-4,+3(140),+(45)
1395,,大连理工大学,不会取名,张娄瑞,马硕达,张傲凡,,False,True,3,352,,,+2(102),,-1,,,,,,,+2(127),+(43)
1396,,厦门大学嘉庚学院,帕斯,陈晴,孟高奇,徐露,,False,True,3,353,,,+1(141),,,,,,,,,+2(102),+(50)
1397,,武汉商学院,呀嘞呀嘞~拦不住的Rapids~,许义,杨文昊,明天成,,False,True,3,354,,,+3(68),,-1,-4,,-6,,-1,,+4(102),+(44)
1398,,广东工业大学揭阳校区,1+1+1=0,谭昊,沈子涵,周煜,,False,True,3,354,,,+1(117),,,,,,,,,+2(138),+(39)
1399,,湖南农业大学,我有玉米症,万煜,李海芬,董振华,,False,True,3,355,,,+5(93),,-19,,,,,,,+1(81),+(61)
1400,,武汉科技大学,ikun小队,刘昇,张炫,于天一,,False,True,3,355,,,+3(117),,,,,,,,-3,+2(93),+(45)
1401,,浙江工商大学,晶质铀,贾伊阳,姚心成,郑安乔元,,False,True,3,355,,,+2(126),,,,,,,,-5,+3(95),+(34)
1402,,大连理工大学,三人凑钱买黑神话悟空,黄朗,林芷仟,王振尧,,False,True,3,355,,,+(161),,-2,,,,,,,+1(124),+(50)
1403,,西南科技大学,轻言轻语,杜嘉瑜,裴博儒,何笃凯,,False,True,3,356,,,+3(93),,,,,,,,-1,+2(117),+(46)
1404,,信息工程大学,你们都不,于锏皓,张仕杰,陈城洛,,False,True,3,356,,,+3(120),,,,,,,,,+(107),+1(49)
1405,,南京工业大学,只爱赛尔号,汤嘉鸿,倪成龙,杨苏陇,,False,True,3,356,,,+3(136),,-4,,,,,,,+1(90),+(50)
1406,,湖北工业大学,我们只是三个路过的假面acmer,王志才,程子龙,张哲,,False,True,3,356,,,+1(139),,,,,,,,,+2(113),+(44)
1407,,南阳理工学院,今天开始我要自己上厕所,陈泺冰,王圆圆,徐萌,,False,True,3,357,,,+(175),,-6,,,,,,,+(129),+(53)
1408,,北京师范大学珠海校区,长指针不好么,何嘉凯,韩英姿,张佳旭,,False,True,3,359,,,+1(146),,-2,,,,,,,+2(98),+(55)
1409,,广东财经大学,九吉星,甘孟勇,黄阳辉,陈楷垚,,False,True,3,360,,,+2(82),,-2,,,-6,,,,+2(97),+3(41)
1410,339,中原工学院,小狗WaWa队，来WaWaWa了,刘祥懿,徐逸飞,吴林涛,,False,True,3,360,,,+4(107),,,,,-49,,,,+(88),+2(45)
1411,,信息工程大学,208,唐日文,蔡文瀚,陈铮,,False,True,3,360,,,+5(113),,-1,,,,,,,+(104),+(43)
1412,,广东技术师范大学,没有技巧，都是暴力,曹谦,周峻锋,邝钟焱,,False,True,3,360,,,+4(127),,-1,,,,,,,+(93),+(60)
1413,,阜阳师范大学,碱基互补配队,彭思敏,王修晗,时小舒,,False,True,3,360,,,+1(157),-1,,,,,,,,+1(130),+(33)
1414,,哈尔滨理工大学,哈理工2024Y08,何士杰,凌晟博,刘松语,,False,True,3,361,,,+1(120),,-2,,,,,,,+2(152),+(29)
1415,,西北工业大学,勇敢牛牛,余丁宸睿,郭锦程,陆华飞,,False,True,3,362,,,+2(105),,,,,,,,,+(137),+1(60)
1416,,哈尔滨理工大学,哈理工2024Y16,贾思博,杨鸿博,赵雪祺,,False,True,3,363,,,+1(159),,-1,,,,,,,+1(124),+(40)
1417,,南京工业大学,智程,车挪亚,马大为,乔 鹏喆,,False,True,3,363,,,+(160),,,,,,,,,+1(128),+(55)
1418,,武汉理工大学,*打星参赛,周豪,黄若煊,王秋林,,False,True,3,364,,,+1(70),,,,,,,,,+4(146),+(48)
1419,,湖南城市学院,看着队友打代码,申宇健,何凯,曹杰林,,False,True,3,364,,,+2(85),,-1,,,,,,,+2(159),+(40)
1420,,长春理工大学,帅比队长在线征婚+v lz200407,郎震,潘奕霖,姚祥辉,,False,True,3,365,,,+2(114),,,,,,,,,+2(119),+(52)
1421,,河南师范大学,小弟们膜拜膜拜你们,周赛赛,王兴浩,赵子博,,False,True,3,365,,,+3(138),,,,,,,,-1,+(106),+(61)
1422,,安徽工业大学,黑链接:CCPC,叶浙余,蒋烨,朱仁乐,,False,True,3,366,,,+3(119),,,,,,,,,+2(94),+(53)
1423,,山东女子学院,我永远喜欢爱莉希雅,张兆义,吕昊键,程智,,False,True,3,366,,,+2(71),,,,,-1,,,,+2(131),+1(64)
1424,,河南工程学院,南苑二队,胡亚灿,刘朝阳,毛成琦,,False,True,3,366,,,+(98),,-2,,,,,-1,-2,+3(152),+(56)
1425,,河南师范大学,wave breaking,常华杰,田彤,王宇,,False,True,3,367,,,+(147),,,,,,,,,+3(109),+(51)
1426,,湖北工业大学,猜不中球队,黄胡智宇,吴凌睿,余腾辉,,False,True,3,368,,,+4(110),,-1,,,,,,,+1(106),+(52)
1427,,南昌理工学院,2024 南理 3 队,张鹏,陈嘉伟,朱航,,False,True,3,368,,,+4(139),,,,,,,,,+1(83),+(46)
1428,340,河北工程大学,抛开事实不谈你就没有不可能,吴琦航,代一鸣,刘信鸿,,False,True,3,368,,,+3(101),-3,,,,,,,-1,+(158),+(49)
1429,,北华大学,感觉不如DXX,张鑫,秦翔宇,赵文浩,,False,True,3,369,,,+2(112),,-1,,,,,,,+4(87),+(50)
1430,,鲁东大学,争辉,孙健强,袁正杰,徐楠,,False,True,3,369,,,+(74),,-5,,,,,,,+6(141),+(34)
1431,,郑州轻工业大学,不会起队名，就写个随便吧,叶子豪,臧明哲,张毅,,False,True,3,369,,,+1(159),,,,,,,,,+(110),+1(60)
1432,,苏州工学院,毕业直接入职美团,周冯希,陆苏皖,李天申,,False,True,3,370,,,+2(93),,,,,,,,,+2(131),+(66)
1433,,天津仁爱学院,2024CCPC网络赛队伍2,熊雨荻,王志毅,许钰轩,,False,True,3,371,,,+1(100),,-1,,,,,,,+2(137),+1(54)
1434,,邵阳学院,邵院3队,张海涛,李红喜,梁朝阳,,False,True,3,371,,,+2(141),,,,,,,,-1,+(146),+(44)
1435,,西南科技大学,奶龙可可爱队,谭淇匀,程立坤,唐浩彬,,False,True,3,371,,,+(186),,,,,,,,-1,+1(113),+(52)
1436,,哈尔滨理工大学,哈理工2024Y10,李博徵,唐金玉,王硕,,False,True,3,372,,,+1(104),,-3,,,,,,,+4(120),+(48)
1437,,湖北中医药大学,原神将我们遗弃,王昊阳,李垠垠,周钲墙,,False,True,3,372,,,+3(145),,-3,,,,,,,+1(108),+(39)
1438,,中原工学院,一见三连，这次一定队,陈有款,吴彦涛,魏慧琳,,False,True,3,372,,,+(106),,-3,,,-62,,,,+2(177),+(49)
1439,,青岛大学,从不wawa叫,滕彤佳豪,张江昊,杜桂涛,,False,True,3,373,,,+2(128),,,,,,,,,+1(138),+(47)
1440,,大连海事大学,嘟嘟哒嘟嘟哒,张文豪,李岳衡,曹永琦,,False,True,3,373,,,+2(103),,,,,-6,,,,+1(141),+(69)
1441,,绍兴理工学院,三WA打碎AC梦,甄诗文,王喆,陈佳俊,,False,True,3,374,,,+2(117),,,,,,,,,+3(107),+(50)
1442,,齐鲁工业大学,负重越野,吴斌,魏文泽,廉昌业,,False,True,3,374,,,+2(73),,-2,,,,,,-1,+4(136),+(45)
1443,,惠州学院,重生之道,陈海堂,李日敬,陆康明,,False,True,3,374,,,+1(161),,,,,,,,,+1(129),+(44)
1444,,浙江工商大学,名队,沈士渊,魏嘉豪,蔡景旭,,False,True,3,375,,,+5(122),,-1,,,,,,,+1(81),+(52)
1445,,四川大学,？？？？,王研博,胡亦宽,郝超群,,False,True,3,375,,,+4(133),,,,,,,,,+2(74),+(48)
1446,,南京农业大学,琪露诺的完美算法教室,周博轩,邵筠淇,李嘉熙,,False,True,3,375,,,+1(124),,,,,,,,-4,+2(154),+(37)
1447,,安阳师范学院,一杯冰蓝Mojito,孙沂帆,许梦旗,王兵淇,,False,True,3,375,,,+1(72),,-3,,,,,,,+3(168),+(55)
1448,341,北京语言大学,想队名也能TLE吗,林之钦,何炫庆,许中豪,,False,True,3,376,,,+2(151),,,,,,,,,+1(111),+(54)
1449,,河北师范大学,青春acmer少年不会梦到wa学姐,秦晓,张瑞兵,牛俊翔,,False,True,3,377,,,+3(83),,,,,,,,,+3(130),+(44)
1450,,河南理工大学,河狸练习生,张荣昌,蒋丁,冯锦鸿,,False,True,3,378,,,+(71),,,,,,,,,+2(222),+(45)
1451,,台州学院,学了等于没学,曾阳,鲍威龙,陈奕阳,,False,True,3,379,,,+3(89),,,,,,,,,+3(122),+(48)
1452,,重庆大学,分崩离析的网络赛之旅,游越涵,张恩宁,,,False,True,3,379,,,+1(99),,-8,,,,,,,+4(135),+(45)
1453,,浙江工商大学,wa也是ak,王瀚锋,王延桢,钟皓泽,,False,True,3,379,,-1,+3(198),-1,-1,-1,-1,-1,-1,-1,-1,+(85),+(36)
1454,,浙江工商大学,青春WA少年梦不到AC学姐,戴子堤,於泊臻,唐靖杰,,False,True,3,379,,,+(87),,,,,,,,,+2(203),+(49)
1455,,四川轻化工大学,我竟无言以队,张俊聪,陈红,张豪,,False,True,3,380,,-3,+2(76),,,,,,,,-6,+(115),+3(89)
1456,,山东师范大学,铁匠铺,王永恺,赵庆波,程佳星,,False,True,3,380,,,+1(123),,,,,,,,,+2(121),+1(56)
1457,,福州大学,哈哈没有人取队名,王曹俨,洪佳盛,何顺康,,False,True,3,380,,,+2(106),,-6,,,,,,,+2(138),+(56)
1458,,湖南财政经济学院,拒绝父母逼婚来打ccpc,刘皝,陈浩,阳金波,,False,True,3,380,,,+1(93),,,,,,,,,+2(178),+(49)
1459,,山东科技大学,航海家号,刘昕浩,何声张,刘昊,,False,True,3,381,,,+3(113),,-11,,,,,,,+2(120),+(48)
1460,342,武昌理工学院,沙烬姐姐雅沙东,兰梓恒,胡潇涵,梁钜喆,,False,True,3,381,,,+5(156),,,,,,,,,+1(55),+(50)
1461,,井冈山大学,涅槃,陈柏伟,唐城颖,易传承,,False,True,3,381,,,+1(136),,,,,,,,,+(190),+(35)
1462,,北京化工大学,重生之我真的是菜鸟,杨嘉明,张德煜,许宇,,False,True,3,382,,,+5(76),,-7,,,-2,,,,+(146),+(60)
1463,,台州学院,自由之翼,王若琰,章智超,俞熠聪,,False,True,3,383,,,+2(93),,-1,,,,,,-1,+2(155),+(55)
1464,,台州学院,我不吃AC,严忠楠,何俊豪,张忻祺,,False,True,3,384,,-4,+2(100),,,,,,,,,+2(129),+1(55)
1465,,南京邮电大学,njupt24team013,王翌阳,金宇轩,倪宇博,,False,True,3,384,,,+1(132),,,,,-76,,,-1,+2(161),+(31)
1466,,合肥大学,好心态确定一生,叶咨含,叶铠睿,蔡庆喜,,False,True,3,385,,,+3(135),,-5,,,,,,-2,+1(128),+(42)
1467,,东南大学,逐梦者,魏思远,魏子何,覃业明,,False,True,3,388,,,+6(106),,,,,-2,,,-5,+1(67),+1(55)
1468,,青岛理工大学,青春唐笔少年不会写出ac代码,吴秀彦,孟维辰,韩泽川,,False,True,3,388,,,+2(137),,,,,,,,-2,+2(118),+(53)
1469,,浙大城市学院,关于我们为了打ACM而重生这件事,李俊翰,姚雨森,刘俊杰,,False,True,3,388,,,+2(99),,-2,,,,,,,+2(145),+(64)
1470,,中国科学技术大学,n方过百万,叶梓文,王一旭,杨邵恺,,False,True,3,388,,,+3(165),,,,,,,,,+(98),+(65)
,,成都市树德中学,沈夜星河慕枫桥,马思睿,唐海弘,张捷睿,,False,False,3,388,,,+3(183),,,,,,,,-2,+(84),+(61)
1471,,浙大城市学院,WA！红色传说,林盛,朱宇文,吴锦豪,,False,True,3,389,,,+3(126),,-8,,,,,,,+2(120),+(43)
1472,,西南科技大学,这是我此生第一次机会,陈亮旭,吴子杨,余欣阳,,False,True,3,389,,,+4(71),,,,,,,,,+4(130),+(28)
1473,,临沂大学,曙光,黄鑫,李国伟,周富源,,False,True,3,390,,,+1(147),,,,,,,,,+3(126),+(37)
1474,,东华大学,能力越小A的越少,钱紫阳,林佳炜,蔡兆炫,,False,True,3,390,,,+4(152),,-1,,,,,-1,,+1(94),+(44)
1475,,宁波财经学院,下水管道疏通半小时上门2,舒炜琳,林元钞,向铭扬,,False,True,3,391,,,+4(121),,-7,,,,,,,+3(101),+(29)
1476,343,肇庆学院,北岭山间踏雪2,张煜辉,黄心怡,杨博文,,False,True,3,391,,,+2(165),,-3,,,,,,,+(126),+(60)
1477,344,沈阳航空航天大学,最终幻想,张宗明,李剑东,陈发祥,,False,True,3,391,,,+1(113),,,,,,,,-1,+2(166),+(52)
1478,,沈阳航空航天大学,3xl,刘佳美,纪旭,徐凯文,,False,True,3,392,,,+1(102),-2,-8,,,,,,-1,+3(117),+2(53)
1479,,西安电子科技大学,学习中ing,李佳欣,朱泓渊,白婧玉,,False,True,3,392,,,+3(117),,,,,,,,,+(129),+2(46)
1480,,河南科技大学,农夫山泉,成浩,周怡佳,颜嘉炜,,False,True,3,392,,,+1(136),,,,,,,,-2,+2(147),+(49)
,,成都市树德中学,三个大挂件,刘敏康,郭思源,许入文,,False,False,3,393,,,+3(133),,,,,,,,,+1(99),+(81)
1481,,青岛农业大学,风尘三尺剑,王德涛,安庆品,孔晓冬,,False,True,3,393,,,+2(148),,-5,,,,,,-1,+2(117),+(48)
1482,,苏州科技大学,三个青名,牟其霖,韩守坤,林凯伦,,False,True,3,394,,,+(67),,,,,,,,,+6(179),+(28)
1483,,江西农业大学,凡是过往皆为序章,赖国梁,廖伦浩,林志炫,,False,True,3,395,,,+3(114),,,,,,,,,+3(127),+(34)
1484,,福州大学,哈基米宝宝,谢博文,王盛明,傅世杰,,False,True,3,395,,-7,+2(159),,,,,,,,,+1(132),+(44)
1485,,宁波职业技术大学,文盲队,朱津宏,徐振宇,叶玉龙,,False,True,3,395,,,+1(68),,,,,,,,,+4(170),+1(37)
1486,,华北水利水电大学,华水附小三年二班,谢允,张智云,杨晨阳,,False,True,3,396,,,+1(107),,-5,,,,,,,+4(139),+(50)
1487,345,安徽财经大学,龙子湖畔,王清锐,邱昊天,汪泽宇,,False,True,3,396,,-1,+2(144),-1,,,,,,,,+3(107),+(45)
1488,,河南师范大学,HWH,侯炳旭,吴帅甫,贺子豪,,False,True,3,396,,,+2(184),,,,,,,,,+(117),+(55)
1489,,南京邮电大学,njupt24team015,唐嘉忻,李玥晗,谢杭玲,,False,True,3,397,,,+3(77),,,,,,,,,+2(98),+3(62)
1490,,吉首大学,做的都队,李伟杰,祝江宇,钟文振,,False,True,3,397,,,+3(90),,,,,,,,-2,+4(111),+(56)
1491,,四川师范大学,用队长单身十年换一金,罗志,刘航志,陈雨泉,,False,True,3,397,,,+1(125),,,,,,,,,+2(178),+(34)
1492,,江西师范大学,耐摔王稳定发挥,杨坤,赖思行,张凯,,False,True,3,398,,,+1(126),,,,,,,,-3,+3(134),+(58)
1493,,宁波大学,ACtor,蒋轶波,胡值闻,吴凯晟,,False,True,3,398,,,+2(71),,-1,,,,,,,+6(137),+(30)
1494,,华东理工大学,蚌小队,王文煊,宋安迪,曾子航,,False,True,3,398,,,+3(139),,,,,,,,,+1(126),+(53)
1495,,天津理工大学,无限循环茶话会,赵海洋,李蒙海,厉佳怡,,False,True,3,398,,,+4(196),,,,,,,,-2,+(62),+(60)
1496,,南京航空航天大学,我也不知道叫什么,李立星,徐皓,潘俊达,,False,True,3,399,,,+(155),,,,,,,,,+(173),+(71)
1497,,东华大学,北宇治ACM部,唐瑞,董子研,王逸凯,,False,True,3,399,,,+2(181),,,,,,,,,+1(99),+(59)
1498,,南京大学,锟斤拷,曹佳诺,陈安琪,韩旭莹,,False,True,3,400,,,+3(176),,,,,,,,,+1(92),+(52)
1499,,华东理工大学,汪汪汪,王渝情,王健丰,王子鹏,,False,True,3,403,,,+2(136),,-1,,,,,,,+4(99),+(48)
1500,346,邢台学院,在线莫队,杜兴,刘葭琪,刘红宇,,False,True,3,403,,,+2(197),,-1,,,,,,-1,+1(104),+(42)
1501,,湖北工业大学,三个虾头难,李怡爽,祝浩,钱俊豪,,False,True,3,404,,,+1(77),,,,,-5,,,,+4(155),+(72)
1502,,浙大宁波理工学院,阿蒙络合物,刘佳乐,丁智宇,叶仲豪,,False,True,3,405,,,+2(89),,-2,,,,,,,+4(153),+(43)
1503,,华南理工大学,黑算法:超时,黄毅豪,邓逸轩,李维信,,False,True,3,405,,,+2(101),,-1,,,,,,,+2(153),+1(51)
1504,,武汉工程大学,一梦黄粱,覃淼,李佳航,林碧琪,,False,True,3,405,,-3,+1(137),,,,,,,,,+1(177),+(51)
1505,,厦门大学嘉庚学院,麦当劳小分队,陈文正,张申庚,吴宇轩,,False,True,3,406,,,+2(121),,,,,,,,,+4(122),+(43)
1506,,济南大学,遠山客,余川华,韦金亮,葛广一,,False,True,3,406,,,+3(152),,-2,,,,,,-1,+1(135),+(39)
1507,,广东工业大学揭阳校区,怪物联盟,曾靖,高济东,张家玮,,False,True,3,406,,,+2(112),,-3,,,,,,,+1(188),+(46)
1508,,浙江科技大学,蛋仔派对,陈昱廷,华浩天,王凡,,False,True,3,407,,,+4(140),,-1,,,,,,,+1(110),+(57)
1509,347,西华师范大学,败犬acmer太多啦,杨铧,刘海,熊细鸿,,False,True,3,408,,,+3(138),-1,-3,,,,,,-2,+2(110),+(60)
1510,,山东科技大学,光明号,李少栋,鲁文健,斯睦飞,,False,True,3,408,,,+1(133),,,,,,,,-14,+3(151),+(44)
1511,,河南农业大学,猿神，启动！,何雨洋,王兆君,李润玉,,False,True,3,408,,,+3(96),,-4,,,,,,,+2(168),+(44)
1512,,宁波大学,结束乐队,蔡昕洋,林泓杰,方哲昊,,False,True,3,408,,,+1(109),,,,,,,,,+1(188),+1(51)
1513,,乐山师范学院,怎么一个都不对,夏源泽,曾媛,李勇琪,,False,True,3,409,,,+2(97),,-2,,,,,,,+3(159),+(53)
1514,348,上海海洋大学,前面没学，中间没写，后面没看,张华文,庄勇腾,杨镇宇,,False,True,3,410,,,+2(125),,,,,,,,,+4(115),+(50)
1515,,长安大学,汉堡王,胡艺翰,许奕杰,周乐恒,,False,True,3,411,,,+3(173),,-2,,,,,,,+(129),+(49)
1516,,青岛农业大学,翻斗花园第一牛爷爷,刘世征,王科锦,张方博,,False,True,3,411,,,+(180),,,,,-98,,,,+2(144),+(47)
1517,,福建理工大学,碧天伴走,刘羿,刘航,陈君玲,,False,True,3,412,,,+1(120),,,,,,,,,+5(133),+(39)
1518,,江西师范大学,队名五个字,龚向阳,张强,胡志强,,False,True,3,412,,,+1(87),,-1,,,,,,,+4(175),+(50)
1519,,大连理工大学,勇敢的胆小菇,洪海钦,李卓骏,胡梦雪,,False,True,3,413,,,+5(115),,,,,,,,,+1(126),+(52)
1520,,江西财经大学,你不要给我WAWA叫,叶遇乐,徐晓律,陈帆,,False,True,3,413,,,+2(115),,,,,-156,,,-4,+2(187),+(31)
1521,,东华大学,Acid也是AC,王彤霏,梁家宁,徐之恒,,False,True,3,415,,,+2(140),,,,,,,,,+2(147),+(48)
1522,349,重庆文理学院,网瘾少年不会梦见wa测评,田康乐,张柒鑫,李明,,False,True,3,416,,,+3(105),-13,-1,,,,,,,+4(126),+(45)
1523,350,广西民族大学,本手妙手和花手,陈维福,陈健峰,李鸿运,,False,True,3,416,,,+1(176),-4,,,,,,,,+2(137),+(43)
1524,,吉林大学,冰激凌,周浩宇,王福峥,张健哲,,False,True,3,417,,,+4(87),,,,,,,,-5,+5(101),+(49)
1525,,广州大学,我不是瓦批,乔俊杰,曹宇超,帅军锐,,False,True,3,417,,,+1(136),,-1,,,,,,,+2(163),+(58)
1526,,烟台大学,不知名的甘！文！崔！,戚靖博,刘一,吴振,,False,True,3,417,,,+2(77),,,,,,,,-5,+4(170),+(50)
1527,,西南科技大学,幻想乡乐园计划,童博文,唐娅东,黄浩翔,,False,True,3,418,,,+4(92),,,,,,,,,+4(80),+2(46)
1528,,电子科技大学成都学院,让老人和孩子先A,杨晨晨,吴泽东,何如玉,,False,True,3,419,,,+5(127),,-1,,,,,,,+2(105),+(47)
1529,,中国地质大学（北京）,黑编程·悟铜,林珈丞,叶宇翔,苏童,,False,True,3,419,,,+1(88),,,,,,,,-1,+4(199),+(32)
1530,,湖南农业大学,交之前再看一眼题,范晓松,周辉,陈雄彪,,False,True,3,419,,,+2(89),,-2,,,,,,,+3(200),+(30)
1531,,湖北第二师范学院,Bro以为自己能AK全场,刘俊康,吕行航,胡荣强,,False,True,3,420,,,+4(61),,,,,,,,-12,+7(108),+(31)
1532,,宁波大学,重⽣在gbc演唱有键盘⼿的春⽇影,汪博,夏高源,孙嘉炜,,False,True,3,420,,,+3(135),,-1,,,,,,-1,+4(92),+(53)
1533,351,成都理工大学工程技术学院,可爱又迷人的反派角色,方鹏淅,李学迅,曾宇鹏,,False,True,3,420,,,+2(79),,-5,,,,,,,+6(147),+(34)
1534,,天津理工大学,给个奖吧我什么都会做的,林哲豪,程思成,马明柯,,False,True,3,420,,,+4(184),,,,,-2,-1,-1,-4,+(101),+(55)
1535,,山东工商学院,简单,国耀泽,李万林,卜世陀,,False,True,3,422,,,+3(108),,,,,,,,,+2(146),+(68)
1536,352,贵州民族大学,群星依旧,段翔韬,唐子蕃,郭晶,,False,True,3,422,,,+1(78),-3,-1,,,-5,,,-13,+7(155),+(29)
1537,,大连理工大学,dlut07,安冠鸣,江文可,曾豪,,False,True,3,423,,,+1(181),,,,,,,,-3,+(158),+(64)
1538,,三峡大学,吗喽勇闯XCPC,罗佳宇,江姝宇,冯成宽,,False,True,3,423,,,+(114),,,,,,,,,+4(188),+(41)
1539,,上海师范大学,队友都在打数模,王子俊,张越群,危祎,,False,True,3,425,,,+3(149),,-2,,,,,,-2,+3(105),+(51)
1540,,武汉纺织大学,让我ac啊,费文伟,袁文泉,曾繁昊,,False,True,3,425,,,+1(92),,,,,,,,,+5(151),+(62)
1541,,河南工程学院,海底小纵队,张天硕,王笑,陈嘉乐,,False,True,3,425,,,+4(160),,,,,,,,,+1(109),+(56)
1542,,大连海事大学,～O～分队,姬翔,刘震,戈晟年,,False,True,3,426,,,+4(130),,,,,,,,-1,+4(106),+(30)
1543,,中北大学,自信纯一,韩迎坤,孙天赐,李景硕,,False,True,3,426,,,+(160),,,,,,,,,+3(139),+(67)
1544,,南京航空航天大学,样例AC就算队,肖昊哲,肖宇轩,唐观乾,,False,True,3,426,,,+3(134),,,,,,,,,+1(161),+(51)
1545,,东华理工大学,吃个冻梨不嘻嘻队,黄瑞杨,程志超,邹涛,,False,True,3,426,,,+(82),,,,,,,,,+4(210),+(54)
1546,,黑龙江大学,我是取名废废队,林君诺,段然,肖梦圆,,False,True,3,427,,,+4(107),,,,,,,,,+1(129),+(91)
1547,,临沂大学,关于摆烂鼠鼠挣扎着想打一次区域赛这件事,宋承洋,费秋翔,夏新志,,False,True,3,427,,,+1(77),,-1,,,,,,,+7(142),+(48)
1548,,山东财经大学,不再犹豫,樊宣,张腾飞,钱玮浩,,False,True,3,428,,,+2(82),,,,,,,,,+1(141),+5(45)
1549,,西安科技大学,暴力出奇迹，打表出省金,毛梓聿,寇宇凡,胡珂涵,,False,True,3,428,,,+4(128),,-2,,,,,,,+1(156),+(44)
1550,,南阳理工学院,菜鸡只想签到队,张飞航,高宇鹏,陈凯乐,,False,True,3,428,,,+5(160),,,,,,,,,+(86),+1(62)
1551,,青岛理工大学,兄弟香草泥,姚淅文,赵增豪,刘敬苛,,False,True,3,429,,,+2(131),,-3,,,,,,,+2(190),+(28)
1552,,衡阳师范学院,洋洋鸽鸽,王卫,郭子涵,吴宜洋,,False,True,3,431,,,+4(84),,,,,,,,,+5(139),+(28)
1553,,郑州经贸学院,抽象派,李皓轩,秦琳珂,张云飞,,False,True,3,432,,,+1(87),,,,,,,,,+5(182),+(43)
1554,353,河北农业大学,给队友端茶倒水,来浩然,陈玺灿,谭晓刚,,False,True,3,432,,,+(215),,,,,,,,,+(175),+(42)
1555,,浙江工业职业技术学院,浙江工业职业技术学院5队,周益锋,张江,徐伟豪,,False,True,3,433,,,+6(110),,-2,,,,,,,+1(131),+(52)
1556,,华中师范大学,花开富贵,刘孟谦,彭雅晨,杨璟欣,,False,True,3,433,,-6,+3(143),,-4,,,,,,,+1(167),+(43)
1557,,西华大学,星夜,周世阳,马健城,熊伟,,False,True,3,433,,,+1(116),,,,,,,,-1,+3(180),+(57)
1558,,中北大学,文瀛十三不会梦到上床下桌,李兴隆,陈文博,谭炯豪,,False,True,3,433,,,+1(86),,,,,,,,,+3(226),+(41)
1559,,潍坊学院,华哥打铁我拿铜,冯硕,张伟浩,冉鑫,,False,True,3,436,,,+3(151),,-1,,,,,,,+4(111),+(34)
1560,,邵阳学院,邵院2队,资勇,谢齐,刘轩,,False,True,3,437,,,+3(135),,,,,,,,,+2(143),+(59)
1561,,武汉商学院,23级ccpc陪跑队,李吉,易怀广,郝兴城,,False,True,3,437,,,+2(186),,-1,,,,,,-1,+2(123),+(48)
1562,,东北农业大学,先WA后T再RE,罗鸿浩,孙康玲,佟佳树,,False,True,3,437,,,+1(192),,,,,,,,,+1(143),+1(42)
1563,,山东科技大学,暴风雪号,岳永泰,王洛阳,程琪深,,False,True,3,438,,,+1(133),,,,,-2,,,,+3(177),+(48)
1564,,同济大学,C++养老院,胡沛荻,陈德凯,马凯,,False,True,3,438,,,+3(221),,,,,,,,,+(101),+(56)
1565,,闽南师范大学,闽师第一深情,林程旭,肖建华,叶康辉,,False,True,3,440,,,+6(142),,,,,,,,,+1(133),+(25)
1566,,山东财经大学,交了百分百AC,任硕,赵腾克,于海洋,,False,True,3,440,,,+2(144),,,-1,,,,,,+1(185),+(51)
1567,,南京大学,我们做的都队,颜子为,牛永辉,刘圣文,,False,True,3,441,,-7,+5(111),,-2,,,,,,,+2(129),+(61)
1568,,湖州师范学院,2024湖师院1队,章文宇,张君琪,王羽飞,,False,True,3,441,,,+1(94),,,,,,,,-1,+4(200),+(47)
1569,,哈尔滨理工大学,哈理工2024Y07,陈子权,黄策,王哲学,,False,True,3,442,,,+(87),,-2,,,,,,,+5(224),+(31)
1570,354,湖南工程学院,养WA池,吕浩然,朱山廉,李宇涛,,False,True,3,443,,,+2(94),,,,,,,,,+4(185),+(44)
1571,,广东工业大学揭阳校区,深度优先睡眠,邓乃添,夏子豪,余敬业,,False,True,3,445,,,+1(82),,-3,,,,,,,+6(177),+(46)
1572,,江南大学,吃瓜不吐籽队,李欣瑞,蔡泽森,王子硕,,False,True,3,445,,,+5(119),,,,,,,,,+1(177),+(29)
1573,,东华理工大学,调试小队,裴游盛,王志岩,熊凯闻,,False,True,3,445,,,+2(128),,-1,,,,,,,+2(190),+(47)
1574,,南京邮电大学,njupt24team016,金馨彤,杨小莹,崔佳珺,,False,True,3,445,,,+2(127),,,,,,,,,+2(200),+(38)
1575,355,华北理工大学迁安学院,我们相信光,郭昱杉,邵尉,刘琪,,False,True,3,447,,,+7(178),,-4,,,,,,,+(75),+(54)
1576,356,湖南涉外经济学院,俩菜一蛋,曾庆伟,彭胜,杨轩,,False,True,3,449,,,+3(166),,,,,-3,,,-3,+2(136),+(47)
1577,,信息工程大学,万年船,武优,李锦浩,王海安,,False,True,3,451,,,+5(165),,-1,,,,,,,+(129),+(57)
1578,,怀化学院,怀化学院3队,冯海进,和佳聚,符琼方,,False,True,3,451,,,+2(106),,,,,,,,,+3(192),+(53)
1579,,暨南大学,海man宝宝,杨磊,周雨昇,王于子旭,,False,True,3,451,,,+1(224),,,,,,,,,+(159),+(48)
1580,,哈尔滨理工大学,哈理工2024Y06,张天时,贝明轩,李乘远,,False,True,3,451,,,+2(226),,,,,,,,,+1(116),+(49)
1581,,中国地质大学（武汉）,六神,何晓棠,毛郅皓,白浩文,,False,True,3,452,,,+2(156),,-12,,,,,,,+2(165),+(51)
1582,,暨南大学,人生有梦，各自精彩,张少涵,王博洲,赵一阳,,False,True,3,452,,,+5(179),,,,,,,,-11,+2(90),+(43)
1583,,东华大学,东华WA掘机,陈锦豪,王经祁,,,False,True,3,452,,,+2(179),,,,,,,,-1,+(145),+(88)
1584,,武汉纺织大学,你说对就对,黄仝和,王鑫,徐文强,,False,True,3,454,,,+4(109),,-2,,,,,,-2,+3(123),+1(62)
1585,,惠州学院,奋进小虎队,钟剑益,温联钦,谢浩诚,,False,True,3,454,,,+6(120),,-1,,,,,,-1,+2(125),+(49)
1586,,西南交通大学,很内向，坐在键盘前写不出代码,谢栩珲,苏永康,王一帆,,False,True,3,455,,,+3(182),,,-3,,,,,,+2(143),+(30)
1587,,北京师范大学香港浸会大学联合国际学院,沸杨杨禛的很喜欢抽芙蓉王！,王孟涵,杨钧涯,黄铭禛,,False,True,3,457,,,+(108),,-1,,,,,,,+5(201),+(48)
1588,,嘉应学院,爱是最强自在法,钟棋宇,叶耀,罗祉茗,,False,True,3,458,,,+1(75),,,,,,,-3,-2,+2(152),+7(31)
1589,,福州大学,不时以藏语遮羞的邻座丁真同学,郎易恒,方林升,蒋兴鑫,,False,True,3,459,,,+(117),,,,,,,,,+4(217),+(45)
1590,,浙江农林大学,教练我不想再WA了,徐凯杭,潘宇健,张颢耀,,False,True,3,460,,,+5(158),,,,,,,,,+1(92),+1(70)
1591,,南昌理工学院,2024 南理 4 队,肖和,袁文杰,孙学吉,,False,True,3,461,,,+4(123),,,,,,,,,+2(148),+(70)
1592,,厦门大学嘉庚学院,怎么就没活了,戚晓鹏,蔡政楠,冯剑宇,,False,True,3,461,,,+2(124),,-2,,,,,,-1,+3(187),+(50)
,,成都市树德中学,define int long long,辜思佳,刘睿萱,沈慕枫,,False,False,3,461,,,+3(87),,,,,,,-1,,+3(198),+(56)
1593,,江西财经大学,原来你也玩ACM,刘星,曾毅,牛志义,,False,True,3,462,,,+3(159),,,,,,,,,+4(115),+(48)
1594,,浙江工业职业技术学院,浙江工业职业技术学院3队,马诗慧,毛雨菲,霍洋洋,,False,True,3,462,,,+3(133),,,,,,,,,+2(181),+(48)
1595,,长安大学,菜狗沉淀中,李思学,刘新语,陈炎松,,False,True,3,463,,,+4(131),,-1,,,,,,,+1(163),+1(49)
1596,,沈阳理工大学,努力AC,张铳,沈帅豪,王凯兴,,False,True,3,464,,,+1(221),,-1,,,,,,,+2(132),+(51)
1597,,天津大学,神笔码良,朱靖泽,栾博越,周昊忆,,False,True,3,465,,,+3(150),,,,,,,,,+2(166),+(49)
1598,,河南工程学院,怎么有人没有学长打名额啊？是我？那没事了,皇甫启新,毛川川,王运坤,,False,True,3,465,,,+4(136),,-4,,,,,,,+1(180),+(49)
1599,,武汉科技大学,蒸&农&柚子厨,李豫,杨志军,朱本亮,,False,True,3,465,,,+1(140),,,,,,,,,+1(213),+1(52)
1600,,苏州工学院,面向样例的程序设计,方思珩,马鸿建,刘易,,False,True,3,466,,,+3(126),,,,,-6,,,,+7(108),+(32)
1601,,安阳工学院,吃吃喝喝棒棒,董家欣,付怡睿,李森林,,False,True,3,466,,,+3(220),,,,,,,,,+1(118),+(48)
1602,,乐山师范学院,风的去向,韩俊杰,刘皓扬,谭仪,,False,True,3,467,,,+2(138),,-5,,,,,,-16,+7(106),+(43)
1603,,临沂大学,青春猪头少年不会梦到一发AC,刘嘉杰,谢番羽,刘廷全,,False,True,3,467,,,+2(174),,,,,,,,-2,+1(183),+(50)
1604,357,江苏海洋大学,为中华崛起而写码,房鸿铭,冷严伟,刘好,,False,True,3,467,,-1,+(94),-1,-1,-1,-1,-1,-1,-1,,+1(281),+(72)
1605,,东南大学,摆烂队,郑博文,林子尧,隆乾,,False,True,3,468,,,+3(105),,,,,,,,-4,+5(153),+(50)
1606,,嘉应学院,随便吧,王嘉贤,宋子超,杜孟轩,,False,True,3,469,,,+3(135),,,,,,,,-2,+2(182),+(52)
1607,,浙江财经大学,猫咪烧烤,王鑫宇,王强,陈君豪,,False,True,3,470,,,+1(108),,,,,,,,,+3(228),+(54)
1608,,河南工程学院,南苑三队,孙开贺,万启宝,张保潼,,False,True,3,472,,,+3(139),,,,,,,,,+5(132),+(41)
1609,,大连理工大学盘锦校区,写的都队,朱禹洲,祝王子,刘腾予,,False,True,3,472,,,+6(167),,,,,,,,-1,+1(96),+(69)
1610,,南京航空航天大学,最后的胜利,黄启佳,吕海烨,陈杰安,,False,True,3,473,,,+7(200),,,,,,,,,+(83),+(50)
1611,,沈阳化工大学,对对队,罗祥,俞征洋,汤健平,,False,True,3,474,,,+1(137),,-7,,,,,,,+3(203),+(54)
1612,,安阳工学院,丸辣守感不队,侯帅鹏,杜泳君,白亚盼,,False,True,3,474,,,+1(105),,,,,,,,,+2(250),+(59)
1613,,南阳理工学院,能力越小责任越小,赵静冉,郑珊珊,史嘉琳,,False,True,3,475,,,+4(127),,-2,,,,,,,+4(143),+(45)
1614,,沈阳航空航天大学,关于我的队长特别想穿猫耳朵jk这档事,张彦泽,郭家硕,白峻豪,,False,True,3,475,,,+5(112),,,,,,,,,+2(173),+(50)
1615,358,丽水学院,银钥之门,江安煜,张苏梦,孙愉超,,False,True,3,476,,,+(68),,-2,,,,,,,+7(119),+5(49)
1616,,郑州轻工业大学,小猫怎么叫,易平川,徐志高,李昊隆,,False,True,3,476,,,+1(145),,-7,,,,,,,+7(127),+(44)
1617,,中南民族大学,未完结的故事,李虹睿,胡田琪,曾安琪,,False,True,3,477,,,+2(171),,-2,,,,,,,+(210),+(56)
1618,,广西科技大学,所以爱会消失对不队,方庆声,谢博轩,周丽欣,,False,True,3,478,,,+4(210),,,,,,-2,,-1,+1(113),+(55)
1619,,河南理工大学,已经没时间了,蒲叶,黄鸣轩,吕雨柏,,False,True,3,480,,,+3(118),,,,,,,,,+5(152),+(50)
1620,,天津仁爱学院,2024CCPC网络赛队伍4,程淼,邓永星,段立泰,,False,True,3,480,,,+2(244),,,,,,,,,+1(146),+(30)
1621,,北京理工大学珠海学院,三个摆子,李国胜,翁彦峰,肖正阳,,False,True,3,481,,,+(146),,,,,-41,,,,+5(186),+(49)
1622,,石家庄铁道大学,崩坏：庄窠铁道,陈昀,冯子涵,任磊康,,False,True,3,482,,,+3(115),,,,,,,,,+3(196),+(51)
1623,,广州大学,能赢吗？会赢的！,李轩,林卓义,周昊焌,,False,True,3,482,,,+3(212),,-3,,,,,,-1,+2(120),+(50)
1624,,西南科技大学,三只草履虫,杨若瑄,刘绮静,皇甫一冉,,False,True,3,483,,,+5(175),,,,,,,,,+1(120),+1(48)
1625,,惠州学院,我有一个馊主意,陈晓敏,陈海燕,施小华,,False,True,3,483,,,+2(164),,-2,,,,,,,+(224),+(55)
1626,359,东北石油大学,鸷鸟生而有翼 终将击破长空,刘笑语,邓逸凡,夏宇超,,False,True,3,486,,,+5(162),,,,,,,,,+3(115),+(49)
1627,,湖州师范学院,2024湖师院5队,宋梦博,欧阳许多,蒋京津,,False,True,3,486,,,+3(232),,,,,,,,,+(133),+(61)
1628,360,南京晓庄学院,很奇怪理解万岁把,黄齐,王思博,从亚申,,False,True,3,487,,,+2(107),,,,,-1,,,,+6(181),+(39)
1629,,香港科技大学广州,据说队名起的很长就能取得非常优异的成绩,董佳鑫,许畅,刘智仁,,False,True,3,487,,,+4(199),,,,,,,-2,,+(83),+3(65)
1630,361,福州大学至诚学院,福大至诚一队,肖闻锐,高映轩,张俊林,,False,True,3,489,,,+5(163),,-11,,,,,,-2,+3(78),+(88)
1631,,湖北第二师范学院,原神小伙不会梦到CCPC学姐,龚炜棋,桂兴旺,江好佳,,False,True,3,489,,,+2(137),,-14,,,,,,,+4(181),+(51)
1632,,徐州工程学院,只会签到能拿名额吗,吴苏阳,郑光杰,孙驭晨,,False,True,3,493,,-1,+6(162),-1,-1,-1,-1,-1,-1,-1,-1,+3(106),+(45)
1633,362,桂林航天工业学院,汗流浃背,谭智辉,欧镕菠,杜良宇,,False,True,3,493,,,+3(206),,-1,,,,,,,+4(106),+(41)
1634,,南昌大学,二次原,张佳梁,陈子涵,胡俊杰,,False,True,3,496,,,+3(181),,,,,,,,,+3(145),+(50)
1635,,绍兴理工学院,爱会消失对不队,叶韩亮,胡佳梦,丁华艺,,False,True,3,496,,,+3(94),,-1,,,,,,,+4(216),+(46)
1636,,哈尔滨理工大学（威海）,北部王者崛起,董骐睿,晁鲁,赵兴广,,False,True,3,496,,,+2(238),,,,,,,,-5,+1(153),+(45)
1637,,东北大学秦皇岛分校,XCPC，启动！,解光宇,何其泽,黄宇超,,False,True,3,498,,,+3(150),,,,,,,-1,,+4(179),+(29)
1638,,华南师范大学,肥嘟嘟左卫门,赖超,严佳旭,庞俊杰,,False,True,3,498,,,+1(137),,,,,,,,,+5(192),+(49)
1639,,阜阳师范大学,阜师二队,赵子善,王萌,石道成,,False,True,3,498,,,+7(229),,-1,,,,,,,+(91),+(38)
1640,,重庆城市科技学院,月落星沉,刘英凯,董狰,陈民君,,False,True,3,499,,,+4(175),,-1,,,-1,,-1,-2,+2(144),+(60)
1641,363,衡水学院,队友叫我励志于是有了这个队名,谢子昊,吴建霏,林浩楠,,False,True,3,499,,,+2(87),,,,,,,,,+6(219),+(33)
1642,,北京化工大学,我不在这队,孙佳斌,张前宇,韦政轩,,False,True,3,500,,-2,+3(230),,,,,,,,,+(126),+1(64)
1643,,山东科技大学,普罗米修斯号,齐航,刘志卿,魏振宇,,False,True,3,502,,,+2(216),-3,,,,,,,,+1(183),+(43)
1644,,东北大学秦皇岛分校,不知道怎么,孙鑫,张雪军,邱晓竞,,False,True,3,502,,,+(119),,,,,,,,,+4(235),+(68)
1645,,大连东软信息学院,拿个cu给学妹,郑锦鹏,张恩速,林学东,,False,True,3,503,,,+2(109),,-2,,,-13,,,,+7(160),+(54)
1646,364,韶关学院,我们打acm的要考虑的就多了,冯诺维,陈兴翰,黄家宝,,False,True,3,503,,,+4(162),,-5,,,,,,,+4(144),+(37)
1647,,浙江广厦建设职业技术大学,难铜不想守银,龚孝天,向文寿,胡明涛,,False,True,3,504,,,+4(95),,,,,,,-2,,+6(165),+(44)
1648,,重庆工程学院,除了技术都很硬,何慧君,王伟铭,贺蒋,,False,True,3,504,,,+3(196),,-1,,,,,,,+2(152),+(56)
1649,,河南师范大学,起名字真难啊,杨泓延,王雨航,刘岩,,False,True,3,505,,,+4(128),,,,,,,,,+5(151),+(46)
1650,,乐山师范学院,那再想想,刘家康,黄仪鸥,屈嘉,,False,True,3,506,,,+(92),,,,,,,,,+7(231),+(43)
1651,,泉州师范学院,qztc2,苏灿辉,黄文杰,吴志宏,,False,True,3,507,,,+2(117),-2,,,,,,,,+2(262),+(48)
1652,,上海海事大学,飞过去就是3wa,潘飞扬,陆锦云,李卓锦,,False,True,3,508,,,+2(139),,-2,,,,,,,+3(154),+(115)
1653,,南京师范大学,那咋了,曹逢雨,华博文,孙俊健,,False,True,3,509,,,+4(130),,-2,,,,,,,+3(191),+(48)
1654,,嘉应学院,逆袭者,曾怡霖,黄佳乐,曾宇煇,,False,True,3,509,,,+2(166),,-1,,,,,,,+2(205),+(58)
1655,,浙江万里学院,不要小瞧我们的羁绊啊魂淡,陈正刚,陈伟明,傅炫瑜,,False,True,3,509,,,+3(130),,-2,,,,,,,+4(208),+(31)
1656,,华中师范大学,天空没有极限,余成鸣,项思语,赵宇轩,,False,True,3,511,,,+1(173),-1,-1,,,,,,,+6(145),+(53)
1657,,桂林航天工业学院,这题也是线段树吗,奚晨毓,蔡函辛,罗千翔,,False,True,3,512,,,+3(119),,,,,,,,,+5(180),+(53)
1658,,杭州电子科技大学信息工程学院,爱鸡TV之我不要爱我要麦,徐俊豪,黄楚彬,兰德涵,,False,True,3,512,,,+4(223),,,,,,,,,+2(124),+(45)
1659,365,沈阳农业大学,压力队友,潘岩,何家栋,苏紫辰,,False,True,3,514,,,+8(134),,,,,,,,-1,+4(94),+(46)
1660,,浙江育英职业技术学院,育英五队,林渊涵,薛骏诚,陈子轩,,False,True,3,516,,,+3(69),,,,,,,,,+9(181),+(26)
1661,366,汉口学院,第一次参加ccpc，给个名额吧，求求惹,李毅云,鲁胜彪,黄舒畅,,False,True,3,518,,,+1(76),,,,,,,,,+7(234),+(48)
1662,,山东理工大学,我怎会有图谋不轨之心,刘超,许杨,张俊,,False,True,3,521,,,+2(103),,,,,,,,,+6(204),+(54)
1663,,徐州工程学院,把xcl当粑粑虐,王睿轩,吴书桐,陈小军,,False,True,3,521,,,+3(107),,,,,,,,-1,+3(244),+(50)
1664,,山东财经大学,海底捞金,张志强,罗荣怀,孙晨雨,,False,True,3,522,,,+5(162),,,,,,,,,+2(157),+(63)
1665,,浙大宁波理工学院,我不明白,宋欣远,詹徐言,虞琦,,False,True,3,523,,,+4(116),,-4,,,,,,-2,+3(222),+(45)
1666,367,安徽信息工程学院,emt保佑不犯病,吴家辉,唐佳冉,黄思远,,False,True,3,527,,,+6(131),,-4,,,,,,,+2(141),+2(55)
1667,,中国海洋大学,一支队伍,郑云瀚,郑圆浩,冯博远,,False,True,3,528,,,+1(215),,,,,,,,-1,+2(160),+1(73)
1668,,徐州工程学院,比奇堡总动员,石敬武,赵雨豪,陈一鸣,,False,True,3,528,,,+5(237),,,,,,,,,+2(103),+(48)
1669,,广东工业大学揭阳校区,WA与蒟蒻同在,龚鼎,石晨阳,谭经纬,,False,True,3,528,,,+1(123),,,,,,,,,+3(282),+(43)
1670,368,广西师范大学,写都写了，交一发吧,王功磊,周紫阳,马将,,False,True,3,530,,,+3(143),,,,,,,,-1,+2(165),+1(102)
1671,369,淮北理工学院,二叉树,尹洪超,孙亚楠,霍宇成,,False,True,3,531,,,+1(263),,,,,,,,,+(162),+(86)
,,成都市树德中学,编译错误,姜盼,郑植,陈知行,,False,False,3,532,,,+4(181),,,,,,,,,+2(174),+(57)
1672,,中国民航大学,把思路逆转过来！,邓琦川,黄甜甜,宋梦雨,,False,True,3,532,,,+2(111),,,,,,,,,+7(187),+(54)
1673,370,中国人民大学,现役之我是真菜,朱哲,仇嘉惟,王帅壹,,False,True,3,532,,,+3(119),,-1,,,,,,,+4(224),+(49)
1674,,太原理工大学,会赢的,谢睿兴,胡锦旗,翟晨好,,False,True,3,532,,,+3(256),,-7,,,,,,-1,+2(108),+(68)
1675,,中北大学,快想个抽象点的队名,卢天立,程伯文,胡宏程,,False,True,3,533,,,+4(139),,,,,-3,,,,+3(201),+(53)
1676,,国防科技大学,项王不惘,张洋,梁庭宇,刘国栋,,False,True,3,533,,,+6(249),,-1,,,,,-3,,+1(86),+(58)
1677,,河北师范大学,橙白3队,李财君,闫亚磊,王鑫,,False,True,3,534,,-1,+3(97),,-1,,-1,,-1,,,+7(121),+4(36)
1678,,长沙理工大学,HCL,李达懿,崔万里,何泽铖,,False,True,3,534,,,+3(89),,,,,,,,,+8(151),+1(54)
1679,,广西师范大学,这个委托我接了！,程昕邦,潘富辉,廖福星,,False,True,3,534,,,+3(160),,,,,,,,,+1(195),+(99)
1680,,沈阳化工大学,二位大佬带带我,刁炜宁,彭坤,郑郭楠,,False,True,3,534,,,+4(97),,,,,,,,-3,+6(197),+(40)
1681,,湖北工业大学,小丑派对,解哲曦,梅子恒,陈建熊,,False,True,3,535,,,+4(80),,,,,,,,-3,+5(230),+(45)
1682,,江西理工大学,永远期待未来,夏如意,黄丽婷,刘灏,,False,True,3,538,,,+3(164),,,,,,,,,+2(225),+(49)
1683,,乐山师范学院,闲踏梧桐,王业鑫,杜金晶,刘易,,False,True,3,539,,,+2(97),,-2,,,,,,,+7(185),+1(57)
1684,,哈尔滨工程大学,WA，真的是你呀,董峻荣,邵奕童,朱铖楷,,False,True,3,543,,,+7(196),,,,,,,,,+3(91),+(56)
1685,,哈尔滨理工大学,哈理工2024Y09,代伊扬,蔡辰杰,曾凡欧,,False,True,3,543,,,+2(195),,-1,,,,,,,+4(198),+(30)
1686,,华南师范大学,对对,李寿炜,石振山,曾翔,,False,True,3,543,,,+4(208),,,,,,,,,+3(139),+(56)
1687,,惠州学院,嘉心彬干队,李嘉慧,王彬琦,康心悦,,False,True,3,544,,,+1(84),,,,,-1,,,,+4(302),+(58)
1688,,曲阜师范大学,样例过了就是队,孙毅飞,董嘉慧,张智强,,False,True,3,545,,,+1(160),,,,,,,,,+4(225),+(60)
1689,,丽水学院,弈淡露临贺胡,吴松泽,王艺霖,黄宇硕,,False,True,3,545,,,+2(250),,-1,,,,,-3,,+5(104),+(51)
1690,,沈阳化工大学,三月二十八,徐兴球,孟奕涵,付思涵,,False,True,3,545,,,+2(106),,,,,,,,,+4(274),+(45)
1691,,浙江农林大学,再交一百罚,卢成荣,戴晓毅,丁煜,,False,True,3,546,,,+3(189),-2,-1,,,,,,,+3(177),+(60)
1692,,嘉应学院,tmp,刘天乐,陈越涛,方海秋,,False,True,3,548,,,+4(199),,,,,,,,,+3(160),+(49)
1693,,潍坊学院,不会做题怎么办,杨孟兴,李泉良,徐世恒,,False,True,3,548,,,+3(114),,,,,,,,,+6(200),+(54)
1694,,福建农林大学,想打一辈子算法竞赛,林子成,宋嘉亮,张明磊,,False,True,3,549,,,+7(168),,,,,,,,,+1(118),+(103)
1695,,广州城市理工学院,I题怎么做,丘嘉文,韦力,荘铸,,False,True,3,551,,-1,+2(185),-1,-1,-1,-1,-1,-1,-1,-1,+6(149),+1(37)
1696,,山东科技大学,凤凰号,付泊源,宋明翰,朱继涛,,False,True,3,551,,,+4(150),,-3,,,,,,,+4(204),+(37)
1697,,肇庆学院,北岭山下信步2,官睿,李伟俊,陈永杰,,False,True,3,551,,,+2(236),,,,,,,,-2,+2(187),+(48)
1698,,西北大学,再多过一道题她就会回来找我,高旭,李易伦,绳锋露,,False,True,3,553,,,+7(199),,-3,,,,,,,+1(123),+1(51)
1699,,广东金融学院,学长带带我,翁博,陈致昊,陈俊明,,False,True,3,555,,,+2(106),,,,,,,-1,-2,+6(260),+(29)
1700,,大连理工大学,dlut04,蔡依哲,潘逸涵,赵永生,,False,True,3,557,,,+1(159),-2,,,,,,,,+4(230),+1(48)
1701,,国防科技大学,KOI,谢天一,张广星,刘杭宇,,False,True,3,558,,,+1(84),,-1,,,,,,,+7(268),+(46)
1702,,华南师范大学,她离开那晚我在 WA 题,何泽铭,梁梓俊,陈俊烽,,False,True,3,561,,,+3(188),,,,,,,,,+4(185),+(48)
1703,371,吉林建筑大学,All AC 4.0,孙志鹏,曹子扬,杨旭东,,False,True,3,566,,,+4(102),,-2,,,,,,,+6(208),+(56)
1704,,南阳理工学院,无敌美少女怒开三题,吴萌冉,吴曼琳,赵书慧,,False,True,3,570,,,+3(181),,,,,,,,,+2(219),+(70)
1705,,莆田学院,PTU的Skuld,缪高峰,王羿捷,卢竑宇,,False,True,3,572,,,+1(81),,,,,,,,,+8(251),+(60)
1706,,湖北工业大学,打算竞能打出npy吗,郭新云,吕佳哲,,,False,True,3,574,,-1,+7(192),-1,,-1,-1,-1,-1,-1,-1,+2(139),+(63)
1707,,鲁东大学,易燃,邵妍,马郡遥,唐越,,False,True,3,574,,,+2(169),,-3,,,,,,,+4(201),+2(44)
1708,,湖南财政经济学院,太虚山上烤赤鸢,彭嘉庆,张帆,何志权,,False,True,3,575,,-1,+1(167),-1,,,-1,-1,-7,-1,-1,+6(208),+(60)
1709,,福建师范大学,秘封俱乐部,林廷钧,姚耀宇,陈薪霖,,False,True,3,575,,,+1(91),,,,,,,,,+6(289),+(55)
1710,,浙江工业职业技术学院,浙江工业职业技术学院1队,吕晓鹏,隆嘉琦,戚焱晅,,False,True,3,576,,,+3(183),,,,,,,,,+3(213),+(60)
1711,372,广东东软学院,迪亦昂牧,程林雄,张俊,彭忠政,,False,True,3,578,,,+4(88),-1,,,,-1026,,,,+5(159),+3(91)
1712,,杭州师范大学,臣妾要告发孙答应私通,薛博文,徐鑫懿,王科然,,False,True,3,583,,,+5(169),,,,,,,,,+5(186),+(28)
1713,,韩山师范学院,想不出，随便起了,吴铿南,钱文锋,黄梓颍,,False,True,3,583,,,+1(211),,,,,,,,,+6(174),+(58)
1714,,浙江农林大学,不会生产阳光的太阳花,郑灵轩,孙俊涛,王煜一,,False,True,3,583,,,+7(131),,,,,,,,,+1(234),+(58)
1715,,华北水利水电大学,华水龙组帮,王尚京,严宇轩,陈雨琪,,False,True,3,584,,,+5(149),,,,,,,,,+2(231),+(64)
1716,,莆田学院,蒙德烤wa配圣水,沈炜程,林兴荣,蔡焕明,,False,True,3,584,,,+(76),,-2,-3,-3,-33,-1,-4,,+9(233),+2(55)
1717,,西南大学,样例过了就算对,雷昕语,邓一,江嘉杰,,False,True,3,585,,,+1(83),,,,,,,,-1,+10(229),+(53)
1718,,华南农业大学,她说再AC一道题就和我在一起,钟启航,江煊杰,陈钢,,False,True,3,588,,,+3(109),,,,,-7,,,,+8(205),+(54)
1719,,烟台大学,Brave the elements,王守乐,柴守栋,张恩光,,False,True,3,589,,,+3(147),,,,,,,,-5,+6(216),+(46)
1720,,兰州大学,失重队,余清鑫,杨超淋,宋成城,,False,True,3,590,,,+(146),,-8,,,,,,,+3(333),+(51)
1721,,兰州大学,黄昏虔诚,王子杰,郝正烨,王翰庭,,False,True,3,591,,,+1(225),,,,,,,,,+5(187),+(59)
1722,,沈阳化工大学,我们也要AC,刘洪运,张兴旺,陈波,,False,True,3,592,,,+3(132),,,,,,,,-4,+7(217),+(43)
1723,,上海海事大学,布什·戈门，这都做不队,陆毅晨,高海翔,朱炳泽,,False,True,3,592,,,+3(287),,,,,,,,,+1(150),+(75)
1724,373,山东农业大学,缺一个开周本,范鹏,郑嘉诚,苗滋政,,False,True,3,599,,,+3(167),,,,,,,,,+4(252),+(40)
1725,,河北工程大学,三脸懵逼,郭圳涛,姚佰允,王洋,,False,True,3,599,,,+(91),,,,,,,,-7,+11(257),+(31)
1726,374,聊城大学,轻音乐同好会,王宁,魏新杰,张倚天,,False,True,3,600,,,+2(75),,,,,,,,-1,+16(137),+(28)
1727,,北方工业大学,你说的队,邱睿,肖逸飞,李思耕,,False,True,3,600,,,+8(202),,,,,,,,,+2(149),+(49)
1728,,合肥工业大学宣城校区,AC钙奶,廖健翔,尹渝中,刘振宇,,False,True,3,601,,,+8(143),,,,,,,,-7,+2(162),+(96)
1729,,国防科技大学,巴别塔,董坤鹏,彭诚,焦天歌,,False,True,3,605,,,+3(115),,,,,,,,,+9(197),+(53)
1730,375,安徽中医药大学,青春猪头吗喽不会梦到虎先锋学姐,方天赐,姜子康,洪想想,,False,True,3,605,,,+2(209),,,,,,,,,+5(202),+(54)
1731,,中国海洋大学,黑吗咯务工,岳一磊,张圣秋,林舒坦,,False,True,3,605,,,+4(147),,,,,,,-3,,+3(257),+(61)
1732,,丽水学院,每天上早八,谢继光,鲁珂豪,郭宇熙,,False,True,3,606,,,+7(196),,-4,,,,,,,+3(122),+1(68)
1733,,北京师范大学香港浸会大学联合国际学院,算不队,孙浩然,李帆,何泓晟,,False,True,3,607,,,+3(195),,,,,-71,,,-2,+6(187),+(45)
1734,,上海海洋大学,我们三个太强了,周子恒,胡奕晖,安顺臻,,False,True,3,609,,,+1(241),,,,,-8,,,,+2(261),+(47)
1735,,江西财经大学,XLX队,谢乐乐,罗昊,肖俊杰,,False,True,3,610,,,+2(138),,,,,,,,-3,+8(233),+(39)
1736,,西南财经大学,开拓者,陈瑾,徐瑞林,张智豪,,False,True,3,610,,,+3(154),,,,,,,-6,,+3(273),+(63)
1737,,临沂大学,意大利面拌混凝土,陈曦,吕亮,孙德鑫,,False,True,3,613,,,+7(151),,-3,,,,,,,+6(159),+(43)
1738,,烟台大学,年轻不学c，老大靠cv,董世龙,刘守超,刘奇,,False,True,3,613,,,+4(120),,-7,,,,,,-8,+9(183),+(50)
1739,,东南大学,也许很有潜力的ACM三人组,王子会,曹向荣,巩皓锴,,False,True,3,625,,-5,+4(243),,-4,,,,,,,+2(209),+(53)
1740,,广州大学,面硬加咸蔬菜加倍蒜末和油多多,陈骏,杨灿垣,徐家栋,,False,True,3,628,,,+2(105),,-1,,,,,,,+9(252),+(51)
1741,376,成都锦城学院,我是大神婶,张森,唐雨泉,黄迦靖,,False,True,3,628,,,+1(161),,-1,,,,,,,+5(286),+(61)
1742,377,汕头大学,头大三兄弟,朱星宇,郑永鹏,潘佳阳,,False,True,3,630,,,+3(103),,-2,,,-15,,,-12,+11(204),+(43)
1743,,中北大学,铁匠铺,严臻圆,纪伟伟,张雨静,,False,True,3,632,,,+1(107),,,,,,,,,+8(274),+(71)
1744,,井冈山大学,罚时大王,汪羡焌,陈少华,朱海滨,,False,True,3,637,,,+2(141),,,,,,,,,+6(258),+(78)
1745,,江西理工大学,精英小分队,虞诗敏,王陆毅,曾欣媛,,False,True,3,639,,,+3(93),,,,,,,,-1,+5(337),+(49)
1746,,河南师范大学,打酱油的,薛中帅,王丁慧,刚毅,,False,True,3,640,,,+3(155),,,,,,,,,+3(306),+(59)
1747,,中北大学,靠你了，我的队友,王泽仁,白树涛,冯翼,,False,True,3,640,,,+(79),,,,,,,,,+9(329),+(52)
1748,,浙江科技大学,AC MAKER,马毅诚,岑嘉熙,童梦娜,,False,True,3,641,,,+7(321),,,,,,,,,+2(105),+(35)
1749,378,上海纽约大学,上纽三队,黄振涵,王禹嘉,胡华渊,,False,True,3,642,,,+6(345),,,,,,,,,+(94),+1(63)
1750,379,安庆师范大学,四零四,夏恒,宋志兵,李耀国,,False,True,3,643,,,+5(247),,,,,,,,,+3(188),+(48)
1751,,乐山师范学院,癞蛤蟆想吃天鹅肉,孙鹏,蒋家勇,周俊豪,,False,True,3,643,,,+6(319),,,,,,,,,+2(134),+(30)
1752,380,黑龙江工程学院,代码疯人院,席敏,杜华旭,许佳恒,,False,True,3,644,,,+6(250),,,,,,,,,+3(146),+(68)
1753,381,浙江经贸职业技术学院,写给AYAKA的十四行诗,黄宇霄,严冯翼,徐冬海,,False,True,3,644,,,+3(173),,,,,,,,,+5(257),+(54)
1754,,河南农业大学,求求你给我个牌子,李晗雨,杨传恩,姚依涛,,False,True,3,645,,,+4(99),,,,,,,,,+7(278),+(48)
1755,,嘉应学院,从容应队,廖伟伦,谢达键,董益军,,False,True,3,646,,,+1(142),,-1,,,,,,,+3(331),+1(73)
1756,,北京师范大学香港浸会大学联合国际学院,源码，启动！,蔡德誉,植熙雯,刘凯睿,,False,True,3,649,,,+2(135),,,,,,,,,+4(349),+(45)
1757,,天津仁爱学院,2024CCPC网络赛队伍3,张艺馨,蔡惠玲,陈琦,,False,True,3,650,,,+4(137),,,,,,,,,+5(297),+(36)
1758,382,广州软件学院,教练，我们想旅游,黄智源,陈文定,陈平俊,,False,True,3,651,,,+1(201),,-2,,,,,,,+9(176),+1(54)
1759,,南京大学,对的对的！哦不对不,骆葆源,卢士杰,吕聪杰,,False,True,3,654,,,+3(231),,,,,,,,,+2(181),+(142)
1760,,华南农业大学,华农8队,曾令申,赵振伍,黄俊谕,,False,True,3,655,,,+3(172),,,,,,,,,+9(197),+(46)
1761,,南京师范大学,汪汪队,王子晨,马澎飞,邵启瑞,,False,True,3,655,,,+7(248),,-11,,,,,,,+1(159),+1(68)
1762,,中国人民大学,字节无虞,刘嘉俊,晏艺桓,林梓楠,,False,True,3,656,,,+1(92),,,,,,,,-1,+9(291),+(73)
1763,,山东财经大学,听取wa声一片,曹萌萌,曹振宇,李沁倩,,False,True,3,656,,,+6(357),,,,,,,,,+(119),+(60)
1764,,南京大学,魔力创造,钟子瑜,张欣越,钱丹越,,False,True,3,658,,,+5(238),,-4,,,,,,,+4(186),+(54)
1765,383,汉江师范学院,不畏苦暗,杜中豪,谭孝锋,黑龙江,,False,True,3,659,,,+1(88),,,,,-190,,,,+11(266),+(65)
1766,,中南民族大学,私斋蒸鹅心,夏瑞泽,刘源,杨腾云,,False,True,3,661,,,+5(226),,,,,,,,,+4(197),+(58)
1767,,西湖大学,Starrail,汪嘉俊,陈宇璇,周天政,,False,True,3,664,,,+11(232),,-1,,,,,,,+(140),+(72)
1768,,安徽大学,WhiteLoneliness,董劲豪,黄俊杰,姚天翔,,False,True,3,666,,,+3(115),,-2,,,,,,,+6(161),+5(110)
,,成都市树德中学,你知道我对不队,魏夕皓,王奥,孟繁佑,,False,False,3,667,,,+1(114),,-1,,,,,,,+8(296),+(77)
1769,,重庆理工大学,重理工3,陆万豪,段林川,唐裕博,,False,True,3,668,,,+5(229),,,,,,,,,+6(183),+(36)
1770,384,桂林信息科技学院,写出签到就狂摸学长的头,甘泉,劳秀福,刘自强,,False,True,3,668,,,+4(172),,,,,,,,,+3(282),+(74)
1771,,长江大学,二佬戏蒟,童炎,任文,纪方嘉,,False,True,3,668,,,+1(57),,-3,-1,,,,,,+13(291),+(40)
1772,,南阳理工学院,翻斗花园暗号kun,王衡,林蔓坤,张霖,,False,True,3,669,,,+4(185),,,,,,,,,+8(199),+(45)
1773,,北方工业大学,比完开派队,谭玉青,陈艺婷,马羽菡,,False,True,3,673,,,+7(274),,,,,,,,,+2(164),+(55)
1774,,沈阳航空航天大学,思古目开诶次炯比哦,潘祥威,姜利嘉铭,朱海,,False,True,3,674,,,+8(269),-17,-7,,,,,,,+4(118),+(47)
1775,,中北大学,想个中文队名好难,秦和丰,王垚,程星宇,,False,True,3,675,,,+8(132),,-3,,,,,,,+6(226),+(37)
1776,,华南师范大学,代码不队,陈华昊,林昊,蓝子童,,False,True,3,675,,,+5(216),,,,,,,,-1,+4(235),+(44)
1777,,南京工业大学,AC一题就算win,刘奕,蔡家豪,王烨帅,,False,True,3,676,,,+4(293),,,,,,,,,+2(211),+(52)
1778,,长春工业大学,数据结构做的队,李依隆,龙成,邓扬勇,,False,True,3,680,,,+1(175),,,,,,,,,+5(328),+(57)
1779,,广西民族大学,不知道对不队,张绪达,邓皓元,石景宝,,False,True,3,683,,,+2(257),,-24,,,,,,,+7(196),+(50)
1780,,青岛农业大学,wa了那又咋啦,宋羽佳,仓瑜蔓,李岩霞,,False,True,3,683,,,+5(278),,-3,,,,,,,+3(174),+1(51)
1781,,吉利学院,午饭有没有炒damn,郑洪章,王声洋,胡正伟,,False,True,3,687,,,+9(211),,-1,,,,,,,+8(89),+(47)
1782,,江西农业大学,LooksAmazing,徐浩东,王威,曾宏苑,,False,True,3,691,,,+1(272),,,,,,,,,+2(311),+(48)
1783,,沈阳工业大学,求求你给我一个名额吧,李东峰,魏 征,谢  天泽,,False,True,3,693,,-6,+3(231),,,,,,,,,+4(226),+2(56)
1784,385,太原科技大学,我的樱岛里好像有麻衣在爬,丁健健,蔡鸿盛,陈君睿,,False,True,3,695,,,+4(181),,-2,,,,,,,+6(280),+(34)
1785,,烟台大学,迟早要WA,朱铭,高庆阳,孙翔宇,,False,True,3,702,,,+7(144),,,,,,,,,+4(290),+(48)
1786,,北京理工大学珠海学院,三个打铁酱,王雅楠,杨灵,郑泽坤,,False,True,3,705,,,+6(139),,,,,-719,,,,+9(218),+(48)
1787,,广州城市理工学院,过了就好,何家葆,陈博琳,傅智锐,,False,True,3,705,,-1,+2(100),-1,-1,-1,,-1,-1,-1,-1,+9(290),+2(55)
1788,,南京工业大学,做AK梦,刘珂,盘英章,李屹,,False,True,3,706,,,+3(169),,,,,,,,,+2(279),+3(98)
1789,,广州城市理工学院,塞翁失码,刘小康,孙瑞,陈虹东,,False,True,3,713,,,+3(333),,,,,,,,,+4(180),+(60)
1790,386,梧州学院,队友只要过题就好了，而我要考虑的就很多了,陈健宇,刘斯君,关子俊,,False,True,3,713,,,+1(209),,,,,,,,,+4(349),+(55)
1791,,大连理工大学盘锦校区,随便取一个吧,李笑寒,赵梦宇,周奕,,False,True,3,714,,,+2(234),,,,,,,,,+5(284),+(56)
1792,,成都大学,智能建造老哥不会编程,冉天祺,杜贤明,,,False,True,3,717,,,+3(190),,-6,,,,,,,+4(278),+2(69)
1793,,华北水利水电大学,好想爱这个世界啊,沈梦炉,黄冠垚,胡玉翔,,False,True,3,717,,,+6(113),,-1,,,,,,-1,+7(294),+(50)
1794,387,洛阳师范学院,抱歉，没能让你使出全力。,赵昌昊,朱晨林,宋泽钰,,False,True,3,719,,,+2(167),,,,,,,,,+13(201),+(51)
1795,388,河北工程技术学院,题不会做，斗会儿地主吧,武昀昊,李先凯,王久锋,,False,True,3,722,,,+7(208),,-1,,,,,,,+4(227),+(67)
1796,,上海海事大学,我队友六级600+,孙瑞熙,谢奕扬,倪嘉宏,,False,True,3,722,,,+3(148),,-10,,,,,,-1,+7(336),+(38)
1797,389,哈尔滨华德学院,拉文克劳,关聚润,张静,陈彤,,False,True,3,725,,,+2(184),,-1,,,,,,,+6(332),+(49)
1798,,延安大学西安创新学院,重生成为C语言大佬,李帅帅,王省身,张一晨,,False,True,3,727,,,+1(100),,,,,,,,,+12(323),+(44)
1799,,桂林电子科技大学,AC++,王艺蓉,陆怡婷,刘冯雅萱,,False,True,3,731,,,+5(319),,,,,,,,,+3(185),+1(47)
1800,,青岛农业大学,阳光彩虹小白马,赵鸿宇,徐大好,马晨阳,,False,True,3,733,,,+12(204),,,,,,,,,+1(224),+(45)
1801,,杭州师范大学,Dev背叛了希嘉嘉,吴睿萱,黄焰,鲁安鹏,,False,True,3,735,,,+11(260),,-1,,,,,,-2,+4(127),+(48)
1802,390,沧州交通学院,一看就外行队,孙天宇,边科鸣,徐鸿禹,,False,True,3,740,,,+7(353),,-5,,,,,,,+(95),+5(52)
1803,,黑龙江工程学院,小生逃学记,杨易轩,赵信宇,李昂,,False,True,3,742,,,+6(289),,,,,,,,,+6(168),+(45)
1804,,华南师范大学,而刷题要考虑到事情就多了,张德麟,吴昊,岑金华,,False,True,3,748,,,+1(123),,,,,,,,,+14(273),+(52)
1805,,哈尔滨学院,深渊,张延川,丰瑞,吴均南,,False,True,3,750,,,+9(289),,-2,,,,,,,+3(161),+(60)
1806,,嘉应学院,重生还是菜鸡,陈鸿杰,李平,郑康盛,,False,True,3,751,,,+7(142),,,,,,,,-2,+9(234),+(55)
1807,,怀化学院,怀化学院4队,董朝科,潘腾,曹凯,,False,True,3,754,,,+2(172),,,,,-1,,,-1,+9(301),+(61)
1808,,苏州大学,姑苏客,胡潇天,黄剑,廉镇源,,False,True,3,759,,,+3(269),,,,,,,,,+3(331),+(39)
1809,,华南师范大学,楼下必拿金,王紫凡,梁琼尹,罗勤,,False,True,3,761,,,+4(246),,,,,,,,,+5(297),+(38)
1810,,成都东软学院,O o,伍博,周鑫,卓子彪,,False,True,3,767,,,+12(349),,,,,,,,,+1(106),+(52)
1811,,重庆科技大学,楼上和楼下恋爱,程琪淋,李汶桐,邹名格,,False,True,3,773,,,+5(239),,,,,,,,,+8(231),+(43)
1812,,闽南师范大学,物信二队,郑宇,郭忠林,王嘉鈜,,False,True,3,775,,,+6(158),,-1,,,,,,,+6(304),+1(53)
1813,391,江苏理工学院,正在加载中...,郑涵予,成嘉艺,潘泽豪,,False,True,3,777,,,+7(178),,-1,,,,,,,+7(264),+(55)
1814,,广西科技大学,今年不搞抽象,靳植茗,邱庆幸,何征,,False,True,3,781,,,+3(205),,,,,,,,,+7(328),+(48)
1815,,五邑大学,怎么找不到签到题,张艺钟,陈晋钦,李晟熙,,False,True,3,782,,,+6(251),,,,,,,,,+7(197),+1(54)
1816,392,济宁医学院,济医之星,程家贺,焦韵嘉,张富涵,,False,True,3,788,,,+10(142),,,,,,,,,+2(318),+(88)
1817,,西华师范大学,我测喜欢打acm，拦不住的,李文超,陈诒森,赵松涛,,False,True,3,792,,,+5(265),,-1,,,,,,,+7(242),+(45)
1818,,湖南工程学院,进击的打铁人,许韦韬,李朝建,康一明,,False,True,3,794,,,+2(314),,,,,,,,,+6(269),+(51)
1819,,西南大学,发际线有long long那么长,刘佳豪,肖瑞航,余子烨,,False,True,3,795,,,+4(285),,,,,,,,,+2(328),+(62)
1820,,绍兴文理学院,诗人嘬德提姆握持,余振东,孙嘉烨,游龙威,,False,True,3,796,,,+5(230),,-1,,,,,,,+8(251),+(55)
,,成都市树德中学,大唐盛世,何昊阳,曾一航,王文瀚,,False,False,3,810,,,+7(251),,-1,,,,,,,+8(197),+(62)
1821,,河北工程大学,爱发奶龙的小朋友,陈智,李志翔,王思竣,,False,True,3,813,,,+6(300),,,,,,,,-3,+5(246),+(47)
1822,,衡水学院,福尔马林腌蒜,赵泽铭,张添效,徐诗炜,,False,True,3,825,,,+6(118),,,,,,,,,+11(307),+(60)
1823,,南京晓庄学院,贪、再贪一点,李鸣锬,徐铮,盖礼杰,,False,True,3,837,,-1,+5(164),,,,,,,,,+9(297),+3(36)
1824,,江西理工大学,样例过了就行,余庭轩,钟伟,刘学萍,,False,True,3,842,,,+7(274),,-2,,,,,,-3,+10(171),+(57)
1825,,中国海洋大学,重生之我是黑猴,王轩杨,谢耀坚,方智,,False,True,3,847,,,+3(347),,,,,,,,,+3(301),+(79)
1826,,广州城市理工学院,来个人组,刘锦轩,李坤键,庞颖瑶,,False,True,3,848,,,+14(248),,,,,,,,-1,+5(157),+(63)
1827,,南京工业大学,如果我是猫雷你会让我AC吗,陶林风,王志远,马旭冬,,False,True,3,850,,,+2(269),,,,,,,,,+8(332),+(49)
1828,393,天津商业大学,AC联机版,齐子杰,钟文婵,龙朝,,False,True,3,858,,,+(114),,,,,,,,,+19(341),+(23)
1829,,江西理工大学南昌校区,再多看一眼就AC,陈志强,邓国豪,刘钰琨,,False,True,3,866,,,+11(307),,,,,,,,,+2(222),+(77)
1830,,苏州工学院,更爱自己是错是队,宋顾嘉,石琢,薛安哲,,False,True,3,870,,,+5(327),,,,,,,,,+5(292),+(51)
1831,,江西农业大学,四元,谢军,万文茜,吴世州,,False,True,3,915,,,+9(339),-9,-4,,,,,,,+5(225),+(71)
1832,,青岛农业大学,三枪为号,杨兴睿,张硕,刘志朋,,False,True,3,933,,,+5(321),,,,,,,,,+5(352),+1(40)
1833,,湖南工程学院,二进制破解者,柏湘豪,付雨晨,谢贤,,False,True,3,934,,,+9(324),,-3,,,,,,,+6(234),+(76)
1834,,长春工业大学,我很厉害,滕铭宇,宋炳宇,孙凯,,False,True,3,939,,,+10(306),,,,,,,,,+8(223),+(50)
1835,,重庆科技大学,一巧就雲,王宇威,代一,余洪,,False,True,3,966,,,+4(323),,,,,,,,,+11(286),+(57)
1836,,中原工学院,马楼队,安轩湛,李卓文,张文强,,False,True,3,1041,,,+8(352),,-1,,,,,,,+11(276),+(33)
1837,,江汉大学,各位，该睡觉了,吴戬,刘洋,李少康,,False,True,3,1104,,,+6(315),,,,,,,,,+10(340),+3(69)
1838,,湖南中医药大学,流雲,尹江海,朱智勇,汪海峰,,False,True,3,1133,,,+12(308),,,,,,,,,+12(287),+(58)
1839,394,绍兴职业技术学院,第五人格崩铁小分队,陈珂瑜,卢超,郑佳楠,,False,True,3,1157,,,+6(295),,,,,,,,,+18(335),+(47)
1840,,中国海洋大学,猿神启动！,王子健,孙赛,郑志远,,False,True,3,1228,,,+9(241),,,,,,,,,+21(315),+(72)
1841,395,共青科技职业学院,共青科技职业学院,程俊杰,李铭铭,张磊,,False,True,3,1248,,,+11(332),,,,,,,,,+15(350),+(46)
1842,,郑州轻工业大学,妈妈说过名字起得最长就一定会赢的对不队,朱林荣,李泳奇,张荣嘉,,False,True,2,125,,,-5,,,,,,,,,+(80),+(45)
1843,,西湖大学,How come we can get those problems right,江易娴,叶欣仪,王欣琳,,False,True,2,137,,,-9,,-3,,,,,,-1,+(88),+(49)
1844,396,温州商学院,AC一题就打钱,梁昊翔,郑树立,阮翊,,False,True,2,140,,,+2(68),,,,,,,,,-9,+(32)
1845,397,九江学院,原神启动队,向洁,陈亮,左鹏,,False,True,2,141,,,+(90),,,,,,,,,-4,+(51)
1846,,中原工学院,绿色宝宝,董于加,马晨旭,徐康博,,False,True,2,148,,,+1(92),,,,,,,,,-14,+(36)
1847,,中国科学技术大学,第111号练习队,邱天爽,孙文轩,廖梓顺,,False,True,2,151,,,-6,,,,,,,,,+(91),+(60)
1848,,华北水利水电大学,AliceBob绝顶聪明,苏泽涛,郝康迪,石淼淼,,False,True,2,153,,,+2(75),,-5,,,,,,,-31,+(38)
1849,,惠州学院,暴力的神,吴家淇,李嘉琪,许琨珩,,False,True,2,156,,,+(116),,,,,,,,,-1,+(40)
1850,,内蒙古大学,篮球和鸡,韩琦,于永琦,李爽,,False,True,2,160,,,-13,,-8,,,,,,,+(84),+1(56)
1851,,吉首大学,啊对对对队,杜英杰,魏子轩,许夏轩,,False,True,2,163,,,+2(81),,,,,,,,,-9,+(42)
1852,,中北大学,搬砖小分队,高攀,关清文,吴奕帆,,False,True,2,168,,,+2(84),,,,,,,,,-13,+(44)
1853,,哈尔滨华德学院,时间超限,高文成,张祥林,李文卓,,False,True,2,169,,,+1(92),-2,,,,,,,,-23,+(57)
1854,,江南大学,W-L-S-G,李文豪,瞿成乐,石若琪,,False,True,2,171,,,+1(108),,,,,,,,,-5,+(43)
1855,,河北农业大学,Aurora-Become algorithm masters,王艺博,乔承锦,任子涵,,False,True,2,177,,,+1(111),,,,,,,,,-10,+(46)
1856,,西北大学,别和我们作队,吴莹,赵珂昕,贺小雨,,False,True,2,179,,,+1(88),,,,,,,,,-5,+1(51)
1857,,重庆工程学院,临时原神,陈博恒,许彬鑫,龙勇,,False,True,2,183,,,+2(95),,-4,,,,,,,-15,+(48)
1858,,湖北第二师范学院,小猫雪豹和小学生,贺宇杰,余子晗,陈仕钰,,False,True,2,184,,,+3(96),,,,,,,,,-9,+(28)
1859,,南昌理工学院,2024 南理 2 队,杨欢欢,吴添豪,曾熊辉,,False,True,2,184,,,+1(134),,,,,,,,,-12,+(30)
1860,,山东石油化工学院,或与,李俊杰,张浩然,朱鹏宇,,False,True,2,185,,,-3,,,,,,,,,+(104),+(81)
1861,,东华大学,单人体验,钱芃予,,,,False,True,2,186,,,-24,,,,,,,,,+(129),+(57)
1862,,惠州学院,惠大修身队,罗应锋,李广莹,冯浚轩,,False,True,2,191,,,+2(97),,,,,,,,,-2,+(54)
1863,,莆田学院,二十岁高龄半夜偷偷打cf,张嘉健,李骏,林欣欣,,False,True,2,191,,,+2(106),,,,,,,,,-6,+(45)
1864,,长春工业大学,不虚此行,何少琪,张旭,陈柯嵩,,False,True,2,193,,,+1(128),,,,,,,,,-3,+(45)
1865,398,山西科技学院,关于我打了网选赛却无CCPC国赛名额这档事,江鑫,马才淇,李宗睿,,False,True,2,196,,,+2(90),,-1,,,,,,,-8,+(66)
1866,399,佳木斯大学,Lucky Stars,向俊杰,董福惠,罗代玲,,False,True,2,199,,,+2(90),,-4,,,,,,,-23,+(69)
1867,,莆田学院,南波万,林剑,陈丽琪,吴娟娟,,False,True,2,201,,,+1(133),,-3,,,,,,,-4,+(48)
1868,,河南师范大学,宝宝有小情绪了,李昱增,刘资成,赵恒,,False,True,2,204,,,+2(115),,-2,,,,,,,-7,+(49)
1869,400,广东科技学院,尊嘟不响蟹辣,沈希重,陈奂廷,黄堉铭,,False,True,2,212,,-1,-6,-1,-1,-1,-1,-1,-1,-1,-1,+3(124),+(28)
1870,,江西理工大学,快乐的派大星种小花,徐乐怡,罗健,华振峰,,False,True,2,214,,,+2(126),,,,,,,,,-10,+(48)
1871,,四川轻化工大学,酱油队,甘润,邓峰,梁松,,False,True,2,216,,-1,+1(105),,-1,,,,,,,-5,+(91)
1872,,深圳技术大学,SZTU_星河长明,马依涵,卢帅,武家辉,,False,True,2,222,,,+4(111),,-2,,,,,,,-6,+(31)
1873,,南京师范大学,签完到我要当黑吗喽,业强,尹庆杰,周铭铭,,False,True,2,222,,,+3(111),,,,,,,,,-3,+(51)
1874,,临沂大学,旋转楼梯,尹智涵,张韬,武媚,,False,True,2,223,,,-7,,,,,,,,,+1(147),+(56)
1875,,华南理工大学,Untitled1.cpp,张圣渤,黄仕填,王昊冉,,False,True,2,228,,,+3(120),-9,,,,,,,,-6,+(48)
1876,,哈尔滨理工大学,哈理工2024Y05,杨博翔,孙越峤,纪鸥齐,,False,True,2,232,,,-1,,-5,,,,,,,+2(141),+(51)
1877,,中国海洋大学,随便,于景一,涂钦凯,洪子翔,,False,True,2,236,,,,,-2,,,,,,,+1(143),+(73)
1878,,湖南工学院,手腕仙风,罗阳艳,李欣茹,范哲轩,,False,True,2,238,,,+3(126),,,,,,,,,-9,+(52)
1879,,天津工业大学,和我签订契约成为马猴烧酒吧,徐玉坤,赖锦丽,胡馨予,,False,True,2,239,,,+2(150),,,,,,,,,-13,+(49)
1880,,安庆师范大学,小木棍队,王淦,纪润奇,余永沁,,False,True,2,248,,,+2(159),,-6,,,,,,,-25,+(49)
1881,,山东女子学院,女院三队,黄子安,李骋,申斌,,False,True,2,250,,,+4(142),,,,,,,,,-13,+(28)
1882,,武昌首义学院,夏夜鸣琴,伍利琴,曾一鸣,夏静妍,,False,True,2,252,,,-3,,,,,,,,,+4(129),+(43)
1883,,华北电力大学（保定）,皇上，今年翻翻臣妾的牌子吧,常润,赫芸秀,潘语博,,False,True,2,255,,,+2(141),,,,,,,,,-7,+(74)
1884,401,山东科技大学济南校区,小脸盲也能做队,屠晓桐,聂毓坤,干璟业,,False,True,2,256,,,+4(125),,,,,,,,,,+(51)
1885,,莆田学院,葡萄树下你和我,李烽,徐怡婷,苗全,,False,True,2,264,,,+4(135),,-1,,,,,,,-12,+(49)
1886,402,河南工学院,爱会消失对不对,马金宝,刘金龙,李贺,,False,True,2,267,,,+4(135),,-1,,,,,,,-4,+(52)
1887,,湖州师范学院,2024湖师院4队,李立金,沈佳欣,彭美青,,False,True,2,268,,-1,+1(159),,-8,,,,,,,-4,+(89)
1888,,洛阳师范学院,求求给个牌子吧，我两个队友什么都会做的,任威学,陈永刚,孙时雨,,False,True,2,268,,,+1(197),,,,,,,,,-4,+(51)
1889,,河南科技大学,南梁北朝,张远翔,崔佳涛,张旭,,False,True,2,273,,,+4(145),,,,,,,,,-9,+(48)
1890,,信息工程大学,菜就多练,郑林,薛岩,窦岳恒,,False,True,2,278,,,+5(119),,,,,,,,,-13,+(59)
1891,,嘉应学院,探险小分队,叶雅怡,詹欣烁,周银淑,,False,True,2,284,,,+1(188),,,,,,,,,-6,+(76)
1892,,哈尔滨理工大学,哈理工2024Y14,孟庆亮,江子浩,王鸿炜,,False,True,2,286,,,-8,,,,,,,,,+(188),+1(78)
1893,,湖南中医药大学,好想跟你凑一队,王稼轩,黄霞,曲靓,,False,True,2,288,,,+2(204),,,,,,,,,-6,+(44)
1894,,潍坊学院,书山压力大,钟广胜,李文海,张立瑞,,False,True,2,291,,,+3(192),,,,,,,,,-6,+(39)
1895,,南京农业大学,王子请AC,王文圣,张佳峰,狄子谦,,False,True,2,292,,-1,-11,,,,,,,,-10,+2(185),+(67)
1896,403,上饶师范学院,AC Machine,黄钰珀,刘竹诗慧,吴凡,,False,True,2,294,,,+7(124),,,,,,,,,-4,+(30)
1897,,中国民航大学,曦和,孟维浩,周泓译,,,False,True,2,295,,,+3(161),,,,,,,,,-11,+1(54)
1898,,哈尔滨学院,ac狂想曲,刘欣斋,李国良,李越,,False,True,2,296,,,+1(227),,-2,,,,,,,-6,+(49)
1899,,洛阳师范学院,关注喵，关注主包谢谢喵,贾雨诺,张梦阳,卢艺勋,,False,True,2,304,,,+5(154),,,,,,,,,-3,+(50)
1900,,泉州师范学院,qztc3,黄凯,陈炜杰,潘凯迪,,False,True,2,304,,,+1(182),,-5,,,,,,,-12,+2(62)
1901,404,保定学院,翻斗花园三剑客,马朝阳,李志勃,侯宇轩,,False,True,2,306,,,+2(203),,,,,,,,,-9,+(63)
1902,,湖南师范大学,”a”加一个字母，你猜,陈旭,吕麒,夏伟杰,,False,True,2,307,,,-9,,,,,,,,-1,+5(159),+(48)
1903,,江汉大学,我不是粥批,王璐凯,徐行,夏明剑,,False,True,2,307,,,-5,,-4,,,,,,,+4(167),+(60)
1904,,肇庆学院,北岭山阴纳凉2,邱振锋,吴树鑫,廖桦升,,False,True,2,307,,,+(257),,-1,,,,,,,-3,+(50)
1905,,齐齐哈尔大学,超爱金发萝莉的我却被队友骂四斋,纪兆远,林杰锋,李星毅,,False,True,2,310,,,+4(185),,-7,,,,,,,-8,+(45)
1906,,安阳工学院,光靠干饭就队,董艺琳,李萌涵,宣奥迪,,False,True,2,310,,,+4(195),,,,,,,,,-6,+(35)
1907,,武昌理工学院,沙烬姐姐雅沙西,邓皓文,张国俊,聂鑫栋,,False,True,2,310,,,+2(212),,,,,,,,,-14,+(58)
1908,405,内蒙古科技大学,清品珲,蔡宝清,吕品,任勃珲,,False,True,2,313,,,-1,,-12,,,,,,,+5(169),+(44)
1909,406,杭州万向职业技术学院,万向三小只,潘昀,胡家杰,程紫烨,,False,True,2,316,,,-3,,,,,,,,,+4(171),+(65)
1910,,曲阜师范大学,夫人，别玩了，快和总裁回家作队,高达,孙志豪,钟煜婷,,False,True,2,316,,,+2(203),,,,,,,,,-15,+(73)
1911,,重庆工程学院,谁说女队不能打比赛,熊海燕,袁睿,顾芳方,,False,True,2,316,,,+2(227),,,,,,,,,,+(49)
1912,,天津商业大学,绞尽脑汁想不出名的AC队,杜迎华,邓诚璞,肖卫东,,False,True,2,317,,,+4(199),,,,,,,,-1,-12,+(38)
1913,407,湖北经济学院,来神了,郑奥,吴子维,汤昕杨,,False,True,2,319,,,+4(187),,-1,,,,,,,-4,+(52)
1914,,兰州大学,数据库字段长度好短啊,朱博亮,周逸轩,盛乔易,,False,True,2,320,,,-6,,,,,,,,,+(197),+(123)
1915,,黑龙江工程学院,会银的,周星晨,邓锴,宋赫桐,,False,True,2,321,,,+2(232),,,,,,,,-2,-4,+(49)
1916,,商丘师范学院,中二病也要打XCPC,严浩文,周文豪,杜学翔,,False,True,2,322,,,+5(180),,,,,,,,,-4,+(42)
1917,,天津仁爱学院,2024CCPC网络赛队伍6,陈博,崔名扬,侯奕鹏,,False,True,2,323,,,-2,,,,,,,,,+4(203),+(40)
1918,,中国矿业大学,六六六队,邵郡仁,饶鸿,张雨泽,,False,True,2,326,,,-4,,-5,,,,,,,+3(192),+1(54)
1919,408,山东中医药大学,山中医代表队,张承宇,冯富康,李文慧,,False,True,2,328,,,+4(177),,-4,,,,,,-1,-5,+(71)
1920,,山东石油化工学院,(σ≧︎▽︎≦︎)σ。,邵志浩,胡灿阳,张优异,,False,True,2,329,,,+5(173),,,,,,,,,-5,+(56)
1921,,广东金融学院,从容应队,邱仪玲,李婉玲,林晓凡,,False,True,2,332,,-2,+3(176),,,,,,,,,-4,+(96)
1922,,南京师范大学,五月七,刘锡楠,宋智增,阳泽宇,,False,True,2,336,,,-6,,-2,,,,,,,+2(235),+(61)
1923,,宁波大学,无敌原神大王,王云楷,王梓扬,黄纤雨,,False,True,2,337,,,-4,,,,,,,,,+4(196),+(61)
1924,,广州城市理工学院,用队名来提醒lxh学算法,吴金达,李鑫辉,黄锦超,,False,True,2,337,,,+3(231),,,,,,,,,-6,+(46)
1925,,河南科技大学,拖拉机学院队,周俊男,张延超,刘昱辰,,False,True,2,339,,,-20,,-6,,,,,,,+6(168),+(51)
1926,,南京邮电大学,njupt24team014,史迅宇,汤晟,赵晨宇,,False,True,2,339,,,+4(208),,,,,,,,,-15,+(51)
1927,,黑龙江工程学院,外瑞古德,徐炜峰,陈文杰,任思艺,,False,True,2,343,,,+3(234),,,,,,,,,-2,+(49)
1928,,延安大学西安创新学院,幸运狗,高成宇,王杰,林乐乐,,False,True,2,344,,,-7,,,,,,,,,+5(199),+(45)
1929,,兰州大学,你应该知道,王志硕,于斯潮,王樟卓,,False,True,2,346,,,-2,,,,,-1,,,,+5(171),+(75)
1930,,哈尔滨华德学院,你好世界,马君豪,刘明昊,范佳欢,,False,True,2,357,,,+5(208),,,,,,,,,-26,+(49)
1931,,天津仁爱学院,2024CCPC网络赛队伍8,张过,冯乐,谢一平,,False,True,2,358,,,-2,,,,,-1,,,,+4(229),+(49)
1932,409,佛山大学,佛三大犇,林佳余,刘骏学,薛明腾,,False,True,2,361,,,-11,,-1,,,,,,,+4(228),+(53)
1933,,湖南财政经济学院,少年先疯队,杨佳悦,廖紫丹,赵智颖,,False,True,2,364,,,+3(233),,,,,,,,,-2,+(71)
1934,,东莞理工学院,人机组队,王恺博,姚焕增,邓萌海,,False,True,2,365,,,+6(195),,-2,,,,,,,-7,+(50)
1935,,盐城工学院,希望之翼,曹翔,叶学成,王俊皓,,False,True,2,372,,,-5,,,,,,,,,+6(192),+(60)
1936,,天津商业大学,希望交的都能队,李雨哲,李天昊,周笑萱,,False,True,2,372,,,+5(223),,-4,,,,,,-3,-7,+(49)
1937,,内蒙古大学,CyBerAcmEr,杨星宇,刘丞量,范操,,False,True,2,372,,,+3(262),,,,,,,,,-10,+(50)
1938,,湖南工程学院,二进制炸弹手,陈彦傧,李文豪,扶孟菲,,False,True,2,374,,,+4(221),,,,,,,,,-3,+1(53)
1939,,广州城市理工学院,猕猴,谢伟鸿,甘文炜,刘俊凯,,False,True,2,374,,,+2(297),,,,,,,,,-11,+(37)
1940,,四川轻化工大学,草丛三剑客,何金华,李佳睿,宋雨航,,False,True,2,375,,,+7(181),,,,,,,,,-5,+(54)
1941,,南京大学,算法黑洞,干佳惠,杨美嘉,王梦瑶,,False,True,2,377,,,-10,,,,,,,,,+3(254),+(63)
1942,,浙大宁波理工学院,能对就队,俞亿,李坤鑫,蔡麒雯,,False,True,2,380,,,+3(257),,,,,,,,,-8,+(63)
1943,,广州城市理工学院,三粒米饭,陈贝纯,刘思琪,陈幸儿,,False,True,2,383,,,+3(257),,,,,,,,,-10,+(66)
1944,,佛山大学,歪比巴卜,沈珈庆,陈煜嘉,郑培东,,False,True,2,385,,,-6,,,,,,,,,+7(141),+3(44)
1945,,洛阳师范学院,莫比乌斯反卷,辛梓鹏,刘祎轩,李梦,,False,True,2,391,,,+3(178),,-2,,,,,,,-7,+5(53)
1946,,天津工业大学,小栈队,尹子恒,徐浩,毕斯源,,False,True,2,400,,,-4,,-1,,,,,,,+(235),+(165)
1947,,成都理工大学工程技术学院,TLE了怎么办,李博鑫,魏之翔,周博文,,False,True,2,401,,,-4,,,,,,,,,+9(172),+(49)
1948,,青岛理工大学,不wa2就能过,邢少洋,金慧玲,郭振宇,,False,True,2,410,,,-5,,,,,,,,,+6(243),+(47)
1949,,江汉大学,未名山小分队,孙博,梅佳豪,任航,,False,True,2,413,,,-4,,,,,,,,,+5(267),+(46)
1950,,广州城市理工学院,WA手动机,胡贺闵,邱佳烁,梁烜,,False,True,2,418,,,+2(326),,,,,,,,,-31,+(52)
1951,,上海纽约大学,上纽四队,孙祺,许子岳,周烁晨,,False,True,2,420,,,-8,,,,,,,,,+7(224),+(56)
1952,410,华北科技学院,你先开的,冯淇,李佳壮,国家茁,,False,True,2,426,,,+8(222),,,,,,,,,-5,+(44)
1953,,山西科技学院,这个世界上没有一个while循环是值得信任的,蔡文韬,马鹏翼,顾乃万,,False,True,2,431,,,+6(263),,,,,,,,,-1,+(48)
1954,,中南民族大学,没关系，又活了一天已经很厉害了,吴沛霖,李泉灵,万嘉瑶,,False,True,2,432,,,+5(225),,,,,,,,,-10,+2(67)
1955,,西南大学,AC不了就回去继承实验室,曾路平,李雨璐,柳晓洲,,False,True,2,432,,,+4(296),,,,,,,,,-3,+(56)
1956,,江南大学,想吃夕宝狱卒队,陈宇轩,彭智健,孙以恒,,False,True,2,439,,,+4(307),,,,,,,,,-6,+(52)
1957,,重庆科技大学,all0kell,袁子鸿,许杰,祝苗青,,False,True,2,441,,,,,-1,,,,,,,+4(310),+(51)
1958,,西南财经大学,onz,钟富城,张艺,李子杰,,False,True,2,444,,,+7(240),,,,,,,,,-4,+(64)
1959,,聊城大学,只因做不队,卞瑞康,陈亚鹏,董晓天,,False,True,2,448,,,+5(259),,,,,,,,,-16,+1(69)
1960,,江汉大学,又白给了,何宇恒,李慧捷,陈晋熙,,False,True,2,451,,,+5(286),,,,,,,,,-8,+(65)
1961,,丽水学院,学校的你进社会,桂桢喃,余茂炫,黄梓发,,False,True,2,459,,-4,-14,,-1,,,,-14,,,+7(230),+(89)
1962,,江汉大学,难铜的最后一舞,郏俊豪,张钊溢,谭道琦,,False,True,2,460,,,-16,,-3,,,,,,,+6(233),+(107)
1963,,中国海洋大学,黑吗喽,雷祥宁,雷志良,金鑫溢,,False,True,2,475,,,,,-4,,,,,,,+7(257),+(78)
1964,,西南财经大学,黑码农:打铁,肖旭仁,刘勇杰,刘俊宏,,False,True,2,479,,,+9(243),,-1,,,,,,,-5,+(56)
1965,,成都东软学院,期末忘了刷平时成绩,丁泳钞,李珈臣,李凌锋,,False,True,2,488,,,+8(282),,,,,-643,,,,-3,+(46)
1966,,中国海洋大学,基因重组,丁楚帅,苏梓凯,刘梓培,,False,True,2,491,,,+8(241),,,,,,,,,-11,+(90)
1967,,惠州学院,闪电苦力怕,韩乐天,贾敬轩,陈泽铭,,False,True,2,503,,,+5(349),,,,,-1,,,,-4,+(54)
1968,,湖州师范学院,2024湖师院6队,郑佳盈,张静怡,肖伊静,,False,True,2,516,,,+4(166),,,,,,,,,-6,+5(170)
1969,,广州城市理工学院,幸好没忘记报名,许先杰,陈伟升,徐锐,,False,True,2,528,,,,,,,,,,,,+(339),+(189)
1970,,河南师范大学,have a good day,史建伟,郝龙翔,齐思哲,,False,True,2,532,,,+8(313),,-2,,,,,,,-3,+(59)
1971,,上海科技大学,躺,张孟懿,张雨晴,,,False,True,2,533,,-9,+10(256),,,,,,,,,-4,+(77)
1972,411,黑龙江科技大学,我推的曼波爆吃0721次罚时，阿米诺斯,王一鸣,胡轩睿,胡临天,,False,True,2,560,,,+7(341),,,,,,,,-1,-17,+(79)
1973,,河北工程大学,香菜炒柚子,罗京涛,赵伟渊,张骏飞,,False,True,2,570,,,+8(347),,,,,,,,,,+(63)
1974,,四川轻化工大学,清纯白毛小萝莉队,尹晨曦,李世松,毛朝杰,,False,True,2,581,,,+12(282),,,,,,,,,-1,+(59)
1975,412,东北电力大学,粉毛吉他Hero不会梦到提瓦特ac少年,董浩然,曹梦露,顾姚铭,,False,True,2,597,,,,,,,,,,,,+14(260),+(57)
1976,,天津仁爱学院,2024CCPC网络赛队伍5,竺文博,曹旭哲,朱政鑫,,False,True,2,618,,,+12(333),,-2,,,,,,,-13,+(45)
1977,,南京晓庄学院,红神话·吴京,兰坤,高明鸿,彭大冲,,False,True,2,630,,,-6,,,,,,,,,+12(276),+2(74)
1978,,南京大学,bug法师,王敬,黄乐彤,蒋依帆,,False,True,2,638,,,-2,,-2,,,,,,,+10(314),+2(84)
1979,,天津商业大学,AC不过不吃饭,张鹏,,,,False,True,2,664,,,-8,,-3,,,,,,,+15(303),+(61)
1980,,安庆师范大学,时代少年团,胡可仁,王程璨,李明浩,,False,True,2,692,,,+12(225),,-16,,,,,,,-11,+9(47)
1981,,河南工程学院,老师抽查我的毕设惊了,张后嗣,魏家鏐,杨术果,,False,True,2,704,,,-7,,-5,,,,,,,+19(269),+(55)
1982,,浙江传媒学院,兔必南波万队,庄庆伟,李国旭,刘清,,False,True,2,729,,,+23(226),,,,,,,,,-20,+(43)
1983,,大连东软信息学院,来都来了,刘毅,付啸天,吕回味,,False,True,1,34,,,,,-2,,,,,,,-8,+(34)
1984,,河北工程大学,貌似狠,周紫涵,任旭聪,霍博,,False,True,1,37,,,,,-21,-1,,,,,-9,-4,+(37)
1985,,南京晓庄学院,砖神话·阿伟,徐烨玮,陈翔,梁钰莹,,False,True,1,38,,,-9,,-2,,,,,,,,+(38)
1986,413,广西信息职业技术学院,乐毅安行队,杨子毅,韦家乐,吕安琦,,False,True,1,40,,,,,-1,,,,,,,-2,+(40)
1987,,武昌首义学院,总有一两个队,杨帆,谭可可,肖思奇,,False,True,1,40,,,,,-2,,,,,,,-19,+(40)
1988,,内蒙古大学,手有点酸,包胡呢斯图,曹君泽,符植博,,False,True,1,42,,,-3,,,,,,,,,-4,+(42)
1989,,广州城市理工学院,zhm说的都对,钟浩明,杨昊润,叶佳豪,,False,True,1,43,,,,,,,,,,,,,+(43)
1990,414,甘肃农业大学,低调的三只菜鸡,张瑞坤,周小超,聂露,,False,True,1,43,,,-4,,-3,,,,,,,-2,+(43)
1991,,华北科技学院,寄了,袁晨陟,陈洋,孙涛,,False,True,1,43,,,-4,,,,,,,,,-5,+(43)
1992,,中国矿业大学,小猪佩奇,陈婷,程玥怡,谭文静,,False,True,1,43,,,-6,,-2,,,,,,,-6,+(43)
1993,,河北工程大学,我都可以,黄晟杰,张鑫龙,王旭洋,,False,True,1,43,,,-14,,,,,,,,,-10,+(43)
1994,,南京师范大学,最后的只因战士,王俞航,张宸瑀,杨宇晨,,False,True,1,45,,,-3,,,,,,,,,-5,+(45)
1995,,广州城市理工学院,码雀,王顶成,吴朝泽,吴奇峰,,False,True,1,45,,,,,-2,,,,,,,-5,+(45)
1996,,天津仁爱学院,2024CCPC网络赛队伍7,廖志强,王浩宇,焦文豪,,False,True,1,46,,,,,,,,,,,,-5,+(46)
1997,,苏州大学,公主殿下天下第一队,徐博洋,包龙生,李昱翔,,False,True,1,47,,,,-10,-6,,,,,,,-3,+(47)
1998,,潍坊学院,终于吃上鸭架泡饭了,王瀚卿,李荣玺,王郑杰,,False,True,1,47,,,-4,,,,,,,,,,+(47)
1999,,华北理工大学,REST,陈仲涛,陈心怡,杨欣华,,False,True,1,49,,,-7,,-1,,,,,,,-1,+(49)
2000,,河南师范大学,丁丁历险记,高一丁,丁耀辉,李栋辉,,False,True,1,49,,,-3,,,,,,,,,-7,+(49)
2001,,福州大学至诚学院,福大至诚三队,柯嘉炜,张光久,何伟健,,False,True,1,49,,,,,-4,,,,,,,-16,+(49)
2002,,盐城工学院,逐梦之队,张嘉悦,许悦,季书宇,,False,True,1,49,,,,,,,,,,,,-3,+(49)
2003,,东莞理工学院,从菜鸡进阶到菜狗,钟丽莹,梁乐怡,陈彤彤,,False,True,1,50,,,-2,,,,,,,,,-5,+(50)
2004,,北京理工大学珠海学院,码码生的,张铁印,陈世欣,李辉强,,False,True,1,50,,,-2,,,,,,,,,-22,+(50)
2005,,广西民族大学,美少女先疯队,黄莲娇,陆柔情,陈桂莹,,False,True,1,50,,,-10,,,,,,,,,-5,+(50)
2006,,中国地质大学（武汉）,黑神话:WA,林海,黄卿,许浩然,,False,True,1,50,,,,,,,,,,,,-4,+(50)
2007,,莆田学院,好好好对！,赖聪贤,江科萱,吴雨,,False,True,1,51,,,-10,,,,,,,,,-11,+(51)
2008,,兰州大学,彩虹小白马,刘硕,孟研西,沈诚,,False,True,1,51,,,,,-5,,,,,,,-2,+(51)
2009,,华北电力大学,键鼠调试小队,利 育贤,孙亚成,伊 翰林,,False,True,1,51,,,,,,,,,,,,-2,+(51)
2010,,河北工程大学,应该,郝昭程,蒋永孜,张宇轩,,False,True,1,52,,,,,-1,,,,,,,-6,+(52)
2011,,南昌理工学院,2024 南理 5 队,毛富豪,李懿鑫,刘俊杰,,False,True,1,53,,,,,,,,,,,,-18,+(53)
2012,,太原理工大学,不想打铁,张煜书,王崔勇,窦云涛,,False,True,1,53,,,,,,,,,,,,-2,+(53)
2013,,信息工程大学,生如夏花,王小珂,王灿,侯晓桐,,False,True,1,53,,,-1,,,,,,,,,-16,+(53)
2014,,广州城市理工学院,码到成功,王嘉楠,陈建明,黄乐豪,,False,True,1,53,,,,,,,,,,,,-3,+(53)
2015,,延安大学西安创新学院,A+B,张佳,邢颖琪,呼亚妮,,False,True,1,54,,,-2,,,,,,,,,-9,+(54)
2016,415,泉州信息工程学院,s1mple,胡力中,高灿坤,龚林涛,,False,True,1,54,,-1,-13,-4,-1,-1,,,,,-1,-5,+(54)
2017,,河北工程大学,做的都对,牟昱霖,吕浩诚,张孝哲,,False,True,1,54,,,,,,,,,,,,-2,+(54)
2018,,华南师范大学,键值队,潘畅,戴巧贤,雷娅捷,,False,True,1,54,,,,,,,,,,,,,+(54)
2019,,江汉大学,做的都会，蒙的全队,陈龙飞,王宇鑫,陈子一,,False,True,1,55,,,,,-5,,,,,,,-6,+(55)
2020,,华北理工大学迁安学院,真得肘你,刘瑀,张永超,何钰杨,,False,True,1,55,,,-5,,-3,,,,,,,,+(55)
2021,,山东女子学院,鸡仔不错,张馨月,陶金锐,程文蓉,,False,True,1,55,,,,,,,,,,,,-1,+(55)
2022,,南京信息工程大学,好喜欢小小 wyq,宋欣雨,刘思奇,朱羿翱,,False,True,1,56,,,-2,,,,,,,,,-4,+(56)
2023,,淮北理工学院,让妇女儿童先提交,吴奇豪,张梦月,武钰璇,,False,True,1,56,,,,,,,,-5,,,,-2,+(56)
2024,,广东技术师范大学,鸣潮启动！Zero！,苏国俊,梅镇文,徐震睿,,False,True,1,56,,,-4,,,,,,,,,-3,+(56)
2025,,天津仁爱学院,2024CCPC网络赛队伍9,刘宇豪,李园浩,司晨熙,,False,True,1,57,,,-6,,,,,,,,,-3,+(57)
2026,,暨南大学,空指针,龙宇旸,林天正,李洋,,False,True,1,57,,,-5,,,,,,,,,-4,+(57)
2027,,桂林信息科技学院,自此月夜无名,刘蕴霖,张志豪,崖志福,,False,True,1,57,,,-8,,,,,,,,,,+(57)
2028,,东北石油大学,菜鸟驿站,唐昊阳,蔡雨雷,孙校堂,,False,True,1,57,,,-7,,,,,,,,,-4,+(57)
2029,,重庆交通大学,重案组,周欢,邓焰,潘昶达,,False,True,1,57,,,-4,,,,,,,,,-2,+(57)
2030,416,燕京理工学院,V你50，离开赛点,杨佳硕,李子琛,张子航,,False,True,1,58,,,-8,,,,,,,,,,+(58)
2031,417,文华学院,今天的崩坏三是无敌,方鹏遥,张少航,王天,,False,True,1,58,,,-6,,,,,,,,,-7,+(58)
2032,,中南民族大学,天下第一件好事还是屁股蹲,李子怡,曾巧,姜紫柔,,False,True,1,58,,,-6,,,,,,,,,-2,+(58)
2033,,福州大学至诚学院,福大至诚四队,潘俊杰,张鑫涵,林瑾,,False,True,1,58,,,,-5,-2,,,,,,,,+(58)
2034,418,内蒙古师范大学,内师2队,罗佳齐,段宇航,阎子墨,,False,True,1,59,,,,,,,,,,,,-3,+(59)
2035,,福州大学至诚学院,福大至诚五队,林咏辉,曾铭龙,朱天浩,,False,True,1,59,,,,,-3,,,,,,,-3,+(59)
2036,,天津工业大学,我玩猿神怎么了,吴嘉琪,宋佳烨,王宇亮,,False,True,1,60,,,-1,,,,,,,,,-9,+(60)
2037,,阜阳师范大学,气球一元一个,柳俊豪,朱一鹏,彭杰峰,,False,True,1,60,,,,,,,,,,,,-5,+(60)
2038,419,深圳北理莫斯科大学,孩子别WA了,杨可依,张欣楠,张含悦,,False,True,1,61,,,,,,,,,,,,-3,+(61)
2039,,东华理工大学,海底小纵队,李嘉敏,罗杉,谢宇越,,False,True,1,61,,,,,,,,,,,,-3,+(61)
2040,,内蒙古师范大学,内师1队,刘思宇,李佳峻,王志浩,,False,True,1,62,,,,,-1,,,,,,,-10,+(62)
2041,,中国海洋大学,水军出击,徐坤,杨家祺,陈天梓,,False,True,1,62,,,,,,,,,,,,-9,+(62)
2042,,广州城市理工学院,码喽,李鸿钦,赖德檀,林书涵,,False,True,1,62,,,,,-10,,,,,,,-10,+(62)
2043,,江汉大学,金牌导师队,姜云頔,黎哲宵,关晨晞,,False,True,1,63,,,,,,,,,,,,-4,+(63)
2044,,东北电力大学,AAA蜜雪冰城批发,熊文凯,何楚祎,张雨桐,,False,True,1,64,,,,,-1,,,,,,,-6,+(64)
2045,,兰州大学,天堂制造,陈中,朱凯峰,顾兴起,,False,True,1,66,,,-2,,,,,,,,,-2,+(66)
2046,,延安大学西安创新学院,水葫芦,荣元锵,赵文杰,包政,,False,True,1,66,,,,,,,,,,,,-7,+(66)
2047,420,南京警察学院,翻斗花园突破手,汤灿东,陈奕涵,陆韩,,False,True,1,66,,,-3,,,,,,,,,-9,+(66)
2048,,广州城市理工学院,重在参与,田梅慧,肖曼晴,刘颖琳,,False,True,1,66,,,,,-2,,,,,,,-1,+(66)
2049,,华南师范大学,顺风顺水队,郑智炯,詹子豪,杨济华,,False,True,1,66,,,,,,,,,,,,,+(66)
2050,,深圳大学,szu_queue,莫迪茵,黄雨欣,詹家惠,,False,True,1,67,,,-3,,,,,,,,,-5,+(67)
2051,,桂林信息科技学院,立即推，放弃考研,石佳磊,黄佳佳,陈喆仕,,False,True,1,67,,,-1,,,,,,,,,-3,+(67)
2052,,湖南工程学院,睡觉时间,刘雅琪,胡辉,康健,,False,True,1,68,,,,,-1,,,,,,,-4,+1(48)
2053,,大连东软信息学院,人工智能之光,杜甫心,戚昌盛,曾奕程,,False,True,1,69,,,,,,,,,,,,-2,+(69)
2054,,广西民族大学,逐火之蛾,程籽淇,范一楠,蒋志昂,,False,True,1,69,,,-6,,-4,,,,,,,-4,+(69)
2055,,电子科技大学成都学院,皇族永不言弃,蔡伦,张茂森,,,False,True,1,70,,,-1,,,,,,,,,-5,+(70)
,,成都市树德中学,中国少年先锋队,李俊希,郑睿健,吴政阳,,False,False,1,71,,,,,-1,,,,,,,-1,+(71)
2056,,天津工业大学,用户信息不存在,尹灵宝,马英程,易睿杰,,False,True,1,73,,,,,-4,,,,-13,,,-8,+(73)
2057,,西南大学,蛋仔派队,黄家佳,黄晨洲,高阳阳,,False,True,1,73,,,,,,,,,,,,-4,+(73)
2058,,哈尔滨学院,额滴娘嘞,陈渝彤,高欢鑫,张越,,False,True,1,73,,,,,,,,,,,,-5,+(73)
2059,,哈尔滨学院,会议号,李慧,周浩文,沈艺林,,False,True,1,74,,,-3,,,,,,,,,-7,+(74)
2060,,广州城市理工学院,什么队？,李佳韵,李小瑜,林泽铃,,False,True,1,76,,,,,,,,,,,,,+(76)
2061,421,南京工业职业技术大学,开拓进取队,沈昱羽,兰标义,吴成杰,,False,True,1,76,,,-4,,,,,,,,,-6,+(76)
2062,,温州商学院,温商2队,唐鑫杰,丁玄龙,张耀文,,False,True,1,77,,,-4,,,,,,,,,-4,+1(57)
2063,,广西民族大学,AK？对对对！,王言汐,梁良,程远松,,False,True,1,77,,,,,-2,,,,,,,-2,+(77)
2064,,内蒙古师范大学,内师5队,侯越茜,康婕,付新然,,False,True,1,78,,,,,-3,,,,,,,-2,+(78)
2065,422,南京财经大学,WA自动机,郑煦洋,付学强,马心怡,,False,True,1,79,,,-2,,-8,,,,,,,,+(79)
2066,,重庆文理学院,重工大二队,邓友华,刘泽凝,龚源源,,False,True,1,79,,,-6,,-4,,,,,,,-5,+(79)
2067,,莆田学院,双枪一花队,陈宏佳,薛凯升,许佳丽,,False,True,1,81,,,-5,,-2,,,,,,,,+1(61)
,,成都市树德中学,Error404,黄常瑞,张梓轩,张杰,,False,False,1,81,,,,,,,,,,,,-2,+(81)
2068,,山西科技学院,三枪队,李嘉豪,陈景浩,马晓亮,,False,True,1,81,,,-5,,-2,,,,,,,,+(81)
2069,,内蒙古师范大学,内师4队,魏嘉朔,高磊,张天宁,,False,True,1,81,,,,,-1,,,-11,,,,-1,+(81)
2070,,中南民族大学,参加野宴的路上,肖婧,方心缘,陈乐怡,,False,True,1,82,,-1,-3,,,,,,,,,-6,+(82)
2071,,深圳北理莫斯科大学,取名障碍小分队,刘心月,王建业,刘济伟,,False,True,1,82,,,-4,,-4,,,,,,,,+(82)
2072,,河南工业大学,牢大的审判,赵昱哲,王英杰,刘安南,,False,True,1,84,,,,,,,,,,,,-3,+(84)
2073,,延安大学西安创新学院,战鹰飞翔,孙世佳,肖磊,房秦鸽,,False,True,1,86,,,-9,,,,,,,,,-4,+(86)
2074,423,西安明德理工学院,梅苑什么时候装电梯,杨阳,刘育博,吴皓洋,,False,True,1,87,,,-3,,,,,-1,,,,-8,+1(67)
2075,,湖南中医药大学,啥也不会队,刘鑫成,余志国,任航玮竞,,False,True,1,87,,,-6,,,,,,,,,-2,+(87)
2076,,上饶师范学院,无限循环,梁俊伟,彭悦,付子凡,,False,True,1,87,,,,,,,,,,,,-5,+(87)
2077,,西南大学,STS,徐榕康,程天然,徐晨郝,,False,True,1,88,,,,,-1,,,,,,,-3,+1(68)
2078,,中国科学技术大学,代码能跑队,吴家欣,周江杭,许海轩,,False,True,1,88,,,,,-6,,,,,,,-9,+1(68)
2079,,上海电力大学,草台班子,王 鼎皓,周震岳,张宇翱,,False,True,1,88,,,-3,,,,,,,,,-4,+1(68)
2080,,广州城市理工学院,果宝特攻,吴志杰,杨俊雄,陈俊滨,,False,True,1,88,,,-6,,,,,,,,,-9,+(88)
2081,,西安明德理工学院,随便起吧,闫梓浩,刘郑鑫,程宣棋,,False,True,1,89,,,,,,,,,,,,-4,+1(69)
2082,,安徽财经大学,曹山脚下,刘程,杨振宇,夏大唐,,False,True,1,89,,,,,,,,,,,,,+(89)
2083,424,湖北警官学院,脆脆鲨,吴思远,徐晓禹,方子钦,,False,True,1,90,,,-7,,-5,,,,,,,-9,+2(50)
2084,425,上海建桥学院,阿隆戴特布莱吉,林子航,周羽杰,张耀匀,,False,True,1,91,,,,,,,,,,,,-4,+(91)
2085,,华北水利水电大学,但感别经时,王加燊,栗佳宁,任睿,,False,True,1,92,,,,,,,,,,,,-6,+2(52)
2086,,中央民族大学,天地一家大爱盟,张璐,金进壕,杨旭杰,,False,True,1,93,,,,,-1,,,,-2,,,-4,+(93)
2087,426,福建农业职业技术学院,关于转生到CCPC就马上溜了这件事,薛有炜,吴尤,章洪锐,,False,True,1,96,,,,,,,,,,,,,+(96)
,,成都市树德中学,草行久,杜若与,蓝昊天,罗子渊,,False,False,1,100,,,-14,,,,,-4,,,,-6,+(100)
2088,427,武汉纺织大学外经贸学院,别人AC我们g,吕衡,吴振宇,陈维桐,,False,True,1,103,,,,,-6,,,-1,,,,,+2(63)
2089,,延安大学西安创新学院,北斗队,李雪柔,靳熠垚,廖双钰,,False,True,1,105,,,,,,,,,,,,-1,+(105)
2090,,内蒙古科技大学,混一混,贺坤,许再佳,张宏胜,,False,True,1,105,,,-7,,,,,,,,,-1,+(105)
2091,,广州城市理工学院,再也不赶DDL了,林梓丹,黄若琼,周莹,,False,True,1,107,,,-5,,,,,,,,,-7,+2(67)
2092,,广州城市理工学院,对对对,欧琳琳,彭珵,罗嘉淇,,False,True,1,109,,,,,,,,,,,,,+2(69)
2093,,武汉纺织大学外经贸学院,ccpc突击小队,朱媛媛,陈逸萱,刘思彤,,False,True,1,109,,,,,,,,,,,,-2,+(109)
2094,,河北农业大学,C–FightPlus,李佳木,赵腾飞,朱思博,,False,True,1,111,,,,,,,,-3,,,,-6,+2(71)
2095,,内蒙古师范大学,内师3队,张冉,王艺涵,杜雯月,,False,True,1,117,,,,,,,,,,,-2,-1,+1(97)
2096,,南京师范大学,男人什么罐头我说,朱禹丞,李泽钦,周译顺,,False,True,1,117,,,,,,,,,,,,-10,+1(97)
2097,,广州城市理工学院,搬砖,勾钦,赖润洪,史家瑜,,False,True,1,122,,,,,,,,,,,,-10,+1(102)
2098,,武汉纺织大学外经贸学院,让我再睡睡吧,胡广,程萌,刘可,,False,True,1,123,,,,,,,,,,,,-2,+2(83)
2099,,华北水利水电大学,我一点都不卷,何政远,郭嘉阳,李多,,False,True,1,127,,,,,,,,,,,,,+1(107)
2100,,中央民族大学,永远不后悔队,刘孟宇,张帝豪,童纪侃,,False,True,1,127,,,,,,,,,,,,-17,+(127)
2101,,广州城市理工学院,萝卜丝,刁瑞瑞,尹楚蝶,方映欣,,False,True,1,145,,,,,-4,,,,,,,,+(145)
2102,,广州城市理工学院,这应该是队,林镇城,翁泽林,张俊杰,,False,True,1,150,,,,,,,,,,,,-9,+1(130)
2103,,中国科学技术大学,汪汪队,刘海宝,郑修远,戴卫,,False,True,1,151,,,,,,,,,-4,,,-4,+(151)
2104,,广州城市理工学院,浑水摸鱼,黄玮桐,邓展强,刘集挺,,False,True,1,158,,,,,,,,,,,,-19,+4(78)
2105,,内蒙古大学,IKUN,马梓涵,董越,吴俊,,False,True,1,165,,,,,,,,,,,,-3,+4(85)
2106,,广州城市理工学院,写的神码,梁嘉健,邝颖诗,张海德,,False,True,1,178,,,,,-5,,,,,-1,,-1,+1(158)
2107,,华南师范大学,我不知道啊,陈雨彤,吴紫丹,姚竣博,,False,True,1,189,,,-7,,,,,,,,,-13,+6(69)
2108,,福州大学至诚学院,福大至诚六队,陈奕源,苏海,张心怡,,False,True,1,191,,,,,,,,,,,,-1,+4(111)
2109,,内蒙古师范大学,内师6队,安家兴,吴嘉宁,梁嘉乐,,False,True,1,204,,-1,,,,,,,,,-3,,+2(164)
2110,428,安徽三联学院,做AC梦,叶惠娴,彭虎,,,False,True,1,231,,,,,,,,,,,,-21,+2(191)
2111,,福州大学至诚学院,福大至诚二队,余非凡,许亦凡,黄炳轩,,False,True,1,231,,-1,-4,,,,,,,,,-15,+1(211)
2112,,大连理工大学盘锦校区,思维破晓,田行健,王睿忠,庞超凡,,False,True,1,238,,,-1,,,,,,,,,-10,+2(198)
2113,,广州城市理工学院,都玩第五了让让我们,曾雅琪,张浩辉,黄佳鑫,,False,True,1,422,,,,,,,,,,,,-2,+10(222)
2114,,广州城市理工学院,上分队,余伟滇,吴家壕,杜广礼,,False,True,1,502,,,,-2,,,,,,,,-1,+12(262)
2115,,西南财经大学,菜市场,余夏蓉,杨明玥,王凌泷,,False,True,1,557,,,,,,,,,,,,-6,+14(277)
2116,,东南大学,AC不了一点,陈天一,梁睎远,董乐天,,False,True,0,0,,,,,,,,,,,,,
2117,,杭州医学院,HMC4队,蒋伟祺,朱雯瑾,吕泽熙,,False,True,0,0,,,,,-5,,,,,,,-1,-14
2118,,国防科技大学,Jasmine,尤炜豪,杨淇斌,王俊博,,False,True,0,0,,,,,,,,,,,,,
2119,,南方科技大学,SUSTech_Eight,杨博文,姜奕豪,张祺宇,,False,True,0,0,,,,,,,,,,,,,
2120,,南方科技大学,SUSTech_One,王景毅,熊子豪,李雨轩,,False,True,0,0,,,,,,,,,,,,,
2121,,中国科学技术大学,Team114514,王俊又,彭予乐,方致远,,False,True,0,0,,,,,,,,,,,,,
2122,,同济大学,nbjsd,汪志贤,黄艺鑫,程浩然,,False,True,0,0,,,,,,,,,,,,,
2123,,上海电力大学,trhus飞鸟小河队,江璐琳,童家玟,张锦瑞,,False,True,0,0,,,,,,,,,,,,,
2124,,上海纽约大学,上纽五队,戴麟懿,励安远,Nikolaitchev Pavel,,False,True,0,0,,,,,,,,,,,,,
2125,,中国海洋大学,不拿倒一就行,陈柯屹,吴东升,闫皓,,False,True,0,0,,,,,,,,,,,,,
2126,429,江苏师范大学科文学院,不爆0就好,季浩,,,,False,True,0,0,,,,,,,,,,,,,-2
2127,,广东东软学院,为白雪染色,温贵鸿,林耐,刘东瑾,,False,True,0,0,,,,,,,,,,,,,
2128,,重庆交通大学,什么也做不队,何培雨,任春燕,舒梦婷,,False,True,0,0,,,,,,,,,,,,,
2129,,新疆大学,你好世界,郭硕,,,,False,True,0,0,,,,,,,,,,,,,
2130,,信息工程大学,信息驱动队,张家睿,黄家辉,陈文溢,,False,True,0,0,,,,,,,,,,,,,
2131,,海南大学,全甲野牛突袭派蒙,石美雪,李俊飞,刘帅文,,False,True,0,0,,,,,,,,,,,,,
2132,,中国科学技术大学,前社长想公费旅游于是被两位巨佬带飞,孙志浩,阎昶澍,梁嘉文,,False,True,0,0,,,,,,,,,,,,,
2133,,河南科技大学,加瓦001队,宋昊宇,李宗甫,常明乾,,False,True,0,0,,,,,,,,,,,,,
2134,,中国海洋大学,原辅导,陈泽时,余锦为,陈嘉旭,,False,True,0,0,,,,,,,,,,,,,
2135,,烟台大学,反手就是一个二分,吕睿,东野忠兴,王圣喆,,False,True,0,0,,,,,,,,,,,,,
2136,430,琼台师范学院,富豪榜前3,薛媛,张焕彩,胡瑞新,,False,True,0,0,,,,,,,,,,,,,
2137,,海南大学,小小梦之队,张永泽,张沛霖,王加泾,,False,True,0,0,,,,,,,,,,,,,
2138,,华东理工大学,少女哭泣乐队,张鸿尧,赵正阳,张伟宁,,False,True,0,0,,,,,,,,,,,,,
2139,431,豫章师范学院,我有一个AC梦,付振锴,,,,False,True,0,0,,,,,-1,-2,,,-3,-2,,-1,-5
2140,,韶关学院,我看队友打代码,康丁魁,林日清,周亚男,,False,True,0,0,,,,,,,,,,,,,
2141,,山东大学,新建文件夹,于坤航,周保航,彭浩东,,False,True,0,0,,,,,,,,,,,,,
2142,,北京大学,暂时不能给你明确的队名,张文哲,范绪杰,陈潇然,,False,True,0,0,,,,,,,,,,,,,
2143,,中国科学院大学,果壳挂科王,徐亦周,徐致远,蓝天朗,,False,True,0,0,,,,,,,,,,,,,
2144,,中国海洋大学,沉淀,李煜杰,邝梓濠,裴乐天,,False,True,0,0,,,,,,,,,,,,,
2145,,闽南师范大学,物信一队,杨志豪,许诚达,林宇翔,,False,True,0,0,,,,,,,,,,,,,
2146,,西南科技大学,生如夏花,严天羿,魏云鹏,张智韬,,False,True,0,0,,,,,,,,,,,,,
2147,,香港科技大学广州,网络一线牵,姜亭伊,申洲安,彭瑛文,,False,True,0,0,,,,,,,,,,,,,
2148,,琼台师范学院,芭比公组,郭桂霖,吕思远,葛家豪,,False,True,0,0,,,,,,,,,,,,,
2149,,香港科技大学广州,虫虫虫,刘奕麟,李嘉琪,赖斯,,False,True,0,0,,,,,,,,,,,,,
,,成都市树德中学,说的都对,黄川懿,张艺睿,胥国豪,,False,False,0,0,,,,,,,,,,,,,
2150,,深圳北理莫斯科大学,败犬ACMer太多了,郭森宇,王海睿,徐北宁,,False,True,0,0,,,,,,,,,,,,,
2151,,韶关学院,过完签到就睡觉,彭贞铭,李镔彬,许申浩,,False,True,0,0,,,,,,,,,,,,,
2152,,南昌大学,金色传说,吴帅兵,万星毅,徐英杰,,False,True,0,0,,,,,,,,,,,,,
2153,,中国海洋大学,难为我了,杨东旭,马俊飞,梁子毅,,False,True,0,0,,,,,,,,,,,,,
2154,,清华大学,雾里看花,李昕然,胡赵阳,黄洛天,,False,True,0,0,,,,,,,,,,,,,
2155,,中国科学技术大学,鱿好章坏,赵奕,陈凌洁,,,False,True,0,0,,,,,,,,,,,,,
2156,,中国人民大学,黑神话曼巴,刘曜嘉,李子轩,李博屹,,False,True,0,0,,,,,,,,,,,,,
