Rank,School Rank,School,Team Name,Member1,Member2,Member3,Coach,Girl,Official,Solved,Penalty,Medal,A,B,C,D,E,F,G,H,I,J,K,L,M
1,1,清华大学,击中月亮,程思元,戚朗瑞,魏佳泽,,False,True,10,1319,,+1(47),+1(216),+(25),-1,+(201),+4(64),+(37),+1(160),,+(269),,+2(103),+(17)
2,,清华大学,Escape,任舍予,郭雨豪,郑玄晔,,False,True,9,1045,,+3(55),+4(104),+(37),,+(251),+(27),+(66),+(181),,,-1,+1(145),+(19)
3,2,北京大学,躺在沙发上变成没知觉的植物沉入泥中蝶泳,叶子川,马未然,翟锦程,,False,True,9,1083,,+(31),+2(254),+(34),-4,+1(290),+(27),+(23),+1(217),,,,+1(90),+(17)
4,,清华大学,雾里看花,李昕然,胡赵阳,黄洛天,,False,True,9,1246,,+1(33),+2(199),+1(44),,+4(173),+1(30),+(51),+4(255),,,,+1(164),+(17)
5,,北京大学,随机匹配,柯绎思,柯怿憬,谢梓涵,,False,True,9,1357,,+2(82),+1(217),+(89),,+3(287),+(27),+(79),+4(244),,,,+(117),+(15)
6,,清华大学,此地无银三百两,孙梓皓,李春进,华羽帆,,False,True,9,1444,,+1(32),+3(280),+1(84),,+(299),+(42),+(72),+(169),,,,+3(285),+(21)
7,,清华大学,《我是大赢家》,李天宇,彭志可,曹越,,False,True,9,1468,,+(40),,+1(66),,+1(234),+(25),+1(94),+3(288),,,+2(252),+3(194),+1(35)
8,3,杭州电子科技大学,杭电1队,马文浩,何卓锟,黄光升,,False,True,8,704,,+1(54),+(108),+(30),,,+(23),+(67),+(111),,,,+3(214),+(17)
9,4,上海交通大学,夏日影,冯启豫,刘家宁,朱泽木,,False,True,8,740,,+(35),+(158),+(53),,,+(30),+(72),+1(190),,,-8,+1(139),+(23)
10,5,中山大学,中山大学_没有想法,陈景泰,吴永聪,薛炜鹏,,False,True,8,825,,+1(39),+2(223),+(80),,,+1(24),+(51),+1(159),,,,+(135),+(14)
11,6,浙江大学,来生,彭博,严子轩,张湫阳,,False,True,8,827,,+(19),+(169),+(35),,-9,+(26),+(44),+2(194),,,,+4(203),+(17)
12,7,北京航空航天大学,航癫一队,董和军,王大禹,蒋槟阳,,False,True,8,919,,+(26),+1(195),+2(94),,-1,+(28),+(50),+1(245),,,,+1(165),+(16)
13,,清华大学,Make 519 great again,冯政玮,肖子尧,吴畅,,False,True,8,927,,+(54),,+1(38),+2(308),,+(26),+1(55),+2(194),,,,+(112),+(20)
14,8,南方科技大学,南风点点,林政宇,薛哲,曾子华,,False,True,8,949,,+(27),+(157),+(71),,,+(37),+1(67),+2(267),,,,+1(225),+(18)
15,,清华大学,卸载 FJOI 谢谢喵！,陈羽力,林圣涵,陈凌山,,False,True,8,998,,+1(59),+3(190),+(41),,,+1(47),+(77),+1(239),,,,+2(150),+(35)
16,,清华大学,青一色,陈紫阳,胡昊,褚轩宇,,False,True,8,1019,,+(119),,+(24),,+2(150),+1(46),+1(80),+2(237),,,,+1(206),+(17)
17,9,香港大学,Hot Kpop Union,徐启越,吴语晨,李其轩,,False,True,8,1073,,+(32),+(298),+1(64),,,+(43),+1(87),+(254),,,,+4(157),+(18)
18,10,复旦大学,学海无涯，回头是岸,崔博钧,莫骐彰,阚子淳,,False,True,8,1084,,+(41),+4(233),+(111),-1,,+1(52),+(54),+1(114),,,,+2(237),+2(42)
19,,北京大学,DINNER123,李可,陈佳梁,王浩清,,False,True,8,1093,,+1(40),+3(309),+(59),,,+2(62),+(56),+3(191),,-3,,+1(160),+(16)
20,11,哈尔滨工业大学,蓬莱人形,陈煜航,丁文涛,张彭凯,,False,True,8,1154,,+(56),+(272),+1(82),,,+1(36),+1(94),+2(199),,,,+4(222),+(13)
21,12,北京邮电大学,摩可彭塔斯,区庆亮,鲍睿钊,谭怡萱,,False,True,8,1274,,+1(61),+1(287),+(116),,,+2(122),+(165),+(191),,,,+1(212),+(20)
22,,浙江大学,WF 在逃三人团,李克成,周转,朱睿哲,,False,True,8,1289,,+1(57),+4(308),+(51),,,+(29),+(42),+9(197),,,,+2(267),+(18)
23,13,四川大学,难题逆转小队,李名骕,杨轶涵,黄云垄,,False,True,8,1324,,+1(68),+2(299),+3(149),,,+2(44),+1(87),+(176),-2,,,+3(242),+(19)
24,,浙江大学,雪花倾诉之时,徐敏睿,靳鹏举,朱天煜,,False,True,8,1624,,+1(60),+(202),+2(121),,,+3(78),+1(92),+1(257),,,,+15(306),+1(28)
25,,清华大学,摇奖出力,黄子睿,周与锋,颜桉,,False,True,7,633,,+(40),,+(32),,,+(24),+1(54),+1(107),,,-2,+5(222),+(14)
26,14,广东工业大学,jump！！！！,林俊耿,肖能翔,杨子弘,,False,True,7,633,,+(35),-2,+(49),,,+1(36),+(65),+1(234),,,,+1(135),+(19)
27,,清华大学,world. search (you);,刘一平,张景行,万成章,,False,True,7,642,,+2(62),-2,+(23),,,+1(12),+1(41),+2(178),,,-3,+2(149),+(17)
28,,清华大学,不洁之人，不得入,谭淇心,周牧岩,王俊凯,,False,True,7,685,,+(35),,+1(102),,,+1(41),+(58),+1(197),,,,+1(142),+(30)
29,,四川大学,雍正王朝老太医,熊一鸣,王鹏超,邓雍,,False,True,7,725,,+(34),,+(104),,,+(39),+1(75),+1(168),-1,,,+1(224),+(21)
30,,复旦大学,关注 Hydro 谢谢喵,陈佳鹏,徐子恩,于文阔,,False,True,7,757,,+(32),,+(69),,,+1(33),+(77),+2(149),,,,+4(240),+(17)
31,15,香港中文大学（深圳）,通顶雪道,孙悠然,忙秋阳,郭青硕,,False,True,7,760,,+1(43),-2,+(174),,-1,+(35),+(52),+(248),,,,+(170),+(18)
32,,浙江大学,又活一天,王楚淏,王羽立,高宏钧,,False,True,7,763,,+1(53),,+(36),,,+1(32),+(65),+4(216),,,,+2(184),+(17)
33,16,北京理工大学,越野,邹知秋,于瀚文,廖嘉琦,,False,True,7,771,,+1(51),,+2(75),,,+(34),+(96),+(232),,,,+1(184),+(19)
34,,中山大学,中山大学_无限天堂,涂博皓,李昊洲,邱恺铭,,False,True,7,775,,+2(39),+1(275),+(67),,,+(33),+(89),-4,,,,+1(178),+(14)
35,17,武汉大学,秘封俱乐部,潘非,熊师飏,李佳隆,,False,True,7,787,,+(30),,+1(165),,,+(24),+(108),+1(217),,,,+(187),+(16)
36,18,福州大学,重返未来,游世伟,蔡长波,王子豪,,False,True,7,791,,+(50),,+(72),,,+1(45),+(117),+(238),,,,+1(202),+(27)
37,,中山大学,中山大学_开拓之尾,黄秋铭,陈峻宇,韩冠东,,False,True,7,794,,+(41),,+(140),,,+(25),+(96),+1(234),,,,+(215),+(23)
38,19,浙江工业大学,月球猫猫,陈泓睿,陆徐豪,李汶芝,,False,True,7,828,,+2(60),-1,+1(72),,,+(28),+(112),+(248),,,,+1(211),+(17)
39,20,西安交通大学,天狼星的心脏,洪家庆,刘一可,许孜诚,,False,True,7,829,,+(51),-4,+(84),,-6,+1(30),+(140),+1(289),,,,+(183),+(12)
40,21,南京航空航天大学,错误,吕俊琪,赵乐坤,胡昊天,,False,True,7,832,,+(39),,+(124),,,+2(49),+(80),+(170),,,,+3(249),+(21)
41,22,哈尔滨工业大学（深圳）,猫猫不会数数,高子烽,曹鹏宇,曹锦程,,False,True,7,839,,+1(66),,+(50),,,+(33),+(86),+1(307),,,,+(219),+1(18)
42,,南方科技大学,南方科技大学-奥斯陆,姜奕豪,杨博文,张祺宇,,False,True,7,856,,+(28),,+(199),,,+(34),+(86),+1(264),,,,+2(148),+1(17)
43,23,中国科学技术大学,Ben神，启动,陈聆祎,樊澄宇,陈骆鑫,,False,True,7,859,,+1(43),,+(60),,,+(40),+(92),+(279),,,,+3(240),+(25)
44,,清华大学,缺德鹅子,张艺缤,迟凯文,韩豫葳,,False,True,7,861,,+(38),,+(81),,,+1(60),+(121),+1(232),,,,+1(252),+(17)
45,,上海交通大学,只支持修改，不支持查询,杨崇烨,李俊毅,于恩帝,,False,True,7,871,,+(44),,+(124),,,+(38),+(83),+3(280),,,,+1(194),+(28)
46,24,厦门大学,闪光春日影,邹品聪,栾英石,陈朱迪,,False,True,7,888,,+(59),+3(308),+(92),,,+1(39),+1(72),,,,,+(158),+1(40)
47,,中山大学,中山大学_破晓之旅,赵肖睿,刘志源,古鸣浩,,False,True,7,889,,+1(72),-1,+(75),,,+1(54),+(114),+(255),,,,+4(182),+(17)
48,,浙江大学,十发罚时,吴与伦,万弘,徐锐扬,,False,True,7,892,,+(36),,+3(143),,+(250),+2(32),+(60),+1(236),,,,-10,+(15)
49,,哈尔滨工业大学,碧天伴行,张城玮,卢景行,田宇丰,,False,True,7,897,,+(51),,+(103),,,+2(54),+(96),+(276),,,,+1(236),+(21)
50,,哈尔滨工业大学,W4p3r Fan Club,方智鉴,范嘉涵,孔敬德,,False,True,7,921,,+(51),-1,+(80),,,+(47),+(97),+(292),,,,+4(247),+(27)
51,,中国科学技术大学,前社长想公费旅游于是被两位巨佬带飞,孙志浩,阎昶澍,梁嘉文,,False,True,7,923,,+3(76),,+(31),,,+1(40),+(90),+3(229),,,,+3(209),+1(28)
52,25,南京大学,优质解答：我不知道,陈弘毅,郑欣,林荣恩,,False,True,7,932,,+(58),-2,+(27),,,+2(85),+(103),+(272),,,,+2(291),+(16)
53,26,西北工业大学,wanna be free,尹新祥,龚熙尧,程文楷,,False,True,7,936,,+(39),,+(148),,,+1(104),+(118),+(262),,,,+(210),+(35)
54,27,南开大学,强基计划我爱你,郭军凯,赵思远,车昱辉,,False,True,7,936,,+(46),,+(118),,,+(39),+1(113),+2(232),,,,+1(291),+(17)
55,,南方科技大学,布尔诺,江博成,王振宇,王泰翔,,False,True,7,936,,+(66),,+(122),,,+2(39),+(96),+1(308),,,,+(227),+(18)
56,,复旦大学,怎么表达都可以,曲泽阳,谢志得,房天乐,,False,True,7,943,,+(35),,+(72),,,+1(43),+1(152),+3(213),,,,+1(292),+(16)
57,,中山大学,中山大学_新1队,张宸睿,周睿韬,张益晟,,False,True,7,948,,+2(56),,+(142),,,+(58),+(77),+(198),,,,+4(279),+(18)
58,,上海交通大学,电光火石的前奏,黄佳瑞,钱智煊,车昕宇,,False,True,7,954,,+(66),-1,+(53),-1,-1,+(37),+2(159),+1(297),-1,-1,-1,+(244),+(38)
59,,中国科学技术大学,蓝桥春雪,冯正桦,李俊辰,邵晓玮,,False,True,7,980,,+(32),,+2(96),,,+(28),+1(123),+1(293),,,,+2(268),+(20)
60,28,华中科技大学,不知道,聂卓然,冯育硕,杨家祯,,False,True,7,983,,+1(76),,+1(108),,-7,+(50),+(94),+(282),,,,+2(262),+(31)
61,,华中科技大学,队里有个24级新生,汪文卓,金城根,俞仲遥,,False,True,7,985,,+(44),,+(91),,,+2(42),+(68),+2(236),,,,+5(289),+(35)
62,,杭州电子科技大学,杭电2队,徐墨凡,徐铭扬,余梓诚,,False,True,7,1004,,+1(35),,+(203),,,+(39),+(90),+1(256),,,,+3(264),+(17)
63,,北京理工大学,大香蕉的感觉不奇妙,王翔宇,戴睿,叶子宁,,False,True,7,1018,,+(54),,+(116),,,+3(48),+(151),+2(302),,,,+(228),+(19)
64,29,南京理工大学,帮帮我，鲍汁锅先生,何平,彭锐政,陈静波,,False,True,7,1033,,+2(45),,+(82),,,+(59),+(97),+2(287),,,,+3(260),+1(43)
65,,浙江大学,幻想風靡,张志心,柯怀俊,谭思成,,False,True,7,1078,,+4(87),,+1(169),,,+1(36),+5(101),+(221),,,,+(195),+1(29)
66,,中山大学,中山大学_2333er,刘翔乐,高祖伟,高艺桐,,False,True,7,1082,,+(54),,+(147),,,+(49),+1(195),+(269),,,,+1(311),+(17)
67,,华中科技大学,长夜杯空,万睿朋,邓本永,李鑫,,False,True,7,1094,,+(69),,+(118),,,+1(58),+(154),+(284),,,,+3(310),+(21)
68,,中国科学技术大学,摸鱼之魂热血传奇,温家睿,林度,陈凌峰,,False,True,7,1118,,+2(57),-4,+(102),,,+2(75),+(88),+(196),,,,+6(314),+2(46)
69,,上海交通大学,奇迹师歌队,楼灏,谭钧豪,徐君翊,,False,True,7,1124,,+(63),,+(182),,,+1(56),+(134),+3(274),,,,+2(273),+(22)
70,,香港中文大学（深圳）,WTYTO,涂宵箫,杨久知,王泽诚,,False,True,7,1168,,+5(123),,+(76),,,+(40),+(101),+(254),,,,+6(312),+1(22)
71,,清华大学,进行一个象的抽,王锦博,张睿阳,张怀沙,,False,True,7,1176,,+2(122),,+3(98),,,+(34),+1(170),+3(251),,,,+3(246),+(15)
72,30,广东以色列理工学院,一纸繁鸢,薛亿杰,张晏然,郭宇航,,False,True,7,1199,,+(62),-1,+1(96),,,+7(50),+(115),+6(285),,,,+2(223),+1(28)
73,,中国科学技术大学,随机化,高华成,涂建鹏,何煜恒,,False,True,7,1234,,+3(75),,+(144),,,+5(68),+(128),+(197),,,,+7(303),+(19)
74,,北京航空航天大学,队长要吃三个汉堡,吴昊恒,李秉翰,董雨润,,False,True,7,1263,,+(46),,+(92),,,+3(85),+(137),+8(306),,,,+(192),+5(85)
75,31,香港科技大学广州,杂~鱼 杂~鱼 大哥哥连A题都过不掉嘛~,王向前,储文皓,罗浩,,False,True,7,1394,,+(40),,+(72),,,+2(66),+9(284),+(299),,,,+4(249),+1(64)
76,,复旦大学,密码八个八,陈禹卓,曾添琪,杜泊谷,,False,True,6,518,,+(39),,+(64),,,+1(35),+1(90),+1(209),,,,-6,+(21)
77,,浙江大学,乌拉呀哈 呀哈乌拉,丁思韬,金政羽,余承恩,,False,True,6,587,,+(35),,+(96),,,+2(60),+(92),+(249),,,,-10,+(15)
78,,浙江大学,普罗旺斯,潘伦可,黄钰,邹宇涵,,False,True,6,588,,+(37),,+(49),,,+2(58),+(94),,,,-10,+4(216),+(14)
79,,西安交通大学,未铭记何谈淡忘,方亦晨,陈光耀,陈弘烜,,False,True,6,591,,+1(55),,+(120),,-3,+(40),+(71),,,,,+(240),+1(25)
80,32,吉林大学,烈冕号,于之航,陈俊甫,王一丁,,False,True,6,614,,+(48),,+(52),,,+1(43),+(136),-9,,,,+3(233),+(22)
81,,复旦大学,笑对挑战永不言弃,袁子彦,颜皓鹏,沈子轩,,False,True,6,644,,+(44),,+(80),,,+(32),+(120),-1,,,,+4(264),+(24)
82,33,香港中文大學,麥當勞5G炸雞2.0,黃梓謙,黃進,姜宣丞,,False,True,6,650,,+(57),,+1(148),,,+(66),+3(101),-4,,,,+(151),+(47)
83,,北京航空航天大学,一剑霜寒十四州,王泓翔,严禹韬,谭喆文,,False,True,6,650,,+1(40),-1,+(103),,,+2(73),+(148),,,,,+1(187),+(19)
84,34,苏州大学,汉汉欧欧手,王宇轩,周骁逸,肖锦嗣,,False,True,6,652,,+(72),,+(89),,,+(64),+(158),,,,,+1(231),+(18)
85,35,山东大学,应用随机过程,李玉庭,王源鑫,苏岳,,False,True,6,653,,+2(84),,+(122),,,+1(32),+(111),,,,,+(191),+1(33)
86,,南京大学,智慧之树,金昕炜,陈新,李睿星,,False,True,6,654,,+(38),,+(68),,,+1(48),+(75),,,,,+6(269),+(16)
87,,福州大学,惡·即·斬,陈宇,张子良,林伟豪,,False,True,6,660,,+(68),,+(111),,,+(38),+1(155),,,,,+(248),+(20)
88,36,天津大学,锐刻没有电,黄涛,邓锦源,范艳青,,False,True,6,670,,+(52),,+(173),,,+1(35),+(83),+2(252),,,,-1,+(15)
89,,清华大学,休闲大队,贾朝蓬,冷滟泽,骆科运,,False,True,6,675,,+(42),,+(142),,,+(38),+1(154),+(249),,,,-2,+(30)
90,,中山大学,中山大学_cutelyou,苏律硕,肖淇,吴明禹,,False,True,6,683,,+2(56),,+(134),,,+1(40),+1(79),+(274),,,,-3,+(20)
91,37,杭州电子科技大学信息工程学院,无尽的风之轨迹,杨鑫,尹凯乐,周越,,False,True,6,688,,+(54),,+1(155),,,+(42),+(108),,,,,+4(210),+(19)
92,,南京大学,该名称已被占用,罗荣鑫,卢林强,汪文韬,,False,True,6,698,,+(43),,+1(99),,,+(38),+(131),+3(290),,,,,+(17)
93,,复旦大学,以键盘的音色世界鸣响,白杨硕,张一白,林诗航,,False,True,6,701,,+1(48),,+1(72),,,+(55),+1(111),,,,,+3(272),+(23)
94,,清华大学,北京贵妇的小秋田犬,杨千里,刘建行,李振洋,,False,True,6,705,,+3(85),,+(75),,,+1(83),+(116),+2(208),,,,-12,+(18)
95,38,电子科技大学,UESTC_在理工学校想邂逅文学学姐搞错了什么,梁育诚,陈治臻,冉泽宇,,False,True,6,705,,+(56),,+(122),,,+1(58),+1(102),-1,,,,+2(244),+1(23)
96,39,同济大学,本来挺喜欢ACM的,孙治弘,刘依扬,张乐天,,False,True,6,717,,+(40),-1,+(101),,,+1(40),+(173),-1,,,,+1(302),+(21)
97,,武汉大学,超高校级的xcpc玩家,徐嘉浩,罗岑,柯昀志,,False,True,6,728,,+1(40),,+2(105),,,+1(39),+(174),,,,,+(273),+(17)
98,40,香港浸会大学,香港师范大学,吴铮,蒋润浩,贾子涵,,False,True,6,728,,+(37),,+(160),,,+1(47),+(110),-3,,,,+3(278),+(16)
99,,南京大学,嚼菜根队,王意诚,荣恒嬉,卢泰烨,,False,True,6,738,,+2(47),,+(111),,,+1(54),+(140),-1,,,,+1(277),+(29)
100,,浙江工业大学,今亦求金,周泳良,罗一鸣,闵士轩,,False,True,6,746,,+(67),,+2(196),,,+(38),+(123),,,,,+(256),+(26)
101,,电子科技大学,UESTC_十斤鸭梨,黄霖,徐辰烨,祁泓金,,False,True,6,773,,+1(39),,+1(252),,,+(55),+(121),,,,-1,+1(230),+(16)
102,,浙江大学,托腮,陈君林,王子尧,黄旭彬,,False,True,6,793,,+2(88),,+1(129),,,+(36),+1(89),+3(290),,,,-5,+(21)
103,,西安交通大学,写都写了，交一发吧,贺睿杰,杨一帆,周品良,,False,True,6,795,,+(56),,+(148),,,+1(49),+(222),,,,,+1(260),+(20)
104,,电子科技大学,UESTC_雪色光晕,张昕诺,李毅远,吕书武,,False,True,6,797,,+1(61),,+(177),,,+(36),+(122),,,,,+2(297),+1(24)
105,41,南京信息工程大学,Zoltraak,潘小康,徐凡明,马天顺,,False,True,6,811,,+1(70),,+(196),,,+(33),+(187),,,,,+(288),+(17)
106,,华中科技大学,队里没人有想法导致的,方昀昊,陈浩天,李海疆,,False,True,6,815,,+1(75),,+(144),,,+1(64),+1(119),,,,,+1(269),+2(24)
107,42,浙江师范大学,主C没来,厉文浩,陈增豪,许凯胤,,False,True,6,816,,+(48),,+1(143),,,+(30),+(93),,,,,+7(301),+1(21)
108,,复旦大学,启发式优化,黄悦源,沈高畅,邹丰羽,,False,True,6,821,,+1(59),,+2(106),,,+1(34),+(198),,,,,+2(285),+(19)
109,,吉林大学,结构化查询语言,苏睿杰,邱天,刘昱,,False,True,6,822,,+1(71),,+(71),,,+1(48),+(121),,,,,+7(310),+(21)
110,,广东工业大学,演奏春日影,庞翔,林正,梁展榕,,False,True,6,827,,+(52),,+1(46),,,+3(80),-3,+(161),,,,+5(290),+(18)
111,43,东北大学秦皇岛分校,名字取好了吗,刘峻畅,肖轲闻,冯阳阳,,False,True,6,857,,+2(114),,+(73),,,+(53),+4(250),,,,,+(206),+1(21)
112,,南方科技大学,皮尔森,王紫漩,项楚涵,钟雨薇,,False,True,6,860,,+(38),,+(179),,,+2(89),+(145),,,,,+(281),+2(48)
113,,哈尔滨工业大学（深圳）,潜水小怪,孙宇开,羊柯伍,梁彬,,False,True,6,863,,+3(120),,+1(115),,,+1(39),+(96),,,,,+5(274),+(19)
114,,南京大学,平流层,潘谟天,陈梓睿,陆华均,,False,True,6,868,,+(45),,+(102),,,+(55),+(93),,,,,+10(312),+1(41)
115,44,中国科学院大学,果壳挂科王,徐致远,徐亦周,蓝天朗,,False,True,6,879,,+1(96),,+(190),,,+(51),+(183),,,,,+1(296),+(23)
116,,中山大学,中山大学_无言以对,蔡震轩,钟梓俊,邱剑波,,False,True,6,882,,+2(82),,+(127),,,+3(105),+1(139),,,,,+(275),+(34)
117,,同济大学,黄渡技术幼儿园,姜乃珲,张又文,赵思铭,,False,True,6,895,,+3(53),,+(103),,,+1(50),+2(141),+6(287),,,,-6,+(21)
118,,华中科技大学,真的没摆烂,郭际泽,李凌凯,赵佳义,,False,True,6,911,,+(27),,+3(103),,,+3(57),+1(134),,,,,+7(288),+(22)
119,,山东大学,SDU-TCS,王天竹,袁胜利,禚安垣,,False,True,6,960,,+3(118),,+(201),,,+(32),+1(180),+1(311),,,,,+(18)
120,,南京大学,手气王定的,张瑞珉,周宇曦,朱羽宽,,False,True,6,990,,+2(96),,+7(273),,,+(51),+2(111),-3,,,,+2(156),+1(23)
121,45,西湖大学,智慧yummy扬帆启航,严密,周扬帆,毛智辉,,False,True,6,1000,,+4(58),-2,+(189),-1,-1,+3(119),+(149),-1,-1,-1,-1,+2(287),+(18)
122,46,西安电子科技大学,喵喵喵,张亲翰,刘朝旭,罗杰,,False,True,6,1023,,+(56),,+1(213),,,+1(48),+1(245),+4(300),,,,,+(21)
123,,山东大学,山东大学深圳分校,周何,许蕴朴,孟令铠,,False,True,6,1071,,+3(112),,+5(166),,,+2(58),+(201),,,,,+1(295),+(19)
124,,中国科学技术大学,烧烤队列,于泳昊,楼元培,张云起,,False,True,6,1078,,+2(145),,+(135),,,+6(158),+(108),,,,,+3(302),+(10)
125,47,中南大学,电子界探寻者,江天运,易光廷,周湘予,,False,True,6,1087,,+4(90),,+(102),,,+(36),+11(238),,,,,+(273),+1(28)
126,,北京理工大学,Penalty这么高它的意思一定是分数吧,柯宁皓,张思哲,黄康,,False,True,6,1094,,+2(69),,+1(207),,,+1(92),+(288),,,,,+2(295),+(23)
127,48,华东师范大学,回滚许队,冯顾炜,许乐,冯嘉一,,False,True,6,1146,,+2(111),,+1(260),,,+3(167),+(163),,,,,+(303),+(22)
128,,北京航空航天大学,哟哟,李澎瑞,孙健钧,黄伟宁,,False,True,5,290,,+(32),,+(118),,,+(42),+(71),,,,,-3,+(27)
129,,中国科学技术大学,可爱白毛萝莉,孙旭磊,殷跃然,曾昱嘉,,False,True,5,340,,+1(54),,+(95),,,+(35),+(113),,,,,-4,+(23)
130,,北京航空航天大学,本科打ACM月薪三千,杨斌涵,陈昊旸,林贝宁,,False,True,5,360,,+(69),,+(93),,,+(43),+(138),,,,,-3,+(17)
131,,同济大学,仙银,郎若谷,高胜寒,李堂辉,,False,True,5,362,,+(54),,+1(144),,,+(40),+(88),,,,,-7,+(16)
132,,吉林大学,東雲端,孔泉智,席乐媛,徐梓博,,False,True,5,369,,+(57),,+(53),,,+1(66),+1(128),-2,,,,-4,+(25)
133,49,上海财经大学,iDLEM@STER O149,郭士纳,史靖玮,姜聿时,,False,True,5,383,,+(71),,+(93),,,+1(34),+(151),,,,,-13,+(14)
134,50,华南理工大学,五小时对于三个acmer来说还是太难了,赵玺焱,唐瑞林,李嘉锐,,False,True,5,387,,+(58),,+(103),,,+1(55),+(139),,,,,-2,+(12)
135,,中国科学院大学,Chirp-Z变换,林海昊,朱奕杰,许天祺,,False,True,5,393,,+(63),,+(48),,,+(136),+(121),,,,,,+(25)
136,,吉林大学,管埋员,张智祺,王恕,乔彦博,,False,True,5,405,,+2(80),,+(61),,,+2(43),+(97),,,,,-8,+1(24)
137,51,湘潭大学,海之霸,李子熙,魏志高,程书涵,,False,True,5,411,,+(36),,+1(129),,,+(56),+(98),,,,,-5,+2(32)
138,52,上海大学,树上的忍者,陶钧,房辰燏,松浩然,,False,True,5,412,,+1(37),,+(122),,,+2(43),+2(97),-1,,,,-3,+(13)
139,,杭州电子科技大学,杭电3队,闻人雨泽,傅景康,周靖凯,,False,True,5,427,,+(46),,-1,,,+(41),+(68),,,,,+1(230),+(22)
140,53,西南交通大学,西南交大1队,赵一冰,郭欣森,毛锦阳,,False,True,5,433,,+1(50),,+(102),-1,,+(36),+(153),,,,,-2,+2(32)
141,,南方科技大学,南方科技大学-伊赫拉瓦,彭致远,徐晨熠,王扬皓,,False,True,5,446,,+1(46),,+(112),,,+2(32),+(176),,,,,,+(20)
142,,中山大学,中山大学_可燃乌龙茶,何宇扬,蔡可忻,罗杰,,False,True,5,458,,+(50),,+(99),,,+(62),+1(179),,,,,,+1(28)
143,54,重庆理工大学,乱,于张本,许润峰,张洋,,False,True,5,458,,+(39),,+2(95),,,+(29),+(239),,,,,,+(16)
144,55,华中师范大学,明明如月,王彬宇,郭子寒,曹俞欣,,False,True,5,467,,+(45),,+3(222),,,+(28),+(98),,,,,,+(14)
145,,南京大学,乱敲键盘,陈端锐,张植翔,葛文清,,False,True,5,469,,+(42),,+(212),,,+1(46),+(129),,,,,,+(20)
146,,北京邮电大学,好好想想,司睿洋,尹昱钦,张泽文,,False,True,5,470,,+(71),,+(129),,,+(73),+(170),,,,,-3,+(27)
147,,中山大学,中山大学_十一队,郑少怀,郭翊涛,杨志宸,,False,True,5,477,,+(54),,+(126),,,+(49),+(225),,,,,-8,+(23)
148,56,大连理工大学盘锦校区,这技校真练技术,陈嘉佑,杨镇熙,张正阳,,False,True,5,482,,+(55),,+1(184),,,+1(65),+(114),,,,,,+(24)
149,57,东南大学,西西弗斯,刘一鸣,何辰玮,王俊迪,,False,True,5,483,,+(31),,+(211),,,+(36),+2(147),,,,,,+(18)
150,,复旦大学,小粉兔真爱粉,戴士博,王子乐,李佳骏,,False,True,5,487,,+1(69),,+(210),,,+(42),+2(89),,,,,,+(17)
151,,华东师范大学,Spa7dow Blackfan Club,程籽实,谢书骁,张子彤,,False,True,5,489,,+(42),,+1(171),,,+1(57),+(163),,,,,-3,+(16)
152,,南京大学,食堂难民走线和园卖花,杨宇轩,陈思睿,冯烨聪,,False,True,5,490,,+(45),,+(219),,,+1(62),+1(104),,,,,,+(20)
153,,南京大学,然后，下一题即将通过,邓振霄,鞠哲,缪天顺,,False,True,5,496,,+(114),,+(94),,,+2(91),+(136),,,,,,+(21)
154,,华南理工大学,Fast Fast TLE,吴挺宇,吴尚鸿,甘景贤,,False,True,5,505,,+(60),,+1(126),,,+(82),+(198),,,,,-1,+(19)
155,,华中科技大学,糖果酱,赵亮亮,丁易然,李嘉明,,False,True,5,506,,+1(51),,+(126),,,+(58),+(229),,,,,-7,+(22)
156,58,福建师范大学,杰尼龟快使用飞叶快刀,夏子洋,柯培垚,王潇,,False,True,5,520,,+4(77),,+(90),,,+1(56),+1(162),,,,,,+(15)
157,,北京航空航天大学,早知道，还是可口可乐,杭洋,刘昊言,李墨之,,False,True,5,520,,+1(80),,+(113),,,+(44),+1(220),,,,,,+(23)
158,,上海交通大学,影色舞,戴之恒,胡豪达,王越,,False,True,5,521,,+(59),,+(170),,,+1(76),+(144),,,,,-5,+1(32)
159,,西安交通大学,锦筝叹,李牧远,钟宇,曹思宇,,False,True,5,525,,+1(97),,+2(118),,,+(47),+(182),,,,,-3,+(21)
160,,北京邮电大学,遥遥领先于友队,王昰妍,梁浩然,李鹏烁,,False,True,5,526,,+(54),,+(167),,,+1(59),+(209),,,,,-1,+(17)
161,,中国科学技术大学,苕玩点原神,孙悦淳,金天昊,赖浩宸,,False,True,5,528,,+3(65),,+1(207),,,+1(39),+(93),,,,,-3,+(24)
162,59,郑州大学,都不玩原神,乔培元,赵圣元,梁志杰,,False,True,5,530,,+(51),,+1(298),,,+(44),+(98),,,,,,+(19)
163,60,广州大学,i * i = -1,吴梓涵,黎俊豪,谢艺瀚,,False,True,5,538,,+(60),,+(209),,,+1(39),+1(150),,,,,,+1(20)
164,61,深圳大学,Twilight Illusion,张艺轩,郑博瀚,何元捷,,False,True,5,539,,+(33),,+1(199),,,+3(75),+(133),,,,,-6,+(19)
165,,南京信息工程大学,笨蛋天才膜法师,刘一鸣,刘阳元,曹煜珑,,False,True,5,539,,+1(71),,+(143),,,+1(55),+(213),,,,,,+(17)
166,,西安交通大学,正在评测中,吴夏天,王博想,邱宇成,,False,True,5,544,,+(68),,+(197),,,+2(59),+(159),,,,,-2,+(21)
167,,复旦大学,杠上林克，队长砍树,邹畅,何昭琛,何友瑭,,False,True,5,545,,+(51),,+(180),,,+(36),+2(222),,,,,-4,+(16)
168,,浙江工业大学,choke豁免检定大成功,鲍成,叶瑞阳,罗志炜,,False,True,5,546,,+(50),,+1(268),,,+(43),+(146),,,,,-4,+(19)
169,,清华大学,天宫抛物,孙乐然,何珈玮,陈卓裕,,False,True,5,553,,+1(67),,+3(112),,,+1(42),+2(173),-5,,,,,+(19)
170,,哈尔滨工业大学,睡到自然醒,徐明拯,任相龙,曾浩锐,,False,True,5,553,,+1(67),,+(236),,,+(49),+(151),,,,,,+(30)
171,62,浙大城市学院,扫雷爱好者,陈至之,沈墨昕,褚锦威,,False,True,5,556,,+(56),,,,,+(38),+(134),,,,,+(311),+(17)
172,63,北京师范大学,苹果狗,陈志锐,王儒斌,徐若翔,,False,True,5,557,,+1(112),,+(192),,,+1(54),+(137),-5,,,,,+(22)
173,64,绍兴理工学院,可乐神探,江亚君,谢琳涵,徐冕,,False,True,5,557,,+1(71),,+(261),,,+(63),+(112),,,,,,+(30)
174,,福州大学,最佳小丑,林东颖,傅安,江滢怡,,False,True,5,562,,+(55),,+1(182),,,+(50),+2(165),,,,,-3,+1(30)
175,65,南京邮电大学,njupt24team002,蒋明辉,蔡振川,向韫韬,,False,True,5,563,,+1(46),,+2(221),,,+(56),+1(137),,,,,,+(23)
176,66,东北大学,NEU_飞禽走兽,王涵聪,王啸烽,陈增杰,,False,True,5,566,,+1(113),,+(167),,,+1(40),+(160),,,,,-3,+1(26)
177,67,国防科技大学,青铜时代号,李泽锴,王荣航,蒋卓彧,,False,True,5,569,,+1(91),,+3(175),,,+2(72),+(87),,,,,-5,+(24)
178,,南京大学,我打铁牌？真的假的？,黄文睿,谭泽晖,张浩淼,,False,True,5,574,,+(40),,+1(127),,,+2(32),+2(258),,,,,,+(17)
179,68,西南大学,Auto-C++,马博涵,徐畅,傅祥斌,,False,True,5,576,,+(39),,,,,+1(33),+1(139),+3(245),,,,,+(20)
180,,山东大学,复活吧，我的 yc,王在烜,俞程,史洪舰,,False,True,5,579,,+1(83),,+1(76),,,+2(128),+1(170),,,,,,+(22)
181,69,江苏大学,队友呢，救一下啊,张道正,庞政,赵安杰,,False,True,5,579,,+1(89),,+(245),,,+(41),+1(146),,,,,,+(18)
182,,中山大学,中山大学_破空之势,李景楠,张温楷,游少濠,,False,True,5,582,,+(32),,+5(213),,,+1(49),+(104),-3,,,,-2,+2(24)
183,,哈尔滨工业大学（深圳）,重生之我在哈工深打ACM,秦绍竣,任德阳,王一鸣,,False,True,5,584,,+(50),,+1(255),,,+(43),+(119),,,,,,+2(57)
184,70,重庆邮电大学,邮电启动,付宇新,赵俊超,潘乐乐,,False,True,5,585,,+(32),,+(82),,,+3(138),+2(211),,,,,,+(22)
185,,吉林大学,断桥雪,周宇恒,黄昌盛,陈鹏宇,,False,True,5,587,,+1(100),,+(216),,,+(45),+(182),,,,,-4,+(24)
186,,华中科技大学,奇思妙想,潘裕洲,苏畅,方逸凡,,False,True,5,590,,+(105),,+(280),,,+(51),+1(99),,,,,-5,+(35)
187,71,集美大学,夏日重现,道又铭,叶文定,庄晓兵,,False,True,5,597,,+(72),,+(174),,,+(48),+(259),,,,,,+1(24)
188,72,香港城市大学,食咗飯未,高义雄,郑上锟,燕雅超,,False,True,5,600,,+(33),,-2,,,+1(70),+1(115),,,,,+4(243),+(19)
189,73,香港科技大学,Team Name Not Found,吕嘉杰,杨善行,杨善进,,False,True,5,602,,+2(70),,+(137),,,+1(82),+1(201),,,,,,+(32)
190,,南京理工大学,混沌蝴蝶,丁则文,吴俐伽,王一萌,,False,True,5,605,,+(66),,+2(221),,,+(55),+(206),,,,,,+(17)
191,74,山东大学（威海）,听我说先别急,尚棋浩,严一涵,倪子鉴,,False,True,5,605,,+1(40),,+(242),,,+1(71),+(182),,,,,-1,+(30)
192,,西北工业大学,小甜甜,李可期,邹嘉豪,钟涛宇,,False,True,5,609,,+1(65),,+(141),,,+2(89),+(226),,,,,-4,+(28)
193,75,重庆大学,WA的速度是每秒五十次,喻言,周骁坤,杨展途,,False,True,5,612,,+1(64),,+(258),,,+(48),+1(184),,,,,,+(18)
194,76,西北大学,剑舞者,朱钊毅,伍俊霖,蒋宏烨,,False,True,5,612,,+(78),,+1(282),,,+1(44),+(150),,,,,,+(18)
195,,南开大学,难开题开题难,陈彦兴,何闻硕,张宇墨,,False,True,5,614,,+1(60),,+2(196),,,+2(69),+(164),,,,,-4,+(25)
196,77,中国人民大学,森林冰火人,任秦江,林志诚,林梓楠,,False,True,5,614,,+(85),,+1(154),,,+1(53),+(248),,,,,-3,+(34)
197,,西湖大学,Genshin Impart,周禹卿,王子俊,王宇皓,,False,True,5,615,,+1(88),,+(226),,,+1(51),+(183),,,,,,+(27)
198,78,哈尔滨工程大学,有人说亡藜伴白首不如物流部报数那为什么不叫王老板爆杀,王一帆,金炜东,张传炯,,False,True,5,621,,+1(52),,+(226),,,+1(66),+(177),,,,,,+1(40)
199,,华中科技大学,红温黄豆,胡伟江,黄浚源,刘祖泰,,False,True,5,623,,+(70),,+1(172),,,+1(66),+2(191),,,,,-1,+(44)
200,,南京邮电大学,njupt24team001,张禹健,冯一帆,文超航,,False,True,5,629,,+(72),,+(296),,,+1(82),+(142),,,,,-2,+(17)
201,,吉林大学,砖打林鸡,陈鹏旭,王天泽,王宗凡,,False,True,5,633,,+1(61),,+(292),,-4,+2(66),+2(44),,,,,,+2(30)
202,,同济大学,星辰之音,尚莉强,杨非凡,吕博文,,False,True,5,645,,+1(43),-5,+(171),,,+1(98),+1(248),-1,,,,-1,+(25)
203,,杭州电子科技大学,杭电5队,许思杰,蔡炜权,范宇航,,False,True,5,647,,+1(60),,-4,,,+(34),+(185),,,,,+1(309),+(19)
204,,电子科技大学,UESTC_正在验证您是否是真人,汤宗铉,林子豪,李果,,False,True,5,652,,+(79),,+(126),,,+1(94),+1(282),,,,,-6,+(31)
205,,北京邮电大学,堂吉诃德,卢安来,王冀恒,管庆涵,,False,True,5,653,,+1(55),,+1(241),,,+1(41),+2(202),,,,,,+(14)
206,,北京理工大学,卡批炉批和穹批,梁思源,李昂,郑润哲,,False,True,5,663,,+(30),,+3(285),,,+1(59),+(164),,,,,,+1(25)
207,,同济大学,登神长阶,张翔,林鑫宇,王琨瑀,,False,True,5,665,,+2(85),,+1(166),,,+(37),+1(283),,,,,,+(14)
208,,北京邮电大学,如果爆零能报销回家车费吗,赵佳一,陈育堃,李天阳,,False,True,5,666,,+(67),,+2(207),,,+(63),+(265),,,,,,+(24)
209,79,中国传媒大学,一刻也没有为TLE哀悼，立刻赶往战场的是,陈旻庚,朱霁,叶阳,,False,True,5,667,,+(45),,+(268),,,+(78),+3(197),,,,,,+(19)
210,80,浙江万里学院,MikuFans,竺夏,赵之钰,王力澜,,False,True,5,668,,+1(81),-3,+(185),,,+5(107),+(154),,,,,-1,+(21)
211,,中国人民大学,嘉然今天创什么,李林豇,汪元森,陈志朋,,False,True,5,668,,+1(99),,+(185),,,+2(110),+(175),,,,,-1,+(39)
212,,西北大学,越来越好,安俊杰,易李彦翰,姜博宇,,False,True,5,672,,+(88),,+(146),,,+1(67),+1(274),,,,,,+1(37)
213,,南京大学,南小鸟,朱家辰,周相羽,贺卓宇,,False,True,5,674,,+(58),,+(162),,,+1(101),+2(270),,,,,-2,+(23)
214,,浙江师范大学,ZJNU_05,王学远,丁逸飞,潘锦桦,,False,True,5,679,,+(60),,+1(105),,,+5(104),+1(228),,,,,,+1(22)
215,,上海交通大学,复活者联盟,赵有榛,张博钜,黄烨威,,False,True,5,680,,+(54),,+5(293),,,+(81),+(110),,,,,-6,+1(22)
216,,北京邮电大学,对了没？如队,曾行周,钱文韬,徐衍巅,,False,True,5,681,,+(67),,+1(166),,,+(46),+4(277),,,,,,+(25)
217,,西安交通大学,宇宙将为你闪烁,王禹皓,邓熙健,石皓文,,False,True,5,683,,+(51),,,,,+(43),+4(175),,,,,+1(285),+(29)
218,81,燕山大学,塔山二队,孙振轩,,,,False,True,5,691,,+(77),,+2(240),,,+2(79),+2(159),,,,,,+(16)
219,,电子科技大学,UESTC_xxx,蔡少政,吴峻锋,吴宇环,,False,True,5,695,,+(37),,+3(287),,,+(50),+4(164),,,,,-3,+(17)
220,,山东大学,电话微波炉（暂定）,詹靖杰,宿子腾,董家豪,,False,True,5,696,,+3(91),,+(173),,,+1(47),+1(262),,,,,-2,+(23)
221,82,北京科技大学,我再试试,何开煜,潘涵,董瑞洋,,False,True,5,701,,+1(67),,+(307),,,+1(55),+(208),,,,,,+(24)
222,,山东大学,老年皮划艇,李梓阳,黄垚挺,于斐,,False,True,5,703,,+1(87),,+(183),,,+(56),+2(291),,,,,,+(26)
223,83,昆山杜克大学,哦豁,胡子,沈知远,孙厚旻,,False,True,5,706,,+1(54),,+2(281),,,+(43),+3(185),,,,,,+(23)
224,,武汉大学,早八使我快乐,苌子杰,毛一凡,王舒睿,,False,True,5,719,,+1(63),,+(125),,,+5(138),+(137),,,,,,+3(76)
225,84,杭州师范大学,春天的草莓和夏天的啤酒花,林丰,尤馨然,邵茹怡,,False,True,5,720,,+2(116),,+(298),,,+1(57),+(167),,,,,,+(22)
226,,北京邮电大学,网瘾犯了求求你把牌子给我,陈杰祥,刘益铭,谢志宏,,False,True,5,721,,+2(94),,+(297),,,+2(51),+(181),,,,,,+(18)
227,,重庆大学,不考计算几何就摆烂,葛轩铭,陈泆君,鲁永卓,,False,True,5,726,,+(46),,+2(272),,,+3(84),+1(187),,,,,,+(17)
228,85,兰州大学,心海未路,水源,张恩彬,吕澎,,False,True,5,730,,+2(119),,+4(131),,,+(42),+1(280),,,,,,+(18)
229,,上海大学,cr8tive,靳红飞,杨天浩,田凯文,,False,True,5,730,,+(69),,+(281),,,+(111),+1(221),,,,,,+(28)
230,,南开大学,为什么要演奏acm,陈馨颍,陈伯远,曲恒睿,,False,True,5,733,,+(79),,+2(282),,,+(76),+(231),-1,,,,,+(25)
231,,南京理工大学,茶姬猫猫头,沈培森,刘懿臻,黄苏闽,,False,True,5,739,,+4(88),,+1(180),,,+1(121),+(209),,,,,-6,+(21)
232,86,浙江科技大学,星光算法馆,范思哲,孙以恒,杨佳涵,,False,True,5,743,,+1(102),,+(242),,,+1(108),+1(207),,,,,,+(24)
233,,香港大学,五条牢师,罗靖宇,李屿霏,张钰晨,,False,True,5,743,,+(55),,+(200),,,+1(126),+1(292),,,,,,+(30)
234,87,山东师范大学,这次报了两场比赛,孙兆政,李浩,李睿琦,,False,True,5,744,,+2(102),,+(296),,,+(55),+(200),,,,,,+1(31)
235,88,上海纽约大学,上纽一队,陈智谦,刘濮铭,郭凯越,,False,True,5,745,,+2(72),,+2(183),,,+1(32),-1,,,,,+2(298),+(20)
236,,四川大学,在线光速幂,韩子睿,刘宇凡星,罗实,,False,True,5,752,,+2(85),,+2(229),,,+(45),+(291),,,,,,+(22)
237,89,浙江理工大学,浙理不队,项帅,张浩,章智博,,False,True,5,752,,+1(52),,+4(203),,,+1(39),+1(298),,,,,,+(20)
238,90,新疆大学,花开城南,章凇瑜,夏健翔,王可立,,False,True,5,757,,-9,,+(119),,,+1(45),+(147),,,,,+5(305),+(21)
239,,复旦大学,曼波大战哈姆,罗意明,徐兆恺,陈可汗,,False,True,5,760,,+1(89),,+5(132),,,+1(27),+3(297),,,,,,+(15)
240,91,北京林业大学,上林花似锦,付耀刚,余行健,周欣潼,,False,True,5,763,,+3(96),,+4(217),,,+2(67),+3(128),-1,,,,,+(15)
241,,南京大学,随家仓,樊书岩,邓淇,李承泽,,False,True,5,770,,+1(70),,+3(203),,,+(57),+1(311),,,,,,+(29)
242,,电子科技大学,UESTC_诶哆诶哆呐呐呐,包航,雷霖,覃子睿,,False,True,5,772,,+5(136),,+(211),,,+2(64),+(203),,,,,,+(18)
243,,西安交通大学,唐人,李纳川,刘欣楠,杨润轩,,False,True,5,779,,+2(47),,-19,,,+2(59),+(151),,,,,+6(303),+(19)
244,,中国科学技术大学,五年oi三年io,史启源,王少白,钱易,,False,True,5,787,,+3(115),,+(233),,,+(45),+(312),,-2,-1,-6,,+(22)
245,,北京理工大学,打饿了吃隔壁桌,陈鹏宇,牟星宇,彭田栩,,False,True,5,788,,+(83),,+(256),,,+3(67),+1(286),,,,,,+(16)
246,,中山大学,中山大学_Wonderful_Answer,王泓皓,罗金浩,甘善铭,,False,True,5,789,,+(81),,+2(276),,,+(64),+1(257),,,,,,+1(31)
247,,哈尔滨工业大学,海星罐头,周书扬,李志轩,杜宇丰,,False,True,5,796,,+(50),,+(195),,,+2(169),+1(298),,,,,,+(24)
248,,北京航空航天大学,会挽雕弓如满月,傅可树,梁钧著,马一,,False,True,5,807,,+1(70),,+7(242),,,+(39),+3(216),,,,,,+(20)
249,,同济大学,于离别之朝束起约定之花,靳嘉成,刘诗奇,吴晶承,,False,True,5,815,,+1(76),,+1(295),,,+2(96),+1(141),,,,,,+3(47)
250,92,哈尔滨工业大学（威海）,哦不对不队,龙禺辰,魏贺鹏,胡明聪,,False,True,5,823,,+2(96),,,,,+(98),+1(117),,,,,+9(254),+(18)
251,,中山大学,中山大学_一个小队,周岱昕,陈钰炜,张耀天,,False,True,5,826,,+2(79),,+3(313),,,+(75),+(246),,,,,,+(13)
252,,东南大学,不知道起啥名,靳赫涛,杜鑫研,毛周祥,,False,True,5,838,,+2(84),,+5(250),,,+(73),+1(172),,,,,-3,+3(39)
253,,中南大学,不知道吃什么,周学恒,刘鸣晓,刘润田,,False,True,5,843,,+12(130),,+(156),,,+(37),+2(222),,,,,-1,+(18)
254,93,安徽大学,罚时冠军,周礼阳,张允成,高源,,False,True,5,845,,+9(143),,+(245),,,+(67),+(181),,,,,,+(29)
255,,哈尔滨工业大学（威海）,暮鼓晨钟,李欣鹏,钟晟,李燊茂,,False,True,5,851,,+(103),,+(266),,,+3(140),+(218),,,,,-2,+1(44)
256,,南京理工大学,猫猫头想吃鱼,查怡安,徐菲阳,陈文轩,,False,True,5,854,,+4(141),,+(213),,,+(91),+1(285),,,,,,+(24)
257,,哈尔滨工业大学（深圳）,黑神话：哈深,徐子昂,樊卓意,俞晨泽,,False,True,5,854,,+4(167),,+1(292),,,+1(69),+(170),,,,,-6,+(36)
258,94,湖南城市学院,陆乃子乃子虎视眈眈,杨港宇,陆昌坤,王钦荣,,False,True,5,854,,+1(134),,+1(296),,,+(62),+5(204),,,,,,+(18)
259,,西安交通大学,事已至此，先炸评测机吧,封鸿焱,姜宇骋,王君睿,,False,True,5,907,,+10(165),,+4(149),,,+(54),+(234),,,,,-7,+(25)
260,,浙江师范大学,分秒易逝，V我5时,刘思源,敖浩博,兰博望,,False,True,5,907,,+2(138),,+2(259),,,+1(88),+1(246),,,,,,+1(36)
261,,中山大学,中山大学_明年军训求暴晒,廖海涛,杨淏翔,钟博文,,False,True,5,958,,+1(118),,+1(294),,,+(215),+1(243),,,,,,+(28)
262,95,武汉理工大学,曼波哈基米大战贤者三异鸟,周泽鹏,邢家童,孙晨奥,,False,True,5,995,,+2(36),,+10(213),,,+3(146),+(277),,,,,,+(23)
263,,山东大学,诺曼底登陆,孙更欣,高士轩,于瑞灏,,False,True,5,999,,+1(67),,+(286),,,+6(158),+5(231),,,,,,+(17)
264,96,上海师范大学,你用着二次元头像说我是二次元？,林彬,王刚,李至峰,,False,True,5,1000,,+6(145),,+(302),,,+(117),+4(208),,,,,,+(28)
265,97,中国矿业大学,无名之辈,黄科海,梁浩均,周佳炜,,False,True,5,1001,,+2(90),,+(314),,,+4(174),+(283),,,,,,+(20)
266,98,福建理工大学,猿农舟,郑晟睿,林舜华,陈鹏,,False,True,4,173,,+(55),,-2,,,+(32),+(67),,,,,,+(19)
267,,东北大学秦皇岛分校,最澄澈的空与海,邓逸飞,王若翔,唐德斌,,False,True,4,187,,+(47),,+1(61),,,+(38),-1,,,,,-8,+(21)
268,,东北大学,东北大学_夕阳红小队,濮金骁,祝云飞,王子晗,,False,True,4,229,,+(61),,,,,+(34),+(120),,,,,-8,+(14)
269,,武汉大学,无言的宇宙,金润禾,张涵,孙阳光,,False,True,4,235,,+1(48),,,,,+(32),+1(98),,,,,,+(17)
270,,中南大学,大鸟ZigZigZag,高雨涵,朱天乐,文启智,,False,True,4,238,,+(63),,-2,,,+(33),+1(105),,,,,,+(17)
271,,浙江师范大学,ZJNU_12队,潘锦桦,俞天琦,翁一栋,,False,True,4,251,,+(68),,,,,+(40),+(126),,,,,,+(17)
272,,清华大学,成群结队,吴佰霆,石昕潼,张德洵,,False,True,4,262,,+(33),,-2,,,+1(47),+(144),,,,,,+(18)
273,99,香港理工大学,一川烟草,向昱帆,王钰淇,孙欣锐,,False,True,4,265,,-11,,+(84),,,+1(57),+(93),,,,,-9,+(11)
274,,华中科技大学,有没有什么很捎又不会被封的队名,刘星佳,黄暄骜,刘铖,,False,True,4,271,,+1(41),,-4,,,+1(64),+(96),,,,,-2,+(30)
275,,华中科技大学,诗羽 花花 Corinth,沈明辉,冯元宁,李佩远,,False,True,4,291,,+1(41),,-22,,,+(60),+1(126),,,,,,+(24)
276,,四川大学,失败的系统测试,江来,邹昔贝,夏知齐,,False,True,4,291,,+(42),,-2,,,+(61),+1(135),,,,,,+(33)
277,100,东华大学,陈晓剑舞,郭旭阳,孙逸凡,杨文杰,,False,True,4,292,,+(60),,-4,,,+(49),+(165),,,,,,+(18)
278,,北京邮电大学,试者如斯夫，不舍昼夜,安澍,秦维斌,李泽林,,False,True,4,296,,+(47),,,,,+1(50),+(151),,,,-2,-4,+(28)
279,,复旦大学,重生之塔菲先别急喵,谢锦树,柯炳屹,张勖扬,,False,True,4,297,,+(43),,-1,,,+1(42),+2(130),,,,,-1,+(22)
280,,武汉大学,终末旅行,李澍,解丛语,厉汪扬,,False,True,4,299,,+(55),,-27,,,+(43),+(148),,,,,,+1(33)
281,101,长沙理工大学,流萤,沈彬宇,陈师贤,赵翰熙,,False,True,4,302,,+1(62),,-2,,,+1(39),+1(125),,,,,,+(16)
282,,湘潭大学,夜曲,曾庆鑫,卓越,叶祖晨,,False,True,4,305,,+1(61),,-7,,,+(60),+(148),,,,,,+(16)
283,,中山大学,中山大学_不难发现这很队,陈浩贤,何亮,杨立伟,,False,True,4,306,,+(71),,,,,+1(77),+1(101),,,,,-1,+(17)
284,,华南理工大学,打xcpc不喊我,吕浩天,徐睿,梁立州,,False,True,4,311,,+(48),,-1,,,+2(45),+(161),,,,,-4,+(17)
285,,华东师范大学,行则将至,杜霖,王江扬,张潮,,False,True,4,313,,+1(55),,-6,,,+1(54),+(146),,,,,,+(18)
286,102,中国海洋大学,No Answer of Wrong Answer,冯钰恒,陈岳阳,张成玺,,False,True,4,315,,+(61),,+(126),,,+2(66),-6,,,,,,+(22)
287,,华东师范大学,假飞了！,冯中信,姜朝顺,陈赵润,,False,True,4,315,,+1(54),,,,,+2(48),+(138),,,,,-2,+(15)
288,103,北京交通大学,树枝孤鸟,王欣洋,方瑞年,王酩璋,,False,True,4,316,,+(73),,,,,+(64),+(155),,,,,,+(24)
289,104,上海理工大学,301兆亿的星空,刘斌然,姚陆涵茗,孙乐彦,,False,True,4,316,,+(39),,-2,,,+(57),+2(162),,,,,,+(18)
290,,南开大学,对他使用djikstra吧,冯宇好,廖望,杨樹,,False,True,4,317,,+1(86),,-2,,,+1(44),+(124),,,,,-6,+(23)
291,,电子科技大学,UESTC_EndlessEmbrace,余天羽,王鹏,王彬丞,,False,True,4,319,,+(81),,-1,,,+(58),+2(128),,,,,,+(12)
292,105,大连海事大学,牛刀小试,周晨枫,任毅,张雨露,,False,True,4,319,,+(40),,+(212),,,+1(32),-4,,,,,,+(15)
293,106,中国民航大学,合法队名选择器,崔凌宵,陆浩楠,颜一鸣,,False,True,4,323,,+(81),,-1,,,+1(58),+(147),,,,,,+(17)
294,107,华南师范大学,aha_fan,李梓健,,,,False,True,4,327,,+(90),,,,,+1(61),+(138),,,,,,+(18)
295,,南京大学,九九,许世泽,朱伟鹏,张宸源,,False,True,4,327,,+(30),,-1,,,+1(72),+(181),,,,,,+(24)
296,108,山东理工大学,清纯白毛小萝莉,王鹤翱,孙童乐,从文杰,,False,True,4,327,,+(69),,,,,+(35),+1(183),,,,,,+(20)
297,,西安电子科技大学,喵亦或鱼,谢睿杰,冯子诚,文童宇,,False,True,4,327,,+(44),,,,,+(56),+(206),,,,,,+(21)
298,,西安电子科技大学,水产王,孙振元,陈俊丞,王骏杰,,False,True,4,328,,+1(66),-1,-5,,,+2(46),+(140),,,,,,+(16)
299,109,北京工业大学,超长待机,佟祥正,管丹辰,陈建宇,,False,True,4,331,,+2(79),,-4,,,+(51),+(135),,,,,,+(26)
300,110,山东科技大学,柏林号,岳立冬,张一炜,高宇,,False,True,4,332,,+1(44),,-5,,,+(71),+1(160),,,,,,+(17)
301,,北京理工大学,内核恐慌,张书豪,陈驭祺,徐宇飞,,False,True,4,333,,+(44),,-3,,,+2(73),+(161),,,,,-1,+(15)
302,,香港科技大学广州,ZJJ是赵家杰,张晋杰,赵欣昊,何家睿,,False,True,4,333,,+1(46),,-2,,,+(62),+(185),,,,,-4,+(20)
303,,北京理工大学,哈基米TV之玩米哈游玩的,金典,黄冠泽,张智文,,False,True,4,336,,+(62),,,,,+1(37),+1(158),,,,,-2,+1(19)
304,,四川大学,拼图,陈凯奇,杨卓,林宸,,False,True,4,337,,+1(77),,-4,,,+(67),+(155),,,,,,+(18)
305,,中山大学,中山大学_队,吴振熙,万耀文,谭栋泽,,False,True,4,339,,+(75),,-2,,,+2(57),+(151),,,,,,+(16)
306,,南京航空航天大学,黄转绿,谢雨奇,王锴,匡显然,,False,True,4,341,,+(59),,-4,,,+(48),+1(168),,,,,-4,+1(26)
307,,杭州电子科技大学,杭电4队,罗传杰,俞越,张雨泽,,False,True,4,342,,+1(67),,-2,,,+2(51),+(117),,,,,-2,+1(27)
308,,长沙理工大学,Sakura,唐彪,谭焱文,马艺,,False,True,4,347,,+2(83),,-8,,,+(38),+(164),,,,,,+(22)
309,,浙江万里学院,万里2队,袁礼赞,钱沁浩,侯睿远,,False,True,4,348,,+(71),,-1,,,+(47),+(181),,,,,,+1(29)
310,,北京交通大学,今宵露宿何妨,刘泽晖,李辰璋,王嘉胜,,False,True,4,351,,+(65),,,,,+1(72),+(165),,,,,,+(29)
311,,哈尔滨工程大学,我推的七海暴吃0721次罚时因为在原神启动,宿斯玮,黄凯鹏,吴兆昕,,False,True,4,352,,+2(87),,-11,,,+(32),+1(150),,,,,,+(23)
312,,北京航空航天大学,fumofumo,段岳辰,张子昱,任一杰,,False,True,4,352,,+(52),,+2(177),,,+1(45),-4,,,,,,+(18)
313,,中山大学,中山大学_古希腊掌管罚时的神,雷灏,刘开予,覃锐麟,,False,True,4,353,,+1(81),,-11,,,+1(52),+(126),,,,,,+1(34)
314,111,宁波大学,泥巴动物园,沈天佑,方炫玮,吴镇桥,,False,True,4,353,,+1(87),,+2(132),,,+(54),-4,,,,,,+(20)
315,,电子科技大学,UESTC_*._.*,郑智馨,赵聪,郑祯宇,,False,True,4,353,,+(40),,+1(197),,,+1(59),-6,,,,,,+(17)
316,,南开大学,粥畜除三害,章壹程,李佳璞,刘砚桐,,False,True,4,354,,+(51),,+1(189),,,+(44),-2,,,,,,+1(30)
317,,中国科学技术大学,退休中灯再就业,赵泽昆,汪晨曦,陈纳川,,False,True,4,358,,+1(68),,,,,+3(70),+(119),,,,,,+(21)
318,,哈尔滨工业大学（深圳）,这么出题是吧,高俊垚,李潭啸,蔡易轩,,False,True,4,361,,+(79),,,,,+1(49),+(188),,,,,,+(25)
319,,哈尔滨工业大学（威海）,帅比队长还在征婚QQ2216541094,解裕懋,李义朋,沈晨阳,,False,True,4,362,,+1(46),,-1,,,+2(64),+1(141),,,,,-11,+(31)
320,,华中科技大学,五个月了不会喝果冻,吴高宇,李秉翰,黄国栋,,False,True,4,362,,+(71),,-3,,,+(49),+1(199),,,,,,+(23)
321,,湘潭大学,训练两年半，何日上绿名,方云卓,谢先皓,谢东骏,,False,True,4,363,,+(54),,-5,,,+1(86),+1(156),,,,,,+(27)
322,112,北京信息科技大学,你猜金城厚不厚,朱默涵,房承烨,韩家成,,False,True,4,366,,+(88),,-1,,,+(46),+(213),,,,,,+(19)
323,,东北大学秦皇岛分校,鸡鸣湖畔,司伟业,张裕博,张昱东,,False,True,4,368,,+1(70),,+1(133),,,+1(89),-6,,,,,-3,+(16)
324,113,浙大宁波理工学院,青梅绿茶,涂荣基,吴东,吴泽坤,,False,True,4,368,,+1(106),,-2,,,+(59),+(164),,,,,,+(19)
325,,北京交通大学,白夜追风,殷澄宇,陈可致,杨展宇,,False,True,4,369,,+(63),,-1,,,+(43),+2(194),-5,,,,,+(29)
326,,西安电子科技大学,三分之二去景点,曾岩,夏秀锟,田康杰,,False,True,4,371,,+(61),,-2,,,+1(69),+(184),,,,,,+(37)
327,,华南师范大学,最后一页,严雍泽,徐书研,吴彪生,,False,True,4,372,,+(64),,-2,,-1,+(57),+1(215),,,-1,,-1,+(16)
328,114,中国地质大学（北京）,起名不如打猿神,夏冬,许桥飞,陈俊豪,,False,True,4,373,,+1(51),,,,,+(71),+1(197),,,,,,+(14)
329,,东华大学,不可视境界线,金浩帆,杨韵清,侯迦得,,False,True,4,373,,+(47),,+(243),,,+1(42),-1,,,,,,+(21)
330,,华中师范大学,曾位俊,曾位俊,邱俊凯,郑壹腾,,False,True,4,374,,+(73),,,,,+(104),+(175),,,,,-1,+(22)
331,,上海理工大学,主,董柯演,张皓宇,吴佳霖,,False,True,4,376,,+3(102),,-5,,,+1(38),+(142),,,,,-1,+(14)
332,,同济大学,君与构造与构造之恋,李烨,鲁浩宇,杜宇轩,,False,True,4,376,,+(42),,+1(167),,,+3(67),-9,,,,,,+(20)
333,115,河南大学,狗不理包子,尤铭,胡逢彬,孙小文,,False,True,4,378,,+(94),,,,,+1(78),+(171),,,,,,+(15)
334,116,成都信息工程大学,帝企鹅,刘雨葳,林莫豪,李奕乐,,False,True,4,378,,+1(94),,-3,,,+(35),+(208),,,,,,+(21)
335,117,贵州大学,被408乱杀的acm loser,傅锦灿,高嘉阳,曾德鑫,,False,True,4,379,,+(78),,,,,+1(57),+(203),,,,,,+(21)
336,118,长沙学院,冲冲冲,应郑涛,曾翔,何南宁,,False,True,4,380,,+(89),,-45,,,+(52),+3(162),,,,,,+(17)
337,,杭州电子科技大学,杭电10队,帅嘉洋,吴立文,王秉杭,,False,True,4,381,,+(53),,+(257),,,+(44),,,,,,,+(27)
338,,浙江师范大学,该戒网瘾了,嵇纹垲,陈炯荣,张煜,,False,True,4,382,,+3(88),,,,,+(45),+(168),-1,,,,,+(21)
339,,北京交通大学,世纪难题,周一鸣,孙宁,邬健翔,,False,True,4,382,,+(34),,-2,,,+1(127),+(177),,,,,,+(24)
340,,福州大学,Wa?Wa也算时间哦,廖棋灿,陈程忞,吴羽晗,,False,True,4,383,,+1(99),,-4,,,+(71),+(174),,,,,,+(19)
341,,长沙理工大学,代码不能从这一侧AC,徐彬峰,詹一夫,王兴宇,,False,True,4,383,,+(93),,-2,,,+1(76),+(178),,,,,,+(16)
342,,北京邮电大学,帮帮我，评测机老爷爷！,蔡禹煊,曾巍,蔡佩霖,,False,True,4,383,,+(57),,-4,,,+1(71),+(213),,,,,,+(22)
343,,西安交通大学,WA症候群,薛楠恺,黄万平,封俊宇,,False,True,4,384,,+2(86),,,,,+(71),+(164),,,,,,+(23)
344,119,中国石油大学（华东）,中石大2005,韩绍泽,杨立鑫,刘亚宁,,False,True,4,385,,+(74),,-3,,,+1(49),+(227),,,,,-3,+(15)
345,,深圳大学,不要找我打什么黑吗喽我要学算法打比赛OK？,查凯文,刘骐华,佘洽聪,,False,True,4,388,,+1(82),,-24,,,+1(68),+1(161),,,,,,+(17)
346,120,湖南师范大学,栀晓,唐熙林,魏佳蕾,杨泽旭,,False,True,4,388,,+1(62),,-4,,,+3(39),+(193),,,,,,+(14)
347,,浙江工业大学,下次还填非常简单,高钰峰,梁越,杨若童,,False,True,4,390,,+(78),,+(189),,,+2(62),-1,,,,,,+(21)
348,,电子科技大学,UESTC_宇宙超级无敌暴龙战士,幸旭鑫,黄雪锋,周蛰粼,,False,True,4,390,,+(89),,-1,,,+(59),+(195),,,,,,+1(27)
349,,山东大学,你说的对，但是,左景萱,卢彦良,叶世昕,,False,True,4,390,,+(31),,-1,,,+2(58),+1(210),,,,,,+(31)
350,,山东大学,你有这样高速运转的机械进入软件园,孙语聪,孙广宸,燕学烨,,False,True,4,391,,+2(163),,-1,,,+(53),+(116),,,,,,+(19)
351,,集美大学,我想同你永望黄昏,颜秉轩,姚远,许超洪,,False,True,4,391,,+(74),,,,,+1(48),+(233),,,,,,+(16)
352,,上海财经大学,尼采说得队,陶晟昱,,,,False,True,4,393,,+1(85),,+2(182),,,+(50),-1,,,,,,+(16)
353,,华中科技大学,罚时上天,张俊焕,朱雨程,王畅,,False,True,4,394,,+1(80),,-2,,,+(56),+(160),,,,,,+2(38)
354,,中国科学技术大学,白日梦想家,王怡钧,蔡俊成,高君祚,,False,True,4,396,,+(31),,+1(143),,,+4(100),-7,-3,,,,,+(22)
355,,东北大学,东北大学_好果汁,刘格显,贺康,房田峰,,False,True,4,396,,+1(67),,,,,+(83),+1(190),,,,,,+(16)
356,,浙江工业大学,我太想进步了,黄陈兆鋆,朱科睿,苏雨钦,,False,True,4,398,,+(58),,-1,,,+2(77),+(201),,,,,-1,+(22)
357,,华中科技大学,啊哈哈哈哈,孙航雨,邱卓珩,李嘉泽,,False,True,4,404,,+(59),,-1,,,+1(70),+(223),,,,,,+(32)
358,121,湖南理工学院,流泪猫猫头,金烜宇,梁韧,林卫昱,,False,True,4,405,,+2(58),,,,,+1(97),+(168),,,,,,+(22)
359,,西安交通大学,萨摩耶空间站站长今天买什么,胡辰同,林沫非,李彧闻,,False,True,4,405,,+1(40),,-3,,,+1(71),+(230),,,,,,+(24)
360,,郑州大学,历史为什么选择了黄前久美子,罗飞云,彭俊儒,曹建壮,,False,True,4,410,,+2(95),,-5,,,+(37),+2(171),,,,,,+(27)
361,122,北京化工大学,O.o,彭天祺,徐文博,邱若昕,,False,True,4,411,,+(73),,,,,+2(64),+(219),,,,,,+(15)
362,,南开大学,amadeus,姚知言,黄尚扬,王乐琦,,False,True,4,411,,+(33),,,,,+(83),+1(259),,,,,,+(16)
363,,浙江工业大学,我们必须想像他们是幸福的,谢宇韬,郭正楠,谢子杰,,False,True,4,412,,+1(110),,+(188),,,+1(57),-1,,,,,,+(17)
364,,华东师范大学,东方 homo 馆,漆宇祥,范晨阳,余东桦,,False,True,4,413,,+2(60),,,,,+1(48),+2(189),,,,,,+(16)
365,,东华大学,堇青之夜,鲍威凌,黄城帆,张晓高,,False,True,4,413,,+(46),,-1,,,+1(120),+(212),,,,,,+(15)
366,123,中国石油大学（北京）,哪里有石油哪里就是我的家,宋家乐,仝泰旻,段盈君,,False,True,4,419,,+(97),,,,,+1(83),+(185),,,,,,+(34)
367,,南京航空航天大学,DML,沈运之,邵嘉奇,任衍硕,,False,True,4,419,,+2(54),,+(247),,,+1(40),-2,,,,,,+(18)
368,124,哈尔滨理工大学,哈理工2024Y11,王令开,刘泽旭,李晶洋,,False,True,4,421,,+1(123),,+(191),,,+(41),-2,,,,,,+1(26)
369,,南京大学,广告位招租,邓铭越,郦恒仪,程星智,,False,True,4,421,,+(36),,+1(269),,,+1(58),-5,,,,,,+(18)
370,,上海理工大学,八足的末日物语,章振杰,黄毅帆,龚丞思,,False,True,4,424,,+2(77),,-1,,,+2(71),+(147),,,,,,+1(29)
371,,安徽大学,嗷呜嘎嘎,桑浩翔,胡明道,张嘉怡,,False,True,4,424,,+2(123),,,,,+1(70),+(148),,,,,,+(23)
372,,厦门大学,XMU01,蔡培,赵子越,谢舜天,,False,True,4,425,,+(30),,,,,+(79),+3(231),,,,,,+(25)
373,,深圳大学,秋秋你给我一块金牌吧，我什么都绘做的,王荟斐,蔡子健,邹瀚泓,,False,True,4,426,,+(49),,-2,,,+2(61),+2(217),,,,,,+(19)
374,,中山大学,中山大学_题解的做法都,陈政宇,元朗曦,王宇晨,,False,True,4,428,,+(74),,-6,,,+3(70),+1(183),,,,,,+(21)
375,,广东工业大学,加睡,梁若飞,梁伟,陈中豫,,False,True,4,429,,+(55),,,,,+2(92),+(198),,,,,,+1(24)
376,,四川大学,来计院只为摄金,钟诚,张麒豫,刘泽勋,,False,True,4,430,,+(59),,-6,,,+1(66),+1(247),,,,,,+(18)
377,,北京工业大学,铁牌也是牌,李俊良,张驰,冯际鸣,,False,True,4,432,,+1(92),,-7,,,+1(73),+2(165),,,,,,+(22)
378,125,大连理工大学,dlut03,徐易,吴胤祺,孟家祺,,False,True,4,432,,+1(73),,+(220),,,+1(67),-14,,,,,,+(32)
379,126,中国矿业大学（北京）,mmkv,罗心伟,郭天茁,史坪巧,,False,True,4,433,,+(96),,,,,+1(64),+(237),,,,,,+(16)
380,,北京交通大学,七海之旅,王君斐,杜宜宸,魏浩桓,,False,True,4,435,,+2(116),,-4,,,+(55),+1(186),,,,,,+(18)
381,127,澳门大学,哭泣水龙转转转,麦家俊,席跃,高淼悦,,False,True,4,436,,+2(57),,,,,+1(117),+1(156),,,,,,+(26)
382,128,华南农业大学,公司写题跟nm偷情一样,梁嘉俊,陈国豪,何勤政,,False,True,4,436,,+1(63),,-1,,,+1(44),+3(213),,,,,,+(16)
383,129,湖南科技大学,求求给个CCPC名额吧我们什么都可以做的,胡博潇,彭洋,杨紫陌,,False,True,4,436,,+(58),,-8,,,+(76),+3(225),,,,,,+(17)
384,130,西安理工大学,神秘的力量,马铭源,金钰奇,贾成杰,,False,True,4,437,,+1(86),,-1,,-2,+(46),+1(250),,,,,,+(15)
385,,西安电子科技大学,醉里挑灯看键,俞凯嘉,洪龙颖,陈俊睿,,False,True,4,438,,+(37),,,,,+1(107),+(210),,,,,-1,+2(24)
386,,杭州电子科技大学,杭电6队,张劭晗,陈煜,阮虹涛,,False,True,4,439,,+(61),,-1,,,+(54),+(269),,,,,,+1(35)
387,131,西北农林科技大学,nwafuteam,蔡祺峰,张益诚,向闽星,,False,True,4,444,,+1(40),,-2,,,+2(94),+1(213),,,,,,+(17)
388,132,天津理工大学,老爷爷！我给你踩背来啦！,李衍硕,龚志杰,成冰阳,,False,True,4,444,,+(70),-6,-2,,,+(61),+2(255),,,,,,+(18)
389,,香港中文大学（深圳）,啥都不会队,江璘鋆,张力文,林宇凡,,False,True,4,445,,+1(138),,-2,,,+(79),+(188),,,,,,+(20)
390,,福州大学,除你网络,陈建宇,杨云飞,庄宇烽,,False,True,4,446,,+2(140),,-2,,,+(54),+(197),,,,,,+(15)
391,,杭州师范大学,再想想特判？,周奕,戴子晟,江宇帆,,False,True,4,446,,+(106),,-1,,,+(108),+(214),,,,,,+(18)
392,133,郑州轻工业大学,最近公共祖先,周琪翔,汪雨航,王梓博,,False,True,4,449,,+1(100),,-15,,,+(51),+(230),,,,,,+1(28)
393,,杭州电子科技大学,杭电7队,王佳栋,刘亿臻,吴启航,,False,True,4,452,,+4(129),,-4,,,+(40),+(183),,,,,,+(20)
394,,同济大学,我实在不会,白愈己,郭凌浩,朱亚琨,,False,True,4,452,,+(66),,-1,,,+(81),+3(207),,,,,,+(38)
395,,南京大学,无名队,林晨浩,计昀,蒋雨泽,,False,True,4,453,,+2(44),,,,,+1(78),+(236),,,,,,+(35)
396,,北京师范大学,笔恩游提升指南,罗一粟,宋泰霖,王佳一,,False,True,4,455,,+2(86),,+1(173),,,+1(73),-2,,,,,,+1(23)
397,,电子科技大学,UESTC_老东西,常铭,郑力文,王振波,,False,True,4,458,,+1(70),,-1,,,+1(77),+(253),,,,,,+(18)
398,,大连理工大学,我没有想法,刘博文,金鑫宇,连茗暄,,False,True,4,458,,+(54),,-1,,,+3(52),+1(254),,,,,,+(18)
399,,东华大学,千山夕照,邵兵,郭峻岑,李虹宇,,False,True,4,459,,+1(81),,-5,,,+2(77),+1(203),,,,,,+(18)
400,,大连海事大学,相亲相爱一家人,张皓奕,陈昊楠,廖易超,,False,True,4,460,,+1(68),,+2(283),,,+(32),-19,,,,,,+(17)
401,,大连理工大学,dlut01,赵一鹏,李泽与,葛俊辰,,False,True,4,462,,+(80),,+(258),,,+1(82),,,,,,,+(22)
402,,哈尔滨工业大学,w4p3r Black-fan Club,杜沛键,谢书泱,邱思宇,,False,True,4,466,,+(30),,,,,+1(45),+4(268),,,,,,+(23)
403,,南方科技大学,南方科技大学-特隆赫姆,曾沛宸,娄午尘,殷铭轩,,False,True,4,468,,+1(48),,-2,,,+2(117),+1(167),,,,,,+1(36)
404,,同济大学,闪电旋风劈,谭兆辰,曾熠辰,周耀佳,,False,True,4,468,,+1(85),,-1,,,+1(67),+4(173),,,,,,+(23)
405,,南京邮电大学,njupt24team003,胡乐安,崔晨曦,赵聿祺,,False,True,4,469,,+(65),,+1(260),,,+(104),-9,,,,,,+(20)
406,,福州大学,不AC不睡觉,丁杰,李盈盈,黄思睿,,False,True,4,469,,+(63),,,,,+1(59),+(307),,,,,,+(20)
407,,南京理工大学,太空猫猫头,陈宇航,许廷阳,谭清海,,False,True,4,470,,+1(79),,,,,+1(84),+(244),,,,,,+(23)
408,,大连海事大学,菜鸟溢栈,王金洋,何文韬,鲍帅宇,,False,True,4,471,,+1(106),,-2,,,+1(92),+(210),,,,,,+(23)
409,,西湖大学,啊对对队,楼鑫浩,杨宇恒,刘振豪,,False,True,4,472,,+5(110),,-2,,,+(48),+(188),,,,,,+(26)
410,,哈尔滨工业大学（深圳）,吾皇御驾亲征,李俊铖,谢明啸,李有维,,False,True,4,475,,+3(103),,,,,+(85),+(208),,,,,-4,+(19)
411,,中国科学技术大学,Firezox,方驰正,周瓯翔,陈卫星,,False,True,4,477,,+3(83),,,,,+2(44),+1(205),,,,,,+(25)
412,,深圳大学,蓝桥杯深圳总部,张少南,马午寅,陈洋琛,,False,True,4,480,,+2(86),,-1,,,+(62),+1(250),,,,,,+(22)
413,134,天津仁爱学院,梦幻小丑,李安磊,方思源,谢一平,,False,True,4,482,,+1(139),-1,,,,+(68),+1(217),-2,,,,,+(18)
414,135,华北水利水电大学,对WA使用无懈可击,刘桐,张毅,黄鹏基,,False,True,4,483,,+5(128),,-2,,,+(52),+(188),,,,,,+(15)
415,,北京理工大学,阿夸滑滑蛋喝冰红茶,李轩宇,李嘉政,彭程,,False,True,4,491,,+1(59),,-3,,,+2(90),+1(237),,,,,-1,+(25)
416,,华中科技大学,懒大王,潘喆,刘正航,向恩泽,,False,True,4,492,,+1(70),,,,,+1(45),+4(228),,,,,,+(29)
417,136,云南大学,YNUER-ICPC,周志昊,高凌豪,崔耀,,False,True,4,493,,+(79),,-2,,,+3(89),+1(229),,,,,,+(16)
418,,南京大学,不敢苟铜,熊俊淇,,,,False,True,4,495,,+1(86),,,,,+(31),+5(242),,,,,-4,+(16)
419,,西北工业大学,憧憬成为算法少女,甘云帆,吴语,刘雨萱,,False,True,4,495,,+1(71),,+4(258),,,+(46),,,,,,,+(20)
420,,重庆大学,从大三开始打铁的xcpc生活,刘家齐,王灿,李欣悦,,False,True,4,500,,+1(109),,,,,+(60),+(289),,,,,,+(22)
421,137,宁夏大学,能否让我停止这场追逐,陈天笑,周俊峰,郑英祺,,False,True,4,501,,+1(82),,,,,+(61),+2(253),,,,,,+1(25)
422,,中国矿业大学,虔诚雏草姬每天都要对塔祷⾄昏,李岘,高宏智,龚子贤,,False,True,4,504,,+3(128),,-1,,,+1(36),+(238),,,,,,+(22)
423,,中南大学,老司机带带我,吴子健,朱芝毅,林宇煌,,False,True,4,507,,+1(61),,+1(186),,,+2(131),-1,,,,,,+1(29)
424,,北京理工大学,v我50带你看下北泽沼气动力猪头少年,黄俊超,赵一辰,刘洲甫,,False,True,4,509,,+(75),,,,,+1(71),+(272),,,,,,+2(31)
425,138,西南科技大学,飘零之剑,王云龙,陈阳,石申圆,,False,True,4,510,,+(71),,-12,,,+1(79),+2(257),,,,,,+1(23)
426,139,西南民族大学,永远都像初次见你那样，使我心荡漾.,王海潮,石珈豪,张伟模,,False,True,4,510,,+1(85),,,,,+(58),+3(273),,,,,,+(14)
427,,天津大学,这还是蟹堡王么,马宏伟,张明达,吕一然,,False,True,4,514,,+(90),,-61,,,+(85),+3(257),,,,,,+(22)
428,140,武汉纺织大学,别质疑我们了好吗好的乖摸摸头,孔浩杰,谢飞,林舒乐,,False,True,4,516,,+(59),,,,,+(96),+(231),,,,,,+3(70)
429,,电子科技大学,UESTC_当初是你要分开,孙博林,赵城尧,杨云皓,,False,True,4,516,,+(79),,,,,+1(83),+2(269),,,,,,+(25)
430,,西北工业大学,智力不太好,王钎屹,吴映卓,罗隆华,,False,True,4,517,,+(99),,,,,+(107),+(290),,,,,,+(21)
431,,浙江工业大学,ZJUT7,陆仙梁,冯梓航,施豪硕,,False,True,4,517,,+(69),,+2(314),,,+1(49),-3,,,,,,+(25)
432,141,华东理工大学,原来的名字太难听了所以先把这个队名填上去,乐征宇,朱晨煊,祁璟玥,,False,True,4,520,,+(55),,,,,+2(123),+(277),,,,,,+(25)
433,,湖南师范大学,again crychic也算ac吗,唐嘉彬,殷浩文,陶子杨,,False,True,4,521,,+(61),,-2,,,+(61),+4(298),,,,,,+(21)
434,,华中科技大学,一如既往相信你的注册中心,毛嘉琛,雷昕延,马瑞暄,,False,True,4,522,,+(71),,,,,+2(92),+1(235),,,,,,+1(44)
435,,南京邮电大学,njupt24team017,李永鑫,陈昊泽,王普立,,False,True,4,524,,+4(63),,,,,+2(89),+2(194),,,,,,+(18)
436,,香港科技大学广州,科广汪汪汪,刘博文,吴星智,梁君豪,,False,True,4,527,,+(61),,-2,,,+2(93),+(313),,,,,,+(20)
437,,重庆邮电大学,猫娘乐园,李悦,朱易轩,冯禹杰,,False,True,4,528,,+(60),,-1,,,+2(120),+1(271),,,,,,+(17)
438,,杭州师范大学,一隅之梦,张朝,蔡宇欣,陈俊安,,False,True,4,530,,+3(146),,-3,,,+1(62),+(222),,,,,,+(20)
439,,广州大学,六兆TLEと一WA物語,郑灵杰,杨竣淇,陈全隆,,False,True,4,531,,+2(66),,-2,,,+1(104),+(284),,,,,,+(17)
440,,广东工业大学,三句号,赵浩杰,陈建生,吴毓乐,,False,True,4,532,,+3(136),,,,,+(87),+1(209),,,,,-1,+(20)
441,,哈尔滨工业大学（威海）,我真不到啊,李昕烨,易子杰,顾伟宸,,False,True,4,532,,+1(87),,-1,,,+(86),+3(253),-1,,,,,+(26)
442,142,台州学院,别急,刘韬,金鑫,陈逸轩,,False,True,4,534,,+4(100),,,,,+(41),+(244),,,,,-1,+2(29)
443,,上海大学,抽象派,周子竣,潘铧超,顾潇予,,False,True,4,535,,+(50),,+6(306),,,+(36),-2,,,,,,+(23)
444,,华南理工大学,这发不AC我当场把电脑吃掉,叶文煜,王雅恒,罗子健,,False,True,4,535,,+3(91),,-5,,,+(50),+(309),,,,,,+(25)
445,,北京师范大学,崇高道德的赞许,吕祖峰,张明杨,季涛,,False,True,4,538,,+2(121),,+(152),,,+2(140),,,,,,,+1(25)
446,143,嘉应学院,治愈ACM致郁我的AC梦,郑烁,郑乔炜,张嘉焜,,False,True,4,538,,+2(158),,,,,+1(59),+1(226),,,,,,+(15)
447,144,山东财经大学,抢学长区域赛名额,马弘逸,张淇皓,来孟阳,,False,True,4,538,,+1(79),,,,,+(113),+1(280),,,,,,+(26)
448,145,安徽理工大学,我永远喜欢Chtholly,厉东霖,李天祥,徐歌,,False,True,4,539,,+4(58),,,,,+2(83),+1(230),,,,,,+(28)
449,,福州大学,不时以藏话遮羞的邻座丁真同学,郎易恒,蒋兴鑫,方林升,,False,True,4,539,,+(106),,,,,+(115),+1(281),,,,,,+(17)
450,,山东大学,猫学长，靠谱！,钟以楠,郭雨欣,陈方航,,False,True,4,540,,+3(114),,-4,,,+2(124),+1(160),,,,,,+(22)
451,,华中科技大学,旅游启动！！！,冯业齐,储昭晗,彭雨洋,,False,True,4,540,,+(57),,,,,+3(102),+1(240),,,,,,+1(41)
452,,浙江理工大学,马拉车算法算车拉马,姚仁杰,汤丰玮,卢一鸣,,False,True,4,541,,+4(83),-1,-1,-1,-1,+(97),+(260),-1,-1,-1,-1,-1,+(21)
453,146,华中农业大学,唐完了就是淞,苏森阳,王敬淞,邵晨曦,,False,True,4,541,,+(73),,,,,+1(113),+(282),,,,,,+1(33)
454,,香港中文大学（深圳）,新建文件夹,莫骄阳,周信言,Dang Huu Quyen,,False,True,4,542,,+(64),,-3,,,+3(69),+5(218),,,,,,+(31)
455,,重庆邮电大学,会A吗？会A的！,林地波,张膑予,燕绍雄,,False,True,4,542,,+1(121),,-1,,,+1(63),+1(281),,,,,,+(17)
456,,厦门大学,0x0d00,林帅,刘之流,孙欣怡,,False,True,4,542,,+(49),,,,,+2(119),+1(293),,,,,,+(21)
457,,湖南城市学院,晚安，诗音,李柯潘,张文杰,陈佳辉,,False,True,4,543,,+1(134),,-2,,,+(76),+1(237),,,,,,+1(36)
458,,华中科技大学,起名字好难,郭梓洋,刘嘉恒,王子石,,False,True,4,544,,+4(90),,-1,,,+(39),+(286),,,,,,+1(29)
459,,杭州师范大学,秋天的南瓜和冬天的雪山药,陈科舟,殷吴辉,杨嘉福,,False,True,4,547,,+(65),,,,,+2(49),+4(294),,,,,,+(19)
460,,厦门大学,XMU05,吴俊豪,彭泽喜,王业盛,,False,True,4,548,,+(76),,,,,+1(70),+4(258),,,,,,+1(24)
461,147,南昌大学,雪月花,何超,汪宇翔,王子勤,,False,True,4,553,,+2(111),,,,,+2(93),+(241),,,,,,+(28)
462,,华南师范大学,A了这题就吃麦旋风,袁浩轩,黄家谦,古嘉诚,,False,True,4,554,,+1(100),,-1,,,+4(96),+(241),,,,,,+(17)
463,,西安电子科技大学,便乘计划WA舞台！,闵旭曈,邓思哲,李林,,False,True,4,556,,+(62),,-3,,,+3(100),+2(270),,,,,,+(24)
464,148,华东交通大学,乱搞一下就对了,刘浩,李非凡,朱明亮,,False,True,4,559,,+1(136),,-162,,,+(95),+1(219),,,,,,+2(29)
465,149,上海海洋大学,想想布鲁特福斯怎么做,徐华源,何禹喧,邵弋舟,,False,True,4,562,,+2(115),,+1(180),,,+(138),-6,,,,,,+2(29)
466,,福建师范大学,最有希望的一集,王金鹏,陈伟杰,李志锐,,False,True,4,564,,+(88),,,,,+3(79),+2(286),,,,,,+(11)
467,150,沈阳理工大学,传奇浙大研究生金典,茅泉浩,闻家尉,张铳,,False,True,4,565,,+1(106),,,,,+1(164),+(239),,,,,,+(16)
468,,华中科技大学,HCl,卢逸飞,陈神爱,黄云昊,,False,True,4,566,,+(93),,,,,+5(138),+(177),,,,,,+(58)
469,151,江西农业大学,领航者,刘圣丰,潘仕翰,孙文凯,,False,True,4,568,,+1(128),,-4,,,+3(86),+(248),,,,,,+(26)
470,,北京师范大学,故梦之隐,陈博,姚述军,王思潮,,False,True,4,571,,+2(110),,-10,,,+1(111),+(233),,,,,,+1(37)
471,152,信息工程大学,花生可,闫国基,李鸣铭,黄颂凯,,False,True,4,571,,+(43),,+5(246),,,+1(132),,,,,,,+(30)
472,,杭州师范大学,队名,王图南,戴钒宇,戴泽耀,,False,True,4,572,,+1(108),,,,,+1(76),+5(228),,,,,,+(20)
473,,哈尔滨工程大学,vp后烤肉会,冯小石,张良正,李在熙,,False,True,4,574,,+1(111),,,,,+1(103),+(245),,,,,,+2(35)
474,,华南师范大学,侯俊宇,侯俊宇,尧韶聪,张振,,False,True,4,577,,+(84),,-1,,,+2(108),+4(246),,,,,,+(19)
475,,华东理工大学,得得得得,张勉,孙启翔,贾正坤,,False,True,4,578,,+(59),,,,,+1(119),+(305),,,,,,+2(35)
476,,杭州电子科技大学,杭电11队,成家康,袁宇轩,刘翔,,False,True,4,579,,+1(49),,+2(271),,,+2(117),-4,,,,,,+(42)
477,,昆山杜克大学,yyy,袁天骏,袁启璇,杨宁远,,False,True,4,583,,+1(107),,,,,+3(108),+(243),,,,,,+1(25)
478,153,山西大学,sxu_憂一乗,刘明泽,华晓飞,贺文杰,,False,True,4,583,,+1(87),,,,,+1(66),+6(251),,,,,,+(19)
479,154,重庆移通学院,世界の中心、ACCEPTでを叫ぶ,李德立,韩世杰,袁馨渝,,False,True,4,583,,+2(126),,-3,,,+(56),+3(285),,,,,,+(16)
480,,北京邮电大学,歪日，这么虾头？,安奕轩,谢楠,林米乐,,False,True,4,584,,+2(79),,-2,,,+4(107),+1(237),,,,,,+(21)
481,,哈尔滨工业大学（深圳）,不如加训,罗烺韬,邹锦宇,吴志广,,False,True,4,586,,+(61),,-1,,,+(80),+7(284),,,,,,+(21)
482,,杭州电子科技大学,杭电8队,金佳栋,余邦轩,许钟乐,,False,True,4,594,,+3(85),,-2,,,+2(52),+2(280),,,,,,+1(17)
483,,湖南师范大学,whenever aftergrow 也算wa吗,王雨清,高嘉鑫,董爵硕,,False,True,4,598,,+(53),,+(249),,,+6(159),-8,,,,,,+(17)
484,155,湖南工业大学,重生之我觉醒了自动AC机,杨泰,林思,肖明阳,,False,True,4,602,,+1(98),,+5(262),,,+(103),-2,,,,,,+(19)
485,,杭州电子科技大学,杭电9队,冯松权,沈泽楷,沈栩冉,,False,True,4,602,,+1(76),,+(271),,,+2(170),-10,,,,,,+(25)
486,,大连理工大学,dlut06,刘杰,梁蛟源,吴习哲,,False,True,4,604,,+3(122),,+(265),,,+2(89),-8,,,,,,+(28)
487,,福建理工大学,RE：从bug到debug开始的XCPC生活,周俊杰,连鑫焱,陈雨彬,,False,True,4,605,,+1(68),,,,,+1(171),+(279),,,,,,+1(27)
488,,哈尔滨工业大学（威海）,黑扣德：哇空,刘锦标,,,,False,True,4,610,,+1(132),,-6,,,+4(79),+(276),,,,,,+(23)
489,156,安徽师范大学,情况不队，What can I say,尹自强,吕金霖,许卓,,False,True,4,614,,+3(220),,+(164),,,+(104),,,,,,,+1(46)
490,,电子科技大学,UESTC_风沙星辰,李星遥,李雨斌,许庆山,,False,True,4,614,,+(83),,,,,+2(76),+4(307),,,,,,+(28)
491,157,浙江财经大学,踏雪寻梅,陈启亮,赵子腾,吴帆,,False,True,4,617,,+3(221),,,,,+1(79),+(219),,,,,,+(18)
492,158,中国计量大学,"兄弟,我想拿牌",陈忠鹏,陈家齐,陈敏,,False,True,4,619,,+5(143),,+(257),,,+1(83),-1,,,,,,+(16)
493,,西南交通大学,黑代码：打铁,丁昱,廖智成,陈加林,,False,True,4,620,,+(51),,,,,+4(88),+4(279),,,,,,+1(22)
494,,南开大学,退休养老,刘诺铭,袁熙,陈冠修,,False,True,4,621,,+3(117),,+1(264),,,+1(69),-3,,,,,,+2(31)
495,,北京理工大学,快进到5小时之后,王庭易,张直,周明睿,,False,True,4,623,,+2(113),,,,,+3(132),+1(237),,,,,,+(21)
496,159,合肥大学,候鸟,王国梁,杨仕超,吕文杰,,False,True,4,624,,+(72),,,,,+2(191),+1(282),,,,,,+(19)
497,,中国科学技术大学,我...从来没觉得打比赛能AC过,栾峻岩,娄彦轩,陈天添,,False,True,4,624,,+2(74),,+2(313),,,+3(73),-4,,,,,,+(24)
498,,华南师范大学,变出队名的魔法,温则葆,蔡润钦,余昕烨,,False,True,4,627,,+4(203),,-1,,,+2(85),+2(159),,,,,,+(20)
499,160,湖南文理学院,不学不练,高锋,程漠,洪响,,False,True,4,631,,+3(98),,-1,,,+(37),+7(279),,,,,,+(17)
500,161,大连大学,祝大伙中秋节快乐,张逸璇,魏恒彬,蒋文博,,False,True,4,632,,+2(111),,-16,,,+(68),+3(301),,,,,,+1(32)
501,,武汉纺织大学,H.cluster,蒋沈浩,胡劲睿,苏宇曦,,False,True,4,635,,+(53),,-2,,,+2(74),+7(289),,,,,,+1(19)
502,,西南科技大学,今天也想见到你,时玉成,张星宇,邓超文,,False,True,4,636,,+2(168),-1,-1,-1,-1,+(72),+(309),-1,-1,,,,+1(27)
503,162,武汉科技大学,RELX悦刻幻影PRO,孙煜恒,万家梁,朱俊杰,,False,True,4,638,,+(58),,-1,,,+2(43),+11(229),,,,,-1,+1(28)
504,163,武汉工程大学,青青子衿，悠悠我心,白雨龙,朱盛杰,邓豪,,False,True,4,638,,+4(144),,-1,,,+2(68),+1(268),,,,,,+(18)
505,,浙大城市学院,夏日青空,林景阳,林嘉亮,许航杰,,False,True,4,641,,+2(97),,-1,,,+(60),+7(278),,,,,,+(26)
506,,中国人民大学,字节无虞,陈礼邦,李雨城,晏艺桓,,False,True,4,646,,+3(113),,+1(269),,,+3(103),-2,,,,,-7,+(21)
507,,四川大学,山里灵活的队,邱志匀,刘雨彤,曹家睿,,False,True,4,649,,+1(42),,-1,,,+3(74),+3(299),,,,,,+3(34)
508,,吉林大学,划船全靠浪,武锦旗,刘凡平,赵星宇,,False,True,4,656,,+(28),,-4,,,+6(143),+2(282),,,,,,+1(23)
509,164,北京建筑大学,只刷某扣,张禾,朱智睿,王弘毅,,False,True,4,657,,+8(206),,-2,,,+1(32),+3(164),,,,,,+(15)
510,,华中科技大学,练习时长两坤月的野猪骑士,杨逸轩,谭博涵,李思远,,False,True,4,657,,+2(108),,+(293),,,+3(130),-3,,,,,,+(26)
511,,北京邮电大学,[AI]GPT4o,袁桦斌,杨毅霖,马骐荣,,False,True,4,657,,+(52),,-30,,,+6(100),+3(308),,,,,,+(17)
512,,中国人民大学,数学都交给队友,刘嘉俊,孟珺,钱泽瑄,,False,True,4,658,,+1(87),,+4(220),,,+3(169),-17,,,,,,+(22)
513,,山东大学,芝士队名,吴一豪,王路阳,王政骁,,False,True,4,659,,+(77),,,,,+(140),+6(282),,,,,,+1(20)
514,165,浙江农林大学,在赛场上被遥控也是play的一环吗,杨一郎,章心阳,包涵,,False,True,4,663,,+1(132),,-1,,,+2(142),+2(265),,,,,,+(24)
515,,华南理工大学,我不知道我不会你们来,王烁云,王腾岳,张辉洲,,False,True,4,667,,+2(116),-6,-1,,,+3(71),+2(244),,,,,,+3(36)
516,,杭州电子科技大学,杭电12队,乐星宇,王麒润,徐吴昊,,False,True,4,668,,+2(149),,+(302),,,+2(119),,,,,,,+(18)
517,,中国科学院大学,加州大学早八分校,唐嘉良,陈凝香,许晋升,,False,True,4,671,,+(122),,,,,+(103),-1,,,,,+3(263),+2(83)
518,166,温州大学,温大1队,何卓睿,盛飞扬,杨嘉诚,,False,True,4,671,,+(71),,+3(289),,,+1(203),-1,,,,,,+(28)
519,167,重庆交通大学,乌木威尔维恩耶尔吐温威乌温穆本欧萨斯,王墨,陈星求,向鸿锐,,False,True,4,675,,+(129),,,,,+2(98),+1(280),,,,,,+3(48)
520,,哈尔滨工业大学,憂鬱烏龜,寒钟书,卢海琪,许岩,,False,True,4,680,,+4(109),,-1,,,+3(127),+1(273),,,,,,+(11)
521,168,江南大学,坂田金银铜时,王志鹏,上官家哲,唐宇喆,,False,True,4,688,,+1(129),,,,,+2(139),+(309),,,,,,+1(31)
522,,北京邮电大学,金牌厨师,乔函祺,李思远,马铂凯,,False,True,4,690,,+1(53),,+1(245),,,+3(267),-3,,,,,,+(25)
523,,西南科技大学,老东西,游克峰,刘雨凡,朱杰,,False,True,4,697,,+2(137),,-5,,,+4(120),+1(284),,,,,,+(16)
524,,深圳大学,SZU_SUZ_ZSU_ZUS_USZ_UZS,李晗,李子炫,徐嘉哲,,False,True,4,698,,+3(127),,,,,+(114),+4(293),,,,,,+(24)
525,169,江西理工大学,你是我遥不可及的梦,简政,张宇凡,司佩东,,False,True,4,701,,+3(95),,-13,,,+3(114),+4(279),,,,,,+(13)
526,170,浙江工商大学,空花阳焰,徐贤涛,王哲,薛强,,False,True,4,703,,+8(239),,-8,,,+(44),+(241),,,,,,+(19)
527,,东南大学,悄然谜响,陈琳昊,黄煜杰,周子航,,False,True,4,706,,+1(153),,,,,+(151),+3(290),,,,,,+(32)
528,171,上海应用技术大学,今天我签到了吗,毛梓进,穆世龙,曹杰,,False,True,4,709,,+2(172),,,,,+1(46),+7(266),,,,,,+(25)
529,,山东师范大学,零原组,王尧,张凤来,高天生,,False,True,4,711,,+4(184),,,,,+1(73),+1(312),,,,,,+(22)
530,,兰州大学,刚学会打字,郑宇航,李欣杭,梁宇昊,,False,True,4,716,,+4(155),,-38,,,+6(76),+(227),,,,,,+1(38)
531,,哈尔滨工业大学（深圳）,怎么不算队名呢,于新莹,林亮宇,骆天赐,,False,True,4,718,,+3(101),,+1(307),,,+1(145),-1,,,,,,+1(45)
532,,中国科学技术大学,Team114514,王俊又,方致远,彭予乐,,False,True,4,729,,+3(180),,-1,,,+2(173),+1(199),,,,,,+1(37)
533,,西北工业大学,#N/A,王景珩,牛马思元,张天翔,,False,True,4,744,,+1(77),,+3(216),,,+8(187),-1,,,,,,+(24)
534,,中国科学院大学,原神启动队,黄铮舸,唐睿,胡格致,,False,True,4,746,,+2(44),,+(302),,,+9(160),,,,,,,+(20)
535,,华南师范大学,你怎么知道我的鼠标里有器灵,阴铭洋,蔡海鹏,陈耿城,,False,True,4,756,,+5(143),,-2,,,+8(82),+(255),,,,,,+(16)
536,,哈尔滨理工大学,哈理工2024Y12,林浩,王开纪,郑强,,False,True,4,760,,+5(152),,-86,,,+2(94),+3(221),,,,,,+2(53)
537,,西南交通大学,《名字》,阚闯,徐明山,马杰成,,False,True,4,764,,+2(84),,,,,+2(96),+4(239),,,,,,+7(45)
538,172,重庆工程学院,黑笑话：打铁,张翔,胡鑫昊,徐胤杰,,False,True,4,774,,+7(172),,,,,+2(134),+4(190),,,,,,+(18)
539,,北京工业大学,双翼翱翔,江云天,刘航奇,王赫,,False,True,4,776,,+1(141),,+(303),,,+1(179),-4,,,,,,+2(73)
540,,江苏大学,别以为这样你就赢了，马猴烧酒,任屹涵,秦强民,李梦婷,,False,True,4,805,,+5(199),,,,,+2(146),+2(260),,,,,,+(20)
541,,哈尔滨工程大学,坐岸观海，听十一月雨,张天磊,杜鹏宇,林鹏涵,,False,True,4,826,,+6(291),,,,,+1(144),+(232),,,,,,+(19)
542,,华东理工大学,珂朵莉最可爱了,仇俊杰,张孙毓,徐池,,False,True,4,848,,+3(186),,,,,+3(120),+4(311),,,,,,+(31)
543,,重庆邮电大学,在ACM校赛中被大一oi爷暴虐的大二蒟蒻能打xcpc吗,向炳权,朱春林,吴志煜,,False,True,4,853,,+7(222),,,,,+2(124),+(310),,,,,,+(17)
544,,湖南工业大学,贪心肯定队,袁永健,吴玉峰,阿布都拉·阿布都克力木,,False,True,4,865,,+3(146),,,,,+1(76),+12(306),,,,,,+(17)
545,,西安电子科技大学,圣心,张力文,童彦闽,周佳暄,,False,True,4,1043,,+2(111),,,,,+7(211),+(268),,,,,,+9(93)
546,,武汉理工大学,打一辈子出你字母能转生为AC高手吗,刘承明,胡晨煊,陶释然,,False,True,3,105,,+(27),,,,,+(60),-1,,,,,,+(18)
547,,中国地质大学（北京）,帅比队长在线社死QQ：2110841732,许兴城,盖林,滕俊宁,,False,True,3,108,,+1(52),,,,,+(24),-16,,,,,,+(12)
548,,华南理工大学,洛杉矶糊人,李建成,董宏远,严浩文,,False,True,3,110,,+(47),,-1,,,+(41),-2,,,,,,+(22)
549,173,深圳技术大学,SZTU_断了的轨迹,张俊城,莫昊,黄睿,,False,True,3,114,,+(48),,,,,+(50),-8,,,,,,+(16)
550,,北京化工大学,夺心魔,曾赫喆,熊家怡,安晓阳,,False,True,3,123,,+(62),-1,-2,-1,-1,+(44),-3,-1,-1,-1,-1,-1,+(17)
551,,东华大学,不也挺好,陈缪鑫,彭飞,蔡晋,,False,True,3,124,,+(33),,,,,+(75),,,,,,,+(16)
552,,电子科技大学,UESTC_DebugSimulator,褚睿极,李文硕,徐立,,False,True,3,125,,+(39),,,,,+(59),-3,,,,,,+(27)
553,,深圳大学,SZU_MouTai19937,林文伟,雷昀珂,冉起,,False,True,3,125,,+(60),,-1,,,+(43),-6,,,,,,+(22)
554,,中国民航大学,永远的分母,孔子豪,刘瑞轩,王琨,,False,True,3,125,,+(64),,,,,+(41),-1,,,,,,+(20)
555,174,广州航海学院,光脚大,高林杰,刘炀,侯晓锴,,False,True,3,125,,+(66),,-2,,,+(40),-1,,,,,,+(19)
556,,华南师范大学,野指针,林泽勋,罗为,李浩源,,False,True,3,126,,+(37),,,,,+(65),-6,,,,,,+(24)
557,,南方科技大学,南方科技大学-摩拉维亚,刘睿涵,王海粼,李佳霖,,False,True,3,127,,+(48),,,,,+1(41),-8,,,,,,+(18)
558,175,宁波职业技术大学,你不能拿我们和那些本科队伍比,王泽宇,吕扬盛,陈科朋,,False,True,3,127,,+1(50),,,,,+(40),,,,,,,+(17)
559,,华南理工大学,是菜狗但我还没重生呢,张麟,王奕凯,陈祖榆,,False,True,3,127,,+1(58),,-30,,,+(34),,,,,,,+(15)
560,176,海南大学,聚珍伏虎丸,吕珅,方政,郑朴,,False,True,3,128,,+(62),,,,,+(48),,,,,,,+(18)
561,,华南理工大学,《与主更近》,陈鹏,梁国轩,关锦权,,False,True,3,130,,+(78),,-5,,,+(35),-1,,,,,,+(17)
562,,天津大学,拼搏百天，我要上天津大学,于兴航,王然驰,马佳一,,False,True,3,133,,+(56),,,-2,,+(47),,,,,,,+(30)
563,,武汉大学,ACMore,黄祯,杨曦,陈宇轩,,False,True,3,134,,+(40),,,,,+1(58),-9,,,,,,+(16)
564,177,南京工程学院,被封了76个账号也想网络赛出线,丁昊,张诺言,崔东靖,,False,True,3,135,,+(50),,,,,+(65),-4,,,,,,+(20)
565,,浙江理工大学,小喷菇懒得喷,干佳立,余首荣,姜楠,,False,True,3,136,,+(42),,,,,+1(50),-4,,,,,,+(24)
566,,华南农业大学,青春acm少年不会梦到<censored>猫娘,巴云浩,吴文斌,林永鸿,,False,True,3,136,,+(82),,-1,,,+(38),-2,,,,,,+(16)
567,,中国民航大学,哆啦AC,葛朋林,罗霄鹏,刘俊杰,,False,True,3,138,,+(73),,,,,+(50),,,,,,,+(15)
568,,上海交通大学,凌晨烈日晖光,柳烨,秦一苇,郝尚诚,,False,True,3,139,,+(31),,-1,,,+1(36),-9,,,,,,+1(32)
569,178,安徽工业大学,悠久之翼,林仁杰,李锐,朱冬阳,,False,True,3,139,,+(54),,-1,,,+(64),-5,,,,,,+(21)
570,,华中科技大学,等我回家想想队名,王泽贤,杨凯文,张思潼,,False,True,3,140,,+(59),,,,,+1(44),-19,,,,,,+(17)
571,,成都信息工程大学,命运旋律,黄博文,张玮,简一凡,,False,True,3,140,,+(60),,,,,+(37),-4,,,,,,+1(23)
572,,东华大学,青青草原,刘青山,俞鑫颜,王飘飏,,False,True,3,140,,+(63),,,,,+1(41),-11,,,,,,+(16)
573,179,广西大学,与星尘的握手,付家锐,石新阳,韦祖豪,,False,True,3,141,,+(65),,,,,+(55),-3,,,,,,+(21)
574,,东北大学,东北大学_叫什么再说吧,徐海,韩重,肖举涛,,False,True,3,142,,+1(58),,,,,+(42),-3,,,,,,+(22)
575,,中国科学技术大学,夜旅号,杨思汗,刘畅,黄盛唐,,False,True,3,143,,+(53),,-3,,,+1(48),-1,,,,,,+(22)
576,,上海大学,天命人,张学鹏,耿鹏成,陈仕杰,,False,True,3,144,,+(61),,,,,+1(42),,,,,,,+(21)
577,,浙江师范大学,总裁，夫人说这签到题写不完，今晚不许回家,李燕斌,张之娴,马天晟,,False,True,3,144,,+(64),,,,,+1(43),-2,,,,,,+(17)
578,,华南理工大学,primitive root,邵弈,欧天毅,马成均,,False,True,3,145,,+(57),,,,,+(68),-10,,,,,,+(20)
579,180,河海大学,理塘王吃满0721次罚时后原神启动了,张紫轩,李昱泓,钱子恒,,False,True,3,145,,+(40),,,,,+(82),-2,,,,,,+(23)
580,,广西大学,憧憬成为原神高手,张健明,陶康,高健宁,,False,True,3,148,,+(57),,-6,,,+1(48),-11,,,,,,+(23)
581,,福州大学,孤高曼波,黄旭,叶志杰,郑恩琦,,False,True,3,148,,+1(65),,-3,,,+(47),-1,,,,,,+(16)
582,,山东大学,我无法只是普通朋友,程前,吴浩明,陈子载,,False,True,3,150,,+(57),,-3,,,+1(47),-3,,,,,,+(26)
583,181,武汉商学院,冰雪聪明琪露诺,熊子豪,贾锐哲,魏翔,,False,True,3,151,,+1(51),,,,,+(57),-9,,,-3,,,+(23)
584,,南京大学,屋旁的青草,陈昊洋,梁航宇,陈子达,,False,True,3,151,,+(60),,,,,+2(35),,,,,,,+(16)
585,,浙江师范大学,AAA蜜雪冰城代购,周雨星,周胜烨,叶杨城,,False,True,3,153,,+(49),,,,,+(78),,,,,,,+(26)
586,,复旦大学,奇计软软,傅全通,汤腾博,牟昱榕,,False,True,3,154,,+(33),,,,,+1(84),-27,,,,,,+(17)
587,,中国科学技术大学,鱿好章坏,赵奕,陈凌洁,曾芑润,,False,True,3,155,,+1(37),,,,,+1(55),,,,,,,+(23)
588,182,曲阜师范大学,别闹了，老婆，咱们回家吧,高文昊,孙一粟,杨梦洁,,False,True,3,156,,+(85),,,,,+(59),-5,,,,,,+(12)
589,183,河海大学常州校区,不定积分,蔡松廷,申宝亿,江晟东,,False,True,3,156,,+(91),,,,,+(52),,,,,,,+(13)
590,,大连理工大学,dlut02,刘兆洲,徐昊天,毛谦韵,,False,True,3,156,,+(39),,,,,+(97),-7,,,,,,+(20)
591,184,广东工业大学揭阳校区,彼岸之约,黄浩天,陈煜祺,向宇飞,,False,True,3,157,,+(62),,,,,+1(55),-1,,,,,,+(20)
592,,华南理工大学,译验丁真,叶嘉文,何嘉骅,张伟澎,,False,True,3,158,,+(87),,,,,+(53),,,,,,,+(18)
593,,山东大学,黑算竞：打铁,滕家良,杨师玉,农烨明,,False,True,3,159,,+1(43),,,,,+(66),-4,,,,,,+(30)
594,185,南京工业大学,我太想进步了,叶劭伟,钱致宁,陈立森,,False,True,3,159,,+(66),-1,,,,+(54),-2,,,,,,+1(19)
595,,武汉大学,二次原,郑寒友,刘锡锐,张弛,,False,True,3,159,,+2(70),,-3,,,+(33),,,,,,,+(16)
596,,浙大城市学院,冬雪涟,郭申申,鲁俊杰,张洋鸣,,False,True,3,159,,+1(78),,,,,+(45),-3,,,,,,+(16)
597,186,河北农业大学,Aurora-Become_algorithm_masters,王艺博,乔承锦,任子涵,,False,True,3,159,,+(86),,,,,+(54),-8,,,,,,+(19)
598,,杭州电子科技大学,杭电13队,黄可染,余蓝浩,徐正阳,,False,True,3,160,,+(56),,-1,,,+(86),,,,,,,+(18)
599,187,长安大学,神樱树,刘葆骐,田笑颜,高源,,False,True,3,161,,+(72),,-2,,-3,+1(49),-11,,,,,,+(20)
600,188,河南师范大学,帕鲁小队,冯常林,徐熙涵,荆文超,,False,True,3,162,,+1(75),,-5,,,+(50),-4,,,,,,+(17)
601,,东北大学,东北大学_ChatGPT4o,苏铭炜,高健,张恒,,False,True,3,163,,+(49),,,,,+2(54),-6,,,,,,+(20)
602,,苏州大学,队里有神，而且原神,顾天宇,原明清,张显荣,,False,True,3,163,,+(62),,,,,+1(54),-7,,,,,,+(27)
603,,华南理工大学,拔丝地瓜,王国龙,余阳,廖嘉豪,,False,True,3,163,,+(83),,-124,,,+(59),,,,,,,+(21)
604,,河海大学,我的ACM铁牌物语果然有问题,付宏磊,朱庆刚,林桁,,False,True,3,164,,+(48),,-2,,,+2(58),-10,,,,,,+(18)
605,,东南大学,白矮星,郝舒扬,顾凌晗,周启凡,,False,True,3,164,,+1(54),,,,,+(60),-8,,,,,,+(30)
606,,郑州轻工业大学,失败的Man,刘家贤,吴宇扬,姬孟龙,,False,True,3,164,,+(78),,,,,+(67),-1,,,,,,+(19)
607,,华南师范大学,一路向南,于昊炜,朱宬华,曾祥康,,False,True,3,166,,+(84),,,,,+(62),-1,,,,,,+(20)
608,,广东工业大学,漫游者,钟迪,林敏彬,潘锦炫,,False,True,3,167,,+1(37),,,,,+1(68),,,,,,,+(22)
609,,北京邮电大学,4000g_PT,冯国晟,于洋,马廷良,,False,True,3,168,,+1(42),,-2,-1,,+(82),,,,,,,+(24)
610,189,广东技术师范大学,阿伟从小就很可爱,黄宇凡,李苇森,谢合松,,False,True,3,168,,+(34),,,,,+1(97),-5,,,,,,+(17)
611,,华东师范大学,例方体,蓝寒,陶雨捷,韦思成,,False,True,3,168,,+(49),,,,,+(99),-4,,,,,,+(20)
612,,武汉理工大学,*幻想乡旅行团,刘泽宇,巫殷凯,胡书诚,,False,True,3,169,,+(75),,,,,+1(59),,,,,,,+(15)
613,,浙大宁波理工学院,秋招联系我,陈泽楷,吴承丞,陈铮,,False,True,3,170,,+1(67),,-9,,,+(63),-10,,,,,,+(20)
614,,山东师范大学,爆零就去玩原神,李佳恒,吕俊东,孙智毅,,False,True,3,170,,+(83),,,,,+(65),-2,,,,,,+(22)
615,,华南师范大学,江南行者,熊铮煌,李建新,陈育瀚,,False,True,3,170,,+(86),,,,,+(64),-5,,,,,,+(20)
616,190,电子科技大学中山学院,中山学院2队,廖铭源,胡逸涵,钟毓鑫,,False,True,3,171,,+2(74),,,,,+(41),-3,,,,,,+(16)
617,,武汉理工大学,队名怎么办,余子逸,段宇坤,王益宇,,False,True,3,171,,+2(81),,,,,+(37),-50,,,,,,+(13)
618,,香港科技大学广州,打铁还需自身硬，所以我们要软,钟嘉宸,梁枫,熊恩汲,,False,True,3,171,,+(88),,-2,,,+(61),-2,,,,,,+(22)
619,,长沙学院,三脸懵逼,龚珊珊,罗宝升,曾令翔,,False,True,3,171,,+(95),,,,,+(58),-4,,,,,,+(18)
620,,浙江理工大学,炉石新晋肺癌一哥·法师德鲁伊双职业大神无限火球宗师级人物·宇宙法盒子光速吟唱者·狂野门p头子·顶级爆牌德使用者·暗牧师猎手·天梯任务达人·驴驴耳聋得力助手·旧日猪仔推翻者·粉皮猪饲养员·无线鼠标创始人·电信诈骗一生之敌·洛欧塞布之子·暗夜貘良 堂堂连载,张莉曼,陶稼辉,王显龙,,False,True,3,172,,+(76),,,,,+(45),-1,,,,,,+1(31)
621,,苏州大学,RE 手动机,刘昕宇,沈杨卓凡,陈顾漪,,False,True,3,172,,+(82),,,,,+(72),-3,,,,,,+(18)
622,,中国科学院大学,啥,石曜铭,尤俊翔,吕安哲,,False,True,3,174,,+(64),,-4,,,+(81),,,,,,,+(29)
623,191,南阳理工学院,给队友端茶倒水,李灿辉,张泽楷,禹云龙,,False,True,3,175,,+(59),,,,,+1(75),-2,,,,,,+(21)
624,,深圳大学,SZU_Wrong answer on test 2,温家燊,肖俊祺,葛峻赫,,False,True,3,176,,+1(68),,,,,+1(52),-1,,,,,,+(16)
625,192,江西财经大学,Fe^3=Au,黄亦诚,王玛琪,石翰林,,False,True,3,176,,+(73),,,,,+1(61),-1,,,,,,+(22)
626,,湖南科技大学,梦起云雾时,肖琦,李旭云,袁悦,,False,True,3,177,,+(85),,,,,+(70),-6,,,,,,+(22)
627,,同济大学,166,朱泽凯,王钧涛,杨光,,False,True,3,177,,+(37),,-1,,,+1(100),-4,,,,,,+(20)
628,193,太原理工大学,吃黄瓜要趁绿,许星宇,荀思杰,宋宇臣,,False,True,3,178,,+(81),,-1,,,+(74),-6,,,,,,+(23)
629,,苏州大学,ZxyNotFound,史华睿,林昱彤,周逸扬,,False,True,3,178,,+(49),,,,,+(105),-8,,,,,,+(24)
630,,南方科技大学,南方科技大学-利贝雷茨,徐晨钧,黄睿轩,李连馨,,False,True,3,179,,+(74),,,,,+(68),-10,,,,,,+(37)
631,,哈尔滨工业大学（威海）,旧城以西,张洪瑞,赵文溥,徐悦,,False,True,3,180,,+(43),,,-1,,+(115),-5,,,,,,+(22)
632,,广东工业大学,逸误,李俊贤,吴达武,易俊霖,,False,True,3,181,,+(37),,,,,+1(72),-1,,,,,,+1(32)
633,,华南理工大学,team_name,黄烁韩,柯谱,邹明序,,False,True,3,182,,+(89),,-1,,,+(61),,,,,,,+(32)
634,,武汉理工大学,样例都没过怎么ac了,王雨辰,王浩丞,吴明洲,,False,True,3,185,,+(70),,,,,+1(81),-1,,,,,,+(14)
635,,哈尔滨工业大学,加载中，请稍后,刘明卓,刘靖文,郭健桓,,False,True,3,186,,+(77),,,,,+(69),-4,,,,,,+(40)
636,,华南理工大学,树上猫猫虫,刘俊祺,王思哲,刘兆宇,,False,True,3,186,,+(84),,,,,+1(63),,,,,,,+(19)
637,194,北京师范大学珠海校区,丝滑拿铁,蔡泽俊,许郅斐,何晋熙,,False,True,3,186,,+(86),,,,,+1(53),-5,,,,,,+(27)
638,,江西财经大学,彩虹海,喻琰,肖丛宇,郭宇航,,False,True,3,187,,+1(79),,,,,+1(49),-2,,,,,,+(19)
639,,天津大学,守夜人,王俊学,黄文聪,罗逸伦,,False,True,3,187,,+(43),,,,,+(114),-1,,,,,,+(30)
640,,华东师范大学,河东食堂转生队,沈崇焕,刘俊毅,刘昕东,,False,True,3,188,,+1(59),,-1,,,+1(51),-1,,,,,,+1(18)
641,,北京理工大学,你们可以抽象，但是别太抽象,蒋济遥,陈奕帆,刘济尧,,False,True,3,188,,+(59),,,,,+(112),,,,,,,+(17)
642,,华南理工大学,Magically WA,涂序有,黄子豪,吴友郅,,False,True,3,189,,+1(39),,,,,+1(64),-11,,,,,,+1(26)
643,,同济大学,索伯算法竞技俱乐部,王梓彦,严梓杰,陈志宇,,False,True,3,189,,+(45),,-1,,,+1(100),-15,,,,,,+(24)
644,,华南师范大学,代码先和初中生同步,何明聪,肖沐鑫,王振华,,False,True,3,189,,+(111),,,,,+(56),,,,,,,+(22)
645,,吉林大学,紧急通知：等通知,李一航,唐德睿,林浩博,,False,True,3,190,,+1(46),,,,,+1(81),-2,,,,,,+(23)
646,,长安大学,暴力与打表之神，请赐予我随机数过题的力量，阿门。,辜颖燊,吴宇伦,靳泽宇,,False,True,3,190,,+(60),,,,,+1(89),-1,,,,,,+(21)
647,195,浙江机电职业技术大学,兔八鸽,洪志伦,应程杰,林宇瞳,,False,True,3,190,,+(66),,-6,,,+(106),-1,,,,,,+(18)
648,196,江西师范大学,完蛋！我被原P包围了！,周路煜,李海平,熊贤昊,,False,True,3,190,,+(112),,,,,+(60),-3,,,,,,+(18)
649,197,广东金融学院,尼的代码像答辩,徐展鹏,陈嘉亿,黄达知,,False,True,3,191,,+(89),,,,,+1(65),,,,,,,+(17)
650,198,华侨大学,乳虎啸谷,吴传虎,冯敏杰,黄鸿彬,,False,True,3,191,,+1(99),,-5,,,+(51),-11,,,,,,+(21)
651,,成都信息工程大学,射影酉群,常旭海,杨洋,夏铭萱,,False,True,3,191,,+2(100),,,,,+(34),-2,,,,,,+(17)
652,,中国地质大学（北京）,不ac就别wawa叫,赵杰,秦郅涵,熊凌玉,,False,True,3,191,,+1(28),,,,,+(115),-1,,,,,,+(28)
653,,郑州轻工业大学,鸿鹄之志，不在林间,王少杰,赵梓昊,高福涛,,False,True,3,191,,+(118),,,,,+(52),-143,,,,,,+(21)
654,,哈尔滨工程大学,随风飘游于阳炎热浪,叶凯鹏,李简平,王亦凡,,False,True,3,191,,+(45),,,,,+(130),-6,,,,,,+(16)
655,199,绍兴文理学院,山里灵活 & 山田凉 & 永远鲜红的幼月,李柯叡,寿正阳,陆奕丰,,False,True,3,192,,+(79),,-3,,,+1(75),-6,,,,,,+(18)
656,,中南大学,我吃麦当劳,吕飞扬,马思博,何炳琨,,False,True,3,192,,+(68),,,,,+1(90),,,,,,,+(14)
657,200,上海电力大学,一路风光，一路风霜,朱凯年,栾效睿,裴洪宇,,False,True,3,194,,+(89),,,,,+1(68),-1,,,,,,+(17)
658,,西南科技大学,却道天凉好个秋,刘炅珺,何明成,王泽洋,,False,True,3,194,,+(56),,,,,+(119),-10,,,,,,+(19)
659,,哈尔滨工业大学（威海）,为帅比学长征婚QQ2216541094,李泳明,姚天奇,陈子铭,,False,True,3,195,,+(62),,-1,,,+2(68),-12,,,,,,+(25)
660,,浙江师范大学,五金店,童培峻,余健原,李羿辰,,False,True,3,195,,+(78),,,,,+1(83),-2,,,,,,+(14)
661,201,湖南大学,100000Reimu,吕乐,张世东,朱潇庸,,False,True,3,195,,+2(87),,-3,,,+(46),-3,,,,,-1,+(22)
662,,浙江财经大学,一路向北,周弋航,王彦彬,黄曦,,False,True,3,195,,+1(97),,,,,+(57),-1,,,,,,+(21)
663,202,中南民族大学,退役流打法,项升辉,高俊杰,刘时胜,,False,True,3,196,,+1(84),,-4,,,+(71),-5,,,,,,+(21)
664,,中国矿业大学（北京）,我庄严宣誓我不干好事,梁凯,杜若琳,李维家,,False,True,3,196,,+1(97),-1,-1,-1,-1,+(62),-1,-1,-1,-1,-1,-1,+(17)
665,203,华北电力大学（保定）,不拿金就给三国杀刷好评,闻瑞祥,梁朝阳,朱浩宇,,False,True,3,197,,+1(66),,,,,+1(39),-4,,,,,,+1(32)
666,,南开大学,期末上机等评测何尝不是一种大比队,是忻言,史傅冠华,谭易,,False,True,3,197,,+(75),,,,,+(96),-2,,,,,,+(26)
667,,河南大学,没有队伍,朱德良,翟晨皓,孙利伟,,False,True,3,198,,+(92),,,,,+1(66),-4,,,,,,+(20)
668,,浙大宁波理工学院,保不齐对,周艺杰,余健林,戴柯求,,False,True,3,199,,+(96),,,,,+(87),,,,,,,+(16)
669,,浙江财经大学,井，的确...,陈凯煜,桑汉成,唐俊杰,,False,True,3,199,,+1(113),,-294,,,+(46),-1,,,,,,+(20)
670,,同济大学,苍蓝之诗,杨哲元,徐川,韩廷叙,,False,True,3,200,,+1(100),,,,,+(62),-3,,,,,,+(18)
671,,成都信息工程大学,废材,陈帅,王浩然,孟庆虎,,False,True,3,201,,+(67),,-22,,,+1(93),-6,,,,,,+(21)
672,,浙江工商大学,倚星折月,陈晨,干凯洁,龚嘉瑶,,False,True,3,201,,+1(60),,-15,,,+(97),-4,,,,,,+(24)
673,,中国矿业大学（北京）,云淡风清,周发顺,王晨,徐靖涵,,False,True,3,202,,+(82),-2,,,,+1(78),-17,,,,,,+(22)
674,,中国石油大学（华东）,中石大2021,苏奕洲,张华硕,孙至锴,,False,True,3,202,,+(63),,,,,+(117),,,,,,,+(22)
675,,吉林大学,以上队伍成绩无效,鞠学深,梁家铭,张健哲,,False,True,3,203,,+1(78),,-1,,,+2(49),-6,,,,,,+(16)
676,,中国传媒大学,从零开始的acm生活,李繁耀,谭泓,邱欣睿,,False,True,3,203,,+(99),,,,,+(77),-8,,,,,,+(27)
677,,哈尔滨工业大学,风灵玉秀,陈云龙,金智威,郭昕旸,,False,True,3,204,,+(66),,-1,,,+2(80),-1,,,,,-1,+(18)
678,,武汉大学,方块人转生成铁牌选手,丁启航,石炜,陈新尧,,False,True,3,204,,+(53),,,,,+1(83),-6,,,,,,+1(28)
679,204,内蒙古大学,铁匠,张琦,许书豪,李浩,,False,True,3,204,,+1(87),,-1,,,+1(62),,,,,,,+(15)
680,205,武昌首义学院,蒟蒻猫猫虫,张楠,汤龙飞,张嘉杰,,False,True,3,204,,+(95),,,,,+1(68),-79,,,,,,+(21)
681,,长沙学院,不能说的秘密,盛林锋,张政明,饶子伟,,False,True,3,204,,+(98),,,,,+(79),-4,,,,,,+(27)
682,,华南师范大学,老兵不死,黄政波,张科禄,海建荣,,False,True,3,204,,+(98),,-2,,,+(84),-3,,,,,,+(22)
683,206,浙江外国语学院,浙外X队,吴建强,张佳乐,许永桢,,False,True,3,204,,+(104),,,,,+(52),-4,,,,,,+1(28)
684,207,莆田学院,口胡金牌题,许庆华,龚磊,黄佳威,,False,True,3,205,,+(92),,,,,+2(54),-41,,,,,,+(19)
685,208,中国地质大学（武汉）,不可思议之国的爱丽丝正在梦游仙境,陈学海,李诏天,何坤良,,False,True,3,206,,+1(86),,-6,,,+1(63),-6,,,,,,+(17)
686,,哈尔滨工程大学,goto: 希腊奶,蒋渡,孙江吉,赵新凯,,False,True,3,207,,+1(89),,,,,+1(53),-1,,,,,,+(25)
687,,电子科技大学中山学院,中山学院1队,董泓栎,樊洪源,洪金健,,False,True,3,207,,+2(100),,-3,,,+(51),-3,,,,,,+(16)
688,209,青岛大学,AC钙奶,宇泉,王新儒,阮德昭,,False,True,3,207,,+(80),,,,,+(105),-1,,,,,,+(22)
689,,南阳理工学院,以下队伍成绩全部作废,叶昱彤,赵梦一,周硕涵,,False,True,3,208,,+2(71),,,,,+(77),-4,,,,,,+(20)
690,210,南昌航空大学,正无穷除以二,黄心磊,陈鹏,汤正泰,,False,True,3,208,,+2(85),,,,,+(60),-8,,,,,,+(23)
691,211,烟台大学,对WA当歌，人生几何,李嘉豪,王圣喆,王玉浩,,False,True,3,209,,+2(96),,,,,+(55),-6,,,,,,+(18)
692,,浙江工商大学,猫猫骑士团初探区域赛,卢嘉亮,张任杰,杨毅博,,False,True,3,210,,+1(107),,,,,+1(46),-7,,,,,,+(17)
693,,大连理工大学,dlut04,梁彦君,赵子尧,范辰一,,False,True,3,210,,+1(114),,-9,,,+(58),-2,,,,,,+(18)
694,212,东北师范大学,RuntimeError,齐昊坤,黎江楠,曹勇麟,,False,True,3,211,,+3(95),,-1,,,+(37),-2,,,,,,+(19)
695,213,阿坝师范学院,火攻,李先笙,胡航,陈李鑫,,False,True,3,212,,+1(108),,,,,+(65),-1,,,,,,+(19)
696,214,成都理工大学,关于我和我的狱友在 ccpc 坐牢这档子事,杨轩宇,刘俊,李铨,,False,True,3,213,,+(122),,,,,+(62),-2,,,,,,+(29)
697,215,河南农业大学,旅行的末路,赵嘉驰,胡锦阳,张岩,,False,True,3,214,,+1(94),,,,,+(63),,,,,,,+1(17)
698,,东北大学秦皇岛分校,先看A题,尹瀚磊,曹朝阳,王永翔,,False,True,3,214,,+1(96),,-1,,,+1(40),-2,,,,,,+1(18)
699,,北京邮电大学,吃堡没吃饱,吴优,单一凡,金旭一,,False,True,3,214,,+(74),,-4,,,+(121),-2,,,,,,+(19)
700,,浙江理工大学,汪汪队不立功,裘雨彤,陈钢,上官福诚,,False,True,3,215,,+(109),,,,,+(86),-2,,,,,,+(20)
701,,湖南科技大学,万万大宝贝,万佳文,文帅,李中钰,,False,True,3,215,,+2(116),,,,,+(44),-4,,,,,,+(15)
702,,国防科技大学,空零,马艺洋,彭正圣,习逸晗,,False,True,3,216,,+1(61),,-6,,,+1(88),-1,,,,,,+(27)
703,,浙江工商大学,了解你的捍卫者,宋壕杰,朱俊哲,刘晓涛,,False,True,3,216,,+(104),,,,,+1(75),-5,,,,,,+(17)
704,,华南理工大学,BlackContest: AllWa,陈载熺,陈浩宇,袁宇,,False,True,3,216,,+(84),,-1,,,+(113),,,,,,,+(19)
705,,山东理工大学,无敌暴龙,牛嘉鑫,刘述开,周鵬,,False,True,3,216,,+(120),,,,,+(76),-2,,,,,,+(20)
706,216,青岛理工大学,无垠序曲,胡书杰,黄从恺,饶礼建,,False,True,3,217,,+(31),,-2,,,+2(72),-11,,,,,,+2(34)
707,217,黄冈师范学院,递交偏执狂,张荣臻,张泰林,刘翔宇,,False,True,3,217,,+(69),,-22,,,+1(104),-107,,,,,,+(24)
708,,北京理工大学,过了样例也不队,邬宇炼,何大鹏,王舒晗,,False,True,3,217,,+1(110),,,,,+(69),-2,,,,,,+(18)
709,,浙江工业大学,ZJUT11,张恒维,周睿,翁昊越,,False,True,3,218,,+(35),,,,,+3(105),-2,,,,,,+(18)
710,,集美大学,鳄鱼也要做鳄梦,陈华弘,洪韩毅,廖杰如,,False,True,3,218,,+2(111),,-1,,,+(48),-1,,,,,,+(19)
711,218,沈阳师范大学,今夜，星光灿烂,朱少泽,谌致远,章传亮,,False,True,3,219,,+1(82),,-1,,,+(96),-18,,,,,,+(21)
712,219,湖北工业大学,唐龙队,陶大阳,张忆周,杨晨,,False,True,3,219,,+1(100),,-2,,,+1(53),-11,-2,-1,-2,-1,-1,+(26)
713,,南京航空航天大学,南航猫猫头（队长十年单身换区域赛铜牌版）,胡弘泰,刘映石,池明轩,,False,True,3,219,,+(66),,,,,+1(111),,,,,,,+(22)
714,,华中师范大学,夏天男,张凯文,杨波,汪祺祺,,False,True,3,219,,+2(129),,,,,+(32),,,,,,,+(18)
715,220,成都锦城学院,樱花泪,邓力豪,程义威,奉强,,False,True,3,220,,+1(104),,,,,+1(58),-3,,,,,,+(18)
716,,山东大学,摸鱼智叟,乐恩玮,郭荣祥,薛润泽,,False,True,3,220,,+(111),,,,,+(82),,,,,,,+(27)
717,,成都理工大学,日冕之雨,何年,李灿,崔棵,,False,True,3,221,,+(91),,,,,+1(80),,,,,,,+(30)
718,,山东理工大学,我每天打ACM也没上瘾啊,杨庭硕,王佳丽,崔立栋,,False,True,3,221,,+(99),,,,,+1(81),-2,,,,,,+(21)
719,221,福建农林大学,凌云,刘雄豪,陈炎,郭伟平,,False,True,3,221,,+1(116),,,,,+(61),-2,,,,,,+(24)
720,222,安阳师范学院,算法这科豪楠,周兴科,余卓豪,陈超楠,,False,True,3,221,,+(123),,-1,,,+(80),-10,,,,,,+(18)
721,,上海海洋大学,菜鸡的最终幻想,张华文,庄勇腾,杨镇宇,,False,True,3,221,,+1(128),,,,,+(53),-1,,,,,,+(20)
722,223,安阳工学院,求求给个名额吧,张浩祥,刘浩楠,李自豪,,False,True,3,221,,+(135),,,,,+(67),-1,,,,,,+(19)
723,224,广西外国语学院,只会cout的我，竟称霸本三本学校校赛,杨瑞杰,唐楷,蒋俊辉,,False,True,3,223,,+3(93),,-7,,,+(31),-2,,,,,,+1(19)
724,,东北大学,东北大学_梦,吴封晓,郭畅,陈宏伟,,False,True,3,223,,+(95),,,,,+(99),-2,,,,,,+(29)
725,,西安电子科技大学,青春算法少年不会梦到ACM学姐,李景生,李熙源,曾海滨,,False,True,3,224,,+1(91),,,,,+1(70),-7,,,,,,+(23)
726,,南京理工大学,天和猫猫头,何丰辰,丁宗健,谢景帆,,False,True,3,225,,+4(71),,,,,+(59),,,,,,,+(15)
727,,西安电子科技大学,什么都不会也能参加ACM吗,汤修齐,潘振,吴晨,,False,True,3,226,,+3(97),,-3,,,+(42),-7,,,,,,+(27)
728,225,济南大学,纸上的魔法使,肖远志,屠泽伟,刘峰旭,,False,True,3,227,,+(108),,,,,+1(80),-3,,,,,,+(19)
729,226,昆明理工大学,苟得弗死,周林翰,吴金航,周妤蔓,,False,True,3,227,,+(111),,,,,+1(75),,,,,,,+(21)
730,,湖南大学,EDWard GACMing,刘博文,陈罡,林新晨,,False,True,3,228,,+(45),,,,,+1(141),,,,,,,+(22)
731,227,合肥工业大学宣城校区,Knights of the Eastern Calculus,于鸥鹿,徐宇宸,王泓杰,,False,True,3,229,,+2(91),,,,,+1(60),-4,,,,,,+(18)
732,,重庆交通大学,真的最后一次打icpc了,葛昌威,杨卡达,陈俊曦,,False,True,3,229,,+(107),,,,,+1(83),,,,,,,+(19)
733,,北京化工大学,？神？动,刘炯良,周好,杨青博,,False,True,3,229,,+(46),,-7,,,+1(141),,,,,,,+(22)
734,,东北大学秦皇岛分校,XCPC，启动！,解光宇,何其泽,黄宇超,,False,True,3,229,,+(61),,,,,+(144),,,,,,,+(24)
735,,杭州电子科技大学,杭电14队,原子垚,黄泽彬,罗比,,False,True,3,230,,+(90),,,,,+1(71),-4,,,,,,+1(29)
736,,浙江财经大学,幻想家在幻想时间幻想AC,朱腾,陈超,冯裕钵,,False,True,3,230,,+(68),,,,,+2(98),-5,,,,,,+(24)
737,,武汉科技大学,537小分队,彭睿,张轶雯,明正阳,,False,True,3,230,,+(92),,-10,,,+(113),-133,,,,,,+(25)
738,228,鲁东大学,钢筋混凝土拌面,徐艺玮,刘智勇,赵桂林,,False,True,3,231,,+(82),,-1,,,+(94),-8,,,,,,+1(35)
739,,天津大学,雷霆之怒,王嘉晨,万文彬,于兴航,,False,True,3,231,,+(62),,,,,+(145),-8,,,,,,+(24)
740,229,西南财经大学,让我们出个线吧,吴晗,匡政宇,杨龙皓,,False,True,3,232,,+1(66),,,,,+2(91),-4,,,,,,+(15)
741,,江苏大学,铁牌也是牌！,周文杰,杨皓煜,沙先银,,False,True,3,232,,+(87),,-67,,,+1(107),-5,,,,,,+(18)
742,,浙江师范大学,使一颗心免于哀伤,项展,厉峻宏,郭宝旭,,False,True,3,233,,+(87),,-1,,,+1(106),-7,,,,,,+(20)
743,230,阜阳师范大学,又双叒叕到了难搞的时候,胡召鑫,邢文俊,张美星,,False,True,3,233,,+(67),,-1,,,+2(110),-11,,,,,,+(16)
744,231,长春理工大学,lz征婚,郎震,姚祥辉,潘奕霖,,False,True,3,233,,+(82),,,,,+(133),-7,,,,,,+(18)
745,,河南大学,让风告诉你,张艺洋,邹健宇,孟翔雨,,False,True,3,234,,+(79),,,,,+1(123),-2,,,,,,+(12)
746,232,江苏科技大学,粉毛大香蕉,徐鲸鹏,金智恒,彭羽轩,,False,True,3,236,,+1(68),,,,,+1(83),-22,,,,,,+1(25)
747,,宁波大学,三人小队,刘毅,李安康,曾昆,,False,True,3,236,,+1(62),,,,,+1(107),-5,,,,,,+(27)
748,,天津大学,炎魔咆哮！,张翔智,郑海明,马宏伟,,False,True,3,237,,+(87),,,,,+1(79),-1,,,,,,+1(31)
749,,浙江农林大学,我直直直直直接给你坐下,朱冠霖,赵亭旭,黄志腾,,False,True,3,238,,+(100),,,,,+1(88),-9,,,,,,+(30)
750,233,湖南财政经济学院,尽梨了,申维聪,蒋桐达,张森,,False,True,3,238,,+1(110),,,,,+1(61),-1,,,,,,+(27)
751,234,浙江农林大学暨阳学院,Rainbow,姜梓堉,褚茂誉,赵博渊,,False,True,3,239,,+4(85),,,,,+(56),-3,,,,,,+(18)
752,,香港大学,今天必须取个队名,杨明天,施博骜,夏铭飞,,False,True,3,239,,+2(122),,-1,,,+(56),,,,,,,+(21)
753,,华中师范大学,只此青绿,徐普,陈诚,王宇姿,,False,True,3,239,,+(70),,,,,+(146),-2,,,,,,+(23)
754,235,河南理工大学,橙子往昔,罗峻函,王郅明,高嘉琦,,False,True,3,240,,+1(56),,,,,+2(98),-3,,,,,,+(26)
755,,东北大学,东北大学_不再掩饰,谢天石,黄宇帆,张佳栋,,False,True,3,241,,+3(118),,-1,,,+(43),,,,,,,+(20)
756,,浙江工商大学,理塘最速WA传说,林仁豪,陈孝乐,刘嘉炜,,False,True,3,242,,+(63),,,,,+1(110),-4,,,,,,+1(29)
757,,广西大学,这一发，贯穿星辰,李周详,梅松,孙怿翔,,False,True,3,242,,+(67),,-1,,,+2(117),,,,,,,+(18)
758,236,南京林业大学,25浙软点击就送,喻灯,缪若凡,俞言骐,,False,True,3,242,,+(102),,-1,,,+(123),-3,,,,,,+(17)
759,,华东师范大学,可最喜欢你，萤石的AC现象,单敏杰,张甲伟,江楠,,False,True,3,244,,+1(97),,,,,+1(86),-1,,,,,,+(21)
760,,东北大学,东北大学_根本睡不醒,曹鑫阳,林星希,戈文鑫,,False,True,3,244,,+(56),,,,,+2(127),-10,,,,,,+(21)
761,237,苏州工学院,队长让我想中文队名,顾家豪,王凌云,戈心宇,,False,True,3,245,,+1(77),,,,,+2(88),-2,,,,,,+(20)
762,,山东大学（威海）,罚时当饭吃,张智航,张胜熙,涂鸿铭,,False,True,3,245,,+(67),,-2,,,+(102),-7,,,,,,+2(36)
763,238,暨南大学,wa.clear(),黄一帆,林楷,郑冰伟,,False,True,3,245,,+(108),,-2,,,+2(79),-3,,,,,,+(18)
764,,山东大学（威海）,是谁在喊我宝宝,靳可欣,殷越,郑甫,,False,True,3,246,,+1(45),,,,,+2(112),-7,,,,,,+(29)
765,,中国矿业大学,三只煤球想成金,杜重阳,吴帅,倪浩宸,,False,True,3,246,,+(123),,,,,+1(82),,,,,,,+(21)
766,239,北方工业大学,草东没有ac,郑元兴,程鹏,邵奕涵,,False,True,3,246,,+2(124),,,,,+(63),-1,,,,,,+(19)
767,,浙江师范大学,斜月三星洞 风灵月影宗,李侑轩,李一辉,陈智,,False,True,3,246,,+2(137),,-1,,,+(50),-3,,,,,,+(19)
768,,河海大学,不时以暴力算法tle的邻座acm同学,金炬光,杨帆,曾国琳,,False,True,3,247,,+(80),,,,,+(89),-2,,,,,,+1(58)
769,,宁波大学,Nullpo后要接Ga,陈一波,严齐航,胡健山,,False,True,3,247,,+2(100),,-4,,,+2(50),-4,,,,,,+(17)
770,,河南农业大学,我以后再也不会笑了,齐子昊,刘伟,张云博,,False,True,3,248,,+1(69),,,,,+1(99),-8,,,,,,+1(20)
771,,南京邮电大学,njupt24team005,廖梓轩,王瑞阳,陈华柯焱,,False,True,3,248,,+1(46),,,,,+(104),-5,,,,,,+2(38)
772,,中国地质大学（武汉）,六神,何晓棠,毛郅皓,白浩文,,False,True,3,248,,+1(76),,,,,+(125),-3,,,,,,+(27)
773,,兰州大学,火力邪恶爆零皮鞋王,吕宁,张远哲,张潇锋,,False,True,3,249,,+(82),,,,,+(115),-1,,,,,,+1(32)
774,,成都信息工程大学,可我始终不及你的冰冷,季璨,秦朝超,王熙岚,,False,True,3,249,,+3(122),,,,,+(48),-5,,,,,,+(19)
775,240,天津工业大学,为什么天工不报销,张幸闯,侯仁正,王浩研,,False,True,3,249,,+1(141),,,,,+(68),,,,,,,+(20)
776,241,三峡大学,海神三叉戟,梁逢达,宋兴宜,郝彬,,False,True,3,250,,+(121),,-2,,,+1(83),-2,,,,,,+(26)
777,,南京信息工程大学,冰雪聪明琪露诺,孙嘉诚,朱一诺,俞卓群,,False,True,3,251,,+(104),,,,,+(123),,,,,,,+(24)
778,,山东理工大学,我有铁牌,杨国强,宋润桐,朱嘉超,,False,True,3,251,,+1(127),,,,,+1(66),-6,,,,,,+(18)
779,,湖南文理学院,两小时战神,张乐阳,刘枭,张俊豪,,False,True,3,251,,+1(152),,-70,,,+(59),,,,,,,+(20)
780,,电子科技大学,UESTC_PenaltyAutomaton,吕东阳,傅若山,邹子成,,False,True,3,252,,+3(55),,,,,+1(83),-1,,,,,,+(34)
781,,武汉大学,骗分过样例,刘尚源,洪阳,刘金成,,False,True,3,252,,+(89),,,,,+2(97),-1,,,,,-2,+(26)
782,,大连理工大学,我将点燃大海,金晟,蒋佳炀,时佳骏,,False,True,3,252,,+(106),,,,,+2(57),,,,,,,+1(29)
783,,南昌航空大学,大小姐，it is time to  go to XCPC,谢景妍,万嘉磊,张进超,,False,True,3,252,,+2(115),,,,,+1(49),-2,,,,,,+(28)
784,,福州大学,深藏blue队,洪语涵,潘凌峰,张仁杰,,False,True,3,252,,+(112),,,,,+(117),-3,,,,,,+(23)
785,,中国计量大学,我们是不是可以躺了？,何劭弘,张民权,刘子杭,,False,True,3,252,,+(94),,,,,+1(119),,,,,,,+(19)
786,,浙江理工大学,学车归来势必通关黑神话悟空,胡涛,颜林浩,黄晨康,,False,True,3,254,,+(127),,,,,+1(79),-2,,,,,,+(28)
787,242,西安工业大学,热身爆0～到了网络赛就拿出真本事,杨墨润柳,邓琦文,肖若航,,False,True,3,255,,+(84),,,,-1,+1(103),-4,,,,-1,,+1(28)
788,,国防科技大学,我是来打CTF的，你们要干什么,苏弘烨,程星桦,刘益通,,False,True,3,255,,+(80),,,,,+2(107),-3,,,,,,+(28)
789,,中国石油大学（华东）,中石大2011,赵海威,杨帮兴,郝铭宇,,False,True,3,255,,+(116),,,,,+1(97),-1,,,,,,+(22)
790,,重庆交通大学,Wa 是bug，赶快改，Wa 是屎山，没救了,徐胤杰,黄晨旭,彭寿江,,False,True,3,255,,+1(131),,,,,+(84),-6,,,,,,+(20)
791,243,成都东软学院,向日葵,薛熠,夏健瑶,杨豪,,False,True,3,255,,+3(136),,,,,+(40),-8,,,,,,+(19)
792,244,华北电力大学,在提瓦特大陆寻找锐刻旗舰店是否搞错了什么,林鸿睿,张子恒,许云辉,,False,True,3,256,,+(53),,,,,+2(95),-2,,,,,,+2(28)
793,,江西师范大学,蚌麻乐典孝急,章文浩,杨旭,张正航,,False,True,3,256,,+1(103),,,,,+2(76),,,,,,,+(17)
794,,河南大学,不调和级数,曹家宁,赵炳凯,罗施达,,False,True,3,256,,+1(104),,-2,,,+(67),-2,,,,,,+2(25)
795,,香港科技大学广州,青春科广男大不会梦见被接受,任发申,王语诺,王海彬,,False,True,3,256,,+1(108),,,,,+(102),,,,,,,+(26)
796,245,延安大学西安创新学院,键来,刘庆,刘长磊,杨拓丹,,False,True,3,256,,+(123),,,,,+1(87),-5,,,,,,+(26)
797,,华东师范大学,"OI,启动",路修远,董芷鉴,周恒立,,False,True,3,256,,+(52),,,,,+2(140),-5,,,,,,+(24)
798,,南京大学,求周处放过,张成禹,王思齐,谢庆轩,,False,True,3,258,,+4(96),,-6,,,+1(46),,,,,,,+(16)
799,,武汉科技大学,理塘的最强傳説純真猛虎丁一郎,袁铭,潘骏,王宇杰,,False,True,3,258,,+2(99),,,,,+(78),,,,,,,+1(21)
800,,香港中文大學,放學後飲茶時間,翁澤輝,杜景滔,左正楠,,False,True,3,258,,+(51),,,,,+4(108),-7,,,,,,+(19)
801,,西安电子科技大学,队名是啥,朱星宇,王靖恒,黄旭,,False,True,3,258,,+1(81),,,,,+1(120),,,,,,,+(17)
802,,北京邮电大学,我太想AC了,马云霄,侯尔为,刘奕安,,False,True,3,258,,+(66),,-4,,,+2(129),-4,,,,,,+(23)
803,246,江西理工大学南昌校区,逃课打a小分队,李子昱,黄坪,刘化龙,,False,True,3,259,,+1(80),,,,,+2(100),-12,,,,,,+(19)
804,,江西财经大学,但求问心无愧,张瑞杰,杨源鑫,罗潇彬,,False,True,3,259,,+(85),,,,,+1(132),,,,,,,+(22)
805,247,无锡学院,WXU_Excalibur,钟思旋,王圣,韩顺,,False,True,3,260,,+(90),,,,,+1(134),-4,,,,,,+(16)
806,,青岛大学,我为杜老师扛大旗,李坤鹏,白骏,王禹杰,,False,True,3,261,,+2(123),,,,,+(80),-2,,,,,,+(18)
807,,香港科技大学广州,ACM之日：无限罚时制,王智渊,陈志屹,黎志凌,,False,True,3,261,,+1(65),,,,,+(130),,,,,,,+(46)
808,,大连理工大学,不会取名,张娄瑞,马硕达,张傲凡,,False,True,3,261,,+(91),,,,,+(146),-2,,,,,,+(24)
809,,东北大学,东北大学_提我踢沟沟好使,魏子杰,黄佳明,王帅,,False,True,3,263,,+3(84),,,,,+1(76),-15,,,,,,+(23)
810,,郑州大学,Tomotake Yoshino,吕翊加,李少昆,孙昱涵,,False,True,3,263,,+(82),,-27,,,+3(95),-10,,,,,,+(26)
811,,太原理工大学,为嘛黄瓜绿,李浩宇,何奇璋,王博,,False,True,3,263,,+2(96),,,,,+1(70),-1,,,,,,+(37)
812,,中南民族大学,玛卡巴卡和它的秘密花园,李子安,尹子昂,夏瑞泽,,False,True,3,263,,+(130),,,,,+(89),-3,,,,,,+1(24)
813,248,齐鲁工业大学,原始人，起洞！,刘起铭,蒋志发,王梓宇,,False,True,3,263,,+(57),,,,,+2(143),-1,,,,,,+(23)
814,,浙江理工大学,站在你面前的是多校全员玩手机午饭时间全员吃饭两人睡觉一人厕所的传奇队伍是也,陈宏毅,汤宇涛,江子豪,,False,True,3,264,,+1(74),,-27,,,+4(75),-3,,,,,,+(15)
815,,广东工业大学,我们已经很努力想队名了,黄立韬,李梓灏,梁志聪,,False,True,3,264,,+1(85),,,,,+2(74),-26,,,,,,+1(25)
816,,台州学院,这把打完就吃饭,林昭亦,池浩凯,周博涵,,False,True,3,265,,+(97),,,,,+1(77),-21,,,,,,+2(31)
817,,山东大学,海鸥牌灭火器,苏苏,万伊诺,滕家良,,False,True,3,265,,+1(102),,,,,+1(69),-1,,,,,,+1(34)
818,,天津工业大学,已老实，求放过。,孙文杰,程梧桐,刘涛,,False,True,3,268,,+1(103),,-5,,,+1(106),-1,-1,,,,-1,+(19)
819,,湖北工业大学,长生,杨思腾,陈奕澄,陈晓辉,,False,True,3,268,,+2(112),,,,,+(93),-10,,,,,,+(23)
820,,北方工业大学,寒春知梦,黄梨宸,周易,王思诚,,False,True,3,269,,+3(61),,,,,+(121),-2,,,,,,+(27)
821,,南京邮电大学,njupt24team004,展翼,陈兆锋,吴天宇,,False,True,3,269,,+(60),,,,,+3(131),-10,,,,,,+(18)
822,,山东理工大学,幽幽子会吃掉所有没AC的题目，这样我们就只有AC了,李彦硕,马新皓,姚翰洋,,False,True,3,269,,+1(80),,,,,+(139),-2,,,,,,+(30)
823,249,华北理工大学,飞虎队,丰文政,张海洋,陆意非,,False,True,3,269,,+(139),,-143,,,+1(88),-11,,,,,,+(22)
824,,东南大学,打ACM打的,汪骏宇,张一林,陈乐扬,,False,True,3,270,,+2(88),,,,,+(123),,,,,,,+(19)
825,,天津大学,北洋水师?,韦德敏,刘清源,张纪同,,False,True,3,270,,+3(129),,-2,,,+(58),-2,,,,,,+(23)
826,,复旦大学,无限螺旋,刘浩然,,,,False,True,3,270,,+(131),,,,,+1(101),-1,,,,,,+(18)
827,,天津工业大学,你有什么头猪吗?,应嘉宇,郭梦贞,赵艺稞,,False,True,3,271,,+(105),,,,,+1(73),-1,,,,,,+2(33)
828,,中国地质大学（北京）,我要玩黑神话悟空,丁智星,胡葭懿,杨欣川,,False,True,3,272,,+2(118),,,,,+(91),-10,,,,,,+(23)
829,,成都理工大学,我嘞个豆豆啊,张晨瑀,向坪君,陈家宝,,False,True,3,272,,+1(93),,,,,+(123),-16,,,,,,+(36)
830,250,常州大学,三个绿名,王成晨,庄季旭,许晨辉,,False,True,3,272,,+1(72),,,,,+2(125),-16,,,,,,+(15)
831,,武汉工程大学,她说我们之间没有结果，但我明明输出了ans,归子达,钱嘉豪,刘明,,False,True,3,272,,+(73),,,,,+1(152),-2,,,,,,+(27)
832,251,南阳师范学院,悬笔一绝,仵蓓文,黄景焜,邱志恩,,False,True,3,272,,+1(156),,,,,+(74),-2,,,,,,+(22)
833,252,南华大学,样例过了就是过了！,李柏顺,刘思凯,聂城炎,,False,True,3,272,,+1(170),,,,,+(65),-4,,,,,,+(17)
834,,深圳大学,szuOvO,岑健锋,唐浚源,张楠,,False,True,3,273,,+(83),,,,,+2(59),-1,,,,,,+3(31)
835,,重庆邮电大学,能不能交一发就对,汪涛,孔剑彬,汪炜杰,,False,True,3,273,,+2(94),,-2,,,+1(97),,,,,,,+(22)
836,253,南通大学,来只秃头唐龙,肖如航,李梓鸣,梁曹开,,False,True,3,273,,+2(81),,,,,+1(107),-6,,,,,,+(25)
837,,苏州大学,草酰乙酸,李宇杰,范宇辰,吴雪峰,,False,True,3,273,,+1(74),,-2,,,+(148),,,,,,,+(31)
838,,华中师范大学,这里没有乐子,张书颇,徐振迪,严展翔,,False,True,3,274,,+1(122),,,,,+1(88),-2,,,,,,+(24)
839,,广州大学,Arae,杨逍,谢宇峰,王承宇,,False,True,3,274,,+(51),,-44,,,+2(159),-1,,,,,,+(24)
840,,南京航空航天大学,铜牌锅贴,黄子源,黄耘青,桑浩然,,False,True,3,275,,+(116),,-1,,,+1(99),,,,,,,+1(20)
841,,西安电子科技大学,关于起名字很随意这件事,杨润彬,吴奕玮,李聿垲,,False,True,3,276,,+(98),,,,,+2(94),-2,,,,,,+1(24)
842,,广东工业大学,我想拿牌子,李耿豪,黄博,周建宏,,False,True,3,276,,+(96),,,,,+1(100),-10,,,,,,+1(40)
843,254,哈尔滨医科大学,海带说的队,王丙乾,吕昊霖,王文彬,,False,True,3,276,,+(44),,,,,+1(101),,,,,,,+(111)
844,,华南理工大学,七猫,樊子谦,乔羽桐,陈铭浩,,False,True,3,276,,+(45),,-4,,,+5(112),,,,,,,+(19)
845,255,河北工业大学,蒟蒻三人,赵一玮,杨佳豪,高泽文,,False,True,3,278,,+(108),,-1,,,+2(106),-12,,,,,,+(24)
846,,东北大学秦皇岛分校,我没意见,徐向博,闫一飞,张景皓,,False,True,3,278,,+(87),,,,,+3(109),-5,,,,,,+(22)
847,,四川大学,猫狗鱼,田烨,吴卓琦,黄奕浩,,False,True,3,278,,+3(113),,-4,,,+2(47),-1,,,,,-1,+(18)
848,,湖南大学,Why Two Stars?,林新晨,胡宇辰,程琅琅,,False,True,3,280,,+1(83),,,,,+3(96),,,,,,,+(21)
849,,天津工业大学,我上早八,吕佳乐,徐振业,李翊萌,,False,True,3,280,,+1(123),,,,,+1(101),-2,,,,,,+(16)
850,,哈尔滨理工大学,哈理工2024Y01,曾凡欧,杨梦杰,贾思博,,False,True,3,281,,+(93),,-3,,,+1(68),-5,,,,,,+2(60)
851,,河海大学,憧憬成为膜法ACMer,周厚望,王睿彬,陈培印,,False,True,3,281,,+2(98),,,,,+1(76),-4,,,,,,+1(27)
852,,贵州大学,乱杀计组,黄康,史昌盛,宋超,,False,True,3,281,,+1(75),,,,,+1(143),-6,,,,,,+(23)
853,,青岛理工大学,显然可猜,付俊潇,王潘勋,王鹏宇,,False,True,3,281,,+(99),,,,,+(160),-2,,,,,,+(22)
854,,河南大学,AC人生,李锦辉,何高磊,魏文博,,False,True,3,282,,+5(109),,,,,+1(43),-160,,,,,,+(10)
855,,东华大学,转生成为C++卢瑟,沈兴波,谢昀辰,占宏,,False,True,3,282,,+4(119),,,,,+(65),-6,,,,,,+(18)
856,,南阳理工学院,8.2牢大带我坤情通宵海底捞,陈玥如,宋雨静,张瑞婷,,False,True,3,282,,+1(130),,,,,+1(87),,,,,,,+(25)
857,,苏州大学,WA了十发后终于TLE了,黎子卿,田浦汛,成嘉益,,False,True,3,283,,+2(105),,,,,+1(72),-3,,,,,,+1(26)
858,256,山东建筑大学,大明湖水怪,庄文轩,韩昌盟,董芳安,,False,True,3,283,,+1(96),,,,,+1(123),-3,,,,,,+(24)
859,,山东大学,啊哈哈哈,闫鹤,侯绪煜,穆姿羽,,False,True,3,283,,+(127),,,,,+1(109),-1,,,,,,+(27)
860,257,青岛科技大学,一唱雄鸡天下白,魏鹏超,王宏利,王景冉,,False,True,3,283,,+2(134),,-2,,,+2(58),,,,,,,+(11)
861,,宁波大学,Going Merry,王泽豪,黄博翼,刘文凯,,False,True,3,283,,+(97),,-1,,,+1(142),,,,,,,+(24)
862,,江西财经大学,我不想吃蛙,王海峰,李鑫,彭俊杰,,False,True,3,283,,+1(35),,,,,+3(143),-31,,,,,,+(25)
863,,宁波大学,NBU老登,梁航锋,林成峰,陈炳灿,,False,True,3,284,,+1(77),,,,,+3(87),-5,,,,,,+1(20)
864,,中国民航大学,多快好省地Ac,高浩淳,陈锦浩,陈乐山,,False,True,3,284,,+1(63),,,,,+3(118),-43,,,,,,+(23)
865,258,东北农业大学,谁敢向我挑衅？网络赛专用高胜率起手已配,庄原,田毅,侯宇,,False,True,3,284,,+2(163),,,,,+(59),-15,,,,,,+(22)
866,,南阳理工学院,无敌霹雳啪啦,尚同铮,张睿博,徐子川,,False,True,3,285,,+(104),,,,,+2(123),-1,,,,,,+(18)
867,,中国传媒大学,开局重伤倒地，激发队友潜力,刘钰,杜可,范金旭,,False,True,3,285,,+1(88),,,,,+1(130),-7,,,,,,+(27)
868,,北京理工大学,结束乐队,王学康,唐珈玮,刘恒溥,,False,True,3,285,,+(70),,,,,+2(131),-1,,,,,,+1(24)
869,259,南京师范大学,取经第一难:罚坐5小时,胡立,许添,陈竹阳,,False,True,3,285,,+1(107),,,,,+(132),-1,,,,,,+(26)
870,,南京工程学院,我直接搜索,谈林琰,杜豪天,陈天旸,,False,True,3,286,,+(129),,-5,,,+1(89),-2,,,,,,+1(28)
871,,湘潭大学,数据别和我作队,资刘宇凡,陈翔,许秋宇,,False,True,3,287,,+1(70),,,,,+1(96),-2,,,,,,+1(61)
872,260,浙江育英职业技术学院,蚌孝典急赢乐,潘彬泽,刘金维,孙明轩,,False,True,3,287,,+1(107),,-1,,,+2(82),-5,,,,,,+1(18)
873,261,中北大学,旺财不会喵喵叫,崔璨,邓佳铭,王嘉璇,,False,True,3,287,,+3(135),,,,,+(58),-6,,,,,,+(34)
874,,西南交通大学,const int PI = 3.1415926535;,倪阳,林泽宇,曹创,,False,True,3,287,,+(86),,,,,+1(159),-2,,,,,,+(22)
875,,南京信息工程大学,CF 灰名也有打铁梦,崔嘉豪,龚敏,栗雨,,False,True,3,289,,+(60),,-1,-1,-1,+3(122),-1,-1,-1,-1,,,+1(27)
876,262,北京师范大学香港浸会大学联合国际学院,西湖醋鱼,关越,杨博涵,齐湘儒,,False,True,3,289,,+(75),,,,,+2(127),-1,,,,,,+1(27)
877,,哈尔滨工程大学,脂肪酸找到冷笑话问流星雨要不要一起打XCPC,陆学弘,计科－廖浠言,张福森,,False,True,3,289,,+1(139),,,,,+2(75),-5,,,,,,+(15)
878,,上海大学,清醒以后也学不会网络流,韦杰恒,蔡轩,黄垒,,False,True,3,290,,+(101),,,,,+(97),-1,,,,,,+2(52)
879,,东华大学,Acid也是AC,徐之恒,梁家宁,王彤霏,,False,True,3,290,,+1(102),,,,,+1(92),-5,,,,,,+1(36)
880,,广东技术师范大学,没有技巧，都是暴力,曹谦,邝钟焱,周峻锋,,False,True,3,290,,+2(126),,,,,+1(79),-5,,,,,,+(25)
881,263,惠州学院,爆零鼠鼠的逆袭,吴海杰,陈源欣,钟志杰,,False,True,3,290,,+1(139),,,,,+(80),,,,,,,+1(31)
882,,南华大学,is_it_rated?,羊新旺,彭申奕,李宁,,False,True,3,290,,+4(144),,,,,+(46),-6,,,,,,+(20)
883,,上海大学,黑程序：悟昂,郭懿涵,陈亦善,马家乐,,False,True,3,291,,+1(129),,,,,+1(73),-2,,,,,,+1(29)
884,,湘潭大学,horizon,欧鹏夫,贺正高,曾鸿文,,False,True,3,292,,+2(94),,,,,+3(80),-7,,,,,,+(18)
885,264,宁波工程学院,邦君疑似卖勾,陆弘杰,蔡浩宇,陈鹤天,,False,True,3,292,,+2(134),,-51,,,+1(74),-7,,,,,,+(24)
886,,天津大学,神笔码良,周昊忆,栾博越,朱靖泽,,False,True,3,292,,+(91),,,,,+2(138),-5,,,,,,+(23)
887,,中国民航大学,把思路逆转过来！,黄甜甜,邓琦川,宋梦雨,,False,True,3,292,,+2(166),,,,,+(62),-1,,,,,,+(24)
888,265,四川师范大学,写都写了，交一发吧,唐宇,武恒,李嘉乐,,False,True,3,292,,+(86),,-2,,,+(181),-4,,,,,,+(25)
889,,东南大学,只做签到题,周天逸,戴高乐,殷晓铭,,False,True,3,293,,+(126),,,,,+2(81),,,,,,,+1(26)
890,,山东大学,嘎嘎上分大队,史洪舰,林怡炜,罗浩铭,,False,True,3,293,,+(81),,,,,+(187),-1,,,,,,+(25)
891,266,西南石油大学,喜欢发奶龙的小朋友你们好啊，我祝你网络赛金牌,赵泽熙,王艺钢,刁俊熙,,False,True,3,294,,+3(127),,-1,,,+1(69),,,,,,,+(18)
892,,南阳理工学院,睡觉の神,周一涛,毋华萍,王士尧,,False,True,3,294,,+2(131),,,,,+1(76),-2,,,,,,+(27)
893,267,江汉大学,不动的大图书馆,熊振庭,李尧斐,焦子霖,,False,True,3,294,,+1(79),,,,,+1(156),-5,,,,,,+(19)
894,268,西安科技大学,样例都ak了,李姜帅,寇宇凡,毛梓聿,,False,True,3,296,,+(35),,-1,,,+3(122),-2,,,,,,+2(39)
895,,中国科学技术大学,浑水摸奖,时颢恒,张文峻,崔卓,,False,True,3,296,,+(35),,,,,+3(126),-5,,,,,,+1(55)
896,,福建农林大学,大廉颇,严其旺,陈明扬,林学士,,False,True,3,296,,+2(146),-1,-1,-1,-1,+(91),-14,-1,-1,-1,-1,-1,+(19)
897,269,河南工程学院,这个队,郭旗号,姚文博,孙浩,,False,True,3,296,,+(167),,-540,,,+(108),-4,,,,,,+(21)
898,,南阳理工学院,今天开始我要自己上厕所,陈泺冰,王圆圆,徐萌,,False,True,3,296,,+(79),,,,,+(185),,,,,,,+(32)
899,,台州学院,队名起什么,尹海涛,韩松霖,戴于皓,,False,True,3,297,,+3(99),,-128,-1,-1,+(118),-31,,,-1,-1,-1,+(20)
900,,四川师范大学,就算是中二病也要谈恋爱,董军军,邓厚锐,梁敏聪,,False,True,3,297,,+4(152),,,,,+(47),-7,,,,,,+(18)
901,,华南师范大学,帝车超光所向捷,王振华,林楷楠,李嘉鼎,,False,True,3,297,,+1(72),,,,,+1(155),-1,,,,,,+(30)
902,,中国计量大学,wc又不是正解,方志伟,李熠轩,吴仁钘,,False,True,3,298,,+4(103),,-4,,,+2(55),-16,,,,,,+(20)
903,270,南昌理工学院,2024 南理 1 队,谢文灿,薛博豪,毛富豪,,False,True,3,298,,+1(142),,,,,+(118),-2,,,,,,+(18)
904,,西南民族大学,SCCPC*,欧辉强,姚焜,黄铭,,False,True,3,298,,+1(76),,,,,+2(146),-4,,,,,,+(16)
905,,苏州大学,管他对不队,刘雨欣,田瑞琪,李守旭,,False,True,3,298,,+(62),,,,,+1(177),-3,,,,,,+(39)
906,271,成都大学,都市狂少,何智恒,李纪松,翟鑫麟,,False,True,3,299,,+1(66),,,,,+4(116),-10,,,,,,+(17)
907,,湘潭大学,码喽也有大圣梦,李名杰,王兮,郑智彬,,False,True,3,299,,+3(117),,,,,+1(76),-5,,,,,,+(26)
908,,山东科技大学,白羊号,杨永智,吴佳璇,彭志诚,,False,True,3,299,,+2(126),,,,,+(113),,,,,,,+(20)
909,,华北电力大学（保定）,只要不想赢就不会输,常润,赫芸秀,潘语博,,False,True,3,299,,+(96),-1,-1,-1,-1,+(149),-4,-1,-1,-1,-1,-1,+1(34)
910,,中国传媒大学,憧憬成为AC高手,谢嘉彤,李思扬,龙岑华,,False,True,3,300,,+(110),,,,,+2(124),,,,,,,+(26)
911,,暨南大学,无眼鹿,阚志宇,王宇涛,苏汉源,,False,True,3,300,,+1(113),,,,,+1(124),,,,,,,+(23)
912,,台州学院,转生异世界发现自己acm水平下降100倍,鲍科任,柯豪,陆嘉,,False,True,3,300,,+(54),,,,,+5(125),-245,,,,,,+(21)
913,,浙江农林大学,不拿牌就不能守护你，拿起牌就不能拥抱你,黄炫榕,任益超,王啸洋,,False,True,3,301,,+1(81),,,,,+3(121),,,,,,,+(19)
914,272,广州南方学院,狂怒,童希玮,曾昱恺,魏廷锋,,False,True,3,301,,+3(152),,,,,+(71),-5,,,,,,+(18)
915,,东北大学秦皇岛分校,敲敲键盘,胡林润,陈泓瀚,焦一晟,,False,True,3,303,,+2(90),,,,,+(79),,,,,,,+3(34)
916,,安徽大学,龙拳,郑皓天,,,,False,True,3,303,,+(66),,-2,,,+3(94),-10,,,,,,+2(43)
917,,湖南理工学院,教练我想拿牌,郭烨铖,徐程,高天宇,,False,True,3,303,,+2(104),,-22,,,+1(111),-6,,,,,,+(28)
918,,广州大学,成哥带飞队,陈旭明,梁金成,刘成,,False,True,3,304,,+2(95),,,,,+2(92),-29,,,,,,+1(17)
919,,东北师范大学,巴别塔,项赞宇,贺金龙,齐进帅,,False,True,3,304,,+1(89),,,,,+1(105),-1,,,,,,+1(50)
920,273,河北师范大学,黎明之光,李明瑞,向清弘,孙传炜,,False,True,3,304,,+(73),,-17,,,+3(126),-4,,,,,,+1(25)
921,,华南师范大学,代码不队,陈华昊,蓝子童,林昊,,False,True,3,304,,+(76),,,,,+2(127),-3,,,,,,+1(41)
922,274,临沂大学,曙光,黄鑫,李国伟,周富源,,False,True,3,304,,+(151),,-9,,,+(105),-1,,,,,,+1(28)
923,275,上海科技大学,汪汪队,刘文婷,夏李锦暄,齐修远,,False,True,3,305,,+(108),,,,,+2(131),-2,,,,,,+(26)
924,276,聊城大学,轻音乐同好会,魏新杰,王宁,张倚天,,False,True,3,307,,+1(81),,-5,,,+3(111),-1,,,,,,+(35)
925,,成都信息工程大学,三带四,陈礼烨,邓小东,赵多俊,,False,True,3,307,,+2(131),,-1,,,+1(99),-4,,,,,,+(17)
926,,宁夏大学,超级面包,陈治平,李明航,林熠,,False,True,3,307,,+1(77),,,,,+2(145),-1,,,,,,+(25)
927,,南京航空航天大学,我是菜鸟，想寄就寄。,王思雨,刘金颜,赵天屹,,False,True,3,308,,+2(48),,,,,+1(140),-2,,,,,,+1(40)
928,,临沂大学,意大利面拌混凝土,陈曦,吕亮,孙德鑫,,False,True,3,308,,+1(162),,,,,+1(85),-1,,,,,,+(21)
929,277,东北林业大学,世纪末彼岸花丛中的死之结界,刘宋凯,李敬,赵天鑫,,False,True,3,309,,+3(133),,,,,+1(76),,,,,,,+(20)
930,,哈尔滨工程大学,队里只有一只二次猿所以起名还是问fufu吧¿,赵艺凯,李焱冉,万德俊,,False,True,3,309,,+3(137),,,,,+(83),-2,,,,,,+(29)
931,,上海大学,胡子猫团,方任斌,赵文宇,席睿扬,,False,True,3,310,,+1(100),,-1,,,+3(110),,-8,,,,-5,+(20)
932,278,湖南工学院,=188+182,陈翔,王江和,刘志毫,,False,True,3,310,,+1(143),,,,,+1(108),-7,,,,,,+(19)
933,,江西农业大学,憧憬成为魔法少女,杨宪东,黄宇,许思帆,,False,True,3,311,,+1(102),-1,-1,-1,-1,+3(110),-46,-1,-1,,,,+(19)
934,,江西师范大学,Wrong_answer_on_test_1,杨扬骁,刘俊豪,叶潮辉,,False,True,3,311,,+3(142),,,,,+1(51),-7,,,,,,+1(18)
935,,山东师范大学,朱队友发力了,朱俊伟,王晓迪,张浥青,,False,True,3,311,,+1(164),,-1,,,+(107),,,,,,,+(20)
936,,华中师范大学,且听风吟,潘芮锐,易嘉鸣,张蓬月,,False,True,3,311,,+(97),,,,,+1(170),,,,,,,+(24)
937,,西北工业大学,奥恩,杜鑫怡,黄煜,刘锦奇,,False,True,3,312,,+1(117),,,,,+1(130),-2,,,,,,+(25)
938,,武汉科技大学,长方形,赵炜锋,刘峻州,付雅典,,False,True,3,312,,+1(147),,,,,+(96),-2,,,,,,+1(29)
939,,南京工业大学,智程,车挪亚,马大为,乔鹏喆,,False,True,3,312,,+(96),,-2,,,+1(177),,,,,,,+(19)
940,,青岛大学,风浪越大题越队,崔宇昊,杨润,彭飞,,False,True,3,313,,+(101),,-1,,,+1(121),-2,,,,,,+2(31)
941,,广东工业大学揭阳校区,怪物联盟,曾靖,高济东,张家玮,,False,True,3,314,,+1(119),,,,,+1(108),-4,,,,,,+1(27)
942,279,中国农业大学,cau2,马铭浩,张正博,王郑乐,,False,True,3,314,,+(128),,,,,+3(98),,,,,,,+(28)
943,,江南大学,长夜猫猫,蒋佳良,,,,False,True,3,314,,+(60),,-3,,,+4(140),,,,,,,+(34)
944,280,山东协和学院,超时就是AC,崇乾义,苏浩岩,李曹彭,,False,True,3,314,,+(166),,,,,+(120),,,,,,,+(28)
945,,武汉科技大学,以上队伍成绩全部无效,曾令卓,张子豪,张晨旭,,False,True,3,315,,+3(102),,,,,+(131),-5,,,,,,+(22)
946,,山东理工大学,阿尔伯特,刘晓宇,屈浩浩,程嘉润,,False,True,3,316,,+2(109),,,,,+(102),-1,,,,,,+1(45)
947,,长春理工大学,活泼的纯情小姑娘,唐海原,,,,False,True,3,316,,+1(122),,,,,+4(74),,,,,,,+(20)
948,281,郑州经贸学院,阿比盖尔之花,张海乐,席玮辰,王哲,,False,True,3,316,,+1(180),,,,,+(88),-3,,,,,,+(28)
949,,西安电子科技大学,憧憬成为ACM高手,刘昊昕,李明辉,周川旸,,False,True,3,318,,+1(72),,,,,+2(163),-3,,,,,,+(23)
950,,南京大学,对的对的！哦不对不,骆葆源,卢士杰,王智鹏,,False,True,3,318,,+(61),,,,,+3(170),,,,,,,+(27)
951,282,西安欧亚学院,略去过程QED,林川翔,蒋冬伟,陈秋文,,False,True,3,319,,+1(138),,,,,+2(88),,,,,,,+(33)
952,,上海大学,黑码喽：无码,尚锦浩,陈启鸿,方任斌,,False,True,3,319,,+1(140),,,,,+(95),-4,,,,,,+(64)
953,,东北林业大学,战术AC系统上线,兰若峰,刘澎,孙晟棋,,False,True,3,320,,+1(118),,,,,+1(113),-3,,,,,,+1(29)
954,,兰州大学,不纠结队名,王云鹏,王毅,高塽,,False,True,3,320,,+(71),,-80,,,+2(182),-1,,,,,,+(27)
955,,中国海洋大学,迷子,薛全笑,洪佳荣,杨辰方,,False,True,3,320,,+(63),,-1,,,+1(185),-1,,,,,,+1(32)
956,,吉林大学,愚人号,庄德锴,周明月,陆广阳,,False,True,3,321,,+(72),,,,,+1(153),-1,,,,,,+2(36)
957,,华南理工大学,Tea Time,黄嘉坤,曹航语,曾武俊,,False,True,3,322,,+1(94),,-24,,,+2(119),-1,,,,,,+1(29)
958,,山东科技大学,无畏号,谭明昆,张作为,李慎彬,,False,True,3,322,,+(63),,-10,,,+1(195),-6,,,,,,+1(24)
959,283,湖南警察学院,在远大三路独自哭泣无人安慰还好有算竞陪我,申宇,李道远,袁福来,,False,True,3,323,,+2(133),,-6,,,+1(103),-2,,,,,,+(27)
960,,温州大学,温大2队,陈宇锋,陈旭冉,黄力垚,,False,True,3,323,,+3(137),,,,,+1(82),-4,,,,,,+(24)
961,284,湖州师范学院,无敌且寂寞,周温策,胡微祥,赖郑峰,,False,True,3,323,,+2(140),,,,,+(92),-11,,,,,,+1(31)
962,,广东工业大学揭阳校区,GDUTJY_绝不早到迟队,王杰,李宣达,欧阳滢茵,,False,True,3,323,,+1(146),,,,,+(111),-1,,,,,,+1(26)
963,,西南大学,说好的奖金呢,盛明睿,蒋天逸,韩清泉,,False,True,3,324,,+(103),,,,,+5(97),-3,,,,,,+(24)
964,285,黑龙江大学,天才在左，疯子在右，我们在中间,申博元,郑鑫蕊,王憬怡,,False,True,3,325,,+1(150),,,,,+1(111),-4,,,,,,+(24)
965,,华东交通大学,NoTeamName,涂传俊,章瑜华,张文乾,,False,True,3,325,,+2(158),,,,,+(110),,,,,,,+(17)
966,286,衡阳师范学院,蓝色夜晚的记忆,谢成,冯世杰,王葡豪,,False,True,3,325,,+2(196),,-15,,,+(70),,,,,,,+(19)
967,,哈尔滨工业大学（威海）,啊对对队,廖航,黄泊淘,尹瀚铭,,False,True,3,326,,+1(110),,,,,+1(149),,,,,,,+(27)
968,287,中南林业科技大学,lastdance,李逢浩,吴梦瑶,林世荣,,False,True,3,326,,+4(155),,,,,+1(53),-4,,,,,,+(18)
969,,河南理工大学,无敌罚时大王,李梦洋,张科文,马俊超,,False,True,3,326,,+3(156),,,,,+1(69),-6,,,,,,+(21)
970,,浙江科技大学,梅川苦茶子,郑鑫,朱睿哲,赵科竣,,False,True,3,326,,+3(201),,-5,,,+(46),,,,,,,+(19)
971,,广东工业大学,AC手动机,高泽彤,许铭宇,关泽霖,,False,True,3,327,,+1(130),,,,,+1(129),-4,,,,,,+(28)
972,,南京航空航天大学,我也不知道叫什么,李立星,徐皓,潘俊达,,False,True,3,327,,+(139),,,,,+(109),,,,,,,+2(39)
973,,湖南科技大学,湖科大100队自行车把你卖了,黄家兴,梁涵,彭璟焱,,False,True,3,328,,+3(198),,,,,+(50),-2,,,,,,+(20)
974,,武汉理工大学,*打星参赛,周豪,黄若煊,王秋林,,False,True,3,329,,+1(118),,-2,,,+2(130),-2,,,,,,+(21)
975,,南京工业大学,小飞机来喽,汪海涛,王一涵,戴钰宸,,False,True,3,330,,+(81),,,,,+2(190),-2,,,,,,+(19)
976,,山东师范大学,樱高轻音部,张兴晨,魏淑英,路宇欣,,False,True,3,331,,+2(151),,,,,+(90),,,,,,,+1(30)
977,,四川师范大学,hhh_jokers,侯欢,胡琦,胡希言,,False,True,3,333,,+2(100),,,,,+2(120),-2,,,,,,+(33)
978,,南京邮电大学,njupt24team006,田晓亮,韩炜,陈卓然,,False,True,3,333,,+1(80),,-1,,,+1(129),-2,,,,,,+2(44)
979,,武汉工程大学,武汉工程大学一队,郭翰良,徐洋,李东升,,False,True,3,333,,+2(158),,,,,+2(74),,,,,,,+(21)
980,288,东莞理工学院,心态就是力量,黄海,林恬烁,林志龙,,False,True,3,334,,+1(139),,,,,+4(80),,,,,,,+(15)
981,,广西大学,众,黄翠婷,韦书临,姚智,,False,True,3,334,,+1(139),,,,,+1(136),,,,,,,+(19)
982,,同济大学,Debug三大亨,许思源,胡正华,潘越,,False,True,3,334,,+1(88),,-1,,,+3(144),-3,,,,,,+(22)
983,,广东工业大学揭阳校区,深度优先睡眠,邓乃添,余敬业,夏子豪,,False,True,3,334,,+1(144),,,,,+1(131),-4,,,,,,+(19)
984,,安徽大学,似乎有着能够令人AC的隐藏指令,刘圆博,许子桢,吕建强,,False,True,3,334,,+1(147),,-4,,,+3(80),-3,,,,,,+(27)
985,289,珠海科技学院,没学过算法幻想打icpc,魏子钇,金浩霖,杨耀彬,,False,True,3,335,,+2(124),,,,,+3(92),,,,,,,+(19)
986,290,山东女子学院,彼阳地,颜瑞临,朱昊城,赵士健,,False,True,3,335,,+1(157),,,,,+1(111),,,,,,,+(27)
987,,华东理工大学,汪汪汪,王渝情,王健丰,王子鹏,,False,True,3,335,,+(54),,,,,+2(216),-2,,,,,,+(25)
988,,江南大学,禁忌「莱瓦汀」,董万里,赵泓博,王鑫阳,,False,True,3,336,,+1(70),,,,,+4(141),-6,,,,,,+(25)
989,,浙大城市学院,阿库赛尔最强超绝圣剑美少女妹妹谢谢你爱丽丝,项天聪,杨烨锋,张宸赫,,False,True,3,336,,+2(143),,,,,+2(96),-11,,,,,,+(17)
990,,武汉理工大学,队友只要AC就可以，摸鱼就要考虑很多了,戚桂铨,罗韬,殷越,,False,True,3,337,,+(123),,,,,+1(168),-2,,,,,,+(26)
991,,山东理工大学,i朱粉丝团,李连奇,毕振豪,吴宇恒,,False,True,3,337,,+3(170),,-88,,,+1(70),-1,,,,,,+(17)
992,,暨南大学,米游社,周嘉杰,王睿鑫,陈梓宏,,False,True,3,338,,+1(94),,,,,+2(139),-1,,,,,,+1(25)
993,291,山东航空学院,和光同尘,魏铭泽,李乐翔,李璐,,False,True,3,338,,+(106),-1,-1,,,+1(193),,,,,,,+(19)
994,,西南科技大学,想回炉重造成为OI爷,刘诗璐,钟妍,柯涵,,False,True,3,339,,+2(92),,,,,+1(88),-1,,,,,,+(99)
995,,浙江工商大学,枯木逢春,章圣央,徐晓轩,凌文乐,,False,True,3,339,,+5(123),,,,,+2(60),-4,,,,,,+(16)
996,,鲁东大学,银狼,张瑞哲,潘佳雨,朱德翔,,False,True,3,339,,+2(105),,,,,+(146),,,,,,,+1(28)
997,,南京理工大学,彩虹猫猫头,冯宇杰,刘一欢,吴东来,,False,True,3,340,,+(71),,-4,,,+7(108),-1,,,,,,+(21)
998,292,上海对外经贸大学,CatBrick,韩逸卿,唐超,陈玉翔,,False,True,3,340,,+2(95),,,,,+2(115),-1,,,,,,+1(30)
999,293,广东外语外贸大学,Fe++,罗梓元,杜卓礼,邓骐初,,False,True,3,340,,+(61),,,,,+6(132),-3,,,,,,+(27)
1000,,山东科技大学,西塔克号,潘文硕,吕胜浩,李卓航,,False,True,3,340,,+2(140),,,,,+1(96),-1,,,,,,+1(24)
1001,,中国科学技术大学,黑曼巴:出去,刘彦宏,叶力天,解亿凡,,False,True,3,340,,+(63),,,,,+4(148),-2,-3,,,,,+1(29)
1002,,哈尔滨工业大学（威海）,一番断幺,王潇逸,朱圣方,郑尊文,,False,True,3,342,,+2(97),,-4,,,+1(140),-7,,,,,,+1(25)
1003,,东华大学,东华wa掘机,陈锦豪,王经祁,王文基,,False,True,3,343,,+(106),,,,,+(200),,,,,,,+(37)
1004,,南京航空航天大学,循序渐WA,蒋润霖,徐昕钰,孟超凡,,False,True,3,344,,+1(50),,-15,,,+6(134),-3,,,,,,+(20)
1005,,北京邮电大学,彰显王威吧，踏遍世间的十二辉剑！,张颢龄,谢牧航,王若竹,,False,True,3,345,,+(62),,,,,+3(204),,,,,,,+(19)
1006,,太原理工大学,过题就是胜利,林亮,李昌荣,何玉斌,,False,True,3,346,,+4(119),,,,,+1(93),-7,,,,,,+(34)
1007,,昆山杜克大学,未来道具研究所,成秉翰,冯昊扬,许绍融,,False,True,3,346,,+2(142),,,,,+(51),,,,,,-1,+1(93)
1008,294,西华大学,夏日限定的告白,赵熙,肖代阳,谢维文,,False,True,3,346,,+1(154),,,,,+1(114),-2,,,,,,+(38)
1009,,西北工业大学,不想想队名,梁乐彬,韩正,甘云帆,,False,True,3,347,,+1(74),,,,,+(184),,,,,,,+2(29)
1010,,哈尔滨工业大学（威海）,教练我不想再wa了,杜中坤,庄则栋,郑怡恒,,False,True,3,347,,+(50),,,,,+4(190),,,,,,,+(27)
1011,,香港理工大学,我鍾意食叉燒,王骏峣,孙涵松,付冠赫,,False,True,3,348,,+(47),,-7,,,+5(185),-2,,,,,,+(16)
1012,,贵州大学,猫猫也想要拿牌,杨毅,冯林,孟坤林,,False,True,3,348,,+1(91),,-1,,,+1(197),-3,,,,,,+(20)
1013,,香港理工大学,鲨蜂树,陈俊儒,李易峰,张昊霖,,False,True,3,348,,+1(198),,-2,,,+(60),-1,,,,,,+2(30)
1014,,南京工程学院,NJIT_12队_动态规划规划规划虎视眈眈,陈昱安,张释予,金铭,,False,True,3,349,,+1(76),,,,,+1(210),-7,,,,,,+(23)
1015,,浙江理工大学,你T不T吧,余江辉,贺宇昊,任麒源,,False,True,3,350,,+4(119),,,,,+(105),-2,,,,,,+1(26)
1016,,西南科技大学,大山里的动物朋友,姚斌,孙东洋,唐浩展,,False,True,3,350,,+2(104),,,,,+2(150),-7,,,,,,+(16)
1017,,兰州大学,忽略所有提示直接输出通过,吴晨阳,万全,任墨涵,,False,True,3,351,,+(63),,,,,+3(109),-6,,,,,,+4(39)
1018,,河南大学,604,张亚豪,耿东阳,程功,,False,True,3,353,,+3(102),,-20,-1,-1,+2(129),-17,,,,,,+(22)
1019,,郑州轻工业大学,To turn the tables,曾郭康,杨光辉,冯科潜,,False,True,3,353,,+2(136),,,,,+1(109),,,,,,,+1(28)
1020,,南昌航空大学,未定义,万龙平,邹仁杰,姜涛,,False,True,3,353,,+(173),,-1,,,+1(109),,,,,,,+1(31)
1021,,西南科技大学,凭阑西望，潇潇雨歇,刘鑫,张毅,黄锡恩,,False,True,3,353,,+1(120),,,,,+1(177),-1,,,,,,+(16)
1022,295,中国计量大学现代科技学院,燃烧你的梦,徐建博,江帆,金鸿睿,,False,True,3,353,,+(56),,,,,+3(214),,,,,,,+(23)
1023,,香港中文大學,沒有想法,Wong Man Lai Angus,Poonyapat Sriroth,Nguyen Le Thanh Nguyen,,False,True,3,354,,+3(113),,,,,+(122),-1,,,,,-3,+1(39)
1024,,燕山大学,找点牢坐,吴瑞豪,张浩楠,杨楠,,False,True,3,354,,+4(158),,,,,+1(78),-7,,,,,,+(18)
1025,,山东科技大学,光明号,李少栋,鲁文健,斯睦飞,,False,True,3,354,,+(139),,,,,+1(175),-5,,,,,,+(20)
1026,,华东师范大学,智算火花,王浩宇,闫皓翔,丁乙,,False,True,3,354,,+1(69),,,,,+2(199),-2,,,,,,+(26)
1027,296,青岛农业大学,报销是你的谎言,李德辰,吴迪,穆帅宇,,False,True,3,355,,+6(152),,,,,+(56),-7,,,,,,+(27)
1028,,西北工业大学,牛战士的AK之梦,吕昊临,欧阳家杰,黄知远,,False,True,3,356,,+2(115),,,,,+2(61),-1,,,,,,+3(40)
1029,,武汉理工大学,靠两位大爹带,张云迪,郭征威,陈涛,,False,True,3,356,,+2(138),,,,,+1(134),,,,,,,+(24)
1030,,山东大学,签到人,史博文,徐聚礼,张林翰,,False,True,3,357,,+1(143),,-1,,,+2(109),-2,,,,,,+1(25)
1031,,武汉科技大学,一厢情愿，有始无终,吕瑞峰,管沙隆,荣成,,False,True,3,357,,+1(130),,,,,+1(167),-2,,,,,,+(20)
1032,,南京理工大学,猫猫头启动,韦宇鑫,王思远,杨昊,,False,True,3,358,,+3(104),,,,,+1(140),,,,,,,+(34)
1033,,黑龙江大学,拂晓晨辉,张宇航,白晓博,代玉鑫,,False,True,3,358,,+2(165),,,,,+1(112),-1,,,,,,+(21)
1034,,同济大学,无言以对,左知行,徐云鹏,刘震,,False,True,3,358,,+1(94),,,,,+1(166),-1,,,,,,+1(38)
1035,,江西师范大学,樱trick,谢炜忠,罗一鸣,欧阳予晨,,False,True,3,358,,+1(184),,,,,+(127),-1,,,,,,+(27)
1036,,江西师范大学,打acm死路一条,张志伟,徐磊,冯尉旺,,False,True,3,360,,+3(87),-1,-1,-1,,+(116),-24,,,,,,+4(17)
1037,297,吉首大学,重生机器人,文凯,魏褚鹏,文旅航,,False,True,3,360,,+1(128),,,,,+3(136),-3,,,,,,+(16)
1038,,大连理工大学,勇敢的胆小菇,洪海钦,李卓骏,胡梦雪,,False,True,3,360,,+1(46),,,,,+(216),-1,,,,,,+1(58)
1039,,中国科学技术大学,我们真的热爱数学,乐屈毅,黄星皓,赵星宇,,False,True,3,361,,+4(78),,-8,,,+4(80),,,,,,,+1(23)
1040,,山东大学,明天考离散,王成意,王涵,荆昱熹,,False,True,3,361,,+2(142),,,,,+2(111),-3,,,,,,+(28)
1041,,杭州师范大学,时停猫猫头,张卓,何敏璐,温从锭,,False,True,3,361,,+1(137),,-1,,,+2(144),-3,,,,,,+(20)
1042,298,河北经贸大学,她说拿金就和我在一起,史正阳,宋帮睿,李浩天,,False,True,3,361,,+2(148),-2,,,,+1(120),-2,,,,,,+(33)
1043,,武汉理工大学,黑算法：赛码仕之唐龙Anon,李晨,俞烨宸,李意峰,,False,True,3,361,,+2(156),,,,,+1(128),-5,,,,,,+(17)
1044,,天津大学,狼王-亚索-司命,温梓昕,荆智彬,高家璇,,False,True,3,361,,+2(119),,,,,+1(159),,,,,,,+(23)
1045,,台州学院,真有趣该回家了,郑艳佳,任羽昕,叶洗亚,,False,True,3,362,,+1(115),,-1,,,+3(140),-6,,,,,,+(27)
1046,,厦门大学,XMU02,连亮瑜,陈亚峰,林育立,,False,True,3,362,,+1(142),,,,,+2(140),-1,,,,,,+(20)
1047,,南京信息工程大学,轻飘飘时间,宋思泽,刘城垚,息子悦,,False,True,3,362,,+(79),,,,,+6(143),,,,,,,+(20)
1048,,阜阳师范大学,锐笔速写,詹敏玮,邹宇,纪成伟,,False,True,3,362,,+1(121),,,,,+1(183),-8,,,,,,+(18)
1049,,中国传媒大学,啥,王思远,刘禹熹,黄屹,,False,True,3,363,,+4(124),,,,,+1(117),-5,,,,,,+(22)
1050,,长春理工大学,30秒广告解锁题解,王建闳,甄元浩,赵耀财,,False,True,3,363,,+1(81),,-31,,,+2(177),,,,,,,+1(25)
1051,,江西师范大学,辣子鸡,简力然,朱讯麟,刘皓东,,False,True,3,363,,+4(192),,-52,,,+(64),-20,,,,,,+(27)
1052,,合肥工业大学宣城校区,与移风易俗者同行,吉中原,冯舶钊,程龙廷,,False,True,3,363,,+(53),,,,,+2(252),-1,,,,,,+(18)
1053,,北京邮电大学,嘉然今天吃汉堡,王智炜,胡诚成,李博识,,False,True,3,364,,+3(128),,,,,+1(106),-3,,,,,,+1(30)
1054,,苏州大学,你说的都对,刘硕,周业鸣,朱星晨,,False,True,3,364,,+2(146),,,,,+1(129),-4,,,,,,+(29)
1055,,山东财经大学,参与奖掠夺者,李锦月,陈代鑫,江文硕,,False,True,3,364,,+1(86),,,,,+3(180),-13,,,,,,+(18)
1056,,中国石油大学（华东）,UPC1997,王一同,徐烨,林嘉伟,,False,True,3,365,,+(129),,-2,,,+2(143),-2,,,,,,+1(33)
1057,,华南理工大学,不想写模拟了,陈炳坤,刘臻,陈诗懿,,False,True,3,365,,+2(89),,,,,+2(167),-1,,,,,,+(29)
1058,299,湖南人文科技学院,WA!真的是你呀,周念祖,罗伦财,尹朝伟,,False,True,3,365,,+2(135),,-24,,,+(171),-10,,,,,,+(19)
1059,,浙江师范大学,非自然AC,陈韬宇,罗文庭,王乐恒,,False,True,3,365,,+(109),,,,,+1(209),-1,,,,,,+(27)
1060,,中国传媒大学,重生帝女之我在定福庄二小附属大学,蔡奕麟,王梓涵,白小杨,,False,True,3,365,,+(65),,,,,+1(255),-4,,,,,,+(25)
1061,,昆山杜克大学,宁波诺丁汉大学,林宇翔,王钧澎,仲飞扬,,False,True,3,366,,+(130),,,,,+3(156),,,,,,,+(20)
1062,300,厦门大学嘉庚学院,AveMujica,卓子翔,孙硕,游耀凯,,False,True,3,366,,+(98),,,,,+1(203),-9,,,,,,+1(25)
1063,,东北大学秦皇岛分校,未命名,徐陆军,董欣谕,段俊宏,,False,True,3,367,,+2(105),,,,,+4(126),-7,,,,,-3,+(16)
1064,,西北农林科技大学,老九农,段昊辰,李彤,窦维嘉,,False,True,3,368,,+1(139),,,,,+(172),-10,,,,,,+(37)
1065,,武汉大学,(qwq),李俊涛,严鑫,李楚森,,False,True,3,368,,+(69),,,,,+2(236),-3,,,,,,+(23)
1066,,江西财经大学,zyf在线征婚,谢乐乐,肖俊杰,罗昊,,False,True,3,369,,+(114),,,,,+1(142),-1,,,,,,+3(33)
1067,,南京邮电大学,njupt24team011,袁田,吴陈浩,周希明,,False,True,3,369,,+(138),,,,,+2(158),-1,,,,,,+(33)
1068,,中国矿业大学,矿兵出击,杨骐玮,赵际云,卜炜珏,,False,True,3,369,,+2(121),,-57,,,+1(167),-2,,,,,,+(21)
1069,,江南大学,W-L-S-G,李文豪,瞿成乐,石若琪,,False,True,3,369,,+1(78),,,,,+1(233),-1,,,,,,+(18)
1070,,江西师范大学,小老虎爱吃西蓝花,何建伟,徐青山,雷川圣,,False,True,3,370,,+2(148),,,,,+1(147),-1,,,,,,+(15)
1071,,北京邮电大学,世界其实是一个巨大的华为手机,张智成,赵瑞霖,李乐杨,,False,True,3,370,,+2(157),,,,,+2(110),-2,,,,,,+(23)
1072,,东南大学,样例过了交一发,蒋雨初,黄笃修,王嘉瑞,,False,True,3,371,,+3(82),,,,,+3(113),-1,,,,,,+1(36)
1073,,广州大学,安全帽里全是汗，发誓要挣一百万,林树沛,柯俊宇,陈旭明,,False,True,3,372,,+2(144),,,,,+2(83),-8,,,,,,+2(25)
1074,,西南民族大学,灰烬孕育生灵，催生枝叶，濯净浑浊。,买鑫鑫,蓝浩晨,韦慧欣,,False,True,3,372,,+5(167),,,,,+(85),-1,,,,,,+(20)
1075,,中国石油大学（华东）,中石大1969,赵茁壮,蒋砚池,袁伟豪,,False,True,3,372,,+(115),,,,,+(237),,,,,,,+(20)
1076,301,辽宁大学,GPT会赢的,高斐鸿,唐俊杰,庞宇呈,,False,True,3,372,,+(80),,,,,+1(251),,,,,,,+(21)
1077,,鲁东大学,我有一个AC的梦,李俊锋,朱乐民,李圣杰,,False,True,3,373,,+2(124),-1,-1,-1,-1,+2(146),-3,-1,-1,-1,-1,-1,+(23)
1078,,西南交通大学,疑似人类,苏永康,陈凯南,徐丁阳,,False,True,3,373,,+1(109),,,,,+2(152),-7,,,,,,+1(32)
1079,,河海大学,可以组一辈子acm队嘛,王跃然,江建谕,王大儒,,False,True,3,373,,+2(165),,-1,,,+2(111),-2,,,,,,+(17)
1080,,东华大学,北宇治ACM部,唐瑞,董子研,王逸凯,,False,True,3,373,,+1(108),,,,,+1(188),-1,,,,,,+(37)
1081,,香港中文大学（深圳）,DROP TABLE TEAM,郭雨昂,周天,叶嘉泓,,False,True,3,374,,+1(177),,-2,,,+2(99),-1,,,,,,+(38)
1082,,重庆大学,分崩离析的网络赛之旅 第二季,游越涵,张恩宁,张腾,,False,True,3,374,,+(57),,,,,+5(192),-4,,,,,,+(25)
1083,,哈尔滨理工大学,哈理工2024Y13,冉渝旭,刘名洋,李黛希,,False,True,3,374,,+3(212),,,,,+(77),,,,,,,+(25)
1084,,郑州轻工业大学,思考细菌,陈浩,陈显皓,陈艺杰,,False,True,3,375,,+1(104),,-1,,,+2(139),-2,,,,,,+2(32)
1085,,北京师范大学香港浸会大学联合国际学院,重生之猫猫上树,赵浩然,杨睿果,陈劭延,,False,True,3,375,,+(86),,,,,+3(156),-4,,,,,,+2(33)
1086,,武汉理工大学,铁牌怎么不算牌,蒋博熙,俞嘉怡,徐聘博,,False,True,3,375,,+3(162),,,,,+(90),-8,,,,,,+1(43)
1087,,苏州工学院,翻斗花园孩子王,陈文钰,钱图,邵文杰,,False,True,3,375,,+2(167),,,,,+1(122),-12,,,,,,+(26)
1088,302,重庆科技大学,背水一战,廖章昊,刘冬勇,刘书秀,,False,True,3,375,,+2(168),,,,,+2(77),-6,,,,,,+1(30)
1089,,中国传媒大学,谁看懂题了,邱豪,张家宝,陈嘉祺,,False,True,3,375,,+1(108),,,,,+2(186),-1,,,,,,+(21)
1090,,西安电子科技大学,不知道,廖文轩,曾闻海,何牧,,False,True,3,375,,+(83),,,,,+3(187),-2,,,,,,+(45)
1091,303,河南科技大学,班嘞，别睡了！,镐紫兴,吴优,刘子豪,,False,True,3,376,,+2(100),,,,,+2(179),-4,,,,,,+(17)
1092,304,山东管理学院,纯真丁一郎,卢明煜,梁勋浩,陈健豪,,False,True,3,377,,+1(94),,,,,+2(176),,,,,,,+1(27)
1093,,天津理工大学,（思考）,佟佳华,赵海洋,李蒙海,,False,True,3,378,,+1(101),,,,,+2(199),-1,,,,,,+(18)
1094,,浙江工商大学,电之光,姚益浩,叶恒,吴骏达,,False,True,3,379,,+1(149),,,,,+2(121),-2,,,,,,+1(29)
1095,,新疆大学,我有一个AC梦,夏清伟,郑淇耀,骆承,,False,True,3,379,,+1(149),,-1,,,+2(142),-2,,,,,,+(28)
1096,,北京林业大学,皓腕凝霜雪,蔡优,管穗京,梅涵,,False,True,3,379,,+(88),,,,,+6(153),-7,,,,,,+(18)
1097,,湖南师范大学,how to win,段天琦,曾磊鑫,陈碧辉,,False,True,3,379,,+(86),,,,,+6(155),-1,,,,,,+(18)
1098,305,北京理工大学珠海学院,新伙撩沅,王壮辉,丘晖扬,蔡炆沅,,False,True,3,380,,+1(86),,,,,+4(149),-4,,,,,,+1(25)
1099,,大连大学,今天你摆烂了对不队,幸豪,龙鑫雨,陈岩,,False,True,3,380,,+2(164),,-1,,,+3(92),-12,,-1,,,,+(24)
1100,,华中师范大学,黑神话：铁牌,陈晓鸣,赵毅,王绪毅,,False,True,3,380,,+2(109),,,,,+2(164),-3,,,,,,+(27)
1101,,东北大学秦皇岛分校,焚风,尚昀飞,黄远,曹方健,,False,True,3,380,,+(115),,-4,,,+3(181),,,,,,,+(24)
1102,,台州学院,我不吃AC,严忠楠,何俊豪,张忻祺,,False,True,3,380,,+(39),,-104,,,+3(249),,,,,,,+(32)
1103,,湖南理工学院,打个表先,唐天华,许盼,周旭,,False,True,3,382,,+2(151),,,,,+2(135),-3,,,,,,+(16)
1104,,河南科技大学,艾草,张远翔,张旭,谢沛哲,,False,True,3,382,,+1(159),,-224,,,+3(121),-2,,,,,,+(22)
1105,,南通大学,这次不随机生成,赵力岩,仝乾,王见祖,,False,True,3,382,,+3(166),,-2,,,+(69),,,,,,,+2(47)
1106,,浙江育英职业技术学院,被队友背刺,包鑫远,骆晓亮,卢哲涵,,False,True,3,382,,+(124),,,,,+1(192),-4,,,,,,+1(26)
1107,,南昌航空大学,鷐鸚庄园无对手,林培豪,曾钦文,周文梓,,False,True,3,383,,+2(136),,,,,+2(147),-9,,,,,,+(20)
1108,306,扬州大学,柚子醋蒸虾头,蒋蠡,余兴正,宋世荣,,False,True,3,383,,+2(184),,,,,+1(94),-4,,,,,,+1(25)
1109,,华南农业大学,一把抓住样例，顷刻炼化,卢豪禧,肖超,吴智铉,,False,True,3,384,,+2(100),,,,,+4(142),-2,,,,,,+(22)
1110,,西南大学,西大暴龙队,蒋麟洲,孙舒源,刘益鸣,,False,True,3,384,,+(106),,,,,+3(149),-2,,,,,,+1(49)
1111,,青岛大学,月色回音,曾学钦,李子涵,代自超,,False,True,3,384,,+2(154),,,,,+1(154),-3,,,,,,+(16)
1112,,西南科技大学,轻言轻语,杜嘉瑜,裴博儒,何笃凯,,False,True,3,384,,+(108),,,,,+3(189),-12,,,,,,+(27)
1113,,华南农业大学,她说再AC一道题就和我在一起,钟启航,江煊杰,陈钢,,False,True,3,385,,+3(115),,,,,+(166),-1,,,,,,+1(24)
1114,,东华大学,Sleepy2,夏国庆,范佳,李承烨,,False,True,3,385,,+3(172),,,,,+(131),-1,,,,,,+(22)
1115,,北京林业大学,一码归一码,周欣潼,李振梁,张秉鸿,,False,True,3,386,,+7(135),,,,,+1(77),-4,,,,,,+(14)
1116,307,浙江工业大学之江学院,夏日青空小分队,徐锐,赵豪磊,陈昕,,False,True,3,387,,+4(110),,,,,+2(111),-7,,,,,,+1(26)
1117,308,北京电子科技学院,废水零液体排放,郑宇泉,李炫睿,戴露,,False,True,3,388,,+1(90),,,,,+5(116),-2,,,,,,+(62)
1118,,山东师范大学,YXL,喻齐,许家禄,刘鑫,,False,True,3,388,,+5(162),,,,,+1(87),-5,,,,,,+(19)
1119,,山东科技大学,占星者号,王浩轩,于永晨,李庆拓,,False,True,3,388,,+(56),,,,,+3(255),-1,,,,,,+(17)
1120,,南昌大学,三下五除二,何家欢,刘学麟,杨喆,,False,True,3,389,,+2(52),,,,,+3(176),-2,,,,,,+1(41)
1121,,哈尔滨工业大学（深圳）,我在icpc不响丸辣,陈畅霖,冯炀,李启源,,False,True,3,389,,+2(41),,,,,+5(184),-3,,,,,,+(24)
1122,,华南农业大学,事已至此先睡觉吧,黄诗杰,陈俊彬,钟启航,,False,True,3,390,,+2(129),,,,,+5(100),-5,,,,,,+(21)
1123,,中国石油大学（华东）,中石大2003,申俊,孙浩东,宋志涛,,False,True,3,391,,+1(140),,,,,+5(117),-2,,,,,,+(14)
1124,,青岛理工大学,饶,魏天意,韦振兴,谢博文,,False,True,3,391,,+5(145),,-116,,,+2(66),-3,,,,,,+1(20)
1125,,南昌航空大学,极限水花,袁帅,梁军斌,唐斌,,False,True,3,391,,+6(200),,,,,+(54),-7,,,,,,+(17)
1126,309,徐州工程学院,面向AC程序设计,夏晨龙,薛烨,范紫萍,,False,True,3,391,,+4(221),,,,,+(72),,,,,,,+(18)
1127,,浙大宁波理工学院,倒头就睡,陈洪逸,钱晨,张奔晟,,False,True,3,393,,+1(169),,,,,+1(111),-3,,,,,,+2(33)
1128,,哈尔滨工业大学（威海）,一路順風,许展翔,禚周浩然,焦浩清,,False,True,3,393,,+3(186),,,,,+(88),-2,,,,,,+1(39)
1129,,阜阳师范大学,年轻人不要老熬夜,束明伟,石道成,王萌,,False,True,3,393,,+(124),,-2,,,+1(221),-1,,,,,,+(28)
1130,310,东华理工大学,东理二队,王继源,方鑫,程健,,False,True,3,393,,+1(102),,,,,+1(226),-2,,,,,,+(25)
1131,,华南农业大学,你不对我队,刘晓宇,文禹平,谢凯泽,,False,True,3,394,,+(155),,,,,+(187),,,,,,,+1(32)
1132,,江西师范大学,海底小纵队,陈勇,尤宏瑞,岑志博,,False,True,3,394,,+2(230),,,,,+(104),-3,,,,,,+(20)
1133,311,中国石油大学北京克拉玛依校区,仨绿名,邬圣锋,刘佳一,方叶武,,False,True,3,394,,+2(95),,,,,+(232),,,,,,,+(27)
1134,312,广东培正学院,找不到队友,沈亦鱼,黄铭锋,罗梓元,,False,True,3,395,,+2(120),,-24,,,+(82),-1,,,,,,+(153)
1135,,南京大学,哥布林,彭钰朝,徐梓鸣,李熠城,,False,True,3,395,,+2(105),,-1,,,+2(184),,,,,,,+(26)
1136,,中北大学,旺财杀手,邢飞杨,毕镇,于秉琪,,False,True,3,396,,+2(134),,,,,+3(141),-2,,,,,,+(21)
1137,,合肥工业大学宣城校区,你随便取个吧,王子恒,罗天昊,岳乐,,False,True,3,396,,+6(146),,,,,+1(91),,,,,,,+(19)
1138,313,吉利学院,吉利太美,罗志豪,何正,赵研淞,,False,True,3,396,,+2(175),,,,,+2(122),,,,,,,+(19)
1139,,山东大学（威海）,写蟒蛇写的,刘旸,陈甲申,刘艺航,,False,True,3,396,,+(91),,-1,,,+3(185),-3,,,,,,+1(40)
1140,,北京工业大学,鲁棒司机,陈镇岳,齐相龙,张晋赫,,False,True,3,396,,+(77),,,,,+4(188),-3,,,,,,+1(31)
1141,,广东工业大学,果粒橙,关津杰,张树程,邱列圻,,False,True,3,396,,+4(197),,,,,+(95),-4,,,,,,+(24)
1142,314,桂林电子科技大学,icpc舟上兵,林镔壕,张安航,郑政祺,,False,True,3,397,,+1(185),,,,,+1(153),,,,,,,+(19)
1143,,华东师范大学,中北墨麒麟,陈涵,李俊辰,徐卓一,,False,True,3,397,,+3(98),,,,,+1(198),,,,,,,+(21)
1144,,哈尔滨理工大学,哈理工2024Y08,何士杰,凌晟博,刘松语,,False,True,3,397,,+1(216),,-1,,,+(143),,,,,,,+(18)
1145,,杭州师范大学,知识学爆,叶志汉,金岸,王熠楠,,False,True,3,397,,+2(112),,,,,+(220),-2,,,,,,+(25)
1146,,宁波大学,ACtor,胡值闻,蒋轶波,吴凯晟,,False,True,3,398,,+(95),,,,,+3(180),-2,,,,,,+2(23)
1147,,重庆大学,原，妙不可言,胡明涛,单宇宸,文红兵,,False,True,3,399,,+(85),,,,,+5(196),-2,,,,,,+(18)
1148,,华中科技大学,宝宝哭哭,郭泽鑫,盖政华,张智博,,False,True,3,400,,+1(76),,,,,+5(137),-4,,,,,,+1(47)
1149,,西湖大学,轰炸机数学学院,汪阳,贾岚晴,俞开,,False,True,3,400,,+2(138),,-3,,,+2(171),-1,,-9,,,,+(11)
1150,,浙江师范大学,唐宋元每个都沾,金涵博,汤建凌,沈佳乐,,False,True,3,400,,+(111),,,,,+2(228),,,,,,,+(21)
1151,,河北师范大学,喝水吃饭,徐敬磊,叶兆伦,李奕飞,,False,True,3,401,,+2(164),,,,,+2(105),,,,,,,+1(32)
1152,,南京航空航天大学,找对象,陈梓鹏,吕海亮,李章锐,,False,True,3,401,,+2(112),,,,,+2(164),,,,,,,+1(25)
1153,,中国民航大学,起队名最麻烦了,孙皓,王璟鸿,梁永琰,,False,True,3,401,,+1(139),,,,,+2(179),-10,,,,,,+(23)
1154,,中国地质大学（武汉）,网瘾早该电电了,杨家鹤,李泽文,魏忠强,,False,True,3,402,,+2(118),,,,,+3(139),-12,,,,,,+1(25)
1155,,东南大学,扬帆续新辰,刘玮辰,潘亦新,王续丰,,False,True,3,402,,+1(107),,,,,+1(147),-5,,,,,,+2(68)
1156,,浙江工商大学,晶质铀,贾伊阳,郑安乔元,姚心成,,False,True,3,402,,+3(82),,,,,+1(213),,,,,,-1,+(27)
1157,,重庆大学,签不来到怎么办吧,张腾,周屹,周其星,,False,True,3,402,,+(91),,-4,,,+4(214),-1,,,,,,+(17)
1158,,国防科技大学,听党指挥,宋怀源,杨泽,张锦霄,,False,True,3,403,,+1(100),,-2,,,+2(212),-1,,,,,,+(31)
1159,,浙江师范大学,深藏blue,苏得昂,姜翔元,周纪恺,,False,True,3,405,,+2(157),,-2,,,+1(147),-3,,,,,-1,+1(21)
1160,,黑龙江大学,三相之力,王浩,刘彦良,高阳,,False,True,3,406,,+4(193),,,,,+(93),,,,,,,+1(20)
1161,,厦门大学,XMU03,蔡欣琪,张锦雯,何后天,,False,True,3,406,,+1(93),,-2,,,+3(209),,,,,,,+(24)
1162,,福建理工大学,ACaAC,颜嘉民,郑少豪,周世杰,,False,True,3,406,,+1(70),,,,,+4(210),-4,,,,,,+(26)
1163,315,湖南理工学院南湖学院,你想要uzi跳枪教程吗,旷中洪,何锦鹏,袁亮,,False,True,3,406,,+(152),,,,,+(216),-4,,,,,,+(38)
1164,316,沈阳航空航天大学,最终幻想,张宗明,李剑东,陈发祥,,False,True,3,407,,+3(151),,,,,+1(149),-10,,,,,,+(27)
1165,,浙江科技大学,虚假海马,徐林灿,许城玮,张德军,,False,True,3,407,,+1(134),,,,,+3(177),-68,,,,,,+(16)
1166,,北京林业大学,北林一队,张锦秀,张文乐,段泓冰,,False,True,3,407,,+1(182),,,,,+3(101),,,,,,,+1(24)
1167,,安徽大学,众梦之聚,许钧剑,龙源徽,李骋,,False,True,3,407,,+1(112),,,,,-11,+1(243),,,,,,+(12)
1168,317,北华大学,always wrong answer,张珈铭,成鲜微,叶鑫楠,,False,True,3,408,,+1(103),,,,,+5(116),,,,,,,+2(29)
1169,,新疆大学,请给我们名额吧，我们什么都会做的,蒋涛,欧力铭,庄凌浩,,False,True,3,408,,+5(206),,,,,+(77),-7,,,,,,+(25)
1170,,武汉大学,核心算法,魏俊涛,戴天奕,杨锦熙,,False,True,3,409,,+2(148),,,,,+4(120),,,,,,,+(21)
1171,,绍兴文理学院,看队友打代码,贺克屿,曹安迪,张铭浩,,False,True,3,409,,+1(139),,,,,+1(187),-1,,,,,,+1(23)
1172,,河海大学,25时，在ICPC打铁,张天浩,杜泽恩,李金涛,,False,True,3,409,,+(48),,-4,,,+5(212),-5,,,,,,+1(29)
1173,318,湖南农业大学,名字太长打不进来,刘永康,李磊,李南翃,,False,True,3,410,,+2(158),,,,,+4(85),-21,,,,,,+1(27)
1174,,成都东软学院,一切皆有可能,张慈玖,贾立旺,程仲远,,False,True,3,410,,+4(183),,,,,+1(83),-3,,,,,,+1(24)
1175,,中国海洋大学,会赢吗,袁瑞彬,朱先锐,李武烈,,False,True,3,410,,+4(191),,,,,+(93),,,,,,,+(46)
1176,,青岛科技大学,斯卡布罗集市,高英翔,朱文杰,侯佳文,,False,True,3,410,,+1(117),,,,,+1(228),-5,,,,,,+(25)
1177,,吉林大学,高玩派对,拱垲,袁英麒,吕浩然,,False,True,3,411,,+2(101),,-7,,,+2(151),,,,,,,+2(39)
1178,,浙江科技大学,这是你起的名字吗,胡仕豪,胡大帅,郑双,,False,True,3,411,,+1(199),,,,,+2(134),-2,,,,,,+(18)
1179,,天津大学,少爷和老奴,蒋茜,王煜杰,仇静逸,,False,True,3,411,,+(103),,,,,+2(218),-2,,,,,,+(50)
1180,319,广西师范大学,打完就退役,王功磊,马将,周紫阳,,False,True,3,412,,+3(144),-1,,,,+1(165),,,-1,,,,+(23)
1181,320,齐齐哈尔大学,齐大是齐齐哈尔最好的大学，张雪峰都敢这么说,段圣宣,李奇运,蓝俊贤,,False,True,3,412,,+2(142),,,,,+2(169),-8,,,,,,+(21)
1182,,南阳理工学院,翻斗花园暗号kun,王衡,张霖,林蔓坤,,False,True,3,413,,+1(84),,,,,+2(177),-6,,,,,,+3(32)
1183,321,安徽农业大学,签到杀手被签到题杀,李兹如,姜乐源,程洛庆,,False,True,3,413,,+4(239),,,,,+1(54),-10,,,,,,+(20)
1184,,哈尔滨理工大学,哈理工2024Y15,谢天城,王芷安,李静妍,,False,True,3,414,,+2(120),,,,,+3(148),-4,,,,,,+1(26)
1185,,中南大学,破晓之光,吴俊杰,罗浩成,李文韬,,False,True,3,414,,+4(151),,,,,+3(102),-6,,,,,,+(21)
1186,322,西安邮电大学,中二病不想谈恋爱,石宇,武奕源,薛昊坤,,False,True,3,414,,+3(159),,,,,+1(126),-1,,,,,,+1(29)
1187,,浙大宁波理工学院,刘佳乐,刘佳乐,丁智宇,叶仲豪,,False,True,3,415,,+2(180),,,,,+2(136),-4,,,,,,+(19)
1188,,中国计量大学,互联网处决我,曹炳涛,赵星亮,赖俊文,,False,True,3,415,,+(47),,,,,+4(270),-15,,,,,,+(18)
1189,,福建理工大学,碧天伴走,刘羿,刘航,陈君玲,,False,True,3,415,,+2(271),,,,,+(83),-4,,,,,,+(21)
1190,,宁波职业技术大学,文盲队,朱津宏,徐振宇,叶玉龙,,False,True,3,415,,+(67),,,,,+1(278),,,,,,,+1(30)
1191,,成都信息工程大学,打算法竞赛也会遇见16岁天才美少女吗,曾乙,张永俊,章秀龙,,False,True,3,416,,+5(167),,,,,+1(108),-3,,,,,,+(21)
1192,,西南科技大学,你说得很对,陈亮旭,吴子杨,余欣阳,,False,True,3,416,,+4(106),-2,-3,,,+1(175),-16,-1,-1,,,-1,+(35)
1193,,东北师范大学,海底小纵队,周文琦,梁博芳,张鸿昊,,False,True,3,416,,+(62),,,,,+4(240),,,,,,,+(34)
1194,,苏州大学,异或,姜涛,陈灵波,蔡福临,,False,True,3,417,,+4(153),,,,,+1(142),-53,,,,,,+(22)
1195,,华南师范大学,菜鸟队,陈嘉希,侯赛浩,张林晨,,False,True,3,417,,+2(155),,,,,+1(87),-1,,,,,,+4(35)
1196,,北京师范大学,打完就回去搬砖,丁余健,陆祖亿,凤晨阳,,False,True,3,417,,+2(192),,,,,+2(121),-3,,,,,,+(24)
1197,,华中师范大学,花开富贵,刘孟谦,彭雅晨,杨璟欣,,False,True,3,417,,+(63),,,,,+1(258),-1,,,,,,+2(36)
1198,,山东大学,原始人，起洞,王嘉,孙秋延,谯迪中,,False,True,3,418,,+(117),,,,,+5(179),,,,,,,+(22)
1199,,南京信息工程大学,地铁上的年轻人,李鸿硕,丁诚诚,王欣悦,,False,True,3,418,,+2(209),,,,,+1(122),,,,,,,+(27)
1200,,深圳技术大学,少Wa点,李壮壮,罗星辉,马远力,,False,True,3,419,,+4(97),,-2,,,+1(200),-6,-1,,,,,+(22)
1201,,长春理工大学,桃李酥,陶乐乐,李澹,苏照城,,False,True,3,419,,+(61),,-65,,,+4(232),-5,,,,,,+1(26)
1202,,集美大学,Sanagi,周鑫,刘烨冬,韩斌,,False,True,3,420,,-7,,-1,,,+7(89),+(176),,,,,,+(15)
1203,,郑州轻工业大学,遇事不决从容应对,薛晓煜,夏高祥,栗闫恒,,False,True,3,421,,+6(198),,-1,,,+(75),-2,,,,,,+(28)
1204,,湖南工学院,1+1+1=1,陈嘉鹏,万鑫杰,李东,,False,True,3,421,,+2(201),,,,,+1(135),-2,,,,,,+(25)
1205,,惠州学院,出关的小白,孙昊,江仰德,汤家健,,False,True,3,421,,+(120),-1,,,,+3(218),-3,,,,,,+(23)
1206,,成都大学,翻斗花园第一罚时队,黄兵,张信富,陈德建,,False,True,3,422,,+5(177),,,,,+2(83),,,,,,,+(22)
1207,,新疆大学,奇迹与你,黄梓峰,张志诚,古恩豪,,False,True,3,423,,+6(181),,,,,+(75),-5,,,,,,+1(27)
1208,,华中农业大学,不喜欢暴力的袋鼠哥哥,雷博琦,艾子鸣,胡泽宇,,False,True,3,423,,+(101),,,,,+4(195),-5,,,,,,+1(27)
1209,,合肥大学,甘！文！！崔！！！,钟健,许志航,桑长安,,False,True,3,423,,+7(209),,,,,+(47),,,,,,,+(27)
1210,,西北农林科技大学,不要wa哇,向闽星,曹广友,贾棋萌,,False,True,3,423,,+1(75),,,,,+2(249),-3,,,,,,+1(19)
1211,,河海大学,824赛博霍金肘击电子冬雪莲0721次,徐子俊,罗誉,林煜斌,,False,True,3,425,,+1(107),,,,,+5(132),-2,,,,,,+1(46)
1212,,临沂大学,青春猪头少年不会梦到一发AC,刘嘉杰,谢番羽,刘廷全,,False,True,3,425,,+3(158),,,,,+(144),,,,,,,+1(43)
1213,,安徽大学,知识学爆~,成智炜,吴元斌,李子涵,,False,True,3,425,,+3(106),,,,,+3(179),,,,,,,+(20)
1214,,中国矿业大学,宇宙兄弟,严川浙,肖永烨,唐嘉诣,,False,True,3,426,,+2(102),,,,,+5(150),-1,,,,,,+(34)
1215,,合肥大学,白裤裆寒冬一击,郭旗旭,孙圳昂,谢宇,,False,True,3,426,,+1(106),,,,,+3(211),-5,,,,,,+(29)
1216,,西北工业大学,别人AC我们WA,吴旭昊,白昊明,吴天烨,,False,True,3,426,,+1(107),,,,,+2(235),-1,,,,,,+(24)
1217,,宁波大学,我们得思索一下,赖诗亮,吴祺昊,朱怡晨,,False,True,3,427,,+5(96),,-3,,,+1(190),,,,,,,+(21)
1218,,江南大学,海底小总队,徐兢,杨学钊,陈一鸣,,False,True,3,428,,+1(94),,,,,+3(233),,,,,,,+(21)
1219,,辽宁大学,三位一体,吴俊威,欧阳兴隆,毛博汉,,False,True,3,429,,+2(169),,,,,+2(164),-7,,,,,,+(16)
1220,,东南大学,也许很有潜力的ACM三人组,巩皓锴,王子会,曹向荣,,False,True,3,430,,+(140),,-2,,,+3(172),-19,,,,,,+1(38)
1221,323,南京农业大学,那年春，除却AC不是真,朱立明,顾慎之,胡宇昊,,False,True,3,430,,+1(132),,,,,+(203),,,,,,,+1(55)
1222,,山东大学（威海）,basicjream pas' pygo+++++,童延,陆柯旭,钟菡树,,False,True,3,431,,+2(146),,,,,+2(181),-1,,,,,,+(24)
1223,,南京师范大学,我能在得了健忘症的情况下打完ACM吗,徐杰克,陆扬帆,姜凌,,False,True,3,431,,+(55),,,,,+7(187),,,,,,,+(49)
1224,,湖南财政经济学院,拒绝父母逼婚来打icpc,刘皝,陈浩,阳金波,,False,True,3,431,,+(160),,,,,+3(191),-3,,,,,,+(20)
1225,324,陕西科技大学,万有引力,成思明,段焜元,杨子毅,,False,True,3,431,,+1(149),,,,,+(237),,,,,,,+(25)
1226,,福建师范大学,复活赛续集,廖子涵,陈咏欣,王超,,False,True,3,432,,+1(120),,,,,+3(163),-2,,,,,,+2(29)
1227,,香港中文大學,演算法聯盟,Lung Sui Hei,Cheung Yik Fung,Thanapon Maiseaumsook,,False,True,3,432,,+4(117),,,,,+2(175),-4,,,,,,+(20)
1228,,湖南大学,小酒馆常客,丁海桐,孙保庆,李景越,,False,True,3,432,,+(91),,,,,+6(197),,,,,,,+(24)
1229,,南京大学,百鸟苑,于啸洋,马嘉骏,蒋凤晨,,False,True,3,432,,+(111),,,,,+4(219),,,,,,,+(22)
1230,,北华大学,感觉不如DXX,秦翔宇,赵文浩,张鑫,,False,True,3,433,,+1(111),,,,,+3(196),,,,,,,+1(26)
1231,,中南林业科技大学,管你对不队,林中翔,曹洋,田越,,False,True,3,434,,+5(155),,-8,,,+(85),,,,,,,+3(34)
1232,,东北师范大学,《黑算竞 ：飞舞》,邓鹏,陈景源,许浚锴,,False,True,3,434,,+2(188),,,,,+(161),-4,,,,,,+1(25)
1233,,三峡大学,打完这场就退役,杨宇浩,谭诗雨,李深贤,,False,True,3,434,,+1(103),,,,,+3(225),-6,,,,,,+(26)
1234,,北京交通大学,独去闲,客昱阳,吴钰恺,骆韬,,False,True,3,435,,+5(192),,,,,+1(72),,,,,,,+1(31)
1235,,山东大学（威海）,农村小男娘哼嗯哼哼哼,许宸瀚,黄元昊,靳可欣,,False,True,3,435,,+1(141),,,,,+1(209),-2,,,,,,+(45)
1236,325,泉州师范学院,0123456789,王嘉铭,崔韩磊,阳捷,,False,True,3,436,,+2(106),,-3,,,+(193),-4,,,,,,+2(57)
1237,,南京邮电大学,njupt24team009,王悦瀚,韩达昊,王薪睿,,False,True,3,436,,+(107),,,,,+2(223),-2,,,,,,+1(46)
1238,,江西理工大学,初出茅庐,陈云杰,蔡结,吴仕贤,,False,True,3,436,,+(40),,,,,+8(224),,,,,,,+(12)
1239,,华中师范大学,天空没有极限,余成鸣,项思语,赵宇轩,,False,True,3,436,,+(84),,,,,+3(241),-1,,,,,,+1(31)
1240,,新疆大学,icpc不拿金不改名,张立,邱桐,陶文喆,,False,True,3,437,,+1(108),,,,,+5(189),,,,,,,+(20)
1241,326,浙江水利水电学院,在难铜比赛首银差点摄金,邵宇鹏,俞佳辉,夏一凡,,False,True,3,438,,+11(139),,,,,+(59),,,,,,,+(20)
1242,,中国科学技术大学,n方过百万,叶梓文,王一旭,杨邵恺,,False,True,3,438,,+3(91),,-2,,,+(261),-2,,,,,,+(26)
1243,,南京工业大学,如果我是猫雷你会让我AC吗,陶林风,王志远,宋浩玉,,False,True,3,439,,+2(123),,-1,,,+(248),-1,,,,,,+(28)
1244,327,韶关学院,我们打acm的要考虑的就多了,冯诺维,黄家宝,陈兴翰,,False,True,3,440,,+(139),,-1,,,+5(177),-2,,,,,,+(24)
1245,,重庆邮电大学,撒卡班龙鱼,朱烨彬,罗俊麟,黄柯,,False,True,3,440,,+(98),,,,,+1(202),,,,,,,+2(80)
1246,,四川大学,灵感满溢的程序创想,陈春昊,唐文可,邓善聪,,False,True,3,440,,+5(214),,,,,+1(86),,-3,,,,,+(20)
1247,,南京农业大学,王子请AC,王文圣,张佳峰,狄子谦,,False,True,3,441,,+(86),,,,,+4(248),-1,,,,,,+(27)
1248,,湖南工学院,布洛芬香菜,范哲轩,李欣茹,罗阳艳,,False,True,3,442,,+1(154),,,,,+1(193),-3,,,,,,+1(35)
1249,,河南农业大学,哈基米,许博文,张鹏举,王浩宇,,False,True,3,443,,+1(119),,-13,,,+(199),-1,,,,,,+3(45)
1250,,中国传媒大学,算法术士的重启人生,沈瀚洋,李梦磊,邓子扬,,False,True,3,443,,+2(113),,,,,+2(229),-1,,,,,,+(21)
1251,,武汉科技大学,武科大第n队,汪烁,左新宇,游籁珺,,False,True,3,444,,+(123),,,,,+1(278),,,,,,,+(23)
1252,,中国人民大学,智算先锋队,崔恩赫,卢霄羽,蔡松洋,,False,True,3,445,,+2(98),,,,,+3(167),-1,,,,,,+(80)
1253,328,石家庄铁道大学,乐正司百曲，绫动万年红,王韵然,王飞,史金涛,,False,True,3,445,,+4(256),-1,-2,-1,-1,+(87),-1,-1,-1,-1,-1,-1,+(22)
1254,,兰州大学,全队通过六级,邵逸帆,吴平,时哲涵,,False,True,3,446,,+3(145),,-2,,,+4(144),-3,,,,,,+(17)
1255,,成都信息工程大学,青春期acmer不会梦到ak学姐,王浩宇,魏章博,董双豪,,False,True,3,446,,+1(147),,,,,+3(193),,,,,,,+(26)
1256,,华南理工大学,黑算法：超时,黄毅豪,邓逸轩,李维信,,False,True,3,447,,+2(188),,,,,+1(176),-2,,,,,,+(23)
1257,,上海大学,O(n^n!),张志远,曾宇成,郭倪含,,False,True,3,447,,+2(223),,,,,+1(137),-1,,,,,,+(27)
1258,,南昌大学,以上队伍成绩无效,胡书惠,邱祎航,范雨湉,,False,True,3,448,,+2(197),,,,,+(181),-2,,,,,,+(30)
1259,329,嘉兴大学,不时用敲代码遮掩自己没有社交的acm选手,宋佳宇,林荫,刘星辰,,False,True,3,448,,+(85),,,,,+3(271),,,,,,,+(32)
1260,,大连海事大学,电棍笑传之查查病,李岳衡,曹永琦,张文豪,,False,True,3,449,,+6(148),,,,,+1(101),-1,,,,,,+1(40)
1261,,南京大学,队友的奋斗,徐沐杰,徐骁远,倪浩然,,False,True,3,449,,+6(150),,,,,+(127),,,,,,,+1(32)
1262,,浙江理工大学,不死图腾,戴亮,汪明,鲁洁阳,,False,True,3,449,,+2(136),,,,,+3(193),,,,,,,+(20)
1263,,浙大城市学院,那场TLE毁了我的金牌梦,徐俊华,虞子琰,魏华楠,,False,True,3,449,,+(144),,,,,+2(246),-11,,,,,,+(19)
1264,,东北师范大学,WA自动机,赵新睿,缪弘毅,张稷穗,,False,True,3,450,,+(87),,-2,,,+5(241),-8,,,,,,+(22)
1265,,福州大学,原原神神启启动动,詹思榕,鲍晓鹏,滕柏宇,,False,True,3,452,,+4(168),,,,,+1(164),-2,,,,,,+(20)
1266,,湖南城市学院,code.erase(bug),黄家祥,周忠武,李山水,,False,True,3,452,,+3(206),,,,,+3(109),,,,,,,+(17)
1267,,河北工业大学,全都做队,黄锦翔,李瀚文,李恒,,False,True,3,453,,+2(113),,,,,+2(233),-1,,,,,,+(27)
1268,,陕西科技大学,比完就饥荒,胡跃,李瑜佳,李聪睿,,False,True,3,453,,+4(244),,,,,+(105),,,,,,,+(24)
1269,,鲁东大学,胜利女神在微笑,闫鸿宇,姜博文,刘尚坤,,False,True,3,454,,+5(186),,,,,+1(132),,,,-4,,,+(16)
1270,,江西师范大学,原来你也玩原神,韩玮翌,梅相彪,马天乐,,False,True,3,454,,+3(190),,,,,+2(140),-2,,,,,,+(24)
1271,,浙江财经大学,猫咪烧烤,王鑫宇,陈君豪,王强,,False,True,3,456,,+2(227),,,,,+1(140),-1,,,,,,+(29)
1272,,浙江师范大学,干翻别人队,赵欣雨,汪暄暄,陈佳宜,,False,True,3,456,,+2(109),,,,,+2(243),,,,,,,+(24)
1273,,北京科技大学,队友十年单身换区域赛银牌,韩海闻,张顺,彭心雨,,False,True,3,457,,+(77),,,,,+6(239),-2,,,,,,+(21)
1274,,浙江万里学院,万里3队,牛腾,何丰毅,孙春辉,,False,True,3,457,,+(82),,,,,+4(265),,,,,,,+(30)
1275,330,长江大学,子曰有解,郑建斌,唐祎敏,陈迪路,,False,True,3,458,,+3(173),,,,,+3(108),-10,,,,,,+1(37)
1276,331,浙江广厦建设职业技术大学,让队友AC吧，我什么都会做的,陈硕,陈斌,黄燊瑞,,False,True,3,458,,+1(131),,,,,+2(226),-4,,,,,,+1(21)
1277,,福州大学,哈哈没有人取队名,王曹俨,洪佳盛,何顺康,,False,True,3,459,,+3(176),,,,,+3(136),-9,,,,,,+(27)
1278,,北京师范大学,异或小姐的狗,高延子鹏,傅俊林,颜方志,,False,True,3,459,,+(33),,,,,+5(305),-4,,,,,,+(21)
1279,,黑龙江大学,我们还有最后一个办法,信自强,段然,张煦,,False,True,3,460,,+3(173),,,,,+4(125),,,,,,,+(22)
1280,,广东工业大学,紫罗兰永恒花园,何其浚,叶冠锋,张越,,False,True,3,460,,+(83),,,,,+5(250),,,,,,,+(27)
1281,,东华大学,缝纫机糕手,徐张琪,申森,苏王宸,,False,True,3,460,,+(96),,,,,+2(273),,,,,,,+1(31)
1282,,中国矿业大学（北京）,燐光,饶汉青,闵俊宝,梅斌杰,,False,True,3,462,,+(95),,-2,,,+6(163),-1,-1,-4,,-1,,+2(44)
1283,,福建师范大学,秘封俱乐部,林廷钧,陈薪霖,姚耀宇,,False,True,3,462,,+1(79),,,,,+1(240),-2,,,,,,+3(43)
1284,,西安理工大学,庄周梦韩,韩明轩,庄睿君,周彦泽,,False,True,3,463,,+4(61),,,,,+5(203),-1,,,,,,+(19)
1285,,山东大学,acm最强传说之绝凶的猛虎,刘易哲,李厅弘,张景岳,,False,True,3,464,,+9(175),,-1,,,+1(69),,,,,,,+(20)
1286,,湖南工业大学,不知道,李昊展,黎程帆,田梅楠,,False,True,3,464,,+6(213),,,,,+1(88),-3,,,,,,+(23)
1287,,华侨大学,河出伏流,鄭創基,黄庆彰,黄向杰,,False,True,3,465,,+4(222),,,,,+1(76),-1,,,,,,+1(47)
1288,,山东理工大学,AAA拙壮程长,郭海滨,潘清源,马玉堂,,False,True,3,466,,+2(77),,,,,+7(192),-5,,,,,,+(17)
1289,332,北京印刷学院,中国出版大学,李成蹊,陶慕尧,蒋帆,,False,True,3,466,,+1(185),-25,-72,,,+(198),-3,,,,,,+1(43)
1290,,暨南大学,一题没做,郭彦培,刘昌源,沈亦凡,,False,True,3,468,,+2(203),,-1,,,+1(74),-5,,,,,,+4(51)
1291,,临沂大学,铁牛牛肉面,王琦,黑乃骁,刘昊铜,,False,True,3,468,,+10(216),,,,,+(34),-22,,,,,,+(18)
1292,333,上海海事大学,海事探险小分队,刘逸杰,顾以为,陈立元,,False,True,3,468,,+1(113),,,,,+3(221),,,,,,,+1(34)
1293,,武汉科技大学,537要复仇,张咏鑫,胡成星,邱佳建,,False,True,3,469,,+3(179),,,,,+1(190),-4,,,,,,+(20)
1294,,中国石油大学（华东）,中石大1953,张兴硕,俞桐,李治欣,,False,True,3,470,,+1(150),,-2,,,+3(213),,,,,,,+(27)
1295,,合肥工业大学宣城校区,AC钙奶,廖健翔,刘振宇,尹渝中,,False,True,3,470,,+(105),,,,,+4(238),,,,,,,+(47)
1296,,徐州工程学院,当个傻子也挺好,王睿轩,吴书桐,陈小军,,False,True,3,470,,+(248),,,,,+1(180),,,,,,,+(22)
1297,,湖南大学,白狼,程琅琅,邵子瑞,胡琪强,,False,True,3,471,,+2(210),,,,,+3(135),,,,,,,+(26)
1298,,云南大学,Ulterior Motive,唐嘉骏,毕洲铭,史哲轩,,False,True,3,473,,+2(186),,,,,+4(149),,,,,,,+(18)
1299,334,龙岩学院,6,郭泽楷,白宇,黄斌强,,False,True,3,474,,+6(203),,,,,+1(87),-22,,,,,,+1(24)
1300,,浙江广厦建设职业技术大学,油爆枇杷,张皓杰,曹政业,常天俊,,False,True,3,475,,+3(129),,,,,+3(208),-1,,,,,,+(18)
1301,,温州大学,温大4队,张宇濠,毛烨超,韦乾平,,False,True,3,475,,+(136),,,,,+2(216),,,,,,,+1(63)
1302,,上海大学,我将，扭转万象,王轶轩,邵一涵,卢昭阳,,False,True,3,476,,+6(191),,-51,,,+(113),-77,,,,,,+1(32)
1303,,山东大学（威海）,算法之神scmmm应援团,温泽林,赵禹权,陈汶泽,,False,True,3,476,,+3(104),,,,,+3(234),-2,,,,,,+(18)
1304,,山东大学,天赋一点没有，还懒惰的要死,孟令铠,吴恒宇,曾文俊,,False,True,3,476,,+2(261),,,,,+1(137),,,,,,,+(18)
1305,,河南师范大学,阿莫西林,石康强,李文祥,黄锦辉,,False,True,3,477,,+1(173),,,,,+3(176),-5,,,,,,+1(28)
1306,,国防科技大学,巴别塔,董坤鹏,焦天歌,彭诚,,False,True,3,480,,+1(87),,-3,,,+1(153),,,,,,,+5(100)
1307,,香港中文大学（深圳）,OZR,刘长睿,王中天,王雨菲,,False,True,3,481,,+11(161),,,,,+(79),-6,,,,,,+(21)
1308,,阜阳师范大学,A+B problem,张鹏程,严航,王保君,,False,True,3,482,,+1(129),,-85,,,+6(183),-9,,,,,,+(30)
1309,,吉林大学,菜鸟俱乐部,程宇星,刘雅奇,康德润,,False,True,3,482,,+1(72),,-2,,,+5(263),,,,,,,+(27)
1310,,南京邮电大学,njupt24team008,李佳灿,李治成,阚文博,,False,True,3,482,,+(62),,,,,+5(291),-4,,,,,,+(29)
1311,,山东财经大学,摩洛哥炒饼,吴方浩,王艺,刘士帮,,False,True,3,484,,+2(151),,,,,+8(117),-13,,,,,,+(16)
1312,335,河南工业大学,今天打卡了吗？,吴浩,万明浩,赵奎印,,False,True,3,484,,+7(167),,-12,,,+2(117),-34,,,,,,+(20)
1313,,济南大学,遠山客,余川华,韦金亮,葛广一,,False,True,3,484,,+2(174),,,,,+1(202),-2,,,,,,+1(28)
1314,,福建农林大学,top.登陆少年,谢力航,陈有锴,蒋恒艺,,False,True,3,484,,+6(218),,,,,+(95),,,,,,,+1(31)
1315,,衡阳师范学院,洋洋鸽鸽,王卫,郭子涵,吴宜洋,,False,True,3,487,,+5(121),,,,,+2(204),-5,,,,,,+(22)
1316,,南京邮电大学,njupt24team010,范语辰,林茈恒,李兆添,,False,True,3,487,,+2(171),,,,,+2(205),-1,,,,,,+(31)
1317,,东莞理工学院,不报销就爆零队,罗永成,徐浩,刘津诚,,False,True,3,488,,+(191),,,,,+1(131),,,-1,,,,+3(86)
1318,,青岛大学,青岛大学114514队,杨秉运,池一恒,张骏,,False,True,3,489,,+3(205),,,,,+(203),-1,,,,,,+(21)
1319,,南京邮电大学,njupt24team007,熊鼎,耿嘉泽,杨珈懿,,False,True,3,489,,+1(69),,,,,+4(267),-4,,,,,,+1(33)
1320,,长安大学,她不喜欢拿不了牌子的,胡艺瀚,周乐恒,许奕杰,,False,True,3,490,,+1(130),,,,,+7(174),,,,,,,+(26)
1321,,苏州大学,公主殿下天下第一,徐博洋,包龙生,李昱翔,,False,True,3,491,,+1(191),,-2,,,+2(164),-1,,,,,,+2(36)
1322,,鲁东大学,燎原,杨荫洲,刘春蒲,吕方伟,,False,True,3,492,,+(178),,,,,+7(150),-2,,,,,,+(24)
1323,,广东工业大学,AC发电机,何彦憬,郭靖扬,王耀廷,,False,True,3,492,,+2(99),,,,,+5(229),-2,,,,,,+(24)
1324,,东北农业大学,WA自动急,郝孝彬,王策翔,刘梦柯,,False,True,3,493,,+(129),,,,,+2(301),-1,,,,,,+(23)
1325,,华南农业大学,Ciallo～,谭伟杰,钟志轩,温雨佳,,False,True,3,494,,+2(123),,-101,,,+5(162),-3,,,,,,+2(29)
1326,,广州大学,能赢吗？会赢的！,李轩,林卓义,周昊焌,,False,True,3,494,,+1(88),,-1,,,+3(280),,,,,,,+1(26)
1327,,齐鲁工业大学,负重越野,吴斌,廉昌业,魏文泽,,False,True,3,495,,+3(212),,,,,+2(163),-4,,,,,,+(20)
1328,,河南工业大学,wa常有，而ac不常有,陈兰锴,曹瑞峰,牛浩然,,False,True,3,498,,+(65),-1,-1,-1,-1,+7(247),-1,-1,-1,-1,-1,-1,+1(26)
1329,,浙江工业大学,ZJUT12,马浩俊,陈颢元,胡益临,,False,True,3,501,,+5(234),,,,,+1(132),-3,,,,,,+(15)
1330,,香港科技大学,Oops,孔令丞,章璞阳,郑君赫,,False,True,3,503,,+3(182),,,,,+2(88),-3,,,,,,+3(73)
1331,,南昌大学,你爱过HelloKitty吗,吴帅兵,万星毅,徐英杰,,False,True,3,504,,+(128),,,,,+(209),,,,,,,+5(67)
1332,,浙江农林大学,再交一百罚,卢成荣,戴晓毅,丁煜,,False,True,3,504,,+(86),,,,,+6(220),-4,,,,,,+2(38)
1333,,成都信息工程大学,不会就睡觉,张顺军,权雨帆,杨鹏,,False,True,3,504,,+1(132),,-1,,,+2(292),-12,,,,,,+(20)
1334,,河北工业大学,100.4999%,刘弈廷,赵子涵,林智,,False,True,3,505,,+3(148),,-3,,,+(192),,,,,,,+3(45)
1335,,兰州大学,重生之这一世我们都上岸了兰大计算机,马良,沈天辰,张皓然,,False,True,3,505,,+(148),,,,,+3(268),,,,,,,+(29)
1336,,湖南农业大学,会赢的,李海芬,万煜,董振华,,False,True,3,508,,+(189),,-6,,,+4(187),-15,,,,,,+1(32)
1337,,中南大学,正餐只喝奶茶,李奕儒,李佑唐,吴让尧,,False,True,3,508,,+(95),,,,,+6(266),-2,,,,,,+(27)
1338,336,浙江工业职业技术学院,三个入机挑战xcpc,施世泽,周益锋,张江,,False,True,3,510,,+5(210),,,,,+2(137),-23,,,,,,+(23)
1339,,河北师范大学,键上翻花,曾云昊,贺雪杭,温凯旺,,False,True,3,510,,+1(253),,-1,,,+(198),,,,,,,+(39)
1340,,深圳大学,SZU_main,郭天朗,刘与同,苏凯伦,,False,True,3,510,,+(113),,,,,+4(265),,,,,,,+1(32)
1341,,杭州师范大学,Dev背叛了希嘉嘉,吴睿萱,黄焰,鲁安鹏,,False,True,3,513,,+3(206),,,,,+1(163),-2,,,,,,+1(44)
1342,,成都信息工程大学,偷鸡小队,杨振,胡翔,刘俊材,,False,True,3,514,,+2(211),-1,-1,-1,-1,+(154),-1,-1,-1,-1,-1,-1,+3(49)
1343,,长沙理工大学,只管AC,丁炎培,郭佳鑫,李达懿,,False,True,3,515,,+7(120),,-1,,,+2(155),-4,,,,,,+1(40)
1344,,浙江工商大学,Accc,舒皓天,刘晨鑫,胡辰瑜,,False,True,3,518,,+1(133),,-11,,,+5(246),-1,,,,,,+(19)
1345,,河海大学,xcpc什么时候进奥运,黄兆彬,任意,杨家辉,,False,True,3,519,,+4(274),,,,,+(121),-1,,,,,,+1(24)
1346,337,宜春学院,Running on test 2,胡帅,万昭玮,施硕,,False,True,3,519,,+1(113),,,,,+3(302),,,,,,,+(24)
1347,,中国海洋大学,递归师傅,王俞鉴,蔡万林,李明朗,,False,True,3,523,,+2(140),,,,,+4(245),-1,,,,,,+(18)
1348,,上海大学,我来助你！,焦艺峰,刘聿承,张静雯,,False,True,3,524,,+1(191),,,,,+2(223),,,,,,,+1(30)
1349,,山东大学,你以为这天是又一个很平常的日子,卢俊宇,林星宇,郑睿杰,,False,True,3,524,,+2(184),-1,-3,-1,-1,+2(234),-1,-1,-1,-1,-1,-1,+(26)
1350,,四川大学,偷吃嘉然小姐的贡品,吴佳城,杨瑞,张逸涵,,False,True,3,524,,+1(149),,,,,-8,+3(268),,,,,,+(27)
1351,,新疆大学,TQL,邱开崟,刘宇轩,田野,,False,True,3,524,,+1(165),-1,-58,-1,-1,+1(292),-1,-1,-1,-1,-1,-1,+(27)
1352,,华北理工大学,疯狂星期日,冀明浩,谢鹏飞,张萧杨,,False,True,3,525,,+2(287),,,,,+1(130),,,,,,,+1(28)
1353,,武汉大学,重修数理基础,林喆霖,蔡子,范锦炜,,False,True,3,526,,+(107),,,,,+7(157),-1,,,,,,+2(82)
1354,,嘉应学院,随便吧,王嘉贤,宋子超,杜孟轩,,False,True,3,528,,+3(172),,,,,+2(181),-5,,,,,,+2(35)
1355,,福州大学,哈基米宝宝,谢博文,王盛明,傅世杰,,False,True,3,529,,+2(158),,,,,+5(209),-3,,,,,,+(22)
1356,,天津工业大学,祥子帮帮写,周浩,章若晨,水博翔,,False,True,3,530,,+3(168),,,,,+1(257),,,,,,,+(25)
1357,,浙江机电职业技术大学,大伊万,滕冠宇,戚俊豪,张宏伟,,False,True,3,531,,+1(118),,,,,+4(272),,,,,,,+1(21)
1358,338,信阳师范大学,圣芙蕾雅,王荣显,宋之涵,梁子义,,False,True,3,532,,+1(130),,,,,+3(262),,,,,,,+1(40)
1359,,郑州大学,你不笑，我笑,程申夫,郭易哲,刘开阳,,False,True,3,532,,+6(287),,,,,+(105),,,,,,,+(20)
1360,,大连理工大学,dlut05,蔡依哲,潘逸涵,赵永生,,False,True,3,533,,+1(132),,,,,+(107),-2,,,,,,+7(134)
1361,,黑龙江大学,我们爆金币，你们报名额吗,陈秋雨,王希龙,魏全宏,,False,True,3,534,,+5(225),,,,,+2(152),-4,,,,,,+(17)
1362,339,乐山师范学院,怎么一个都不队,夏源泽,曾媛,李勇琪,,False,True,3,534,,+3(247),,,,,+1(158),-4,,,,,,+1(29)
1363,,浙江科技大学,ikun666,金昀,马涵硕,吴家炜,,False,True,3,536,,+(238),,,,,+4(192),,,,,,,+(26)
1364,,西湖大学,题目做不队,江易娴,王欣琳,叶欣仪,,False,True,3,538,,+(124),,,,,+3(263),-2,,,,,,+1(71)
1365,,华东理工大学,别急我还在藏东西,谢榛,孙俊,李佳强,,False,True,3,539,,+1(117),,,,,+9(172),-1,,,,,,+1(30)
1366,,北京化工大学,Alnitak,孙光照,陈子逸,王梦冉,,False,True,3,540,,+5(257),,,,,+1(92),-3,,,,,,+2(31)
1367,,哈尔滨理工大学,哈理工2024Y10,李博徵,唐金玉,王硕,,False,True,3,540,,+4(263),,,,,+1(129),,,,,,,+1(28)
1368,,广东工业大学揭阳校区,GDUTJY_揭宿乐队,刘子恒,林杰钗,莫子桦,,False,True,3,541,,+1(222),,-7,,,+4(199),-1,,,,,,+(20)
1369,,南开大学,恭喜以上获奖队伍,汤纪洋,刘可新,刘岱儒,,False,True,3,541,,+(129),,,,,+1(224),-4,,,,,,+4(88)
1370,340,井冈山大学,cf只会A,陈晓霖,易传承,唐城颖,,False,True,3,542,,+7(220),,-1,,,+(160),,,,,,,+(22)
1371,,集美大学,我样例过了,王力恒,林敬炜,谢业成,,False,True,3,543,,+3(185),-1,-1,-1,-1,+(276),-2,-1,-1,-1,-1,-1,+(22)
1372,,台州学院,学了等于没学,曾阳,鲍威龙,陈奕阳,,False,True,3,544,,+2(179),,,,,+(242),,,,,,,+2(43)
1373,,湖州师范学院,翔哥带飞,郑恩祈,王伟翔,候鹏程,,False,True,3,546,,+(108),,,,,+5(259),,,,,,,+2(39)
1374,341,哈尔滨学院,薪炎永燃,余悦,王劲轲,仇伟,,False,True,3,548,,+1(92),,-1,,,+6(294),-2,,,,,,+(22)
1375,342,大连理工大学城市学院,水星记,赵艺景,闫屹伟,高小柯,,False,True,3,549,,+7(200),,,,,+3(128),-2,,,,,,+(21)
1376,,河南理工大学,欧内该，如果罚时太高的话，瓦达西,张逸晨,雷皓文,梁鑫雨,,False,True,3,550,,+2(136),,,,,+5(249),,,,,,,+(25)
1377,,浙江机电职业技术大学,能和我打一辈子ACM吗,陈科睿,谭振鹏,王湘豫,,False,True,3,551,,+6(207),,,,,+2(114),-1,,,,,,+2(30)
1378,,井冈山大学,大国铁匠,吴传民,吴彤,王琼,,False,True,3,551,,+8(267),,,,,+1(85),-1,,,,,,+(19)
1379,,东北大学秦皇岛分校,AC打断他WA啊,麦致恺,谭羽中,李昌岳,,False,True,3,551,,+3(78),,,,,+3(295),,,,,,,+1(38)
1380,,鲁东大学,争辉,孙健强,袁正杰,徐楠,,False,True,3,552,,+(204),,-5,,,+5(229),-2,,,,,,+(19)
1381,,南京工业大学,只爱赛尔号,汤嘉鸿,倪成龙,车挪亚,,False,True,3,552,,+3(162),-1,-27,-1,-1,+2(239),-1,-1,-1,-1,-1,-1,+1(31)
1382,,华东理工大学,希望能,沈誉,王振宇,朱嘉辉,,False,True,3,552,,+3(125),,,,,+2(301),,,,,,,+(26)
1383,,北京理工大学珠海学院,果宝三剑客,李国胜,肖正阳,翁彦峰,,False,True,3,552,,+(127),,,,,+5(302),,,,,,,+(23)
1384,,哈尔滨理工大学,哈理工2024Y03,黄忆杭,薛皓元,林如愿,,False,True,3,553,,+2(198),,,,,+(272),-1,,,,,,+1(23)
1385,,上海理工大学,千音迭奏 群星赋格,潘嘉阳,王一学,石珈铭,,False,True,3,554,,+3(207),,,,,+4(177),-5,,,,,,+(30)
1386,,石家庄铁道大学,花,申世铎,王垚,李天宇,,False,True,3,554,,+1(210),,,,,+1(238),,,,,,-1,+2(26)
1387,,上海理工大学,翠染百谷 雨浸春芜,卢景天,丁晓强,涂汇,,False,True,3,554,,+1(118),,-1,,,+4(240),-2,,,,,,+3(36)
1388,,南京师范大学,失败贯彻始终,季润民,陆昊宇,徐耀,,False,True,3,555,,+6(149),,,,,+4(190),-9,,,,,,+(16)
1389,,浙江工业大学之江学院,帮Zn刷牙,钱嘉炜,肖方涛,朱楠,,False,True,3,555,,+4(196),,,,,+3(175),,,,,,,+1(24)
1390,,合肥工业大学宣城校区,所以wa会消失对不对,陆俊,金晨毅,许鹏宇,,False,True,3,555,,+3(208),,,,,+5(133),-1,,,,,,+1(34)
1391,,西北工业大学,金牌归来，发现妻女流落街头,吴优,郝春博,刘伟业,,False,True,3,560,,+9(206),,,,,+1(129),,,,,,,+(25)
1392,,武汉科技大学,蒸&农&柚子厨,李豫,杨志军,朱本亮,,False,True,3,563,,+1(199),,,,,+2(280),,,,,,,+(24)
1393,,广州大学,我不是瓦批,乔俊杰,曹宇超,帅军锐,,False,True,3,564,,+2(131),,-1,,,+1(191),,,,,,,+6(62)
1394,,中国民航大学,数据别和我作队,李林芮,马佳昶,姚远,,False,True,3,566,,+3(288),,,,,+(192),,,,,,,+(26)
1395,,西北工业大学,总湿摇篮,王梓恒,郭浩然,蔡祺峰,,False,True,3,567,,+2(255),,-1,,,+(161),,,,,,,+(111)
1396,,吉林大学,捏猫猫的,李肇兴,唐榆淇,邓力豪,,False,True,3,567,,+(146),,,,,+3(257),-1,,,,,,+3(44)
1397,,江西财经大学,原来你也玩ACM,刘星,牛志义,曾毅,,False,True,3,568,,+4(177),,,,,+4(210),-1,,,,,,+(21)
1398,,浙江工业职业技术学院,救命 我被虫棍包围了,毛雨菲,苏楠,温作航,,False,True,3,575,,+2(107),,,,,+2(219),-1,,,,,,+5(69)
1399,,燕山大学,人力长安,张翔硕,金晨烨,赵玉航,,False,True,3,578,,+5(196),,,,,+4(181),-3,,,,,,+(21)
1400,,东北林业大学,文酱の万事屋,戈群翔,程风帆,肖高,,False,True,3,578,,+1(142),,,,,+3(222),-1,,,,,,+4(54)
1401,,北京化工大学,我不在这队,孙佳斌,张前宇,韦政轩,,False,True,3,578,,+2(129),,,,,+5(223),-1,,,,,,+1(66)
1402,,河南理工大学,郑永奇,郑永奇,郭浩楠,丁彦飞,,False,True,3,578,,+1(151),,,,,+4(300),,,,,,,+(27)
1403,,中国计量大学,楼上猫娘队,倪晓宇,陈柄宇,张雷,,False,True,3,579,,+(80),,,,,+10(242),,,,,,,+1(37)
1404,,东北师范大学,炫我嘴里,朱文博,郭芊橙,吕志远,,False,True,3,579,,+1(46),,,,,+10(290),,,,,,,+(23)
1405,,广州大学,管好你的输入流,同舒泽,郭子锋,彭海峰,,False,True,3,580,,+7(197),,,,,+4(142),-5,,,,,,+(21)
1406,343,广东东软学院,迪亦昂牧,程林雄,彭忠政,张俊,,False,True,3,580,,+7(202),,,,,+3(156),-2,,,,,,+(22)
1407,,南京农业大学,没有人比我更懂AC,黄子琰,张博轩,魏尧选,,False,True,3,581,,+4(226),,,,,+4(149),,,,,,,+1(26)
1408,,大连大学,选择困难症犯了,汤世軒,郑卫,何彦东,,False,True,3,581,,+(135),,-4,,,+4(256),-1,,,,,,+3(50)
1409,,山东建筑大学,鲁A济南车,冯振荆,王雨萌,孙明洋,,False,True,3,581,,+3(269),,,,,+(165),,,,,,,+1(67)
1410,,天津仁爱学院,真心为你,熊雨荻,许钰轩,王志毅,,False,True,3,581,,+(166),-1,,,,+4(302),-1,,,,,,+(33)
1411,,济南大学,红黑树之影,李沐瀚,荆一彤,张崇,,False,True,3,583,,+7(132),,,,,+5(187),,,,,,,+(24)
1412,,东北农业大学,马桶怎么堵了？哦原来是我仨的手速拉满了,刘金尧,杨煜,杨家浩,,False,True,3,583,,+(115),,-1,,,+6(296),,,,,,,+1(32)
1413,344,汉江师范学院,十堰武当山,涂金峰,杜中豪,王梓建,,False,True,3,584,,+3(252),,,,,+4(166),,,,,,,+(26)
1414,,华南农业大学,老爷保号队,李文浩,廖凯颖,赵齐,,False,True,3,585,,+(108),,,,,+1(138),-2,,,,,,+8(159)
1415,,中国科学技术大学,淼队,郑鹤铭,马子航,马亦凡,,False,True,3,586,,+1(93),,,,,+8(269),-7,,,,,,+(44)
1416,,华南农业大学,再ac一题就可以再ac一题了,袁菱,符伟鸿,邱逸淳,,False,True,3,587,,+2(237),,,,,+2(245),,,,,,,+(25)
1417,,香港大学,3RedRose,Dorjderem Namsraijav,Yerdaulet Mussabek,Shah Jahan Ishaq,,False,True,3,589,,+4(252),,,,,+4(140),,,,,,,+(37)
1418,,江苏科技大学,菈妮的锋刃,贾文超,王光明,韩天睿,,False,True,3,589,,+5(271),,-3,,,+(198),,,,,,,+(20)
1419,,山东大学,万元申万的,彭麟翔,张讯,刘逸宁,,False,True,3,589,,+2(89),,,,,+8(276),-4,,,,,,+(24)
1420,,浙江工商大学,魔法火焰,邬子阳,吴雨航,廖赢煜,,False,True,3,590,,+3(99),,,,,+6(286),,,,,,,+(25)
1421,,东北师范大学,骑士,陈琦煜,叶鹏辉,高宇轩,,False,True,3,592,,+(132),,,,,+7(286),-2,,,,,,+(34)
1422,,南京大学,我们做的都对,颜子为,牛永辉,刘圣文,,False,True,3,593,,+1(86),,,,,+9(283),-1,,,,,,+(24)
1423,,郑州经贸学院,抽象派,李皓轩,秦琳珂,张云飞,,False,True,3,597,,+3(199),,,,,+2(269),-2,,,,,,+(29)
1424,,宁波大学,三虾举鼎,虞卓军,赵翰韬,梁博淇,,False,True,3,599,,+3(230),,,,,+2(242),,,,,,,+(27)
1425,,西南科技大学,对的对的,邓俊熙,廖宇飞,李翔宇,,False,True,3,600,,+2(165),,,,,+4(284),,,,,,,+(31)
1426,,南京邮电大学,njupt24team015,唐嘉忻,李玥晗,谢杭玲,,False,True,3,601,,+2(138),,,,,+5(287),-1,,,,,,+(36)
1427,,郑州大学,奇妙冒险之旅,徐钧杰,杨光,朱锦昊,,False,True,3,602,,+2(214),-1,-1,-1,-1,+4(248),-1,-1,-1,-1,-1,-1,+(20)
1428,,苏州大学,SUDA内存溢出,王天予,周子尧,汪子琛,,False,True,3,602,,+1(164),,,,,+5(261),,,,,,,+1(37)
1429,,武汉理工大学,相遇天使,詹万炜,李咏泽,陈嘉乐,,False,True,3,605,,+(251),,,,,+5(235),,,,,,,+(19)
1430,,中北大学,大马来了,窦均,马飞晨,赵明兴,,False,True,3,608,,+2(66),,-1,,,+2(263),,,,,,,+6(79)
1431,,苏州工学院,面向样例的程序设计,方思珩,马鸿建,刘易,,False,True,3,608,,+3(97),,-3,,,+7(263),,,,,,,+1(28)
1432,,南华大学,打acm的这辈子是有了,柴鑫卓,覃志烽,杨泽恩,,False,True,3,608,,+9(279),,,,,+(77),,,,,,,+2(32)
1433,345,中国矿业大学徐海学院,ccc,万存前,刘久川,闫成榆,,False,True,3,610,,+3(222),,,,,+2(202),-1,,,,,,+2(46)
1434,,湘潭大学,黎明破晓,刘灿辉,朱宇轩,谭诚,,False,True,3,610,,+1(136),,,,,+3(238),-1,,,,,,+3(96)
1435,,中国人民大学,现役之我是真菜,朱哲,王帅壹,仇嘉惟,,False,True,3,611,,+1(66),,-1,,,+5(171),-5,,,,,,+8(94)
1436,,中国地质大学（武汉）,折磨评测机,王晗宇,汪润东,吴易凡,,False,True,3,611,,+3(243),,,,,+2(212),-19,,,,,,+1(36)
1437,,杭州师范大学,小卓两杯,张俊涛,徐浩哲,葛先步,,False,True,3,612,,+4(197),,,,,+5(217),,,,,,,+(18)
1438,,吉林大学,冰激淋,周浩宇,王福峥,董亮亮,,False,True,3,612,,+6(157),,,,,+4(224),-2,,,,,,+(31)
1439,,中国海洋大学,水军出击,杨家祺,陈天梓,徐坤,,False,True,3,612,,+1(207),,-1,,,+2(247),,,,,,,+2(58)
1440,,青岛科技大学,HJW,刘博,吴茂瑜,闫振斌,,False,True,3,613,,+3(284),,,,,+3(191),,,,,,,+(18)
1441,,安阳师范学院,一杯冰蓝Mojito,孙沂帆,许梦旗,王兵淇,,False,True,3,614,,+(113),,,,,+9(271),,,,,,,+1(30)
1442,346,南京理工大学泰州科技学院,败犬acmer太多了,张兆洋,王超奇,马宇乐,,False,True,3,614,,+1(214),,,,,+4(272),,,,,,,+(28)
1443,,浙大城市学院,Wonder__Answer,林盛,朱宇文,吴锦豪,,False,True,3,614,,+2(191),,,,,+2(293),,,,,,,+1(30)
1444,,南京师范大学,不是哥门,朱禹丞,周译顺,李泽钦,,False,True,3,617,,+6(279),,-1,,,+1(132),,,,,,,+1(46)
1445,,东北大学,东北大学_想名字想到神经错乱,许都,孟子杰,麦致恺,,False,True,3,617,,+2(117),,,,,+7(302),-1,,,,,,+(18)
1446,,北京邮电大学,DP_PTSD,王垚烨,黄志阳,蒙忠格,,False,True,3,619,,+1(135),,-1,,,+10(237),-4,,,,,,+(27)
1447,347,上海建桥学院,反卡姆布莱吉,林子航,周羽杰,付豪,,False,True,3,620,,+3(236),,,,,+(182),,,,,,,+1(122)
1448,,中南民族大学,佳明带飞学长学姐,方可,连煜博,吴佳明,,False,True,3,622,,+5(141),,,,,+5(263),,,,,,,+(18)
1449,348,汉口学院,努力成为c++高手,李毅云,鲁胜彪,黄舒畅,,False,True,3,623,,+(101),,,,,+9(314),,,,,,,+(28)
1450,,香港科技大学广州,S属性大爆发,张思达,黄俊良,李宇堃,,False,True,3,626,,+(108),,,,,+3(258),-2,,,,,,+6(80)
1451,,电子科技大学中山学院,中山学院4队,黄潇岳,谭昊,丁声涛,,False,True,3,627,,+5(185),,+3(258),,,-3,,,,,,,+(24)
1452,,中国地质大学（武汉）,玩原神玩的,彭磊,鲍炳辰,王佳豪,,False,True,3,627,,+4(199),,,,,+1(298),,,,,,,+(30)
1453,349,中原工学院,样例过就是过，对不队,陈有款,吴彦涛,魏慧琳,,False,True,3,628,,+13(268),,-260,,,+(82),,,,,,,+(18)
1454,,长沙理工大学,负优化大湿,肖志翔,夏昱,赖贝尔,,False,True,3,629,,+14(229),,,,,+1(79),,,,,,,+(21)
1455,,太原理工大学,参宿一,张亚奇,张洲洋,吴光义,,False,True,3,630,,+2(244),,-2,,,+4(225),,,,,,,+(41)
1456,,惠州学院,重生之道,陈海堂,李日敬,陆康明,,False,True,3,631,,+1(171),,,,,+4(290),,,,,,,+1(50)
1457,,湘潭大学,斗气化码,魏旭,陈波,颜伟斌,,False,True,3,632,,+4(226),,,,,+2(205),-1,,,,,,+2(41)
1458,,温州大学,温大3队,莫皓翔,是凯宁,李家诚,,False,True,3,634,,+2(192),,,,,+4(243),-4,,,,,,+2(39)
1459,,中国矿业大学,发际线和我作队,周博岩,毛子瑜,李蕴龙,,False,True,3,635,,+4(268),,,,,+3(163),-2,,,,,,+1(44)
1460,,信息工程大学,肖舔犬,王钒羽,孙钰航,肖天,,False,True,3,635,,+3(185),,,,,+1(302),,,,,,,+1(48)
1461,,同济大学,过了样例就算队,郑梓健,张丞玮,张子轩,,False,True,3,653,,+2(169),,,,,+4(306),-1,,,,,,+(58)
1462,350,仲恺农业工程学院,铁匠,徐铮,费奕霖,吴广平,,False,True,3,654,,+4(221),,,,,+6(212),-6,,,,,,+(21)
1463,,华南农业大学,主人说再ac一道就让我当杏怒,颜乾彪,钱志远,陈伟鹏,,False,True,3,656,,+4(146),,,,,+6(252),-11,,,,,,+1(38)
1464,,东北林业大学,小样，迷不死你,牛森源,孙玉豪,王泽汇,,False,True,3,659,,+7(258),,,,,+1(218),-1,,,,,,+(23)
1465,,安徽师范大学,过了王哥请吃饭,艾宇鹏,王毅,于浩然,,False,True,3,663,,+9(202),,,,,+3(122),-3,,,,,,+2(59)
1466,,沈阳航空航天大学,随便10086,刘佳美,纪旭,徐凯文,,False,True,3,663,,+1(119),,-3,,,+11(288),,,,,,,+(16)
1467,,江西师范大学,耐摔王稳定发挥,杨坤,赖思行,张凯,,False,True,3,666,,+9(222),,,,,+2(187),-2,,,,,,+(37)
1468,,广西师范大学,这个委托我接了！,程昕邦,廖福星,潘富辉,,False,True,3,668,,+5(159),,-38,,,+5(233),,,,,,,+2(36)
1469,,燕山大学,李唐王~字一元,唐湘黔,李梦浩,李述源,,False,True,3,669,,+2(240),,,,,+4(263),-1,,,,,,+1(26)
1470,,四川大学,前世爱吃TLE的我，如今转生4K分TLEourist,王枭越,李浩,曾灵杰,,False,True,3,671,,+2(228),,,,,+6(266),-1,,,,,,+(17)
1471,,苏州工学院,退一万步讲难道屏幕前的你们就没有错吗？,陆佳炜,吴梓豪,丁钰铸,,False,True,3,673,,+7(228),,,,,+4(138),,,,,,,+(87)
1472,,温州大学,温大6队,徐王晶,张康乐,章佳辉,,False,True,3,674,,+3(286),,,,,+1(217),-1,,,,,,+1(71)
1473,,哈尔滨工业大学（威海）,被ICPC暴打,李博文,孙云起,王健睿,,False,True,3,675,,+4(205),,,,,+6(166),-3,,,,,,+3(44)
1474,,上海纽约大学,上纽三队,黄振涵,戴麟懿,张乐楠,,False,True,3,675,,+8(221),,,,,+2(199),,,,,,,+(55)
1475,351,浙江警官职业学院,终旅,陈仁宁,王雨阳,戚伊梅,,False,True,3,682,,+1(161),,,,,+11(234),,,,,,,+1(27)
1476,,青岛理工大学,醉里挑灯看键盘,邢少洋,韩泽川,吴秀彦,,False,True,3,683,,+2(246),,,,,+6(252),-1,,,,,,+(25)
1477,,河南理工大学,脑洞小开,张立攀,宋幸威,熊佳乐,,False,True,3,684,,+1(257),,,,,+2(294),-1,,,,,,+1(53)
1478,,宁波大学,这下是真坏了啊,朱文豪,李嘉琪,赵瑞杰,,False,True,3,684,,+6(155),,,,,+4(298),,,,,,,+(31)
1479,,长沙理工大学,深藏blue,郭展宏,曾培翔,成捷,,False,True,3,688,,+18(210),,,,,+2(42),-3,,,,,,+1(16)
1480,,成都东软学院,ac自动机能自动ac吗,周志宏,廖永东,徐佳杰,,False,True,3,689,,+4(288),,,,,+(232),-1,,,,,,+2(49)
1481,,南京信息工程大学,Accept 做得到吗,田轹文,张泾玮,赵彬宏,,False,True,3,693,,+3(271),,,,,+4(259),,,,,,,+(23)
1482,,上海纽约大学,上纽六队,吕和睿,夏锦弘,黄振涵,,False,True,3,699,,+1(174),,,,,+3(298),,,,,,,+1(127)
1483,,哈尔滨工程大学,黑吗喽队,闫力仁,鲍梓涵,叶凯鹏,,False,True,3,709,,+(178),,,,,+3(228),,,,,,,+5(143)
1484,,哈尔滨工程大学,WA，真的是你呀,董峻荣,朱铖楷,邵奕童,,False,True,3,715,,+2(131),,,,,+12(250),,,,,,,+1(34)
1485,352,广州城市理工学院,我不知道也不想知道只想知道你知不知道我不知道,曾振辉,于广,莫国庆,,False,True,3,718,,+16(276),,-4,,,+1(89),,,,,,,+(13)
1486,,合肥大学,队友不要再编辑队名了！！！队友正在编辑中！！！,叶咨含,叶铠睿,蔡庆喜,,False,True,3,719,,+8(223),,,,,+4(229),,,,,,,+(27)
1487,,国防科技大学,万有引力号,张锦霄,郭明辰,宋畅玮,,False,True,3,721,,+3(190),,,,,+10(223),-7,,,,,,+1(28)
1488,,苏州工学院,毕业直接入职美团,周冯希,陆苏皖,李天申,,False,True,3,725,,+2(282),,-10,,,+5(246),,,,,,,+1(37)
1489,,暨南大学,让三追梦,曾琪瑶,马子凯,谢正心,,False,True,3,730,,+4(221),,-67,,,+5(279),-4,,,,,,+1(30)
1490,,南方科技大学,南方科技大学-斯塔万格,王惠民,丁哲昊,李滨,,False,True,3,739,,+4(289),,,,,-5,+6(235),,,,,,+(15)
1491,353,太原科技大学,击剑味癞，痿核钚掰,丁健健,蔡鸿盛,陈君睿,,False,True,3,743,,+14(259),-1,-2,,,+1(156),-1,,,,,,+(28)
1492,,江西财经大学,你不要给我WAWA叫,叶遇乐,徐晓律,陈帆,,False,True,3,743,,+6(297),,,,,+2(260),,,,,,,+(26)
1493,,南昌理工学院,2024 南理 2 队,杨欢欢,吴添豪,曾熊辉,,False,True,3,761,,+13(281),,,,,+2(119),,,,,,,+1(41)
1494,354,广州华立学院,一个考研+一个考雅思+一个java炒粉,谭翰煨,罗伟康,廖俊杰,,False,True,3,763,,+9(216),,,,,+8(164),-4,,,,,,+1(23)
1495,,广东以色列理工学院,我们只是来旅游的,蒋玥,宋泊萱,叶夏渊,,False,True,3,763,,+4(267),,-1,,,+4(284),,,,,,,+1(32)
1496,355,韩山师范学院,爱莉希雅神教,吴铿南,黄梓颍,钱文锋,,False,True,3,763,,+11(223),,,,,+(291),,,,,,,+(29)
1497,,深圳大学,ohimesama,朱启荣,唐济宁,华浩名,,False,True,3,764,,+4(113),,,,,+14(275),-2,,,,,,+(16)
1498,,中国矿业大学（北京）,真理,何孟霖,江轲,马浚涵,,False,True,3,766,,+5(151),,,,,+4(302),,,,,,,+4(53)
1499,356,长春工业大学,来中央大街有你好列巴吃,饶晟烨,徐承润,邓扬勇,,False,True,3,768,,+6(277),,,,,+3(284),,,,,,,+(27)
1500,,湖南师范大学,没人起队名导致查不到队伍,叶欣睿,王鸿杰,周鸿志,,False,True,3,780,,+5(231),,,,,+7(205),,,,,,,+3(44)
1501,,西南财经大学,黑码农:打铁,肖旭仁,刘勇杰,刘俊宏,,False,True,3,785,,+8(277),-1,-1,-1,-1,+4(241),-1,-1,-1,-1,-1,-1,+(27)
1502,357,浙江经贸职业技术学院,写给AYAKA的十四行诗,黄宇霄,严冯翼,徐冬海,,False,True,3,803,,+10(245),,,,,+5(238),,,,,,,+(20)
1503,,西北农林科技大学,不知道起什么队,范中博,韩邦远,段昊辰,,False,True,3,814,,+4(225),,,,,+8(209),-1,,,,,,+4(60)
1504,,河南科技大学,lwl,王宇阳,李超健,卢子亦,,False,True,3,815,,+6(287),-1,-2,-1,-1,+5(283),-1,-1,-1,-1,-1,-1,+(25)
1505,,西安理工大学,干嘛上早八,高嘉旭,郝韵,周杨,,False,True,3,816,,+14(312),,,,,+2(151),,,,,,,+(33)
1506,358,山东工商学院,简单,国耀泽,卜世陀,李万林,,False,True,3,825,,+15(272),,,,,+3(165),-5,,,,,,+(28)
1507,,江西农业大学,我已亭亭，不忧亦不惧,陈烨,江柏霖,闫卡特,,False,True,3,839,,+13(236),,,,,+1(276),-1,,,,,,+1(27)
1508,,西安邮电大学,你们想吧，我没意见,黄令群,周剑鑫,毋至晨,,False,True,3,854,,+20(150),,,,,+2(241),-5,,,,,,+(23)
1509,,大连理工大学,dlut07,蓝海洋,吴锡奎,姜博雯,,False,True,3,871,,+5(287),,-4,,,+7(310),,,,,,,+(34)
1510,,广东东软学院,重生之我在赛场疯狂AC,朱梓瀚,黄炜填,黄琳峰,,False,True,3,874,,+9(289),,,,,+4(270),,,,,,,+1(35)
1511,,重庆大学,小青草,林继清,曹泽阳,彭小轩,,False,True,3,876,,+(153),,-1,,,+21(278),-4,,,,,,+(25)
1512,,福建理工大学,黑神话:icpc,汤宏彬,肖景皓,魏凯轩,,False,True,3,896,,+17(303),,,,,+(198),,,,,,,+1(35)
1513,,西南科技大学,幻想乡乐园计划,童博文,黄浩翔,唐娅东,,False,True,3,909,,+22(172),,,,,+4(200),-4,,,,,,+(17)
1514,,徐州工程学院,云在青天水在瓶,陈光雨,尹基胜,顾宇燿,,False,True,3,909,,+5(277),,,,,+9(304),,,,,,,+1(28)
1515,,中国海洋大学,小弟膜拜膜拜你,叶宸玮,杨子程,邓大川,,False,True,3,917,,+9(267),,,,,+3(305),,,,,,,+2(65)
1516,,衡阳师范学院,望春风,林红历,肖哲,文福强,,False,True,3,921,,+18(240),,,,,+8(119),,,,,,,+1(22)
1517,,重庆理工大学,女人只会影响我AC的速度,江帅霖,王俊杰,雷涛,,False,True,3,927,,+5(287),,,,,+13(252),,,,,,,+(28)
1518,,北京工业大学,柔软舒芙蕾的romance,苏阳,,,,False,True,3,930,,+(231),,,,,+18(268),,,,,,,+2(31)
1519,359,河南财经政法大学,零分之一,靳智博,,,,False,True,3,946,,+14(258),,,,,+4(296),-1,,,,,,+(32)
1520,,东北农业大学,你的人格类型是：XCPC,王杭涛,胡家诚,董奇瑞,,False,True,3,970,,+31(209),,,,,+(94),-4,,,,,,+1(27)
1521,,齐鲁工业大学,举牌喵喵机 3.0,杨梓睿,张宸维,国展源,,False,True,3,976,,+13(311),,,,,+6(236),-3,,,,,,+1(29)
1522,360,丽水学院,银钥之门,江安煜,孙愉超,张苏梦,,False,True,3,1025,,+17(258),,,,,+9(219),-1,,,,,,+(28)
1523,,华东交通大学,样例过了就算对,周贇杰,苏明亮,万文轩,,False,True,3,1033,,+24(303),,-4,,,+2(192),,,,,,,+(18)
1524,,广东工业大学,静声,袁镇清,谢嘉骏,许晓喆,,False,True,3,1046,,+29(313),,,,,+1(111),,,,,,,+(22)
1525,,山东理工大学,唐龙历险记,安鹏飞,吴宇威,徐煜峰,,False,True,3,1194,,+26(256),,,,,+5(277),,,,,,,+1(21)
1526,,中国民航大学,爱吃汉堡队,陈景睿,冯鑫珂,胡逸飞,,False,True,3,1196,,+28(208),,-53,,,+8(242),-2,,,,,,+(26)
1527,361,贵州民族大学,自由,郭晶,唐子蕃,段翔韬,,False,True,3,1480,,+52(244),,,,,+1(143),-4,,,,,,+(33)
1528,,中国科学院大学,不队,张高翔,陈麒安,张家诚,,False,True,3,1538,,+44(311),,,,,+4(238),-1,,,,,,+(29)
1529,,河南工业大学,我喜欢你,马家硕,马贺,魏方,,False,True,3,3171,,+128(312),,,,,+1(245),,,,,,,+(34)
1530,362,哈尔滨理工大学（荣成）,Day-100,董建豪,董军豪,田军,,False,True,3,12336,,+592(310),-1,-1,-1,-1,+1(118),-1,-1,-1,-1,-1,-1,+1(28)
1531,363,香港城市大学（东莞）,港城管一大队,郭旺乐,袁庚麒,唐朝,,False,True,2,55,,+(35),-5,,,,-5,-2,,,,,,+(20)
1532,,武汉纺织大学,我的青春AC物语果然没有恋爱,刘洋,周黄灏,裘贺宝,,False,True,2,66,,-106,,,,,+(48),,,,,,,+(18)
1533,,江南大学,吃瓜不吐梓队,李欣瑞,王子硕,蔡泽森,,False,True,2,68,,+(43),,,,,-2,-3,,,,,,+(25)
1534,364,沈阳化工大学,忆一祀午忆寺,贾凤琦,吴少荣,益文友,,False,True,2,72,,-130,,,,,+(55),,,,,,,+(17)
1535,,南京邮电大学,njupt24team013,王翌阳,金宇轩,倪宇博,,False,True,2,78,,+(59),,,,,-3,,,,,,,+(19)
1536,365,五邑大学,东成村职业技术学院,卢苇,陈杰,冯凯翔,,False,True,2,79,,-5,,,,,+(61),,,,,,,+(18)
1537,,广东工业大学,qwq,廖家健,,,,False,True,2,80,,+(50),,,,,-12,,,,,,,+(30)
1538,,南阳理工学院,喂队友吃饭擦嘴,陈诗曼,陈双,孟令婷,,False,True,2,85,,-18,,,,,+(66),,,,,,,+(19)
1539,,哈尔滨工程大学,小红帽,徐美信,孔俊涵,叶枫,,False,True,2,88,,+(63),,,,,-5,,,,,,,+(25)
1540,,同济大学,发际线别和我作队,刘子康,韩昊苏,魏千壹,,False,True,2,89,,+(36),,,,,-108,,,,,,,+1(33)
1541,,西南财经大学,属鼠不想打铁,王世海,陈施燃,陈鹏宇,,False,True,2,94,,+(65),,,,,-4,-5,,,,,,+(29)
1542,,国防科技大学,锦鲤,谢天一,刘杭宇,张广星,,False,True,2,96,,+(79),,-1,,,-4,-3,,,,,,+(17)
1543,,东北大学,东北大学_交一发吧反正也不会更糟了,翟潇潇,张起予,王耀辉,,False,True,2,99,,-79,,,,,+(79),,,,,,,+(20)
1544,,山东科技大学,飞马号,冯湛博,赛开淼,徐敏清,,False,True,2,100,,+(71),,,,,-3,-2,,,,,,+(29)
1545,366,苏州科技大学,三个青名,牟其霖,韩守坤,林凯伦,,False,True,2,101,,+(59),,,,,,,,,,,,+1(22)
1546,,北京师范大学香港浸会大学联合国际学院,源码，启动！,蔡德誉,植熙雯,刘凯睿,,False,True,2,110,,+(78),,,,,-6,-1,-1,,,-1,,+(32)
1547,,成都信息工程大学,一千零一次,首汉卿,王宇欣,李永康,,False,True,2,113,,+(87),,,,,-7,,,,,,,+(26)
1548,,中国矿业大学,wawa队立大功,王若同,李跃辉,李和霂,,False,True,2,113,,+(89),,,,,-9,,,,,,,+(24)
1549,,湖北工业大学,这不是一个正经的名字,梅锦昕,谭宇杰,王宇轩,,False,True,2,115,,+(87),,,,,-11,,,,,,,+(28)
1550,,山东科技大学,赫利奥斯号,于海金,张明耀,郑鸿康,,False,True,2,116,,+1(66),,,,,-3,,,,,,,+(30)
1551,,广州城市理工学院,世纪难题之队名叫什么,刘锦轩,陈博琳,彭钰伟,,False,True,2,116,,+(72),,,,,-7,,,,,,,+1(24)
1552,,成都东软学院,唐人,罗元聪,王俊喆,吴庭信,,False,True,2,117,,+(68),,,,,-5,-6,,,,,,+1(29)
1553,,新疆大学,三只菜狗狗,吕文钦,王伟博,张栋,,False,True,2,120,,+1(76),,,,,-2,,,,,,,+(24)
1554,,东北林业大学,灵山之上神风起,姚岳宸,高梓航,吕亮,,False,True,2,120,,+(78),,,,,-5,,,,,,,+(42)
1555,,莆田学院,葡萄树下你和我,李烽,徐怡婷,苗全,,False,True,2,121,,+(90),,,,,-2,-5,,,,,,+(31)
1556,,浙江万里学院,不要小瞧我们的羁绊啊魂淡,陈正刚,陈伟明,傅炫瑜,,False,True,2,123,,+(94),,,,,-5,,,,,,,+(29)
1557,,上海理工大学,夏雨了还好跑得快,王志华,严子安,朱展毅,,False,True,2,124,,+(88),,,,,-5,-2,,,,,,+(36)
1558,,西北工业大学,算法少年与dp曾是敌人,陆华飞,余丁宸睿,郭锦程,,False,True,2,124,,+(99),,,,,-11,,,,,,,+(25)
1559,,广州大学,去逃避,车志昊,郑海锐,曹志成,,False,True,2,124,,+(101),,,,,-3,,,,,,,+(23)
1560,,莆田学院,PTU的Skuld,缪高峰,卢竑宇,王羿捷,,False,True,2,125,,+(96),,,,,-3,,,,,,,+(29)
1561,,山东科技大学,暴风雪号,程琪深,王洛阳,岳永泰,,False,True,2,127,,+(98),,,,,,,,,,,,+(29)
1562,,江西财经大学,再多A一道题她就不会走对不队,衷铭川,张云菲,万俊哲,,False,True,2,128,,+1(87),,,,,-3,,,,,,,+(21)
1563,,浙大宁波理工学院,我不明白,虞琦,詹徐言,宋欣远,,False,True,2,128,,+(100),,,,,-2,,,,,,,+(28)
1564,367,上海电机学院,上海电机,胡涛,孟林默,严俊玉,,False,True,2,129,,+(103),,-111,,,,-1,,,,,,+(26)
1565,,青岛大学,为青大之崛起而AC,王毅翔,何亚汀,温瑞波,,False,True,2,130,,+(73),,-1,,,-4,,,,,,,+1(37)
1566,,四川师范大学,开门,季明轩,马浩,黄扬,,False,True,2,131,,+(81),,,,,-5,,,,,,,+1(30)
1567,,哈尔滨理工大学,哈理工2024Y07,陈子权,黄策,王哲学,,False,True,2,131,,+(111),-1,-1,-1,-1,-6,-1,-1,-1,-1,-1,-1,+(20)
1568,,福建农林大学,想打一辈子算法竞赛,林子成,宋嘉亮,张明磊,,False,True,2,132,,+(51),,,,,-1,,,,,,,+1(61)
1569,,浙江农林大学,今天codeforces 上分了吗？,卢建涛,何泓硕,戴城浩,,False,True,2,134,,+(109),,,,,-9,,,,,,,+(25)
1570,,台州学院,菜菜，带带,邵琳开,吴世达,屠高磊,,False,True,2,134,,-16,,,,,+(118),,,,,,,+(16)
1571,,惠州学院,桂花载酒，少年余梦,龚诚,陈冠宇,冼健民,,False,True,2,135,,+1(95),,-1,,,-8,,,,,,,+(20)
1572,368,兰州理工大学,吴彦组,俞成林,叶刘强,卢哲云,,False,True,2,135,,-10,,,,,+(105),,,,,,,+(30)
1573,,中国地质大学（北京）,黑编程·悟铜,林珈丞,苏童,叶宇翔,,False,True,2,139,,+1(71),,,,,,,,,,,,+1(28)
1574,,东北师范大学,重生成为太刀侠在星露谷钓生命鲈鱼,潘可欣,林律融,陈静,,False,True,2,139,,+(100),,,,,-7,,,,,,,+(39)
1575,,西安工业大学,小猫联盟,许家烨,肖兴隃,杨忠浩,,False,True,2,139,,+(112),,-28,,,-8,,,,,,,+(27)
1576,,河北经贸大学,可以随便都行,陈思宇,林童军,钱颖涛,,False,True,2,141,,+(83),,,,,-5,,,,,,,+1(38)
1577,,中南民族大学,我们的队伍正在蒸蒸日上,林俊彦,魏子杰,陈宇轩,,False,True,2,142,,+1(72),,,,,-12,,,,,,,+1(30)
1578,369,闽南师范大学,不打铁就算成功,肖建华,庄瑜,吴信烨,,False,True,2,142,,+2(83),-1,-1,-1,-1,-28,-1,-1,-1,-1,-1,-1,+(19)
1579,,武汉理工大学,wa完就回家队,戴敦茂,李江东,吕毅,,False,True,2,144,,+(115),,,,,,,,,,,,+(29)
1580,,山东师范大学,队友呢队友救一下,陈正义,宋文远,张梓洋,,False,True,2,145,,+1(103),,,,,-2,,,,,,,+(22)
1581,,信息工程大学,新旬拔队,林万新,丁钧铖,张裕颉,,False,True,2,147,,+2(80),,,,,-10,,,,,,,+(27)
1582,,北京电子科技学院,该取个队名了,陈嘉树,黄湛,付安旭,,False,True,2,147,,+2(90),,,,,-8,,,,,,,+(17)
1583,,烟台大学,三头六臂,王云飞,刘蔚,赵俊翔,,False,True,2,149,,-8,,-3,,,+(93),-19,,,,,,+1(36)
1584,370,沈阳工业大学,都给我打瓦队,曲加智,林玮,李帅,,False,True,2,150,,-21,,-2,,,+1(90),-1,,,,,,+(40)
1585,,山东女子学院,我永远喜欢爱莉希雅,张兆义,吕昊键,程智,,False,True,2,150,,+(114),,,,,-3,,,,,,,+(36)
1586,,鲁东大学,洋芋罐头,宋冠辉,杨悦,吴炫榆,,False,True,2,151,,+(102),,,,,-4,,,,,,,+1(29)
1587,,青岛科技大学,三个人,郭暾,陆知遥,孙浩然,,False,True,2,151,,+(124),,,,,-3,,,,,,,+(27)
1588,,安徽大学,WhiteLoneliness,董劲豪,黄俊杰,姚天翔,,False,True,2,152,,+(125),,,,,-1,-1,,,,,,+(27)
1589,,上海纽约大学,上纽四队,孙祺,许子岳,王禹嘉,,False,True,2,153,,+(71),,,,,-3,-2,,,,,,+2(42)
1590,,浙江工商大学,黑神话:超时,丁豪,朱祎文,沈士渊,,False,True,2,153,,+(84),,,,,-3,-1,,,,,,+2(29)
1591,,南京农业大学,琪露诺的完美算法教室,周博轩,邵筠淇,李嘉熙,,False,True,2,153,,+(114),,,,,-8,,,,,,,+(39)
1592,,长沙学院,三只小丑想拿牌,曾俊,杨李兵,张方林,,False,True,2,154,,-7,,,,,+(80),-1,,,,,,+2(34)
1593,,中国科学技术大学,第111号练习队,邱天爽,廖梓顺,孙文轩,,False,True,2,155,,+(53),,,,,,,,,,,,+(102)
1594,,安徽师范大学,我们队长四级424,程鹏,高蝶,丁子杰,,False,True,2,156,,+2(89),,,,,-16,-2,,,,,,+(27)
1595,371,河北工程大学,可爱奶龙,王思竣,陈智,李志翔,,False,True,2,156,,+(97),,,,,-11,-2,,,,,,+1(39)
1596,,浙江工商大学,毅如既往,李斌斌,林哲,林安,,False,True,2,160,,+(97),,,,,-2,-2,,,,,,+(63)
1597,,杭州师范大学,没一个会取名字,陈玥汕,葛宇逍,陈宇雯,,False,True,2,160,,+1(120),,,,,-4,-1,,,,,,+(20)
1598,,山东科技大学,奥德赛号,阮同旭,赵祥生,赵文晟,,False,True,2,160,,+(127),,,,,-5,,,,,,,+(33)
1599,,鲁东大学,红色玫瑰,刘若麟,周建行,周振文,,False,True,2,161,,+(113),,,,,-6,,,,,,,+1(28)
1600,,新疆大学,猎户座,杨宇豪,宋沁航,谷理想,,False,True,2,162,,+1(115),,,,,-2,,,,,,,+(27)
1601,,沈阳理工大学,两手操作,张铳,王凯兴,沈帅豪,,False,True,2,163,,+1(115),,,,,-4,,,,,,,+(28)
1602,,重庆大学,虫大三人行,许瑞杰,张宇鹤,陈孙一硕,,False,True,2,163,,+1(116),,,,,-2,,,,,,,+(27)
1603,,绍兴理工学院,3WA打碎AC梦,甄诗文,王喆,陈佳俊,,False,True,2,164,,+1(121),,,,,-6,,,,,,,+(23)
1604,,江汉大学,难铜的最后一舞,郏俊豪,张钊溢,谭道琦,,False,True,2,165,,+(112),,-1,,,-7,,,,,,,+(53)
1605,,武汉理工大学,一题都不队,叶金格,陈筱筱,林雅钦,,False,True,2,165,,+1(124),,,,,-6,,,,,,,+(21)
1606,,哈尔滨工业大学（威海）,里猫,杨晓芳,王鑫菲,张琦,,False,True,2,166,,+(118),,,,,-2,,,,,,,+(48)
1607,,暨南大学,人生有梦，各自精彩,张少涵,赵一阳,王博洲,,False,True,2,167,,+1(114),,,,,-1,,,,,,,+(33)
1608,,深圳技术大学,想不出,伊轩文,李泽濠,行珩,,False,True,2,168,,+2(102),,,,,-5,,,,,,,+(26)
1609,,青岛理工大学,兄弟香草泥队,姚淅文,赵增豪,刘敬苛,,False,True,2,168,,+(148),,,,,-9,-1,,,,,,+(20)
1610,,南京航空航天大学,米兰的小铁匠,陆齐嘉,施天笑,罗力昂,,False,True,2,169,,+3(67),,,,,-12,,,,,,,+1(22)
1611,,浙江机电职业技术大学,夜将不眠,骆振东,郑智文,单圣昊,,False,True,2,169,,-29,,,,,+(126),,,,,,,+1(23)
1612,372,广西民族大学,AK？对对对！,王言汐,梁良,程远松,,False,True,2,171,,+(88),,-3,-2,,-2,,,,,,,+1(63)
1613,,浙江农林大学,教练我不想再WA了,徐凯杭,潘宇健,张颢耀,,False,True,2,171,,+(117),,,,,,,,,,,,+1(34)
1614,,浙大城市学院,雨夹雪,黄雪颖,钟诗雨,王雨婷,,False,True,2,172,,+(113),,,,,-2,,,,,,,+1(39)
1615,,上海理工大学,空洞深潜系统,李俊毅,周博涵,黄超,,False,True,2,172,,+1(122),,,,,-10,-2,,,,,,+(30)
1616,,西南民族大学,夜阑风静欲归时，惟有一江明月碧琉璃,詹宁康,张楚豪,苗家纯,,False,True,2,174,,+2(84),,,,,-4,,,,,,,+1(30)
1617,373,北京交通大学威海校区,渔村代表队,李骁,蔡云中,韩海闻,,False,True,2,174,,-55,,,,,+2(109),,,,,,,+(25)
1618,,宁波大学,重生在gbc演唱有键盘手的春日影,汪博,夏高源,陆弘杰,,False,True,2,176,,+2(83),,,,,-8,,,,,,,+1(33)
1619,374,邵阳学院,can can need code,资勇,刘轩,谢齐,,False,True,2,176,,+(126),,,,,-3,,,,,,,+(50)
1620,,泉州师范学院,v,黄凯,潘凯迪,陈炜杰,,False,True,2,176,,+1(130),,,,,-8,-1,,,,,,+(26)
1621,,成都信息工程大学,我的心里有一场永不停歇的雨,蔡忠纬,陈琪,谭其森,,False,True,2,176,,+(143),,,,,-5,,,,,,,+(33)
1622,,宁波职业技术大学,下次一定对,张峻榕,吴郑雨,黄方杰,,False,True,2,177,,+2(117),,,,,-2,,,,,,,+(20)
1623,,西南石油大学,算法本当上手,冯相杰,钟云山,郑淇文,,False,True,2,177,,+1(126),,,,,-3,,,,,,,+(31)
1624,,中国科学技术大学,黑框框：代码,罗浩民,李丁,王子宁,,False,True,2,178,,+1(90),,,,,-8,,,,,,,+1(48)
1625,,石家庄铁道大学,vivo50，我们队wa出秦始皇了,陈林埒,刘宇恒,徐傲,,False,True,2,179,,+(118),,,,,-7,,,,,,,+1(41)
1626,,南通大学,新知,赵迪,周熙月,牛小帅,,False,True,2,180,,-4,,,,,+(114),,,,,,,+2(26)
1627,,中国科学技术大学,代码能跑队,吴家欣,周江杭,许海轩,,False,True,2,180,,+(139),,,,,-11,,,,,,,+(41)
1628,,南阳理工学院,清纯白毛萝莉队,赵益田,杜保杰,田园康,,False,True,2,180,,+(152),,,,,-10,,,,,,,+(28)
1629,,西南财经大学,蒙的全队,叶巧妍,潘洪涛,刘天琦,,False,True,2,182,,+1(66),,,,,-11,,,,,,,+(96)
1630,,香港科技大学广州,回家的诱惑,李臻卓,胡珂宇,李婧依,,False,True,2,182,,+(106),,,,,-6,,,,,,,+2(36)
1631,,广东工业大学揭阳校区,WA与蒟蒻同在,龚鼎,谭经纬,石晨阳,,False,True,2,182,,+1(113),,,,,-3,,,,,,,+1(29)
1632,,东北林业大学,教练，我想打ICPC,汪智浩,刘子豪,牛草原,,False,True,2,185,,+2(100),,-1,,,-1,,,,,,,+(45)
1633,,山东大学（威海）,马达加斯加企鹅,郭正扬,吴铭威,陈柯良,,False,True,2,185,,+1(135),,,,,-4,,,,,,,+(30)
1634,375,四川农业大学,穿越之我是菜狗,陈俊炜,聂宇豪,唐源泉,,False,True,2,186,,+4(78),,,,,-2,,,,,,,+(28)
1635,,上海财经大学,神秘势力五河琴里,陈嘉,李一凡,潘仁恺,,False,True,2,186,,+(91),,-1,,,-11,,,,,,,+2(55)
1636,376,华北科技学院,JILE,袁晨陟,陈洋,孙涛,,False,True,2,186,,+1(104),,-1,,,-5,-3,,,,,,+(62)
1637,,南阳理工学院,菜鸡只想签到队,张飞航,高宇鹏,陈凯乐,,False,True,2,186,,+(158),,,,,-2,,,,,,,+(28)
1638,,天津仁爱学院,飞舞的,曹旭哲,朱政鑫,竺文博,,False,True,2,188,,+1(110),,,,,-7,,,,,,,+1(38)
1639,,长安大学,重生之我是菜狗，我想成为战狼,李思学,刘新语,陈炎松,,False,True,2,188,,+(132),,,,,,-146,,,,,,+1(36)
1640,,东北师范大学,所有题都队,高俊涛,鲁博然,李超平,,False,True,2,188,,+(159),,,,,-4,,,,,,,+(29)
1641,,浙江财经大学,炒饭梦想家,林煜超,贾亦浩,何益繁,,False,True,2,189,,+2(129),,,,,-7,,,,,,,+(20)
1642,,乐山师范学院,无言以,孙鹏,韩雨恬,尚博雅,,False,True,2,190,,+(122),-1,-1,-1,-1,-5,-1,-1,-1,-1,-1,-1,+1(48)
1643,,南京航空航天大学,哆啦A梦助我蒙得都对！,李徐佳,刘阳,孙思璇,,False,True,2,190,,+1(143),,,,,-5,,,,,,,+(27)
1644,,中国科学技术大学,布吉岛,戎峻泽,,,,False,True,2,192,,+(122),,,,,-11,-1,,,,,,+2(30)
1645,,成都理工大学,求求你让我 ac 吧我什么都不会做,董俊宏,周政,胡翔宇,,False,True,2,192,,+(163),,,,,-3,-10,,,,,,+(29)
1646,377,武汉轻工大学,来点状态,刘博,邱庆臆,余中润,,False,True,2,194,,-4,,-1,,,+1(73),-1,,,,,,+3(41)
1647,,华东理工大学,蚌,宋安迪,王文煊,曾子航,,False,True,2,194,,+1(120),,,,,,,,,,,,+(54)
1648,,武汉理工大学,果宝特攻与小洛克与刺客,邹子斌,代文博,吕建超,,False,True,2,194,,+2(129),,,,,-14,,,,,,,+(25)
1649,,湖南农业大学,八哥制造机,许健强,彭语宸,何晨,,False,True,2,195,,+1(123),,,,,-8,-3,,,,,,+1(32)
1650,,安徽师范大学,12345,孙兆同,李佳庆,楚昭,,False,True,2,197,,+(61),,-1,,,-2,,,,,,,+3(76)
1651,,上海理工大学,嘉日梦航 风起帆扬,王嘉程,唐乾航,董梦玲,,False,True,2,197,,+2(131),,,,,,,,,,,,+(26)
1652,,浙江机电职业技术大学,麦秋,田振民,陈泽澎,沈芸,,False,True,2,199,,+1(145),,,,,-1,,,,,,,+(34)
1653,,临沂大学,关于摆烂鼠鼠挣扎着想打一次区域赛这件事,宋承洋,费秋翔,夏新志,,False,True,2,200,,+(183),,-1,,,-7,,,,,,,+(17)
1654,,大连理工大学盘锦校区,随便来一个队,李笑寒,赵梦宇,周奕,,False,True,2,202,,+1(159),,,,,-4,,,,,,,+(23)
1655,,湖北工业大学,猜不中球队,黄胡智宇,吴凌睿,余腾辉,,False,True,2,203,,+(73),,,,,-6,,,,,,,+2(90)
1656,,上海纽约大学,上纽五队,胡华渊,Pavel Nikolaitchev,周烁晨,,False,True,2,203,,+2(117),,,,,-5,,,,,,,+(46)
1657,,哈尔滨理工大学,哈理工2024Y04,代伊扬,蔡辰杰,杨鸿博,,False,True,2,203,,+(117),,,,,-7,,,,,,,+2(46)
1658,,浙江工商大学,自由发挥队,许晨龙,蔡景旭,魏嘉豪,,False,True,2,204,,+2(134),,,,,,,,,,,,+(30)
1659,,西安科技大学,理塘丁真会梦到纯情小马吗？,袁伯琦,胡珂涵,罗元,,False,True,2,204,,+1(138),,,,,-1,,,,,,,+1(26)
1660,,太原理工大学,会赢的,谢睿兴,胡锦旗,翟晨好,,False,True,2,204,,+(170),,,,,-5,,,,,,,+(34)
1661,,东华大学,CodeCrushers,程嘉陆,孙鹏辉,谢树轩,,False,True,2,205,,+2(94),,-2,,,-5,,,,,,,+2(31)
1662,,长安大学,震惊长安第114514拳,李亦阳,原理畅,蒙禹龙,,False,True,2,205,,+3(122),,,,,-13,,,,,,,+(23)
1663,,大连海事大学,～O～分队,刘震,姬翔,戈晟年,,False,True,2,207,,+3(116),,,,,-5,,,,,,,+(31)
1664,,南京邮电大学,njupt24team016,金馨彤,杨小莹,崔佳珺,,False,True,2,207,,+2(124),,,,,-8,,,,,,,+(43)
1665,,华东师范大学,待到秋来九月八,张子彤,陈秋澎,曹欣元,,False,True,2,207,,+(186),,,,,-2,,,,,,,+(21)
1666,,华东交通大学,总之是铁,肖扬,吴欣达,曾翔宇,,False,True,2,208,,+1(163),,,,,-7,,,,,,,+(25)
1667,,河南农业大学,life change,赵岩,李锦文,董庆硕,,False,True,2,209,,+2(144),,,,,-5,-1,,,,,,+(25)
1668,378,西华师范大学,题目hard做，人生easy过,杨铧,熊细鸿,刘海,,False,True,2,209,,-16,,,,,+1(165),,,,,,,+(24)
1669,,泉州师范学院,不是，这题我真会,苏灿辉,黄文杰,吴志宏,,False,True,2,212,,+(84),,,,,-2,-2,,,,,,+4(48)
1670,,哈尔滨理工大学,哈理工2024Y05,杨博翔,孙越峤,纪鸥齐,,False,True,2,212,,+(149),,,,,-2,,,,,,,+1(43)
1671,,南阳理工学院,想成功先发疯,姜良超,杨利恒,黎鹏翔,,False,True,2,213,,+2(148),,-3,,,-1,,,,,,,+(25)
1672,,东北农业大学,卒三进二,宋振慈,丁思彤,张子杰,,False,True,2,214,,+4(117),,,,,-24,-5,,,,,,+(17)
1673,,三峡大学,吗喽勇闯XCPC,罗佳宇,冯成宽,江姝宇,,False,True,2,214,,+(188),,,,,-17,,,,,,,+(26)
1674,,山东建筑大学,如果确认队伍就赶快起名,徐雅茹,张晋恺,汪名扬,,False,True,2,216,,+(146),,,,,-1,,,,,,,+1(50)
1675,379,山东石油化工学院,Guess to Au,许津冬,李子杰,姚神忠,,False,True,2,217,,+4(121),-2,-1,,,-6,-1,,,,,,+(16)
1676,,中国民航大学,曦和,孟维浩,周泓泽,黄建城,,False,True,2,217,,+1(124),,,,,-5,,,,,,,+1(53)
1677,,成都大学,爱你老妈，明天见,万名森,吴帆,何永杰,,False,True,2,218,,+(199),,-2,,,-5,,,,,,,+(19)
1678,,兰州理工大学,算法调试到怀疑人生队,张嘉臻,胥全杰,吴思琦,,False,True,2,219,,+1(147),,,,,-1,,,,,,,+(52)
1679,380,重庆城市科技学院,彳亍,吴广平,姜欢,郑海波,,False,True,2,220,,-5,,-2,,,+(124),,,,,,,+1(76)
1680,,浙大城市学院,关于我们重生为了打ACM这件事,李俊翰,姚雨森,刘俊杰,,False,True,2,220,,+2(132),,,,,-4,-1,,,,,,+1(28)
1681,,温州大学,温大7队,王世昌,何家燊,梅皓翔,,False,True,2,221,,+2(123),,,,,-4,,,,,,,+1(38)
1682,381,衡水学院,福尔马林腌蒜,赵泽铭,张添效,徐诗炜,,False,True,2,222,,+2(143),,,,,-15,,,,,,,+(39)
1683,,北京理工大学珠海学院,好好学习，天天摸鱼,王萤钰,杨秋佳,王雅楠,,False,True,2,223,,+(110),,,,,-5,,,,,,,+3(53)
1684,,中原工学院,AAA金旺手机店，工厂直销,刘祥懿,徐逸飞,吴林涛,,False,True,2,225,,+1(158),,,,,-4,,,,,,,+1(27)
1685,,浙江工商大学,蛋仔派対,徐宇涛,胡正烨,唐一轩,,False,True,2,227,,+1(163),,,,,-6,,-2,,,,,+(44)
1686,,江西农业大学,些许风霜,罗宇豪,朱智咸,梁宝生,,False,True,2,228,,+(130),,,,,-7,,,,,,,+3(38)
1687,382,西安建筑科技大学,做AC梦,谢钰涵,张渊博,薛楠恺,,False,True,2,228,,+2(142),,,,,-3,-1,,,,,,+(46)
1688,,浙江工商大学,青春WA少年梦不到AC学姐,戴子堤,於泊臻,唐靖杰,,False,True,2,230,,+1(191),,,,,,,,,,,,+(19)
1689,,乐山师范学院,那在想想,刘家康,黄仪欧,屈嘉,,False,True,2,230,,+(204),,,,,-3,,,,,,,+(26)
1690,,中国农业大学,我超农,李晗,季楷翔,邱鹏铮,,False,True,2,232,,+5(105),,,,,-4,,,,,,,+(27)
1691,,河南师范大学,啊对对对,刘轩豪,高继凯,陈晗,,False,True,2,233,,+3(120),,,,,-10,,,,,,,+1(33)
1692,,武汉科技大学,ikun小队,刘昇,于天一,张炫,,False,True,2,234,,+3(144),,,,,-2,,,,,,,+(30)
1693,,中南民族大学,怎么wa了原来是交错题了,余文杰,庞彪,董光泽,,False,True,2,234,,+2(171),,,,,-1,,,,,,,+(23)
1694,,烟台大学,迟早要WA,朱铭,孙翔宇,高庆阳,,False,True,2,234,,+1(184),,,,,-10,,,,,,,+(30)
1695,,东南大学,逐梦者,魏思远,魏子何,覃业明,,False,True,2,235,,+5(54),,-11,,,-11,,,,,,,+2(41)
1696,383,郑州航空工业管理学院,八人口雨,侯政楷,陈秦川,王军超,,False,True,2,236,,+1(175),,,,,-5,,,,,,,+(41)
1697,,山东师范大学,铁匠铺,程佳星,王永恺,赵庆波,,False,True,2,237,,+2(147),,,,,-6,,,,,,,+1(30)
1698,,北京师范大学香港浸会大学联合国际学院,沸杨杨禛的很喜欢抽芙蓉王,王孟涵,杨钧涯,黄铭禛,,False,True,2,241,,-12,,,,,+1(199),,,,,,,+(22)
1699,,厦门大学,XMU04,宋浩元,李纪原,庄昀,,False,True,2,244,,+4(144),-1,,,,-6,-2,,,,,,+(20)
1700,,邵阳学院,邵阳学院三队,张海涛,李红喜,梁朝阳,,False,True,2,244,,+3(153),,,,,-4,,,,,,,+(31)
1701,,华南农业大学,华农8队,曾令申,赵振伍,黄俊谕,,False,True,2,244,,+3(165),,,,,-2,,,,,,,+(19)
1702,,同济大学,玛卡巴卡说的对,牛禄阳,李宜洋,周小新,,False,True,2,245,,+(108),,,,,-3,-1,,,,,,+3(77)
1703,,韩山师范学院,玫瑰常开警告常在,陈紫阳,何启华,陈佳栩,,False,True,2,245,,+3(166),,,,,,-3,,,,,,+(19)
1704,,中国科学技术大学,小熊猫,邢祎航,张朝阳,吉耀岚,,False,True,2,248,,+(59),,,,,,-1,,,,,,+3(129)
1705,,烟台大学,对不起，第一次给牌子了,张云卓,王涵,杨奇,,False,True,2,248,,+3(133),,,,,,-3,,,,,,+1(35)
1706,,同济大学,C++养老院,胡沛荻,陈德凯,马凯,,False,True,2,248,,+(200),,,,,-3,,,,,,,+(48)
1707,,安徽师范大学,一冲凉跌,张春龙,朱金杰,叶昕傲,,False,True,2,249,,+4(140),,,,,-13,,,,,,,+(29)
1708,,南昌航空大学,试了一次又一次,刘庆元,李毅伟,龚子贤,,False,True,2,249,,+2(152),,,,,-4,,,,,,,+1(37)
1709,,华东交通大学,签完到就下班,程宇辉,黄仕杰,罗思亮,,False,True,2,252,,+2(138),,,,,-3,-1,,,,,,+(74)
1710,,山东大学,三个诸葛亮,邓璐,郭明珠,李一波,,False,True,2,252,,+(176),,,,,-3,,,,,,,+1(56)
1711,,南京大学,蛋熊派对,胡恩齐,罗伟亮,姜子骞,,False,True,2,253,,+(145),,,,,-6,-1,,,,,,+3(48)
1712,,重庆科技大学,all0kell,王宇威,代一,程琪淋,,False,True,2,256,,+2(188),,,,,-1,,,,,,,+(28)
1713,,华南师范大学,Whatcanisay,彭云轩,杨铭哲,刘嘉轩,,False,True,2,257,,+1(198),,-1,,,-3,,,,,,,+(39)
1714,,鲁东大学,贪生pass,李福超,王凌志,王义超,,False,True,2,258,,+3(144),,,,,-3,,,,,,,+1(34)
1715,,上海海洋大学,队名不可为空,胡奕晖,安顺臻,徐华源,,False,True,2,258,,+1(205),,,,,-1,,,,,,,+(33)
1716,,宁波大学,结束乐队,蔡昕洋,林泓杰,方哲昊,,False,True,2,258,,+1(207),,,,,,,,,,,,+(31)
1717,,南阳理工学院,别问我,李肖阳,张恒瑞,吴隆,,False,True,2,260,,+4(153),,,,,-9,,,,,,,+(27)
1718,,安阳工学院,真男人,陈壮,杨宇磊,裴武珂,,False,True,2,260,,-25,,,,,+1(173),,,,,,,+1(47)
1719,,江西师范大学,队名五个字,龚向阳,张强,胡志强,,False,True,2,260,,+2(186),,,,,-1,,,,,,,+(34)
1720,384,潍坊学院,华哥打铁我拿铜,冯硕,张伟浩,冉鑫,,False,True,2,260,,+2(193),,,,,-5,,,,,,,+(27)
1721,,山东建筑大学,重生之我在山建写bug,蔡秉峻,郭峰恺,栾贻健,,False,True,2,261,,+2(166),,,,,-1,,,,,,,+1(35)
1722,,北京印刷学院,不要指望我们队,张玉龙,赵子熙,汪东林,,False,True,2,263,,+2(167),,,,,,,,,,,,+1(36)
1723,385,哈尔滨商业大学,ACM Iterator,林铭辉,王喆,周家宝,,False,True,2,263,,+1(184),,,,,-3,,,,,,,+(59)
1724,,嘉应学院,逆袭者,曾怡霖,黄佳乐,曾宇煇,,False,True,2,265,,+1(118),,,,,,,,,,,,+2(87)
1725,,湖州师范学院,God，God，God,孙新皓,周侃侃,徐宇强,,False,True,2,266,,+1(179),,,,,-5,,,,,,,+1(47)
1726,386,盐城工学院,脚踏实地,黄朝旺,胡鹏辉,尹星星,,False,True,2,266,,+2(187),,,,,-8,,,,,,,+(39)
1727,,青岛大学,空调和AC总得要一个吧,韩程瑞,李露,霍宪伟,,False,True,2,267,,+3(130),,,,,-1,-1,,,,,,+2(37)
1728,,中国科学技术大学,汪汪队,刘海宝,郑修远,戴卫,,False,True,2,269,,+(154),,,,,-4,,,,,,,+(115)
1729,,山东工商学院,样例过了就想对,单高焱,徐志健,汤弘扬,,False,True,2,270,,+(157),,,,,-15,,,,,,,+2(73)
1730,,广东金融学院,中秋节快乐,翁博,陈致昊,陈俊明,,False,True,2,270,,+(164),,,,,-7,,,,,,,+1(86)
1731,,中国矿业大学（北京）,宇宙究极无敌龙神变身,杨文强,雷杰淙,罗炳淳,,False,True,2,270,,+2(211),,,,,-5,,,,,,,+(19)
1732,,山东大学,你的代码有点耗时,李正君,孙涔朔,董华烁,,False,True,2,270,,+1(219),,,,,-3,,,,,,,+(31)
1733,,天津工业大学,队长才不是小楠娘了啦,李俊贤,孙恺,孙海杭,,False,True,2,272,,+(142),,,,,-3,,,,,,,+3(70)
1734,,湖南警察学院,大姐头驾到,刘铭源,江懿纯,朱杰伦,,False,True,2,274,,+4(158),,,,,-4,,,,,,,+(36)
1735,,南京邮电大学,njupt24team012,缪鹭杰,蒋秉欣,薛喆元,,False,True,2,276,,+1(212),,,,,-5,,,,,,,+(44)
1736,,西南大学,发际线比long long长,曾路平,刘佳豪,余子烨,,False,True,2,277,,+1(155),,,,,-5,,,,,,,+1(82)
1737,387,九江学院,星期四,盘育成,王昱清,王梦诚,,False,True,2,277,,+(201),,,,,-3,-2,,,,,,+1(56)
1738,,中国矿业大学徐海学院,少年先疯队,李硕,崔婕琳,陈虞豪,,False,True,2,277,,-8,,,,,+1(229),,,,,,,+(28)
1739,,湖南财政经济学院,TLE自动机,李沛轩,李广财,储豪,,False,True,2,277,,+1(230),,,,,-4,,,,,,,+(27)
1740,,湖南人文科技学院,签到必队,熊沂冰,王宇权,贺志鸿,,False,True,2,278,,+3(187),,,,,-4,,,,,,,+(31)
1741,388,长江师范学院,不惊,曹秀峰,马官钊,郑东玮,,False,True,2,279,,-4,,,,,+1(224),,,,,,,+(35)
1742,,青岛农业大学,三枪为号,杨兴睿,刘志朋,张硕,,False,True,2,280,,+1(203),,,,,,,,,,,,+1(37)
1743,,成都信息工程大学,成都W彦祖,谢伟康,韦彦祖,李潇,,False,True,2,280,,+2(217),,,,,-1,,,,,,,+(23)
1744,,绍兴理工学院,菜地卷狗,叶其浩,吴俊楠,张益恒,,False,True,2,281,,+3(195),,-2,,,-3,,,,,,,+(26)
1745,389,肇庆学院,北岭山下信步2,官睿,李伟俊,陈永杰,,False,True,2,282,,-9,,,,,+1(195),,,,,,,+1(47)
1746,,东莞理工学院,从菜鸡进阶到菜狗,陈彤彤,梁乐怡,卢炜弘,,False,True,2,282,,+(257),,,,,-4,,,,,,,+(25)
1747,,东华大学,能力越小A的越少,钱紫阳,林佳炜,蔡兆炫,,False,True,2,283,,+2(193),,,,,-2,-1,,,,,,+(50)
1748,,华南师范大学,楼下必拿金,王紫凡,梁琼尹,罗勤,,False,True,2,284,,+3(198),,,,,,,,,,,,+(26)
1749,,山东女子学院,不玩原神,黄子安,申斌,李骋,,False,True,2,285,,-21,,,,,+4(184),,,,,,,+(21)
1750,,河南师范大学,河star无我立足之地,侯炳旭,吴帅甫,王兴浩,,False,True,2,285,,+1(212),,,,,-1,,,,,,,+(53)
1751,,北方工业大学,比完开派对,谭玉青,马羽菡,陈艺婷,,False,True,2,285,,+(229),,,,,-4,,,,,,,+1(36)
1752,,嘉应学院,tmp,刘天乐,陈越涛,方海秋,,False,True,2,288,,+1(238),,,,,-3,,,,,,,+(30)
1753,,广东工业大学,做的都队,彭文昊,齐思贤,石飏,,False,True,2,289,,+3(134),,,,,-3,,,,,,,+3(35)
1754,,山东大学（威海）,V你50罚时,张垚,张佑,张智航,,False,True,2,289,,+6(150),,,,,-3,,,,,,,+(19)
1755,,河北师范大学,ACMer少年,秦晓,张瑞兵,牛俊翔,,False,True,2,290,,+1(200),,,,,-2,,,,,,,+2(30)
1756,,中南民族大学,天下第一件好事还是罚坐,李子怡,曾巧,姜紫柔,,False,True,2,290,,+(232),,,,,,,,,,,,+1(38)
1757,,哈尔滨理工大学,哈理工2024Y06,张天时,贝明轩,李乘远,,False,True,2,291,,+2(218),,,,,-10,,,,,,,+(33)
1758,390,南京晓庄学院,黄坤不会梦见抽电子烟的学长,李鸣锬,黄齐,王思博,,False,True,2,291,,+1(242),,,,,-5,,,,,,,+(29)
1759,,广西民族大学,本手妙手和花手,陈维福,陈健峰,李鸿运,,False,True,2,293,,-61,,,,,+4(193),,,,,,,+(20)
1760,,武汉商学院,23级icpc陪跑队,李吉,易怀广,郝兴城,,False,True,2,294,,+(183),,,,,-6,,,,,,,+2(71)
1761,,宁波大学,我一定要扫宁波大街,吴晨昊,陈炜宣,戴吉程,,False,True,2,295,,+3(137),,,,,-7,,,-1,,,,+2(58)
1762,391,湖北中医药大学,世界将我们遗弃,李梓恒,陶信予,方沁鸿,,False,True,2,296,,+5(181),,,,,-1,,,,,,,+(15)
1763,,北京师范大学珠海校区,长指针不好么,韩英姿,何嘉凯,张佳旭,,False,True,2,296,,+2(199),,,,,-6,,,,,,,+1(37)
1764,,武汉纺织大学,我们三个顶一个,钟宇峰,范赫,游为与,,False,True,2,298,,+4(115),,,,,-4,,,,,,,+3(43)
1765,,天津大学,谦虚好学的玛卡巴卡们,王一丁,廖浩然,王子轩,,False,True,2,298,,+1(159),,,,,-1,,,,,,,+3(59)
1766,,河北工程大学,黑猫,郭圳涛,姚佰允,王洋,,False,True,2,298,,+3(212),,,,,-4,,,,,,,+(26)
1767,,浙江工业大学之江学院,先行而后三思,陈宇昊,应汶妤,徐凯杰,,False,True,2,298,,-11,,,,,+2(229),,,,,,,+(29)
1768,,武汉大学,源神uno大学,李寓翀,陈易东,李泽皓,,False,True,2,300,,+6(129),,,,,-4,-7,,,,,,+1(31)
1769,,兰州理工大学,等待AC,王天旭,赖新鹏,杨程程,,False,True,2,300,,+2(157),,,,,-4,,,,,,,+2(63)
1770,392,湖北大学,初念,朱俊好,周东升,彭子祺,,False,True,2,301,,+(75),,,,,-4,,,,,,,+3(166)
1771,,成都东软学院,不时用c语言遮羞的败犬acmer们,王佳硕,钟喀生,魏大策,,False,True,2,301,,+2(188),,,,,,,,,,,,+2(33)
1772,,大连理工大学,三人凑钱买黑神话悟空,黄朗,林芷仟,王振尧,,False,True,2,302,,+1(127),,,,,-5,-3,,,,,,+3(95)
1773,393,安徽财经大学,先交一发试试,王清锐,邱昊天,汪泽宇,,False,True,2,303,,+1(252),,,,,-1,,,,,,,+(31)
1774,,西安电子科技大学,学习中ing,李佳欣,白婧玉,朱泓渊,,False,True,2,304,,+4(160),,,,,-3,,,,,,,+1(44)
1775,,中南民族大学,转生成为acm糕手,黄纪量,段杰豪,张耀,,False,True,2,304,,+3(216),,,,,-1,,,,,,,+(28)
1776,,重庆工程学院,6口水,陈博恒,何慧君,王伟铭,,False,True,2,305,,+2(186),,,,,-5,,,,,,,+2(39)
1777,,绍兴文理学院,诗人嘬德提姆握持,余振东,游龙威,孙嘉烨,,False,True,2,305,,+4(207),,,,,-6,,,,,,,+(18)
1778,,衡水学院,队友叫我励志于是有了这个队名,谢子昊,吴建霏,林浩楠,,False,True,2,305,,+4(207),,,,,-3,,,,,,,+(18)
1779,394,湖北经济学院,来神了,郑奥,吴子维,汤昕杨,,False,True,2,305,,+1(211),,,,,,,,,,,,+(74)
1780,,嘉应学院,爱是最强自在法,钟棋宇,罗祉茗,叶耀,,False,True,2,305,,+3(216),,,,,-1,,,,,,,+(29)
1781,,阜阳师范大学,软舰攻城,刘欣怡,刘振东,马静祥,,False,True,2,306,,+3(211),,,,,-1,,,,,,,+(35)
1782,,宁波大学,完独紫,郑依林,孙嘉炜,赖诗亮,,False,True,2,308,,+1(155),,,,,-3,-1,,,,,,+2(93)
1783,,哈尔滨工业大学（威海）,我们队名改成文化水平不高，不会起名吧,王宇卓,杨朝平,郑权涌,,False,True,2,308,,+2(189),,,,,-3,-3,,,,,,+1(59)
1784,,西北工业大学,兄弟，你不香了！,涂思亮,万梓宸,宋旭远,,False,True,2,309,,+1(170),,,,,-3,,,,,,,+2(79)
1785,,山东理工大学,我怎会有图谋不轨之心,刘超,许洋,张俊,,False,True,2,309,,+5(184),,,,,-3,,,,,,,+(25)
1786,,新疆大学,穿山,陈铎,王桂鸣,陈俊杰,,False,True,2,309,,+1(228),,,,,-3,,,,,,,+(61)
1787,,山东科技大学,阿瓦隆号,张培腾,董鑫磊,王浩然,,False,True,2,310,,+3(182),,,,,-1,,,,,,,+1(48)
1788,,上海应用技术大学,肘击队,刘家乐,李正哲,李洋,,False,True,2,311,,+2(131),,-2,,,-13,-1,,,,,,+2(100)
1789,,河北工程大学,香菜炒柚子,赵伟渊,张骏飞,罗京涛,,False,True,2,312,,+1(209),,,,,,,,,,,,+1(63)
1790,,北京师范大学香港浸会大学联合国际学院,你的择路人,吕路遥,倪方博,赵泽峰,,False,True,2,314,,-15,,,,,+6(146),,,,,,,+1(28)
1791,,浙大城市学院,红魔乡第一爆炎法王,阮诗哲,易仁喜,赵徐坚,,False,True,2,314,,+(287),,,,,-7,,,,,,,+(27)
1792,,苏州工学院,小菜狗逆袭记,谢起,杜鹏飞,张雨萱,,False,True,2,314,,-7,,,,,+(290),,,,,,,+(24)
1793,,北方工业大学,你说的队,邱睿,肖逸飞,李思耕,,False,True,2,315,,+3(178),,,,,-1,,,,,,,+2(37)
1794,395,西藏民族大学,秦汉1,何鑫桂,张硕,张志伟,,False,True,2,315,,+1(180),,,,,-2,,,,,,,+1(95)
1795,,鲁东大学,易燃,邵妍,马郡遥,唐越,,False,True,2,321,,+3(216),,,,,-1,,,,,,,+(45)
1796,396,上海杉达学院,我在杉达学土木,陆剑峰,张云泊,马嘉绮,,False,True,2,323,,+(164),,,,,-1,-1,,,,,,+5(59)
1797,,浙江工商大学,看ad免费ac,谢相逸,陈锦鸿,詹海吉,,False,True,2,323,,+3(206),,,,,-6,,,,,,,+1(37)
1798,,武汉商学院,关于邻国的Codeforces不知不觉把我们惯成了ACMer于是队长想要漂亮妹妹教他写代码这档事,许义,杨文昊,明天成,,False,True,2,324,,+3(106),,,,,-7,,,,,,,+5(58)
1799,,九江学院,我要拿铁牌,左鹏,朱涛,陈亮,,False,True,2,324,,+4(216),,-3,,,-6,,,,,,,+(28)
1800,,信息工程大学,并非不队,余朝阳,陆熙喆,邵吴霁,,False,True,2,325,,+3(186),,-1,,,-4,,,,,,,+1(59)
1801,,烟台大学,不知名的甘！文！崔！,戚靖博,吴振,刘一,,False,True,2,325,,-10,,,,,+1(250),,,,,,,+1(35)
1802,397,佛山大学,佛三大犇,林佳余,刘骏学,薛明腾,,False,True,2,326,,+6(146),,-1,,,-8,,,,,,,+1(40)
1803,,广东工业大学揭阳校区,GDUTJY_1+1=0,谭昊,沈子涵,周煜,,False,True,2,326,,+5(204),,,,,-2,,,,,,,+(22)
1804,,海南大学,重生之希望这次多分点名额,毛行轩,蔡佳城,胡瑞一,,False,True,2,327,,+5(201),,,,,-2,,,,,,,+(26)
1805,,浙江工商大学,摸鱼队,徐文婷,徐沛阳,李文鑫,,False,True,2,328,,+2(237),,,,,,,,,,,,+(51)
1806,,湖南农业大学,复仇之焰,范晓松,周辉,陈雄彪,,False,True,2,328,,+1(276),,,,,-3,,,,,,,+(32)
1807,,中国石油大学（华东）,中石大1988,吉时渊,王钧泽,黄升钦,,False,True,2,330,,+2(267),,,,,-2,,,,,,,+(23)
1808,398,浙江传媒学院,兔必南波万队,庄庆伟,李国旭,刘清,,False,True,2,331,,+(175),,,,,-7,,,,,,,+3(96)
1809,,中国地质大学（武汉）,咩啰咩啰,胡绮芮,宋佳宁,金汤悦,,False,True,2,333,,+2(216),,-1,,,-2,,,,,,,+1(57)
1810,,南京工业大学,做AK梦,刘珂,盘英章,李屹,,False,True,2,334,,+1(245),,-1,,,,,,,,,,+2(29)
1811,399,淮北理工学院,二叉树,尹洪超,孙亚楠,霍宇成,,False,True,2,334,,+1(245),,,,,-52,,,,,,,+(69)
1812,400,湖南科技学院,清风明月,杨欢,周锋,廖鑫,,False,True,2,336,,+4(133),,,,,-4,,,,,,,+2(83)
1813,,江西理工大学南昌校区,摸鱼队,刘创,宋文东,蓝隆涛,,False,True,2,336,,+2(245),,,,,-4,,,,,,,+1(31)
1814,,佛山大学,歪比巴卜,沈珈庆,郑培东,陈煜嘉,,False,True,2,338,,+3(256),,-3,,,-8,,,,,,,+(22)
1815,,浙江科技大学,蛋仔,陈昱廷,华浩天,王凡,,False,True,2,339,,+2(194),,,,,-4,,,,,,,+2(65)
1816,,江西财经大学,做梦都要AC队,陈雨希,韩家欢,王俊杰,,False,True,2,340,,+3(258),-4,,,,,,,,,,,+(22)
1817,401,重庆文理学院,网瘾少年不会梦见wa测评,田康乐,张柒鑫,李明,,False,True,2,341,,+5(191),,,,,-8,,,,,,,+1(30)
1818,,青岛大学,火烈鸟,辛宇聪,张鑫,韩程瑞,,False,True,2,342,,+4(230),,,,,-5,,,,,,,+(32)
1819,,华南师范大学,她走那晚我在 WA 题,何泽铭,梁梓俊,陈俊烽,,False,True,2,347,,+6(203),,,,,-3,,,,,,,+(24)
1820,,南京信息工程大学,杰哥不要 WAWA 交,王文杰,余天成,吴悠,,False,True,2,347,,+2(240),,,,,-5,,,,,,,+2(27)
1821,,中南民族大学,我和琪琪大宝贝们,李虹睿,曾安琪,胡田琪,,False,True,2,351,,+2(172),,,,,-3,,,,,,,+2(99)
1822,,深圳技术大学,SZTU_卡在起名上了,徐鑫,薛晓阳,王楷彬,,False,True,2,351,,+3(213),,,,,-3,-1,,,,,,+2(38)
1823,,中国矿业大学,啊对对队,陈婷,谭文静,覃柏林,,False,True,2,353,,+3(237),,,,,-5,,,,,,,+1(36)
1824,,青岛大学,从不WAWA叫,滕彤佳豪,张江昊,杜桂涛,,False,True,2,354,,+4(248),,,,,-2,,,,,,,+(26)
1825,,同济大学,公费旅行社,罗力,杨钦战,肖家余,,False,True,2,355,,-12,,,,,+2(238),,,,,,,+(77)
1826,,井冈山大学,罚时大王,陈少华,汪羡焌,朱海滨,,False,True,2,359,,+6(189),,,,,-5,,,,,,,+1(30)
1827,,湖南理工学院南湖学院,菜鸟想拿牌,向远洋,余文瑞,唐圣然,,False,True,2,361,,+5(157),,,,,-8,,,,,,,+1(84)
1828,,湖州师范学院,待到秋来九月八,章文宇,张君琪,王羽飞,,False,True,2,363,,+1(296),,,,,-6,,,,,,,+1(27)
1829,,中国海洋大学,一支队伍,郑云瀚,郑圆浩,冯博远,,False,True,2,364,,+(155),,-1,,,-6,-2,,,,,,+4(129)
1830,,曲阜师范大学,坚定初心，跟党走,余金燕,马凡旭,陈佩昊,,False,True,2,364,,+1(195),,-7,,,-3,-1,,,,,,+1(129)
1831,,南昌航空大学,ctrlers,罗嗣波,于峰,邹名豪,,False,True,2,364,,+3(262),,,,,-8,,,,,,,+(42)
1832,,中南民族大学,样例过了就是对,钟佑安,连怡祥,黄炜超,,False,True,2,365,,+5(215),,,,,-6,,,,,,,+1(30)
1833,,杭州师范大学,臣妾要告发孙答应私通,薛博文,徐鑫懿,王科然,,False,True,2,366,,-17,,,,,+4(260),,,,,,,+(26)
1834,402,江苏海洋大学,01突破,沈乃至,马迪,刘岩,,False,True,2,367,,+4(248),,,,,-2,,,,,,,+(39)
1835,,肇庆学院,北岭山阴纳凉2,吴树鑫,邱振锋,廖桦升,,False,True,2,368,,+1(173),,,,,-3,,,,,,,+3(115)
1836,,温州大学,温大5队,金传体,吴端钰,陈蒋龙,,False,True,2,371,,+5(176),,-1,,,-6,,,,,,,+1(75)
1837,,浙江工商大学,哆啦AK,刘泽轩,方存轩,于天佑,,False,True,2,372,,-4,,,,,+3(263),,,,,,,+(49)
1838,,乐山师范学院,墨码逸思队,韩俊杰,刘皓扬,王美芳,,False,True,2,373,,+4(215),,,,,-12,,,,,,,+2(38)
1839,,南京工业大学,南工大n队,商文博,张弘扬,陈星宇,,False,True,2,375,,-4,,,,,+3(221),,,,,,,+2(54)
1840,,江西师范大学,AA相亲相爱一家人,钟元,万翰宇,周世祥,,False,True,2,377,,+7(218),,,,,,,,,,,,+(19)
1841,,哈尔滨工业大学（威海）,不报零就行,周鑫,沈奕菲,吕泽林,,False,True,2,378,,+(166),,,,,-2,,,,,,,+3(152)
1842,,华中师范大学,我没意见,李坤霖,史家业,姜高峰,,False,True,2,378,,+5(183),,,,,-1,,,,,,,+2(55)
1843,,湖北工业大学,小丑派对,解哲曦,梅子恒,陈建熊,,False,True,2,378,,+5(205),,,,,-2,,,,,,,+2(33)
1844,,厦门大学嘉庚学院,怎么就没活了,戚晓鹏,蔡政楠,冯剑宇,,False,True,2,379,,-9,,,,,+2(306),,,,,,,+(33)
1845,,西安理工大学,丸辣,兀佩星,邹乐凡,王颢焓,,False,True,2,380,,+4(281),,,,,-17,,,,,,,+(19)
1846,,宁波大学,灰太螂说会爱我,金焕磊,陈昕宇,袁铭都,,False,True,2,381,,+(65),,,,,-2,,,,,,,+8(156)
1847,,武汉纺织大学,你说对就对,黄仝和,王鑫,徐文强,,False,True,2,384,,-3,,,,,+6(235),-2,,,,,,+(29)
1848,,江西理工大学,精英小分队,曾欣媛,虞诗敏,王陆毅,,False,True,2,384,,+4(249),,,,,-6,,,,,,,+(55)
1849,,浙江工商大学,nia,杨顾文韬,陈嗣元,范清扬,,False,True,2,387,,+2(122),,,,,-1,,,,,,,+3(165)
1850,,安阳工学院,吃吃喝喝棒棒队,李森林,付怡睿,董家欣,,False,True,2,387,,+2(284),,,,,-1,,,,,,,+(63)
1851,,浙江机电职业技术大学,总不可能一道题都不出吧,游晨昕,蔡杍晨,孙宇帆,,False,True,2,389,,+4(249),,,,,-10,,,,,,,+1(40)
1852,,广州大学,面硬加咸蔬菜加倍蒜末和油多多,陈骏,杨灿垣,徐家栋,,False,True,2,391,,+5(244),,,,,-6,,,,,,,+1(27)
1853,,香港中文大学（深圳）,学勤同盟国,邓沣庭,李天佑,Christian Angelo Velarde,,False,True,2,393,,+3(177),,,,,-6,-1,,,,,,+(156)
1854,,电子科技大学中山学院,中山学院3队,赵英炜,程旭,徐子希,,False,True,2,397,,+10(165),,,,,-6,,,,,,,+(32)
1855,,信息工程大学,菜就多练,郑林,窦岳恒,薛岩,,False,True,2,400,,+3(202),,,,,-3,,,,,,,+4(58)
1856,,南阳理工学院,取不来名字，要长脑子了,李昌泓,李怡昊,李亦凡,,False,True,2,400,,-358,,,,,+2(284),,,,,,,+1(56)
1857,,湖南师范大学,陈旭,陈旭,吕麒,夏伟杰,,False,True,2,401,,+5(229),,,,,-1,,,,,,,+2(32)
1858,,湖南农业大学,宇宙最强最潮流最帅最美超级无敌邪魅嗜血究极狂暴螺旋升天霸气暗影,粟懿涵,彭安,杨鑫,,False,True,2,401,,+2(280),,,,,-3,,,,,,,+2(41)
1859,,重庆城市科技学院,月落星沉,刘英凯,陈民君,董铮,,False,True,2,407,,+7(197),,,,,-2,-25,,,,,,+2(30)
1860,,河南师范大学,打酱油的,刚毅,薛中帅,王丁慧,,False,True,2,407,,+3(243),,,,,-9,,,,,,,+2(64)
1861,,新疆大学,成分危险,林子杰,,,,False,True,2,407,,+2(312),,,,,-7,,,,,,,+1(35)
1862,,南京晓庄学院,伪装成学长的雪豹幻想成为ICPC大师,盖礼杰,徐铮,高明鸿,,False,True,2,408,,+6(228),,,,,,,,,,,,+(60)
1863,403,山东中医药大学,山中医代表队,张承宇,冯富康,李文慧,,False,True,2,416,,+7(191),,,,,-8,-1,,,,,,+1(65)
1864,,湖州师范学院,正品的,郑云昊,彭王杰,邓丁宁,,False,True,2,416,,+3(240),,,,,-4,,,,,,,+3(56)
1865,,湖北工业大学,我们只是三个路过的假面acmer,王志才,程子龙,张哲,,False,True,2,417,,+4(307),,,,,-1,,,,,,,+(30)
1866,,信息工程大学,物之不齐，物之情也,于锏皓,张仕杰,陈城洛,,False,True,2,418,,+6(270),,,,,,,,,,,,+(28)
1867,,山东财经大学,组了个队,王翔立,王胜娇,刘英杰,,False,True,2,418,,+5(288),,,,,-2,-1,,,,,,+(30)
1868,,长江师范学院,YZNU-114514,汪晨阳,杨思权,刘思宇,,False,True,2,419,,+4(254),,,,,-2,,,,,,,+2(45)
1869,,青岛大学,Vim,孟祥董,王隆江,杨景成,,False,True,2,419,,+5(284),,,,,-5,-4,,,,,,+(35)
1870,,江西师范大学,心态好,汤海峰,黎朔鸣,许国振,,False,True,2,420,,+6(277),,-3,,,,,,,,,,+(23)
1871,,北京印刷学院,学校怎么还不改名,郭音,陈孟哲,徐硕浩,,False,True,2,423,,+5(239),,-41,,,,-4,,,,,,+2(44)
1872,,南京航空航天大学,样例AC就算队,肖昊哲,肖宇轩,唐观乾,,False,True,2,424,,+4(263),,,,,-3,,,,,,,+2(41)
1873,404,北京语言大学,想队名也能TLE吗,林之钦,何炫庆,许中豪,,False,True,2,426,,+7(198),,,,,-3,-2,,,,,,+1(68)
1874,,中国地质大学（武汉）,我是来当分母的，你们要干什么,林海,黄卿,许浩然,,False,True,2,427,,+8(241),,,,,-2,,,,,,,+(26)
1875,,上海大学,tarjen_fan,殷天悦,刘洲宏,聂冬亮,,False,True,2,429,,+8(247),,,,,-8,-1,,,,,,+(22)
1876,,中国民航大学,重庆森林,王琨,郑晨兮,张雨萌,,False,True,2,429,,+4(253),,,,,-5,,,,,,,+3(36)
1877,,深圳大学,szu_queue,莫迪茵,詹家惠,黄雨欣,,False,True,2,430,,+10(201),,,,,-2,-1,,,,,,+(29)
1878,,中山大学,中山大学_好像有点不太队,徐泓昊,唐翼,张浩宇,,False,True,2,431,,+10(207),,,,,-7,,,,,,,+(24)
1879,,香港科技大学广州,志锐教育科技-1队,司徒子瑄,陈卓轩,池默,,False,True,2,432,,+4(283),,,,,-1,-1,,,,,,+(69)
1880,,山西大学,SXU二队,柳伟康,刘啸坤,郑毅,,False,True,2,433,,+6(292),,,,,-10,,,,,,,+(21)
1881,,同济大学,翻斗花园宝宝,毛韩宇,王亦玮,曹劭杰,,False,True,2,435,,+2(95),,,,,,-7,,,,,,+5(200)
1882,,南京师范大学,那咋了,华博文,曹逢雨,孙俊健,,False,True,2,435,,+8(252),,,,,-4,,,,,,,+(23)
1883,405,郑州升达经贸管理学院,三兔傍地走,林清炬,亓博研,高思彤,,False,True,2,438,,+5(311),,,,,,,,,,,,+(27)
1884,,乐山师范学院,冬天不穿羽绒服,邱伯荣,周俊豪,曾鹏晨,,False,True,2,439,,+7(142),,,,,-5,,,,,,,+4(77)
1885,,华侨大学,鹰隼试翼,郭翔,廖德智,刘坤尧,,False,True,2,440,,+4(262),,,,,,,,,,,,+2(58)
1886,406,梧州学院,队友只要过题就好了，而我要考虑的就很多了,陈健宇,刘斯君,关子俊,,False,True,2,447,,+5(288),,-5,,,,,,,,,,+1(39)
1887,,烟台大学,以上成绩全都无效,邓俊涵,林茂琪,黄一沣,,False,True,2,447,,+6(292),,,,,-7,,,,,,,+(35)
1888,,中国石油大学北京克拉玛依校区,阳光彩虹小白马,梁博雅,岳方烨,邱睿,,False,True,2,449,,+1(296),,,,,-2,,,,,,,+1(113)
1889,,东北农业大学,前面的题目以后再来探索吧,王亚男,谢梓涛,张钧辅,,False,True,2,453,,-46,,,,,+7(184),,,,,,,+3(69)
1890,,嘉应学院,从容应队,廖伟伦,谢达键,董益军,,False,True,2,453,,+6(279),,,,,,,,,,,,+(54)
1891,,哈尔滨商业大学,自由,毛晟君,吕海航,赵昌纬,,False,True,2,454,,+3(268),,,,,-3,,,,,,,+(126)
1892,,安阳工学院,丸辣守感布队,侯帅鹏,杜泳君,白亚盼,,False,True,2,456,,+6(300),,,,,-6,,,,,,,+(36)
1893,,浙江农林大学,计算练习生,熊奕炫,胡潘杰,罗星艺,,False,True,2,457,,+6(197),,,,,,,,,,,,+3(80)
1894,,西湖大学,观光团,周子涵,王浩择,陈子乐,,False,True,2,459,,+2(236),,,,,-5,,,,,,,+4(103)
1895,,天津工业大学,无厘头探险队,韩奕霖,宫昌禹,吴一凡,,False,True,2,459,,+6(302),,,,,-4,,,,,,,+(37)
1896,,湖北中医药大学,原神将我们遗弃,王昊阳,李垠垠,周钲墙,,False,True,2,460,,+7(253),,,,,-3,-3,,,,,,+1(47)
1897,,长春理工大学,我绝不和煎蛋不放糖的家伙结婚！,范泽涛,孟天,黄炳睿,,False,True,2,462,,-5,,,,,+8(283),,,,,,,+(19)
1898,,浙江工业大学之江学院,你说的都对,姚鸿源,佘相东,程江峰,,False,True,2,472,,+10(232),,,,,-3,,,,,,,+(40)
1899,,哈尔滨学院,会议号,李慧,周浩文,沈艺林,,False,True,2,476,,+6(274),,,,,-3,,,,,,,+1(62)
1900,407,常州工学院,常工颜值代表,张岚,唐胡煜,张继宏,,False,True,2,477,,+5(265),,,,,-3,,,,,,,+2(72)
1901,,上海纽约大学,上纽二队,许诗栋,张书恺,蒋毅成,,False,True,2,478,,+6(270),,,-1,,,-1,,,,,,+2(48)
1902,,湖南大学,对对队,刘泽益,文卓,陈智权,,False,True,2,480,,+7(226),,,,,-7,-1,,,,,,+2(74)
1903,,武汉轻工大学,所以我能AC对不,林新鸿,余伟琦,尹家启,,False,True,2,482,,+5(299),,,,,-5,,,,,,,+2(43)
1904,,杭州电子科技大学信息工程学院,爱鸡TV之我不要爱我要麦,徐俊豪,黄楚彬,兰德涵,,False,True,2,485,,+8(257),,,,,-5,,,,,,,+(68)
1905,,山东科技大学,凤凰号,付泊源,朱继涛,宋明翰,,False,True,2,485,,+8(282),,,,,-3,,,,,,,+1(23)
1906,,海南大学,这次一定AC,洪志辉,朱桐庆,丁彦文,,False,True,2,487,,+4(285),,,,,-2,,,,,,,+2(82)
1907,,广东金融学院,邱仪玲,邱仪玲,李婉玲,林晓凡,,False,True,2,489,,+2(264),,,,,-2,,,,,,,+2(145)
1908,,嘉兴大学,86号欧米伽,沈亦凡,黄晋,崔元佑,,False,True,2,490,,+3(291),,-1,,,,,,,,,,+1(119)
1909,,海南大学,全甲野牛突袭派蒙,刘帅文,石美雪,李俊飞,,False,True,2,491,,+11(201),,,,,,-1,,,,,,+1(50)
1910,,西南交通大学,AC过家家,谭逸朗,侯睿元,郝津懿,,False,True,2,494,,+13(213),,,,,-4,-3,,,,,,+(21)
1911,,西南民族大学,winter,冯学钊,金劭儒,冉楠舟,,False,True,2,498,,+2(264),,,,,-1,,,,,,,+4(114)
1912,,浙江传媒学院,桥豆麻队,竺光煜,胡琦函,林君阳,,False,True,2,500,,+4(291),,,,,-3,-1,,,,,,+4(49)
1913,,青岛大学,从零开始的算法生活,常燕婷,张雅琪,吴姝娴,,False,True,2,505,,+10(265),-2,,,,-3,,,,,,,+(40)
1914,,厦门大学嘉庚学院,帕斯,孟高奇,徐露,陈晴,,False,True,2,511,,+9(305),,,,,-3,,,,,,,+(26)
1915,408,吉林建筑大学,凌空破浪,孙志鹏,曹子杨,杨旭东,,False,True,2,514,,-8,,,,,+8(276),,,,,,,+2(38)
1916,,北京工业大学,加强版三只小猪,杨馨悦,张若晗,王暄雨,,False,True,2,514,,+5(290),,,,,-2,,,,,,,+2(84)
1917,,山东工商学院,看什么呢快去做题啊,赵永琦,王鹏凯,郭智豪,,False,True,2,514,,+1(298),,,,,-14,,,,,,,+6(76)
1918,,上海理工大学,AC小分队,陈述季,檀天,许澈,,False,True,2,516,,+5(223),,,,,-2,,,,,,,+5(93)
1919,,武汉轻工大学,李胡诚,李胡诚,钟毅豪,吴轩,,False,True,2,519,,+3(185),,,,,-4,,,,,,,+6(154)
1920,,江西理工大学,快乐的派大星种小花,徐乐怡,华振峰,罗健,,False,True,2,522,,+10(296),,,,,,,,,,,,+(26)
1921,,中国矿业大学（北京）,涅凤,程炜宸,牟俊杰,戚涵超,,False,True,2,525,,+5(255),,,,,-1,,,,,,,+3(110)
1922,,深圳技术大学,SZTU_星河长明,武家辉,马依涵,李壮壮,,False,True,2,525,,+10(297),,,,,,,,,,,,+(28)
1923,,贵州大学,五队,叶子豪,田芳宇,赵建翔,,False,True,2,530,,+7(148),,,,,-5,,,,,,,+5(142)
1924,,郑州轻工业大学,小狗怎么叫,杜琰,党子俊,任五州,,False,True,2,532,,+10(311),,,,,-5,,,,,,,+(21)
1925,409,宁波诺丁汉大学,無队,方董樾,何思源,杨聿新,,False,True,2,533,,+2(213),,,,,,,,,,,,+3(220)
1926,,烟台大学,年轻不学c，老大靠cv。,董世龙,刘奇,刘守超,,False,True,2,534,,+3(225),,,,-1,-5,,,-1,,,,+7(109)
1927,,湖南工业大学,Runtime Terrors,孙喆琛,胡家兴,陈旻烨,,False,True,2,539,,+10(272),,,,,-14,,,,,,,+1(47)
1928,,广东东软学院,为白雪染色,温贵鸿,王柏轩,伍子辰,,False,True,2,542,,-11,,,,,+14(239),,,,,,,+(23)
1929,,宁波大学,快给我玩猿神,张增城,杨耀康,郭轩阳,,False,True,2,542,,+9(306),,,,,-1,,,,,,,+1(36)
1930,,湖南人文科技学院,该吃饭了,刘家驹,张俊哲,陈姚,,False,True,2,547,,+3(229),,,,,-3,,,,,,,+8(98)
1931,,浙江工商大学,wa也是ak,王瀚锋,钟皓泽,王延桢,,False,True,2,549,,+3(226),,,,,-2,,,,,,,+4(183)
1932,,安徽师范大学,雏鹰展翅,汪紫超,王晓宇,张亚铭,,False,True,2,549,,+(286),,,,,-1,,,,,,,+4(183)
1933,410,上海工程技术大学,我爱说实话,孟晗,章国炀,陈奕天,,False,True,2,555,,+1(269),,-1,,,-3,,,,,,,+7(126)
1934,,同济大学,努力活着,国芳铭,易阳,付昭阳,,False,True,2,560,,+(303),,,,,-6,,,,,,,+5(157)
1935,,闽南师范大学,过了样例就算队,李灿,徐绍良,张锦宝,,False,True,2,571,,+2(206),,,,,-7,,,,,,,+7(185)
1936,,河北工程大学,做的都对,牟昱霖,张孝哲,吕浩诚,,False,True,2,571,,+1(231),,,,,-1,,,,,,,+3(260)
1937,,沈阳航空航天大学,曼巴,谢晓斌,汪凌志,宋柏扬,,False,True,2,600,,+3(227),,-1,,,-7,,,,,,,+7(173)
1938,,陕西科技大学,这么久没见,郭程,张宇哲,高健,,False,True,2,607,,+13(300),,,,,,,,,,,,+(47)
1939,,烟台大学,133队,徐莹莹,张洳瑜,崔文馨,,False,True,2,618,,+5(246),,,,,-1,,,,,,,+6(152)
1940,,乐山师范学院,示例对跑不,陈洪钢,李诚鑫,熊焜,,False,True,2,634,,+12(294),,,,,-4,,,,,,,+1(80)
1941,411,沈阳农业大学,压力队友,潘岩,苏紫晨,何家栋,,False,True,2,651,,+5(246),,,,,,,,,,,,+8(145)
1942,,青岛农业大学,wa了那又咋啦,宋羽佳,仓瑜蔓,李岩霞,,False,True,2,658,,+5(309),,,,,-3,,,,,,,+3(189)
1943,,莆田学院,二十岁高龄半夜偷偷打cf,张嘉健,林欣欣,李骏,,False,True,2,677,,+14(235),,,,,,-4,,,-2,,,+2(122)
1944,,长春工业大学,风平浪静,叶俊捷,蒋雄,吴贻炫,,False,True,2,699,,+17(303),,,,,-16,,,,,,,+1(36)
1945,,曲阜师范大学,样例过了就是队,孙毅飞,董嘉慧,张智强,,False,True,2,704,,+6(232),,,,,-3,,,,,,,+7(212)
1946,,哈尔滨工程大学,再不给我AC我可要狠狠WA了QAQ,赵文定,冯望,文俊飞,,False,True,2,759,,+26(215),,,,,-9,,,,,,,+(24)
1947,,上海师范大学,队友都在打数模,王子俊,张越群,危祎,,False,True,2,768,,+31(132),,,,,-1,,,,,,,+(16)
1948,,贵州大学,浑水摸鱼,张民,杨林鑫,杨尚卫,,False,True,2,779,,+25(220),,-1,,,-6,-1,,,,,,+1(39)
1949,,莆田学院,好好好对！,赖聪贤,江科萱,吴雨,,False,True,2,826,,+16(275),,,,,,,,-1,,,,+7(91)
1950,,中原工学院,马楼队,安轩湛,李卓文,张文强,,False,True,2,845,,+20(295),,,,,,,,,,,,+2(110)
1951,,哈尔滨学院,abyss,张延川,丰瑞,吴均南,,False,True,2,846,,+20(215),,,,-1,,,,,,,,+3(171)
1952,,莆田学院,打完这把就退役,王其彬,王佳闽,柳永康,,False,True,2,852,,+28(269),,,,,-20,,,,,,,+(23)
1953,,河南工业大学,猪猪侠,汪明超,凡亚豪,吴鸿洋,,False,True,2,900,,+33(217),,,-2,-1,-25,,,,,,,+(23)
1954,,华东交通大学,憧憬成为人类社会非正常二次元算法领域大神,王锦洲,易广超,高广森,,False,True,2,935,,+16(282),,,,,,,,,,,,+7(193)
1955,,丽水学院,学校的你进社会,桂桢喃,余茂炫,黄梓发,,False,True,2,954,,+3(117),,,,,,,,,,,,+28(217)
1956,412,邢台学院,在线莫队,杜兴,刘红宇,刘葭琪,,False,True,2,971,,+32(307),,,,,,,,,,,,+(24)
1957,,河南科技大学,农夫山泉,周怡佳,成浩,李驰,,False,True,2,986,,+34(286),,,,,,,,,,,,+(20)
1958,,中国石油大学（北京）,大欧小叶mini李,欧日兵,李博豪,叶易勋,,False,True,2,1052,,+28(268),,-1,,,-8,,,,,,,+2(184)
1959,,南昌理工学院,2024 南理 4 队,肖和,袁文杰,孙学吉,,False,True,2,1083,,+38(239),,,,,-2,,,,,,,+1(64)
1960,,潍坊学院,不会做题怎么办,杨孟兴,李泉良,徐世恒,,False,True,2,1229,,+50(199),,,,,,,,,,,,+(30)
1961,,宁波职业技术大学,重生之我在宁职敲代码,陈颖,王玺乐,吴姜慧,,False,True,2,1320,,+51(274),,,,,-2,,,,,,,+(26)
1962,,河南工程学院,调解纠纷队,万镇赫,刘金柱,赵映翔,,False,True,2,1407,,+49(224),,-342,,,-2,,,,,,,+6(83)
1963,,湖南文理学院,诗人握持,黄芝斌,徐晖强,莫斌,,False,True,2,1550,,+58(313),,,,,-3,,,,,,,+2(37)
1964,413,汕头大学,头大三兄弟,朱星宇,郑永鹏,潘佳阳,,False,True,2,3691,,+173(210),-2,-2,,,-2,,,,,,,+(21)
1965,,浙江育英职业技术学院,怪兽打奥特曼,王煦怡,赵应琦,陈倚,,False,True,1,18,,-15,,-1,,,-2,,,,,,,+(18)
1966,,山东理工大学,罚时冠军,张天天,袁烨,袁成,,False,True,1,18,,-40,,,,,-4,,,,,,,+(18)
1967,,黄冈师范学院,好喜欢你怎么办,张舒恒,刘闻科,周康禧,,False,True,1,19,,-6,,,,,-5,,,,,,,+(19)
1968,414,商丘师范学院,时代少年团,贾易臻,汤函,马腾飞,,False,True,1,19,,-80,,,,,-4,,,,,,,+(19)
1969,,西华大学,格伦,石浩楠,李俊容,先江涛,,False,True,1,19,,-23,,,,,,,,,,,,+(19)
1970,,南阳理工学院,这里是鹿队,张雷鸣,杨京昊,刘晧,,False,True,1,19,,-6,,,,,-10,,,,,,,+(19)
1971,,成都东软学院,你就是打了ACM，才变成这样的,丁泳钞,李珈臣,李凌锋,,False,True,1,20,,-9,,-1,,,,,,,,,,+(20)
1972,,郑州经贸学院,急急国王,郑炳朝,杨兴州,李天祐,,False,True,1,20,,-14,,,,,-1,,,,,,,+(20)
1973,,上海大学,求你让我过一道,阮一城,叶羿伟,邢儒戈,,False,True,1,20,,-4,,,,,,,,,,,,+(20)
1974,,江西农业大学,凡是过往皆为序章,赖国梁,廖伦浩,林志炫,,False,True,1,21,,-35,,,,,,,,,,,,+(21)
1975,,华北理工大学,欧码吉利曼波,陈沿迁,林凯,王士硕,,False,True,1,21,,-6,,,,,-3,,,,,,,+(21)
1976,,山东科技大学,普罗米修斯号,齐航,魏振宇,刘志卿,,False,True,1,22,,-12,,,,,,,,,,,,+(22)
1977,,华南师范大学,肥嘟嘟左卫门,赖超,严佳旭,庞俊杰,,False,True,1,22,,-5,,,,,-1,,,,,,,+(22)
1978,,潍坊学院,超和平Busters,张新栋,李炳瑞,咸迹萍,,False,True,1,22,,,,,,,-3,,,,,,,+(22)
1979,,安徽工业大学,远古守护者,付翔宇,蒋烨,叶浙余,,False,True,1,22,,-1,,,,,-3,,,,,,,+(22)
1980,,浙江机电职业技术大学,可是我18岁,张兴日,张光瑶,池长乐,,False,True,1,23,,-18,,,,,-2,,,,,,,+(23)
1981,,浙江育英职业技术学院,有点火热,骆方彦,潘永胜,袁逢聪,,False,True,1,23,,-7,,,,,-5,,,,,,,+(23)
1982,,鲁东大学,确实挺不错的,李承建,程继熙,王万涛,,False,True,1,23,,-3,,,,,,,,,,,,+(23)
1983,,郑州轻工业大学,不会起队名，就写个随便吧,臧明哲,张毅,叶子豪,,False,True,1,24,,-9,,,,,-6,,,,,,,+(24)
1984,,南阳理工学院,醉醉醉把佳人成双队！！！,夏圣燕,吴佳轩,陈慧婷,,False,True,1,25,,-2,,,,,-2,,,,,,,+(25)
1985,,五邑大学,怎么找不到签到题,张艺钟,李晟熙,陈晋钦,,False,True,1,26,,-41,-1,-1,,,-2,,,,,,,+(26)
1986,,西华大学,测评机不要给我wawa叫,周世阳,马健城,熊伟,,False,True,1,26,,-7,,,,,,,,,,,,+(26)
1987,,暨南大学,海man宝宝,杨磊,周雨昇,王于子旭,,False,True,1,26,,-2,,,,,-3,,,,,,,+(26)
1988,,安阳工学院,OK感觉很队,张金博,牛金鑫,冯鼎,,False,True,1,27,,-22,,,,,-10,,,,,,,+(27)
1989,,西华大学,疯狂星期四,陈言浩,刘佳宏,马维熙,,False,True,1,27,,-16,,,,,,,,,,,,+(27)
1990,,江西农业大学,LooksAmazing,徐浩东,王威,曾宏苑,,False,True,1,28,,-7,,,,,-1,,,,,,,+(28)
1991,,惠州学院,奋进小虎队,温联钦,钟剑益,谢浩诚,,False,True,1,28,,-64,,,,,,,,,,,,+(28)
1992,,成都信息工程大学,求求楼上别A了,袁少泽,霍城宇,李松珊,,False,True,1,28,,-25,,-1,,,-3,,,,,,,+(28)
1993,,浙江育英职业技术学院,队友带我飞,宋新雨,杨煜航,戚周炜,,False,True,1,28,,-5,,-2,,,-2,,,,,,,+(28)
1994,,湖南人文科技学院,CTRL+C||V,戴宇豪,唐嘉富,孙洁龙,,False,True,1,29,,-8,,,,,,,,,,,,+(29)
1995,,山东财经大学,别人学校拿奖你搁这又唱又跳,张腾飞,樊宣,钱玮浩,,False,True,1,29,,-24,,,,,-6,,,,,,,+(29)
1996,,烟台大学,打ACM这辈子有了,赵法科,邱敏,吕睿,,False,True,1,29,,-220,,,,,-16,,,,,,,+(29)
1997,,南京工业大学,AC一题就算win,刘奕,蔡家豪,张伯衡,,False,True,1,30,,-6,,,,,-2,,,,,,,+(30)
1998,,江南大学,想吃夕宝狱卒队,陈宇轩,彭智健,孙以恒,,False,True,1,30,,-6,,-2,,,,,,,,,,+(30)
1999,415,广西民族大学相思湖学院,鸡王争霸团,廖小彬,曾畅茂,蔡慧雯,,False,True,1,30,,-2,,,,,-2,,,,,,,+(30)
2000,,商丘师范学院,样例虐我千百遍，我待样例如初恋,张朔宁,殷华翔,汪明哲,,False,True,1,31,,-11,,,,,,,,,,,,+(31)
2001,,江西理工大学,永远期待未来,夏如意,黄丽婷,范裕坤,,False,True,1,31,,-7,,,,,-5,,,,,,,+(31)
2002,,江苏海洋大学,为中华崛起而写码,房鸿铭,刘好,冷严伟,,False,True,1,32,,-7,,,,,-8,,,,,,,+(32)
2003,,吉利学院,午饭有没有炒damn,郑洪章,王声洋,王宝山,,False,True,1,32,,-11,,,,,-4,-1,,,,,,+(32)
2004,,浙江工商大学,水题有三宝，暴力随机和打表,徐晨阳,邬博丞,谢安东,,False,True,1,32,,-22,,,,,-6,-2,,,,,,+(32)
2005,,九江学院,随便取的,胡晓鑫,黄海潘,廖德扬,,False,True,1,32,,-15,,,,,-5,-1,,,,,,+(32)
2006,416,武汉职业技术大学,不爆零就算AC,罗振荣,王子玄,杨浩,,False,True,1,33,,,,,,,-3,,,,,,,+(33)
2007,,西北农林科技大学,抓住金牌顷刻炼化,郑枫,郑瑾,杨沐辰,,False,True,1,33,,-35,,,,,-1,,,,,,,+(33)
2008,,惠州学院,闪电苦力怕,韩乐天,贾敬轩,陈泽铭,,False,True,1,33,,-11,,,,,-3,,,,,,,+(33)
2009,,武汉轻工大学,不拿奖就给你补个蛋,程子豪,肖子龙,吴棋烽,,False,True,1,34,,-5,,,,,-5,,,,,,,+(34)
2010,,河南工程学院,柚子灯,胡亚灿,刘朝阳,毛成琦,,False,True,1,34,,-77,,,,,-2,,,,,,,+(34)
2011,417,甘肃农业大学,萌芽,张瑞坤,姜博博,周小超,,False,True,1,34,,-18,,-2,,,-5,,,,,,,+(34)
2012,,东北大学秦皇岛分校,旭日东升,吴一玄,徐睿康,刘东升,,False,True,1,35,,,,,,,-3,,,,,,,+(35)
2013,,惠州学院,惠大诚意队,黄德禁,刘俊哲,林锭炜,,False,True,1,36,,-7,,,,,-8,,,,,,,+(36)
2014,,惠州学院,我有一个馊主意,陈晓敏,陈海燕,施小华,,False,True,1,36,,-5,,,,,,,,,,,,+(36)
2015,,成都东软学院,wzz,伍博,周鑫,卓子彪,,False,True,1,37,,-8,,,,,-1,,,,,,,+(37)
2016,,重庆科技大学,余队和两个女生的故事,余臻,李汶桐,邹名格,,False,True,1,37,,-3,,,,,-10,,,,,,,+(37)
2017,,西南财经大学,开拓者,陈瑾,徐瑞林,张智豪,,False,True,1,37,,-7,,,,,-4,,,,,,,+(37)
2018,,山东大学,朵拉找bug,宋佳奇,吴思宁,刘宇轩,,False,True,1,37,,-11,,,,,-2,-1,,,,,,+(37)
2019,,哈尔滨学院,佚名,刘欣斋,李国良,李越,,False,True,1,38,,-48,,,,,,,,,,,,+(38)
2020,,惠州学院,感觉不如gc,钟煜杰,李镇发,罗科杰,,False,True,1,38,,-8,,,,,-5,,,,,,,+(38)
2021,,湖南城市学院,看着队友打代码,申宇健,曹杰林,何凯,,False,True,1,38,,-3,,,,,-2,,,,,,,+(38)
2022,,西湖大学,好想回家玩原神方舟鸣潮队,袁嘉骏,李志洲,陈宇璇,,False,True,1,39,,-5,,,,,-2,,,,,,,+(39)
2023,,南阳理工学院,我觉得我写的对为什么不给我判队,崔恺林,耿宇航,于超凡,,False,True,1,41,,-6,,,,,,,,,,,,+(41)
2024,,无锡学院,现代wa之王,吴梓平,钟姚佳,王天宇,,False,True,1,42,,-3,,,,,-1,,,,,,,+1(22)
2025,418,泉州信息工程学院,AK自动机维护与修理技术,胡力中,龚林涛,高灿坤,,False,True,1,42,,-6,,,,,-2,,,,,,,+(42)
2026,,中北大学,搬砖小分队,高攀,关清文,吴奕帆,,False,True,1,42,,-2,,,,,-4,,,,,,,+(42)
2027,,湖南工业大学,虐你如呼吸,赵佳豪,龚鹤峰,肖凝果,,False,True,1,43,,-6,,,,,-1,,,,,,,+1(23)
2028,,盐城工学院,希望之翼,曹翔,王俊皓,叶学成,,False,True,1,43,,-13,,,,,-7,,,,,,,+(43)
2029,,浙江广厦建设职业技术大学,向蕉糊了,龚孝天,向文寿,胡明涛,,False,True,1,44,,-55,,,,,-12,,,,,,,+1(24)
2030,,中南民族大学,私斋蒸鹅心,夏瑞泽,杨腾云,刘源,,False,True,1,44,,-8,,,,,-15,,,,,,,+(44)
2031,419,大连东软信息学院,创新创业产教融合,胡意丰,周铭轩,陈通博,,False,True,1,46,,-10,,,,,-1,,,,,,,+1(26)
2032,,河北师范大学,崔天一,崔天一,李瑞燊,张坤元,,False,True,1,47,,-3,,,,,-3,,,,,,,+1(27)
2033,420,湖北汽车工业学院,提交了就算过,李振超,万玥伶,孙宇,,False,True,1,48,,-9,,,,,-1,,,,,,,+(48)
2034,,西南石油大学,阿库娅转生成河城荷取在幻想乡打铁,隋炀,付泽东,叶孜,,False,True,1,48,,-17,,,,,,,,,,,,+(48)
2035,,河北师范大学,我爱拉臭臭,孙浩滨,卢俊澎,李金聪,,False,True,1,49,,-20,,,,,-1,,,,,,,+1(29)
2036,,吉首大学,啊对对对队,杜英杰,魏子轩,许夏轩,,False,True,1,50,,-15,,,,,,,,,,,,+1(30)
2037,,惠州学院,嘉心彬干,康心悦,李嘉慧,王彬琦,,False,True,1,50,,-16,,,,,,,,,,,,+(50)
2038,421,成都理工大学工程技术学院,可爱又迷人的反派角色,方鹏淅,李学迅,曾宇鹏,,False,True,1,51,,-29,,,,,-2,,,,,,,+1(31)
2039,,青岛大学,熬走老东西成为青大一队,孙一鸣,李政,李少康,,False,True,1,51,,-15,,,,,-3,,,,,,,+(51)
2040,,江汉大学,什么？又白给了,何宇恒,李慧捷,陈晋熙,,False,True,1,52,,-16,,,,,-5,-1,,,,,,+1(32)
2041,,九江学院,孩子们 ，我回来了,余经琐,苏紫健,曾政波,,False,True,1,52,,-15,,-1,,,-21,,,,,,,+1(32)
2042,,青岛农业大学,手写的从前,刘世征,张方博,王科锦,,False,True,1,52,,-7,,,,,-5,,,,,,,+1(32)
2043,,浙江科技大学,你们说的对,祝嘉豪,刘黄坪,祁佳乐,,False,True,1,53,,-9,,,,,,,,,,,,+1(33)
2044,,吉首大学,做的都队,李伟杰,祝江宇,钟文振,,False,True,1,53,,-3,,,,,-4,,,,,,,+1(33)
2045,,嘉应学院,重生还是菜鸡,陈鸿杰,李平,郑康盛,,False,True,1,53,,-289,,,,,-3,,,,,,,+1(33)
2046,,南阳理工学院,无敌美少女怒开三题,吴曼琳,吴萌冉,赵书慧,,False,True,1,53,,-21,,,,,-2,,,,,,,+(53)
2047,,北京理工大学珠海学院,三个打铁酱,王雅楠,杨灵,郑泽坤,,False,True,1,54,,-19,,,,,-1,,,,,,,+1(34)
2048,,西南大学,事已至此，先睡觉吧,杨雅媚,李雨璐,柳晓洲,,False,True,1,54,,-2,,,,,-5,,,,,,,+1(34)
2049,422,广东理工学院,翻转,罗淇,李益锋,黄泽鑫,,False,True,1,54,,-12,,,,,-3,,,,,,,+1(34)
2050,,河南师范大学,起名字真难啊,杨泓延,刘岩,王雨航,,False,True,1,54,,-9,,,,,-2,,,,,,,+1(34)
2051,423,山东农业大学,黑山农:马喽,郑嘉诚,苗滋政,范鹏,,False,True,1,55,,-33,,,,,-4,,,,,,,+1(35)
2052,,广州城市理工学院,I题怎么做,荘铸,丘嘉文,韦力,,False,True,1,56,,-8,,,,,-2,,,,,,,+1(36)
2053,,青岛大学,摸鱼队,张雨,李德杰,田文哲,,False,True,1,57,,-4,,,,,-3,-2,,,,,,+1(37)
2054,,莆田学院,南波万,林剑,陈丽琪,吴娟娟,,False,True,1,58,,-11,,-1,,,-2,,,,,,,+1(38)
2055,424,广东科技学院,尊嘟不响蟹辣,沈希重,陈奂廷,黄堉铭,,False,True,1,58,,-3,-1,-1,-1,-1,-4,-1,-1,-1,-1,-1,-1,+1(38)
2056,,中北大学,想个中文队名真难,秦和丰,程星宇,王垚,,False,True,1,59,,-33,,,,,-3,-2,,,,,,+1(39)
2057,,台州学院,自由之翼,王若琰,章智超,俞熠聪,,False,True,1,59,,-31,,,,,,,,,,,,+1(39)
2058,,苏州科技大学,#define 铁牌 金牌,倪翊诚,金亮,贺鹏飞,,False,True,1,60,,-1,,-1,,,-4,,,,,,,+1(40)
2059,,吉首大学,一发入魂,杨锦祥,周建东,陈睿,,False,True,1,60,,-6,,,,,-8,,,,,,,+1(40)
2060,,安徽师范大学,我们是暴力狂,王云奇,梁柏赫,吴伟雄,,False,True,1,60,,-1,,,,,-2,,,,,,,+1(40)
2061,,南昌理工学院,2024 南理 3 队,张鹏,陈嘉伟,朱航,,False,True,1,64,,,,,,,-2,,,,,,,+1(44)
2062,,长春工业大学,写的都对,张旭,刘明昊,何少琪,,False,True,1,64,,-2,,,,,-2,,,,,,,+1(44)
2063,,广西民族大学,逐火之蛾,程籽琪,蒋志昂,范一楠,,False,True,1,64,,-446,,,,,-1,,,,,,,+1(44)
2064,,西南科技大学,三只草履虫,杨若瑄,刘绮静,皇甫一冉,,False,True,1,65,,,,,,,-3,,,,,,,+1(45)
2065,425,河北大学,所以我不会打铁对不队,蒲剑,谢育林,刘烨通,,False,True,1,65,,-4,,,,,-1,,,,,,,+1(45)
2066,,青岛大学,语法错误,卢志成,张高赛,王万军,,False,True,1,66,,-6,,,,,,,,,,,,+1(46)
2067,426,河北工程技术学院,不会做题，来把斗地主,武昀昊,张晨冲,王久锋,,False,True,1,67,,,,,,,,,,,,,,+1(47)
2068,,湖北工业大学,打算竞能打出npy吗,吕佳哲,郭新云,李怡爽,,False,True,1,67,,-22,,,,,,,,,,,,+1(47)
2069,,湖南科技学院,终将打破自己,曾志,陈可,杨锦林,,False,True,1,68,,-12,,,,,,,,,,,,+2(28)
2070,,湖州师范学院,考研休息区域,王胜钊,李佳杰,励濠璇,,False,True,1,68,,-17,,,,,-2,,,,,,,+2(28)
2071,,青岛大学,还我妈生牌,侯倩,董宜珊,徐文宇,,False,True,1,69,,-6,,,,,,,,,,,,+1(49)
2072,,苏州大学,姑苏客,胡潇天,黄剑,廉镇源,,False,True,1,70,,-1,,,,,-2,,,,,,,+1(50)
2073,,华南师范大学,而刷题要考虑的事情就多了,张德麟,岑金华,吴昊,,False,True,1,70,,-9,,,,,-4,,,,,,,+1(50)
2074,,河南师范大学,丁丁历险记,高一丁,李栋辉,丁耀辉,,False,True,1,73,,-18,,,,,-2,,,,,,,+1(53)
2075,427,文华学院,今天的崩坏三是无敌的！,方鹏遥,张少航,王天,,False,True,1,73,,-5,,,,,-10,,,,,,,+1(53)
2076,,天津仁爱学院,miku熬夜打XCPC,程淼,邓永星,段立泰,,False,True,1,74,,-1,,,,,-1,,,,,,,+1(54)
2077,,新疆大学,再交一次,李康森,王涵琳,李德真,,False,True,1,74,,-1,,,,,,,,,,,,+1(54)
2078,,江西农业大学,四元,谢军,万文茜,吴世州,,False,True,1,74,,-3,,-1,,,-4,,,,,,,+1(54)
2079,,宁波职业技术大学,不知道叫啥,黄俊杰,陈嘉宁,柯铭炜,,False,True,1,75,,-64,,,,,-3,,,,,,,+2(35)
2080,,长沙理工大学,认真的草率队,崔万里,张子睿,何泽铖,,False,True,1,75,,-3,,,,,-4,,,,,,,+2(35)
2081,,华东交通大学,寒月,欧阳天宇,刘宁文,丁梓钊,,False,True,1,75,,-6,,,,,-5,,,,,,,+1(55)
2082,428,桂林信息科技学院,自此月夜无名,崖志福,刘蕴霖,张志豪,,False,True,1,75,,,,,,,-5,-1,,,,,,+(75)
2083,,河南工业大学,啊对对对,张宏泽,刘庭铄,刘义,,False,True,1,76,,-147,,,,,-2,,,,,,,+2(36)
2084,,郑州升达经贸管理学院,我也在AC啊，谁不在AC啊！,罗丙鑫,谢斌,乔书祥,,False,True,1,76,,-4,,,,,,,,,,,,+2(36)
2085,,肇庆学院,北岭山间踏雪2,张煜辉,黄心怡,杨博文,,False,True,1,76,,-10,,,,,-2,,,,,,,+1(56)
2086,,云南大学,Must be the right,黄佳和,马永琦,吴思奇,,False,True,1,78,,-5,,,,,-3,,,,,,,+2(38)
2087,429,西安石油大学,打铁就退学组乐队,万展瑜,黄俊凯,苏旭超,,False,True,1,79,,-1,,,,,-5,,,,,,,+(79)
2088,,华东交通大学,早签完，早下班,陈同杰,黄博涛,李广炎,,False,True,1,79,,-9,,,,,,,,,,,,+(79)
2089,430,烟台科技学院,ytkj,张志伟,徐召佳,刘庆,,False,True,1,81,,-16,,,,,,,,,,,,+2(41)
2090,,安阳工学院,光靠干饭就队,董艺琳,李萌涵,宣奥迪,,False,True,1,83,,,,,,,-3,,,,,,,+2(43)
2091,,南阳理工学院,能力越小，责任越小,赵静冉,史嘉琳,郑珊珊,,False,True,1,83,,-24,,,,,-1,,,,,,,+2(43)
2092,,湖南工学院,黑比赛：退钱,邓皓瑄,黄毅增,吴函,,False,True,1,83,,-5,,,,,-9,,,,,,,+2(43)
2093,431,黑龙江科技大学,我推的曼波爆吃0721次罚时，阿米诺斯,王一鸣,胡轩睿,胡临天,,False,True,1,83,,-2,,,,,-7,-2,,,,,,+1(63)
2094,,北京建筑大学,高中喜欢做作业,崔宇晟,卓楷杰,张博轩,,False,True,1,84,,+(84),,-1,,,-1,,,,,,,-2
2095,,莆田学院,双枪一花队,陈宏佳,薛凯升,许佳丽,,False,True,1,86,,-2,,,,,-5,,,,,,,+2(46)
2096,,天津仁爱学院,吊五小队,张艺馨,蔡惠玲,陈琦,,False,True,1,86,,-27,,,,,,,,,,,,+2(46)
2097,,东北大学秦皇岛分校,ollama,孙鑫,张雪军,邱晓竞,,False,True,1,87,,-5,,,,,-3,-1,,,,,,+1(67)
2098,,沈阳化工大学,我们也要AC,刘洪运,张兴旺,陈波,,False,True,1,88,,-5,,,,,-2,,,,,,,+2(48)
2099,,西南科技大学,啊对对,黄洪杰,颜靖焘,彭耀耀,,False,True,1,88,,-11,,,,,,,,,,,,+1(68)
2100,,南京大学,锟斤拷AC,曹佳诺,陈安琪,韩旭莹,,False,True,1,89,,+(89),,,,,,-5,,,,,,-15
2101,,桂林信息科技学院,我卜怕，我能AK测试用例,郑政祺,黄佳佳,陈喆仕,,False,True,1,90,,-3,,,,,-5,,,,,,,+2(50)
2102,432,四川现代职业学院,不是哥们儿，你也没告诉我要打ICPC啊?,何彦儒,王广仁,樊曾胜,,False,True,1,90,,-3,,,,,,,,,,,,+1(70)
2103,433,昭通学院,零剑,王利,何文杰,胡誉行,,False,True,1,90,,-18,,,,,-1,,,,,,,+1(70)
2104,,桂林信息科技学院,写出签到就狂摸学长的头,甘泉,劳秀福,刘自强,,False,True,1,91,,-4,,,,,-4,,,,,,,+2(51)
2105,,郑州升达经贸管理学院,凤鸣,张春博,杨瑞杰,张轩,,False,True,1,91,,-23,,,,,-1,,,,,,,+2(51)
2106,,广东技术师范大学,鸣潮启动！Zero！,苏国俊,徐震睿,梅镇文,,False,True,1,91,,,,,,,-2,,,,,,,+2(51)
2107,,山东石油化工学院,露营甜点喝茶,石煜,黄煜泽,郭义政,,False,True,1,92,,-7,,,,,-3,,,,,,,+2(52)
2108,,乐山师范学院,桃园三结义,蒋家勇,黄朝洲,文婧,,False,True,1,95,,-2,,,,,-2,,,,,,,+1(75)
2109,,南京晓庄学院,开家水果店，这样就可以赊你雪梨,从亚申,彭大冲,李京伦,,False,True,1,96,,,,,,,-4,,,,,,,+2(56)
2110,,东莞理工学院,萌新逐梦队,卢炜弘,匡剑衡,罗企翔,,False,True,1,96,,-12,,,,,-4,-2,,,,,,+1(76)
2111,,沈阳航空航天大学,萌新,丁文韬,黄在辉,李长丰,,False,True,1,100,,+(100),,-4,,,-2,,,,,,,
2112,,潍坊学院,书山压力大,钟广胜,张立瑞,李文海,,False,True,1,102,,-5,,,,,,,,,,,,+3(42)
2113,,嘉应学院,探险小分队,叶雅怡,詹欣烁,周银淑,,False,True,1,103,,-7,,,,,-2,,,,,,,+1(83)
2114,,湖北工业大学,三个虾头难,李怡爽,祝浩,钱俊豪,,False,True,1,105,,-11,,,,,-4,,,,,,,+3(45)
2115,434,贵州工程应用技术学院,黑神话:悟能,倪志军,潘禹群,刘茂林,,False,True,1,105,,-17,,,,,-11,-1,,,,,,+3(45)
2116,,武昌首义学院,你玩不玩原神,周潜,赵昆昆,虞劲龙,,False,True,1,107,,-11,-1,,,,-1,,,,,,,+3(47)
2117,,南京邮电大学,njupt24team014,史迅宇,汤晟,赵晨宇,,False,True,1,108,,-64,,,,,,,,,,,,+1(88)
2118,,吉利学院,吃饭，睡觉，敲代码,游欢欢,郑洁,郑颖,,False,True,1,109,,-4,,,,,-2,,,,,,,+1(89)
2119,,天津仁爱学院,光之晨曦,陈博,崔名扬,侯奕鹏,,False,True,1,110,,-6,,,,,-1,,,,,,,+3(50)
2120,435,上饶师范学院,皮卡丘,梁俊伟,孙晓庆,邹肖源,,False,True,1,110,,-21,,-4,,,-2,,,,,,,+1(90)
2121,,昆明理工大学,风灵月影宗,李若愚,祝董燚,陈俊彦,,False,True,1,111,,-7,,-2,,,,,,,,,,+4(31)
2122,,成都理工大学工程技术学院,深藏blue,刘林,韩俊兰,冯中涵,,False,True,1,111,,-2,,-3,,,-1,-2,,,,,,+2(71)
2123,,湖南工业大学,青春猪头少年不会梦到acm金,陈利明,祁海冰,杜文杰,,False,True,1,114,,,,,,,-6,,,,,,,+3(54)
2124,,中北大学,任天堂就是世界主宰,梁天昊,何玉强,任宇辰,,False,True,1,114,,-6,,,,,-4,,,,,,,+2(74)
2125,436,东北电力大学,Bocchi the Rock！！！,董浩然,曹梦露,顾姚铭,,False,True,1,116,,+(116),,,,,,,,,,,,-14
2126,,北京化工大学,重生之我真的是菜鸟,杨嘉明,张徳煜,许宇,,False,True,1,117,,-11,,,,,-6,,,,,,,+2(77)
2127,,惠州学院,惠大修身队,罗应锋,李广莹,冯浚轩,,False,True,1,119,,-1,,,,,-2,,,,,,,+2(79)
2128,,江汉大学,原神，启动！,陈子杰,李成锦,范朝阳,,False,True,1,124,,-3,,,,,-3,,,,,,,+2(84)
2129,437,共青科技职业学院,交啥都,李铭铭,程俊杰,张磊,,False,True,1,126,,,,,,,-15,,,,,,,+4(46)
2130,,哈尔滨理工大学（荣成）,北部王者崛起,董骐睿,晁鲁,赵兴广,,False,True,1,129,,-6,,,,,-3,,,,,,,+2(89)
2131,,海南大学,顺从,晏子希,陈晖晖,王研佳,,False,True,1,129,,,,,,,,-4,,,,,,+(129)
2132,,邵阳学院,DP好难，BP很强,周鹏,刘帅,付金坪,,False,True,1,134,,-242,-1,-1,-1,-1,-5,-3,-1,-1,-1,-1,-1,+4(54)
2133,,烟台大学,某某某,王守乐,柴守栋,张恩光,,False,True,1,137,,-8,,,,,-7,,,,,,,+3(77)
2134,438,西安工程大学,小熊饼干,杨海涛,陈益洲,周浩,,False,True,1,145,,-5,,,,,-6,,,,,,,+1(125)
2135,,香港科技大学广州,据说队名起的很长就能取得非常优异的成绩,董佳鑫,许畅,刘智仁,,False,True,1,145,,+(145),,,,,-3,,,,,,,-12
2136,439,泰州学院,对对队,吕志国,季冉,孙浩,,False,True,1,149,,-2,,,,,-1,,,,,,,+2(109)
2137,,沈阳化工大学,以上队伍启动原神,徐兴球,张佳昊,高培鸿,,False,True,1,153,,-1,,-1,-1,-1,-3,-1,,,,,,+5(53)
2138,,成都东软学院,蛋黄瑞士卷,郭滨淞,姚子聪,罗朋,,False,True,1,154,,-3,,,,,,,,,,,,+3(94)
2139,,江西财经大学,宝宝车,王翔,吴星乐,肖源,,False,True,1,155,,-3,,,,,-1,,,,,,,+3(95)
2140,,河北工程大学,我都可以,黄晟杰,张鑫龙,王旭洋,,False,True,1,158,,-5,,,,,-3,,,,,,,+4(78)
2141,,东北农业大学,心疼报名费,史东伟,陆延续,戚晏嘉,,False,True,1,160,,-36,,,,,,,,,,,,+4(80)
2142,,贵州工程应用技术学院,三个臭皮匠,陈真玉,陈泽涛,韩炜娴,,False,True,1,162,,-1,,-1,,,-5,,,,,,,+1(142)
2143,,闽南师范大学,菜鸟联盟,吴信烨,陈弘毅,邓鸿鑫,,False,True,1,167,,-1,,,,,-2,,,,,,,+1(147)
2144,,陕西科技大学,小豆泥也想拿奖,王文博,崔宇乐,王可心,,False,True,1,173,,-6,,,,,,,,,,,,+3(113)
2145,,贵州大学,AC大作战,覃思越,宋彩蝶,韩超,,False,True,1,184,,-16,,,,,-5,,,,,,,+5(84)
2146,,华东交通大学,ac了就不会wa,吴辉,彭江涛,潘韦圳,,False,True,1,186,,-6,,-2,,,,,,,,,,+3(126)
2147,440,福州大学至诚学院,样例全过为什么零分,柯嘉炜,张光久,何伟健,,False,True,1,190,,,,,,,-9,,,,,,,+3(130)
2148,,沈阳航空航天大学,队长只是很想穿jk猫耳朵而已,张彦泽,白峻豪,郭家硕,,False,True,1,190,,-6,,,,,-6,,,,,,,+3(130)
2149,441,广州华商学院,盛夏wa到寒冬,陈业勤,陈钧泳,黄文乐,,False,True,1,192,,-7,,,,,-5,,,,,,,+3(132)
2150,,莆田学院,蒙德烤wa配圣水,沈炜程,林兴荣,蔡焕明,,False,True,1,192,,-5,,,,,-2,,,,,,,+3(132)
2151,,南京航空航天大学,最后的胜利,吕海烨,黄启佳,陈杰安,,False,True,1,193,,-7,,,,,,,,,,,,+5(93)
2152,,陕西科技大学,果壳中的守望者,段佳维,赵正浩,张炜旌,,False,True,1,198,,,,,,,-6,,,,,,,+5(98)
2153,,闽南师范大学,题型无定势，越急越没戏,欧松岩,方以濠,谭雪菲,,False,True,1,198,,+(198),,,,,-1,,,,,,,-5
2154,,乐山师范学院,曾曾与他们的王,曾绍武,敬瑞安,曾国强,,False,True,1,200,,,,,,,-3,,,,,,,+3(140)
2155,,惠州学院,暴力的神,吴家淇,王舜炎,李嘉琪,,False,True,1,209,,,,,,,-4,,,,,,,+4(129)
2156,,西华大学,欲验盯帧队,高铭杰,熊力铭,苟李鑫,,False,True,1,210,,-27,,,,,-4,,,,,,,+5(110)
2157,,湖州师范学院,不eggy就404队,瞿宁浠,沈佳欣,彭美青,,False,True,1,210,,-3,,,,,-6,,,,,,,+3(150)
2158,,浙江科技大学,AC Maker,马毅诚,岑嘉熙,童梦娜,,False,True,1,211,,-38,,,,,-5,,,,,,,+4(131)
2159,442,内蒙古师范大学,萌新,阎子墨,段宇航,罗佳齐,,False,True,1,216,,,,,,,-9,,,,,,,+1(196)
2160,,乐山师范学院,不会dp,谭仪,罗山林,黄秋雨,,False,True,1,224,,-23,,,,,-2,,,,,,,+6(104)
2161,,上海应用技术大学,遇到困难就是就是要睡大觉,张茂挺,郑宇,汤鑫宇,,False,True,1,224,,-18,,,,,,-2,,,,,,+1(204)
2162,,贵州大学,码码生的,朱清,袁海洋,张文哲,,False,True,1,228,,,,,,,-2,-2,,,,,,+4(148)
2163,,宁夏大学,碱基互补配队,杜鑫宇,刘城,郭正好,,False,True,1,229,,+1(209),,,,,,,,,,,,-6
2164,,盐城工学院,逐梦之队,张嘉悦,许悦,季书宇,,False,True,1,230,,,,,,,,,,,,,,+1(210)
2165,,肇庆学院,北岭山脊吹风2,胡誉行,朱金禹,张煜辉,,False,True,1,235,,,,,,,-11,,,,,,,+3(175)
2166,,武昌首义学院,总有一两个队,杨帆,谭可可,肖思奇,,False,True,1,236,,-67,,,,,-6,,,,,,,+6(116)
2167,,山东建筑大学,只强,徐嘉晖,冯海强,马执钧,,False,True,1,236,,,,,,,,,,,,,,+5(136)
2168,,湖北大学,知识学爆,马洪建,樊奕飞,胡炜东,,False,True,1,237,,+2(197),,-1,,,-2,,,,,,,
2169,,西藏民族大学,秦汉3,马永新,汪元旦,王昊,,False,True,1,239,,-8,,,,,,,,,,,,+(239)
2170,,泰州学院,bug终结者,陈淑雷,徐静冉,伍奕萱,,False,True,1,245,,,,,,,,,,,,,,+2(205)
2171,,北京电子科技学院,超级编编编,林子沐,雷明烨,林渤程,,False,True,1,246,,+2(206),,,,,-3,,,,,,,-11
2172,,成都锦城学院,广智救我,赵燚,李俊贤,张加瑞,,False,True,1,248,,-19,,,,,,,,,,,,+7(108)
2173,,西藏民族大学,秦汉2,姚明博,李子阳,李术,,False,True,1,252,,-2,,,,,-2,,,,,,,+4(172)
2174,,武汉商学院,码破苍穹,王睿妍,丁圣杰,阚世望,,False,True,1,252,,+3(192),,,,,-4,,,,,,,-3
2175,,太原理工大学,明向故事,柳一郎,郭超逸,彭莹,,False,True,1,256,,-181,,,,,,,,,,,,+7(116)
2176,,贵州民族大学,无言以队,王鹏辉,高伟泽,龙运鹏,,False,True,1,257,,,,-1,,,-1,,,,,,,+3(197)
2177,,长春工业大学,我们做的全队,陈柯嵩,龙成,李依隆,,False,True,1,259,,-4,,,,,,,,,,,,+3(199)
2178,,南京工业大学,艺术代码,蒋文丁,王子豪,胡壬浣,,False,True,1,259,,-15,,,,,-1,,,,,,,+1(239)
2179,,福建理工大学,wa是ac之母,许嘉毅,黄政涛,赖灿灿,,False,True,1,284,,+2(244),,,,,,,,,,,,-10
2180,,成都东软学院,开拓者,辛炳池,余灏,丁泳钞,,False,True,1,287,,+5(187),,,,,,,,,,,,-2
2181,,中国人民大学,菜狗,夏维汉,,,,False,True,1,288,,-8,,-1,,,-3,,-4,,,,,+7(148)
2182,,临沂大学,旋转楼梯,尹智涵,张韬,武媚,,False,True,1,291,,-4,,,,,,,,,,,,+2(251)
2183,,嘉兴大学,玛卡巴卡,陆佳怡,刘晶晶,张艺,,False,True,1,294,,-18,,,,,,,,,,,,+3(234)
2184,,中南林业科技大学,不想白花钱,谢煌,黄凯,彭浩翔,,False,True,1,296,,,,,,,-8,,,,,,,+8(136)
2185,,泰州学院,Algorithm,王博,蔡晓东,陈印涛,,False,True,1,297,,,,,,,-1,,,,,,,+6(177)
2186,,南昌理工学院,2024 南理 5 队,刘洋帆,李懿鑫,刘俊杰,,False,True,1,297,,-6,,,,,-1,,,,,,,+4(217)
2187,,中国科学技术大学,卧龙派对,奚旺,吴翔宇,王智琪,,False,True,1,300,,+3(240),,,,,,,,,,,,-7
2188,,中国科学技术大学,名字不,黄敏煜,孙景涵,王陆豪,,False,True,1,301,,+2(261),,,,,-1,-1,-2,,,,,-1
2189,443,江苏理工学院,炫联轩队,段欣雨,张连,彭梓轩,,False,True,1,308,,+3(248),,,,,-2,,,,,,,
2190,,武汉轻工大学,鹏抟向日,章志鹏,祁飞,袁丹阳,,False,True,1,318,,,,-5,,,,,,,,,,+9(138)
2191,,河北师范大学,孟雨晴,孟雨晴,杨语姿,王莹,,False,True,1,319,,-3,,,,,,,,,,,,+3(259)
2192,,丽水学院,每天上早八,谢继光,鲁珂豪,郭宇熙,,False,True,1,320,,-156,,,-1,,-3,-1,,,,,,+7(180)
2193,,中南民族大学,都很好,吴沛霖,李泉灵,万嘉瑶,,False,True,1,322,,-12,,,,,,,,,,,,+3(262)
2194,,上海大学,天天ac,董晨曦,周达诚,乔思远,,False,True,1,335,,+2(295),,,,,-3,,,,,,,-5
2195,,乐山师范学院,wrong不要紧,汪骐,谭弈灵,谭宇佳,,False,True,1,342,,-3,,,,,-1,,,,,,,+8(182)
2196,,海南大学,暮染烟岚,王宇烁,宋庆宾,魏鑫,,False,True,1,343,,-7,,,,,-2,,,,,,,+5(243)
2197,,上海应用技术大学,晨续源,马小鹏,林翌悠,项家挺,,False,True,1,345,,-4,,,,,-2,-1,,,,,,+4(265)
2198,,曲阜师范大学,夫人，别玩了，快和总裁回家作队,高达,钟煜婷,孙志豪,,False,True,1,355,,-5,,,,,-3,,,,,,,+7(215)
2199,,郑州航空工业管理学院,齐豪,齐豪,史洪庆,李伟鹏,,False,True,1,363,,,,,,,-12,,,,,,,+6(243)
2200,,山东石油化工学院,广智铠甲合体,邵志浩,张优异,胡灿阳,,False,True,1,388,,-13,,,,,,,,,,,,+9(208)
2201,,长春工业大学,高数高手,滕铭宇,孙凯,宋炳宇,,False,True,1,394,,-42,,,,,-4,,,,,,,+9(214)
2202,,广西民族大学,胜利在握,张绪达,邓皓元,石景宝,,False,True,1,409,,-2,,,,,-4,,,,,,,+9(229)
2203,,福州大学至诚学院,福大至诚五队,林咏辉,曾铭龙,朱天浩,,False,True,1,423,,,,,,,-1,,,,,,,+10(223)
2204,,西南大学,样例过了就算对,雷昕语,江嘉杰,邓一,,False,True,1,429,,-4,,,,,-6,,,,,,,+11(209)
2205,,山东大学,新建文件夹,于坤航,周保航,彭浩东,,False,True,1,445,,-5,,,,,,,,,,,,+9(265)
2206,,北方工业大学,起不出队名差点退役队,刘俊玮,李亦轩,马帅宇,,False,True,1,451,,,,,,,-6,,,,,,,+8(291)
2207,,北京师范大学香港浸会大学联合国际学院,算不队,孙浩然,何泓晟,李帆,,False,True,1,554,,-6,,,,,-4,,,,,,,+13(294)
2208,,广州华商学院,皮匠队,罗凯滨,林奕俊,伍宗泉,,False,True,1,579,,,,,,,,,,,,,,+14(299)
2209,,丽水学院,弈淡露临贺胡,吴松泽,王艺霖,黄宇硕,,False,True,1,622,,-44,,,,,-17,,,,,,,+18(262)
2210,,华北电力大学,古河渚爱吃红豆面包战队,韩延浩,李海涛,周建笙,,False,True,1,644,,+17(304),,,,,-8,,,,,,,-9
2211,444,河北软件职业技术学院,(1),刘晨,,,,False,True,0,0,,,,,,,,,,,,,,
2212,445,吕梁学院,111,111,,,,False,True,0,0,,,,,,,,,,,,,,
2213,,烟台大学,111111,于佳怡,,,,False,True,0,0,,,,,,,,,,,,,,
2214,,中国民航大学,2C大队,谢家旺,张珈衔,陈景睿,,False,True,0,0,,,,,,,,,,,,,,
2215,,东华大学,4001.5,陈睿,许孜恒,徐之恒,,False,True,0,0,,,,,,,,,,,,,,
2216,,潍坊学院,7122二队,王瀚卿,王郑杰,李荣玺,,False,True,0,0,,,,,,,,,,,,,,-6
2217,,四川大学,????,郝超群,胡亦宽,王研博,,False,True,0,0,,,,,,,,,,,,,,
2218,,江西农业大学,Night-Walking,陈胤旭,贺佳天,罗光明,,False,True,0,0,,-16,,,,,,,,,,,,-15
2219,446,宣化科技职业学院,TryAc,高思涵,常愉涵,范丁瑞,,False,True,0,0,,-4,,,,,,,,,,,,
2220,,上海海洋大学,WA也是A,周郁涵,吕天佑,王和平,,False,True,0,0,,,,,,,,,,,,,,
2221,,南京理工大学泰州科技学院,amns,陈永恒,,,,False,True,0,0,,,,,,,,,,,,,,
2222,,山西大学,f丨0g,张健东,,,,False,True,0,0,,,,,,,,,,,,,,
2223,,西南大学,sts,程天然,徐晨郝,徐榕康,,False,True,0,0,,,,,,,,,,,,,,
2224,447,南通理工学院,一只半解,陶俊杰,渠琦堉,黄佳怡,,False,True,0,0,,,,,,,-5,,,,,,,-6
2225,,信息工程大学,一声不吭地创飞你,吴诗雨,段一凡,杜征宇,,False,True,0,0,,-4,,,,,-12,-3,,,,,,-16
2226,448,山东科技大学济南校区,一键摆烂,屠晓桐,干璟业,张宸菘,,False,True,0,0,,,,,,,,,,,,,,
2227,,青岛大学,不会就dfs,王粲,唐梦兰,段文举,,False,True,0,0,,,,,,,-1,,,,,,,-6
2228,,湖州师范学院,不会英语,宋梦博,蒋京津,李立金,,False,True,0,0,,-1,,,,,-3,,,,,,,-3
2229,,中国海洋大学,不拿倒一就行,陈柯屹,吴东升,闫皓,,False,True,0,0,,,,,,,,,,,,,,
2230,,成都锦城学院,不知队名,夏勇,伍锐,徐一豪,,False,True,0,0,,,,-3,,,,,,,,,,-2
2231,,青岛科技大学,临时组队,王鑫垚,施伟琦,刘志昊,,False,True,0,0,,-3,,,,,-8,,,,,,,-15
2232,,天津仁爱学院,为了她,李园浩,刘宇豪,熊雨荻,,False,True,0,0,,,,,,,,,,,,,,-4
2233,,长江大学,二佬戏蒟,童炎,任文,纪方嘉,,False,True,0,0,,,,,,,,,,,,,,
2234,,江苏理工学院,从容应队,彭欣妍,徐佳蕾,陈森源,,False,True,0,0,,,,,,,,,,,,,,-5
2235,,香港中文大学（深圳）,仚屳屲冚,张恒,,,,False,True,0,0,,,,,,,,,,,,,,
2236,,华南师范大学,代表月亮AC你,郑佳佳,胡文洁,王越,,False,True,0,0,,,,,,,,,,,,,,
2237,,上海大学,你肯定不队,赵嘉文,,,,False,True,0,0,,,,,,,,,,,,,,
2238,,成都锦城学院,你说的都队！,罗豪,周星同,李志宇,,False,True,0,0,,-2,,-3,,,,,,,,,,-4
2239,,江汉大学,做的都会，蒙的全队,陈龙飞,王宇鑫,陈子一,,False,True,0,0,,,,,,,,,,,,,,
2240,,东北农业大学,先WA后T再RE,罗鸿浩,孙康玲,佟佳树,,False,True,0,0,,,,,,,,,,,,,,
2241,,厦门大学嘉庚学院,全能教培,陈文正,张申庚,吴宇轩,,False,True,0,0,,,,,,,,,,,,,,
2242,,东华大学,单人体验,钱芃予,,,,False,True,0,0,,,,,,,,,,,,,,
2243,449,南京审计大学,南审之光,曾乙腾,陈昱宁,崔旭东,,False,True,0,0,,,,,,,-4,,,,,,,-53
2244,,泰州学院,南波万,吴楚楚,吕卓娴,张潇潇,,False,True,0,0,,,-1,,,,,,,,,,,
2245,,内蒙古师范大学,厚载队,乔嘉馨,范北鑫,马佳乐,,False,True,0,0,,,,,,,-20,,,,,,,
2246,450,湖北师范大学文理学院,原什么启动,苗业丰,金燕燕,夏紫涵,,False,True,0,0,,-2,,,,,,-1,,,,,,
2247,,中南民族大学,参加野宴的路上,肖婧,方心缘,陈乐怡,,False,True,0,0,,,,,,,,,,,,,,-6
2248,,江汉大学,各位，该起床了,吴戬,李少康,刘洋,,False,True,0,0,,-20,,,,,,,,,,,,-10
2249,,长沙学院,名字好难取,唐俊华,杨启凡,刘音杰,,False,True,0,0,,,,,,,,,,,,,,
2250,,哈尔滨理工大学,哈理工2024Y02,石玘玉,宋爽,刘思洋,,False,True,0,0,,-4,,,,,-5,,,,,,,-1
2251,451,西北师范大学,哔站星幻流空在线征婚喵,杨凯,杨森宇,曾祥涛,,False,True,0,0,,,,,,,,,,,,,,
2252,,广州华商学院,啊对对,林嘉锋,陈威扬,曾铖坚,,False,True,0,0,,,,,,,,,,,,,,-6
2253,,海南大学,啊对对对队,赵鸿嘉,裴鑫逞,马舒曼,,False,True,0,0,,,,,,,-4,,,,,,,
2254,,北京建筑大学,啊对对队,吴天宇,袁艺博,甘立发,,False,True,0,0,,,,,,,-1,,,,,,,-23
2255,,成都锦城学院,啊对对队,梁家豪,陈宇轩,任永隆,,False,True,0,0,,,,,,,-2,,,,,,,-2
2256,,沈阳航空航天大学,四级没过,朱海,潘祥威,姜利嘉铭,,False,True,0,0,,,,,,,,,,,,,,
2257,,武昌首义学院,图一乐队,曹子欣,李明辉,冉汉梦,,False,True,0,0,,,,,,,-9,-2,,,,,,-12
2258,,天津仁爱学院,墨白,谢一平,张过,冯乐,,False,True,0,0,,-5,,,,,,,,,,,,-6
2259,,广州华商学院,头脑特工队,林志贵,黄润晴,赵伶静,,False,True,0,0,,,,,,,,,,,,,,-13
2260,,南京信息工程大学,好喜欢小小 wyq,宋欣雨,刘思奇,朱羿翱,,False,True,0,0,,,,,,,,,,,,,,
2261,,成都锦城学院,孩子你无敌了,庄严,邹书浩,刘仪伟,,False,True,0,0,,,,,,,-3,,,,,,,
2262,,华南师范大学,对对,李寿炜,石振山,曾翔,,False,True,0,0,,,,,,,,,,,,,,
2263,,广东理工学院,小兔崽小队,庄金淇,冼智勇,黎翰轩,,False,True,0,0,,,,,,,,,,,,,,
2264,,重庆理工大学,就我们没实力,唐裕博,段林川,于张本,,False,True,0,0,,,,,,,,,,,,,,
2265,452,江西软件职业技术大学,尼卡暴动,钟奕雄,毛凤栋,徐子信,,False,True,0,0,,,,,,,,,,,,,,
2266,,海南大学,底特律:化身小登,武洪熠,项嘉敏,蒋铭远,,False,True,0,0,,-3,,,,,,-3,,,,,,
2267,,同济大学,开发9G,王天一,曹津硕,丁桢垚,,False,True,0,0,,,,,,,,,,,,,,
2268,,泰州学院,当然,卞金烨,叶开,管伟林,,False,True,0,0,,,,,,,,,,,,,,-9
2269,,南通理工学院,必争国奖队,刘宇航,朱倪杰,杨文轩,,False,True,0,0,,,,,,,,,,,,,,
2270,,成都锦城学院,必胜,李文俊,谢春燕,朱家顺,,False,True,0,0,,,,,,,-1,,,,,,,-2
2271,,盐城工学院,快乐星球队,李佩琦,郭淑娴,张欣,,False,True,0,0,,,,,,,,,,,,,,
2272,,海南大学,想你都对,陈业伟,董贝涛,傅一烜,,False,True,0,0,,-3,,,,,-5,,,,,,,-1
2273,,福州大学,想看看你的小烧代码,彭志成,,,,False,True,0,0,,,,,,,,,,,,,,
2274,,江汉大学,我不是粥批,王璐凯,徐行,夏明剑,,False,True,0,0,,,,,,,-2,,,,,,,-9
2275,,安阳工学院,我们好队,郭慧娟,刘池,赵如冰,,False,True,0,0,,,,,,,,,,,,,,
2276,,上海杉达学院,我能在一定程度上称呼的某种称号,黄正午,张辰翎,顾怡韫,,False,True,0,0,,,,,,,,,,,,,,-7
2277,,福州大学至诚学院,打完这场就回家,余非凡,许亦凡,黄炳轩,,False,True,0,0,,-4,,,,,-4,,,,,,,-4
2278,,安徽财经大学,摄金守银拦铜,刘程,夏大唐,杨振宇,,False,True,0,0,,,,,,,,,,,,,,-2
2279,453,东北石油大学,斗魂骇客,刘笑语,,,,False,True,0,0,,,,,,,,,,,,,,
2280,,上海应用技术大学,断翼,徐敖,江子阳,柯向东,,False,True,0,0,,,,,,,-4,,,,,,,
2281,,宁波大学,无敌原神大王,王云楷,王梓扬,黄纤雨,,False,True,0,0,,,,,,,-1,,,,,,,-3
2282,454,深圳职业技术大学,有星,周楠,,,,False,True,0,0,,,,,,,,,,,,,,
2283,,江汉大学,未名山小分队,孙博,任航,梅佳豪,,False,True,0,0,,-2,,,,,,,,,,,,-5
2284,,中国海洋大学,梦之队,刘翼晨,杜文韬,周唯,,False,True,0,0,,,,,,,-2,,,,,,,-5
2285,,甘肃农业大学,气贯长虹队,崔承禹,潘琰,周景潇,,False,True,0,0,,,,,,,,,,,,,,-29
2286,,大连理工大学盘锦校区,氪金,罗艺翔,石皓卓,李彦彤,,False,True,0,0,,,,,,,,,,,,,,
2287,,上海应用技术大学,永劫启动,曹杰,朱子轩,钟伦金,,False,True,0,0,,,,,,,,,,,,,,-1
2288,455,深圳北理莫斯科大学,求求你让我AC吧,周新月,杨可依,林芊彤,,False,True,0,0,,,,,,,-1,,,,,,,
2289,,武汉商学院,求求你让我赢一次吧,钱梅,谢展宏,陈久谱,,False,True,0,0,,,,,,,,,,,,,,
2290,,武汉商学院,汤姆布利柏,何叶,曾诗薇,苏绘芦,,False,True,0,0,,,,-27,,,,,,,,,,-1
2291,,中国民航大学,汪汪队怎么不打 ICPC,许海星,孙艺萁,洪益杭,,False,True,0,0,,-1,,,,,,,,,,,,-34
2292,,天津仁爱学院,海绵小纵队,司晨熙,边佳怡,李卓亚,,False,True,0,0,,-5,,,,,-4,,,,,,,-2
2293,,湖南理工学院南湖学院,海超人与大洋游侠还有派大星,陈宇轩,李镕基,李林,,False,True,0,0,,,,,,,,,,,,,,
2294,,西华师范大学,淡定,冉乙宏,张涵超,谢志锐,,False,True,0,0,,,,,,,,,,,,,,
2295,,深圳北理莫斯科大学,灰烬,朱颢禹,刘阳光,周新月,,False,True,0,0,,,,-3,,,,,,,,,,
2296,,西北师范大学,爱是一条漫长的路,陈小庆,孙承乾,杨凯,,False,True,0,0,,,,,,,,,,,,,,
2297,,东莞理工学院,白毛小萝莉,姚焕增,邓萌海,王恺博,,False,True,0,0,,-2,,,,,-3,,,,,,,-10
2298,,中国海洋大学,真难为我了,杨东旭,马骏飞,梁子毅,,False,True,0,0,,,,,,,,,,,,,,
2299,,南通理工学院,程来一序,高依瑄,朱婷,朱星媛,,False,True,0,0,,-3,-4,,,,,,,,,,,
2300,,暨南大学,空指针,龙宇旸,林天正,李洋,,False,True,0,0,,,,,,,,,,,,,,
2301,,河南工业大学,签到题也不对,赵奎印,曹子鹏,魏晨旭,,False,True,0,0,,-1,,,,,-9,,,,,,,-12
2302,,香港科技大学广州,网络一线牵,姜亭伊,申洲安,彭瑛文,,False,True,0,0,,,,,-2,,,,,,,,,-15
2303,,成都锦城学院,罗岽溢,罗岽溢,李佳俊,李囿达,,False,True,0,0,,-4,,,,,,,,,,,,-4
2304,,香港城市大学（东莞）,罚时100次昏厥会不会穿到提瓦特,冯瑞阳,董浩正,张泽昌,,False,True,0,0,,-2,,-3,,,-1,,,,,,,-1
2305,,北京交通大学,羊羊羊,郭昱哲,夏鹤鸣,斯修远,,False,True,0,0,,,,,,,,,,,,,,
2306,,西安石油大学,能赢吗？会赢的。,马浩宇,闫晓博,黄令群,,False,True,0,0,,-1,,,,,-3,,,,,,,-5
2307,,香港科技大学广州,自动AC机-志锐教育科技,温标林,,,,False,True,0,0,,,,,,,,,,,,,,
2308,,莆田学院,葡萄菜菜子,许城涛,赵佶鑫,李熔豪,,False,True,0,0,,,,,,,,,,,,,,
2309,,香港科技大学广州,虫虫虫,刘奕麟,李嘉琪,赖斯,,False,True,0,0,,,,,,,,,,,,,,
2310,,广西民族大学相思湖学院,被隐匿的AC,李志彬,陈羽,韦云浩,,False,True,0,0,,,,,,,,,,,,,,
2311,,成都东软学院,让我AC吧,黄书恒,于之航,夏子淇,,False,True,0,0,,,,,,,,,,,,,,
2312,,内蒙古师范大学,诺伊曼,刘思宇,王志浩,李佳峻,,False,True,0,0,,,,,,,-26,,,,,,,-5
2313,,郑州航空工业管理学院,败犬队友太多了,张晓宇,申悦祺,任志豪,,False,True,0,0,,-3,,,,,,,,,,,,-6
2314,,安徽理工大学,那咋了,程梦园,,,,False,True,0,0,,,,,,,,,,,,,,
2315,,乐山师范学院,闲踏梧桐,王业鑫,杜金晶,刘易,,False,True,0,0,,,,,,,,,,,,,,
2316,,长春工业大学,队长说这把稳了队,张栩睿,罗宝玲,马静瑶,,False,True,0,0,,,,,,,-1,,,,,,,-12
2317,,香港科技大学广州,阿尔戈,陶文祥,刘秋悦,于明阳,,False,True,0,0,,,,,,,,,,,,,,
2318,456,江西科技学院,面筋队,李庆东,晏旗星,陈曦,,False,True,0,0,,,,,,,-2,,,,,,,-6
2319,,华南师范大学,顺风顺水,郑智炯,杨济华,詹子豪,,False,True,0,0,,-7,,,,,-8,,,,,,,-5
2320,,上海海事大学,飞过去就是3wa,李卓锦,潘飞扬,陆锦云,,False,True,0,0,,,,,,,,,,,,,,
2321,,珠海科技学院,魔法师,李海航,,,,False,True,0,0,,,,,,,,,,,,,,
2322,,成都锦城学院,黄紫红,胡凌茜,李星霖,李敏,,False,True,0,0,,,,,,,-3,,,,,,,-2
2323,,北京建筑大学,黑吗喽,黄益川,龚家宝,孙晨,,False,True,0,0,,,,,,,,,,,,,,
