Rank,School Rank,School,Team Name,Member1,Member2,Member3,Coach,Girl,Official,Solved,Penalty,Medal,A,B,C,D,E,F,G,H,I,J,K,L,M
1,1,北京大学,飞带不长队,方心童,郑钧,蒋承佑,,False,True,11,952,,+(32),+(18),+(69),+(37),,+(169),+(10),+1(147),+(21),+(57),-1,+2(283),+(49)
2,2,浙江大学,乘着西风出发喽,严子轩,张湫阳,朱天煜,,False,True,11,1077,,+(26),+(19),+(76),+(42),,+3(142),+(12),+1(250),+1(63),+(128),+(182),-1,+(37)
3,,北京大学,没队名,张恒毅,翟锦程,李铭乐洋,,False,True,10,777,,+(64),+(13),+1(74),+(39),,+(125),+(10),+(241),+(54),+(106),,-5,+(31)
4,3,复旦大学,使题来袭╭(╯ε╰)╮AC力场全开,陈佳鹏,阚子淳,徐子恩,,False,True,10,788,,+1(30),+(40),+(59),+(42),,+2(186),+(22),+1(166),+(50),+(74),,,+(39)
5,,北京大学,蒟蒻排队,史皓嘉,鲜博宇,袁浩为,,False,True,10,849,,+1(90),+(13),+(72),+1(45),,+2(218),+(19),-3,+1(53),+(68),+(144),,+(27)
6,,复旦大学,所以我们队名叫啥 [思考],曾添琪,李天呈,郑杞珩,,False,True,10,893,,+(43),+(28),+(80),+(23),,+(158),+(9),+1(288),+1(58),+(98),,,+(68)
7,,北京大学,抹茶小蛋糕,孙培轩,章弥炫,陈哲章,,False,True,10,894,,+(50),+(19),+(70),+(14),,+1(202),+(18),+(288),+(37),+1(100),,,+(56)
8,4,清华大学,你们这是什么队啊,唐一文,马梓航,舒熙皓,,False,True,10,1031,,+(52),+(47),+1(84),+(30),,+1(178),+1(27),+2(277),+(68),+(110),,,+(58)
9,5,电子科技大学,UESTC_undefined_WiFi,梁育诚,陈奕可,汪澄,,False,True,10,1055,,+1(80),+1(40),+(95),+(49),,+2(243),+(9),-1,+1(30),+(139),+(193),,+(77)
10,,清华大学,惊觉往事历历已经年,郭米乐,苏明阳,李宁远,,False,True,10,1079,,+(57),+(35),+(96),+(49),-3,+1(157),+(16),+(226),+(63),+4(204),-1,-1,+(76)
11,,清华大学,有标号带花树计数,黄思远,林卓铖,汪直方,,False,True,10,1113,,+1(29),+(42),+1(99),+1(51),,+2(247),+(21),,+1(105),+1(163),+(133),,+(83)
12,,北京大学,你先别急,吴泽岳,孙恒喆,陈凯丰,,False,True,10,1149,,+(84),+(23),+1(76),+1(36),,+2(153),+(8),+3(271),+2(106),+1(118),,-6,+1(54)
13,,清华大学,Escape,任舍予,郭雨豪,郑玄晔,,False,True,10,1184,,+6(98),+(42),+2(119),+(12),-5,+3(197),+(13),,+(50),+(139),+(255),,+(39)
14,,北京大学,为你而来,焦思源,周泽坤,徐恺,,False,True,10,1233,,+2(106),+(22),+1(105),+(21),,+7(267),+(14),+(222),+1(58),+1(116),,,+(62)
15,6,哈尔滨工业大学,CQOI Flames,陈泺嘉,方智鉴,雷钧森,,False,True,10,1241,,+2(86),+(28),+(132),+(42),,-2,+(14),+2(283),+(118),+(103),+1(244),,+(91)
16,,清华大学,零基础新生 1 队,刘海峰,陈诺,徐骁扬,,False,True,10,1267,,+(10),+(18),+3(139),+(21),,+17(240),+(15),+1(167),+(83),+(124),,-9,+(30)
17,7,南方科技大学,南方科技大学七队,姜奕豪,张祺宇,杨博文,,False,True,10,1316,,+(40),+(23),+3(63),+1(54),,+8(294),+(10),+2(269),+(84),+(130),,,+(69)
18,,清华大学,青一色,陈紫阳,胡昊,褚轩宇,,False,True,10,1379,,+2(98),+(105),+1(133),+(41),,+1(71),+(17),+2(282),+(150),+1(174),,,+2(128)
19,,清华大学,雾里看花,李昕然,胡赵阳,黄洛天,,False,True,10,1467,,+(24),+(30),+(161),+(46),,+13(294),+(12),+2(267),+1(60),+4(133),,,+(40)
20,8,香港科技大学广州,因为太怕 WA 就全点大模拟了,王向前,罗浩,储文皓,,False,True,10,1500,,+(59),+1(19),+5(265),+(75),,+2(244),+(7),,+(85),+(133),+(287),,+4(86)
21,,清华大学,家里蹲,史家丞,仲煦北,李静榕,,False,True,9,647,,+1(55),+(30),+1(78),+(37),,-10,+(22),+(144),+1(73),+1(110),,-2,+(18)
22,,复旦大学,倒头就睡,张圣皓,王瑞藻,朱翔宇,,False,True,9,701,,+(46),+(29),+(74),+(27),,-6,+(12),+2(210),+(56),+(164),,,+1(23)
23,9,中山大学,中山大学-打铁旅游,苏律硕,肖淇,吴明禹,,False,True,9,833,,+(23),+(61),+(98),+(91),,+(211),+(26),-4,+(58),+1(199),,,+(46)
24,10,杭州电子科技大学,2025杭电5队,杨钧昊,徐中天,蔡睿诚,,False,True,9,848,,+2(78),+(36),+(118),+(96),,+(191),+(22),,+(75),+(145),,,+1(27)
25,11,香港中文大学（深圳）,Mynoghra,周莫非,王泽诚,陈嘉年,,False,True,9,848,,+1(80),+(18),+(45),+(70),,+1(229),+(6),-1,+1(100),+(152),,,+(88)
26,12,中国科学技术大学,铜铜铜sahur,范宇祺,梁嘉文,孙志浩,,False,True,9,866,,+(40),+(52),+(88),+1(61),,-7,+(12),,+(103),+(146),+(273),,+(71)
27,13,南京大学,我们仍未知道那天所看见的acmer的名字,张瑞珉,朱羽宽,陈子达,,False,True,9,878,,+1(32),+1(20),+1(112),+(48),,+2(252),+(10),,+(56),+1(145),,,+1(63)
28,14,香港中文大學,CUHK1,谢昶豪,姜宣丞,黄进,,False,True,9,879,,+(18),+(29),+(88),+(59),,+4(269),+(21),,+(74),+2(156),,-3,+(45)
29,15,西安交通大学,与蝶共舞 与花同寂,方亦晨,殷嘉鹏,陈儒恒,,False,True,9,910,,+(38),+(40),+(147),+2(135),,-1,+(15),,+1(93),+(68),+(209),,+(105)
30,,清华大学,泰拉大陆打星队,戈卿辉,程誉,华恒逸,,False,True,9,973,,+1(79),+(91),+(124),+(83),,+1(235),+(10),,+(27),+2(198),,,+(46)
31,,复旦大学,三棱镜,戴承皓,杨辰浩,潘梓睿,,False,True,9,973,,+(86),+(34),+2(67),+(75),,+3(267),+(16),,+(58),+(172),,,+(98)
32,,复旦大学,五行缺金,沈子轩,林诗航,张勖扬,,False,True,9,1017,,+(56),+(35),+1(173),+(82),,+1(254),+(25),,+(70),+(184),,,+(98)
33,,清华大学,罚时小队,孙梓皓,李春进,华羽帆,,False,True,9,1018,,+(47),+1(63),+(104),+1(55),,+3(259),+(19),,+(62),+(275),,,+1(14)
34,,复旦大学,奶龙的小七,邹丰羽,姚奕,沈高畅,,False,True,9,1030,,+(47),+(71),+(137),+(24),,+(277),+(10),,+1(88),+4(210),,,+(66)
35,,清华大学,摇奖出力,黄子睿,颜桉,周与锋,,False,True,9,1032,,+3(33),+(37),+1(136),+1(32),,+6(132),+(25),-4,+1(49),+(259),,,+1(69)
36,16,哈尔滨工业大学（深圳）,潜水小怪,孙宇开,羊柯伍,梁彬,,False,True,9,1057,,+(29),+(41),+1(126),+(93),,+6(279),+(11),,+(109),+(153),,,+(76)
37,,中山大学,中山大学-2333er,刘翔乐,高祖伟,高艺桐,,False,True,9,1065,,+(42),+(62),+(122),+2(79),,+2(284),+(16),,+1(103),+(212),,,+1(25)
38,,南京大学,CS-408,黄亮,叶昱圻,刘玉琢,,False,True,9,1073,,+1(39),+(32),+(148),+(51),,+2(263),+(15),,+1(93),+(216),,,+(136)
39,,中山大学,中山大学-破晓之旅,赵肖睿,刘志源,古鸣浩,,False,True,9,1079,,+(63),+(43),+1(118),+2(44),,+3(291),+(15),,+(99),+(198),,,+(88)
40,17,浙江工业大学,25ZJUT1,陈泓睿,冯梓航,陆仙梁,,False,True,9,1089,,+(26),+(62),+(103),+1(45),-2,+3(221),+(17),,+(90),+(280),,,+2(125)
41,,清华大学,HFOI2018,区庆亮,贺睿杰,罗以彬,,False,True,9,1094,,+1(70),+(23),+(113),+(124),,+4(285),+(12),,+(69),+(184),,,+1(94)
42,,清华大学,队仨,宋浩然,张力玺,刘乐天,,False,True,9,1121,,+(59),+(105),+2(92),+(73),,+4(172),+(31),,+(123),+1(180),,,+1(126)
43,18,广东工业大学,打ACM导致的,庞翔,杨子弘,林正,,False,True,9,1137,,+(71),+(30),+(108),+1(50),,+6(228),+1(23),+(293),+(97),,,,+(77)
44,,电子科技大学,UESTC_十斤鸭梨,黄霖,祁泓金,徐辰烨,,False,True,9,1146,,+(37),+(46),+(99),+1(104),,+5(278),+1(23),,+(82),+(149),,,+1(168)
45,19,吉林大学,故障吉奇人,于之航,陈鹏旭,徐梓博,,False,True,9,1151,,+(67),+(25),+(115),+(39),,+16(287),+(14),,+(77),+2(121),,,+(46)
46,,中山大学,中山大学-爱谁打谁打,陈鸿睿,黄淇轩,卓郅杰,,False,True,9,1189,,+(33),+(106),+(133),+(64),,+(241),+(18),,+1(113),+(296),,,+(165)
47,20,武汉大学,秘封俱乐部,李佳隆,熊师飏,潘非,,False,True,9,1195,,+(27),+(54),+(109),+(50),,+10(245),+(31),,+(127),+(245),,,+1(87)
48,,西安交通大学,过往的画面全都是我不队,石皓文,邱宇成,王博想,,False,True,9,1299,,+1(71),+(90),+(173),+1(114),,+5(278),+(19),,+(127),+1(184),,,+(83)
49,21,北京航空航天大学,哟哟,黄伟宁,孙健钧,李澎瑞,,False,True,9,1347,,+(107),+(29),+3(136),+(162),,+(235),+(34),,+(175),+(215),,,+2(154)
50,,哈尔滨工业大学（深圳）,哈气五小时,曹锦程,曹鹏宇,高俊垚,,False,True,9,1355,,+(32),+(38),+2(144),+1(112),,+11(297),+(14),,+(164),+(195),,,+1(59)
51,,北京航空航天大学,极危物种,杭洋,李墨之,邹广健,,False,True,9,1367,,+1(89),+(37),+(172),+(137),,+1(274),+(29),,+(121),+3(281),,,+1(107)
52,22,西北工业大学,wanna be free,龚熙尧,尹新祥,程文楷,,False,True,9,1483,,+(55),+1(94),+1(238),+1(297),,,+(8),,+(134),+1(230),+3(171),,+(116)
53,,中山大学,中山大学-喵喵队想旷工,邱泽敏,曹子键,陈悠然,,False,True,9,1509,,+1(84),+(122),+(50),+2(154),,+11(299),+1(31),,+(111),+1(242),,,+3(36)
54,23,湖南大学,112358,朱名扬,吕乐,张世东,,False,True,9,1584,,+(96),+(51),+(168),+2(109),,+11(295),+2(24),,+(124),+1(261),,,+(136)
55,,中山大学,中山大学-中大25一队,董睿嘉,孔德锐,刘铭仁,,False,True,8,388,,+(56),+(29),+(74),+(27),,,+(14),,+(65),+(87),,-3,+(36)
56,,北京大学,小怪兽训练中心,严思珩,葛致远,翟鹏昊,,False,True,8,466,,+1(32),+(23),+(98),+(63),,-18,+(13),,+(87),+(56),,-10,+(74)
57,,中山大学,中山大学-游客模式,陈景泰,吴永聪,薛炜鹏,,False,True,8,472,,+(18),+(29),+1(122),+(56),,,+(11),-2,+(69),+(103),,,+(44)
58,24,东北大学,东北大学_狐生一梦,谢天石,张佳栋,苏焜,,False,True,8,478,,+(60),+(30),+1(96),+(25),,-2,+(10),,+(66),+(130),,,+(41)
59,,哈尔滨工业大学,哈工大ACM招新美女学姐即将跑路有意者私,丁文涛,张城玮,张彭凯,,False,True,8,589,,+(15),+(25),+(63),+(34),,,+(18),,+3(76),+1(209),,,+(69)
60,25,北京建筑大学,师从王津,朱智睿,张禾,王弘毅,,False,True,8,642,,+1(22),+(36),+(124),+1(69),,-4,+(11),,+(101),+(152),,,+(87)
61,,复旦大学,随机一个字符串得了,胡予衡,文凯杰,苏逸恒,,False,True,8,650,,+1(89),+(70),+1(116),+(43),,-7,+(16),,+(96),+(108),,,+1(52)
62,26,上海交通大学,启明星,杨崇烨,李俊毅,唐星珣,,False,True,8,653,,+1(66),+(29),+(103),+(56),,-7,+(12),,+(92),+(176),,,+1(79)
63,,杭州电子科技大学,2025杭电1队,马文浩,黄光升,何卓锟,,False,True,8,659,,+1(56),+(32),+1(90),+(40),,-6,+(5),,+1(26),+(195),,,+2(115)
64,27,东南大学,薄暮冥冥,杜岩旭,周天一,颜熙,,False,True,8,701,,+1(85),+1(101),+(114),+(41),,,+(26),,+(82),+1(177),,,+(15)
65,28,中国人民大学,人大零队,颜黎,孙奕豪,吴致楷,,False,True,8,706,,+1(54),+(38),+(95),+(137),,-1,+1(30),,+(110),+(130),,,+(72)
66,29,济南大学,花开之夜,肖远志,丁浩宇,程明达,,False,True,8,714,,+(97),+(48),+1(123),+(53),,-13,+(11),,+1(105),+1(162),,,+1(35)
67,,上海交通大学,霞染长空,黄佳瑞,钱智煊,林乐逍,,False,True,8,719,,+1(33),+(76),+(54),+1(110),,-7,+(17),,+(121),+(182),,,+(86)
68,,中山大学,中山大学-Ainbow,张宸睿,张益晟,周睿韬,,False,True,8,720,,+1(75),+(50),+(92),+(43),,+1(250),+(7),,+1(82),,,,+1(41)
69,,上海交通大学,青蘋之末,谭钧豪,江若泓,朱添翼,,False,True,8,740,,+(34),+(49),+(115),+(56),,+1(285),+(13),,+(92),,-1,,+(76)
70,,哈尔滨工业大学,你有一块真正的金牌吗,邱思宇,郭昕旸,杜沛键,,False,True,8,749,,+1(62),+(26),+3(135),+(73),,,+(17),-7,+1(92),+(144),,,+(100)
71,,中山大学,中山大学-无限天堂,邱恺铭,韩冠东,李昊洲,,False,True,8,779,,+1(34),+(46),+(147),+1(53),,-7,+(25),,+(97),+(259),,,+(78)
72,,浙江大学,北极星,王羽立,余承恩,,,False,True,8,782,,+(53),+(20),+3(210),+(42),,,+(9),,+(93),+(222),,,+(73)
73,30,南京航空航天大学,空悲切,胡昊天,赵乐坤,匡显然,,False,True,8,782,,+(59),+(36),+1(130),+(31),,+2(231),+(25),,+(70),-5,,,+2(100)
74,31,四川大学,球状闪电,韩子睿,林宸,李祉橙,,False,True,8,786,,+(52),+(60),+3(138),+1(68),,,+1(30),,+(78),+(167),,-1,+(93)
75,,南方科技大学,南方科技大学六队,王泰翔,殷铭轩,李佳霖,,False,True,8,789,,+(50),+(33),+(154),+(71),,-1,+(17),,+(126),+1(208),,,+(110)
76,,北京航空航天大学,天铸币,龚锦勋,李博琛,徐宏烯,,False,True,8,812,,+2(91),+1(52),+(98),+(56),,,+(12),-1,+(113),+(224),,,+1(86)
77,,清华大学,《我是大赢家》,彭志可,李天宇,曹越,,False,True,8,817,,+1(128),+(29),+1(94),+3(69),,-9,+(6),-4,+(124),+(157),,,+3(50)
78,,浙江大学,十发罚时,徐锐扬,,,,False,True,8,845,,+(20),+(35),+1(142),+2(101),,-8,+(25),-1,+1(206),+(176),,,+(60)
79,,四川大学,超级洋医,熊一鸣,王鹏超,杨轶涵,,False,True,8,857,,+3(102),+2(46),+(115),+(75),,-1,+(13),,+(52),+1(234),,,+(100)
80,,南京大学,呢喃得了mvp,王意诚,荣恒嬉,卢泰烨,,False,True,8,863,,+(35),+(63),+4(174),+(80),,-2,+(18),,+(110),+(170),,,+1(113)
81,32,东北大学秦皇岛分校,三日凌空,肖轲闻,冯阳阳,刘峻畅,,False,True,8,871,,+(34),+(51),+(144),+1(98),,+(225),+1(41),,+(123),,,,+1(95)
82,33,厦门大学,闪光春日影,邹品聪,栾英石,李林泽,,False,True,8,876,,+(60),+(50),+2(35),+1(99),,-2,+2(28),,+(107),+3(200),,,+2(97)
83,,清华大学,B站多于20粉丝,牛宏昊,周子哲,朱珈良,,False,True,8,887,,+(28),+(36),+2(211),+(73),,+2(239),+(18),,+(102),,,,+2(60)
84,34,福州大学,福大1队,陈建涛,程棋晖,陈宇,,False,True,8,893,,+(50),+(85),+(145),+(109),,,+(28),,+(73),+(268),,,+1(115)
85,35,西湖大学,world.execute(me),汪阳,俞开,李品樟,,False,True,8,894,,+1(53),+(43),+1(146),+1(74),,-7,+2(20),,+(88),+(246),,,+1(104)
86,,复旦大学,AAA专业歪榜修正奶龙,李佳骏,吴童,施陈豪,,False,True,8,897,,+2(39),+(99),+(120),+(68),,-9,+(13),,+1(94),+3(266),,-2,+(78)
87,36,北京交通大学,BJTU01,陈可致,杨展宇,李沛桐,,False,True,8,913,,+(44),+(22),+3(194),+(121),,,+(16),,+(164),+(219),,,+(73)
88,,东南大学,三英荟寝室,靳赫涛,杜鑫研,毛周祥,,False,True,8,916,,+1(53),+(73),+(131),+(94),,-1,+1(34),,+(113),+1(262),,,+1(76)
89,37,河南大学,自由发挥,李锦辉,魏文博,尤铭,,False,True,8,926,,+(47),+(62),+(175),+1(116),-4,,+(17),,+(70),+(270),,,+1(129)
90,,中国科学技术大学,中科大少女班代表队,冯正桦,邵晓玮,李俊辰,,False,True,8,929,,+(37),+(74),+2(203),+(142),,+(228),+(9),,+(110),-1,,,+(86)
91,,北京航空航天大学,克克莉丝豆泥咖波的幸福生活,沈培森,华晓飞,孙一弘,,False,True,8,939,,+1(65),+(48),+2(178),+(28),,,+(17),,+(133),+(270),,,+1(120)
92,,中国科学技术大学,故事的下一页,汪晨曦,常铭,殷跃然,,False,True,8,946,,+(25),+(53),+(133),+3(191),,,+(21),,+1(96),+3(241),,,+(46)
93,,中国科学技术大学,无垠,王怡钧,韩尚格,赖浩宸,,False,True,8,955,,+1(91),+(53),+1(131),+1(25),,-4,+(15),,+1(100),+(205),,,+4(175)
94,38,华中科技大学,长夜杯空,万睿朋,邓本永,李鑫,,False,True,8,955,,+1(44),+1(49),+1(134),+(71),,-14,+(12),,+(104),+3(288),,,+2(93)
95,39,北京邮电大学,天绫绫地宁宁,秦维斌,谢楠,徐慕政,,False,True,8,966,,+(44),+(58),+(108),+1(91),,+6(291),+1(20),,+(74),,,,+(120)
96,,清华大学,Running on Test 826,梁宸铭,胡梓康,吴理源,,False,True,8,977,,+1(75),+(50),+3(244),+(23),,,+(16),,+(113),+2(159),,,+1(157)
97,40,山东大学,SDU-ENG,钟以楠,陈方航,刘智豪,,False,True,8,978,,+(51),+(66),+1(161),+1(87),,+(273),+(19),,+(124),,,,+(157)
98,41,南开大学,比起xcpc我更喜欢拿铁（真的指咖啡）,郭军凯,刘沛鑫,廖望,,False,True,8,993,,+(39),+(78),+(161),+1(95),,-6,+1(55),,+(133),+1(256),,,+(116)
99,,上海交通大学,且歌,魏可臻,于恩帝,秦一苇,,False,True,8,995,,+(41),+(53),+1(154),+(112),,+4(270),+(14),,+(126),-1,,,+1(105)
100,,浙江大学,石莓,曾皓威,周圣杰,谭睿,,False,True,8,1005,,+1(166),+(47),+(182),+1(132),,-2,+(20),,+(148),+(209),,,+(61)
101,42,哈尔滨工业大学（威海）,昨日圆车,李欣鹏,焦浩清,廖航,,False,True,8,1007,,+(42),+2(61),+1(152),+(121),,,+(20),,+1(110),+2(260),,,+2(81)
102,,复旦大学,做AC梦,王子铭,张一博,李泽昊,,False,True,8,1023,,+(81),+(33),+2(234),+(38),,,+(14),,+(105),+1(287),,,+2(131)
103,,西安交通大学,齐宣王,姜宇骋,王君睿,陈弘烜,,False,True,8,1032,,+3(71),+(24),+1(108),+1(143),,,+(21),,+(81),+8(266),,,+(58)
104,,北京邮电大学,此队伍名由AI生成,蔡芝林,赵思涵,张鲁豫,,False,True,8,1034,,+3(125),+(35),+(181),+(88),,,+(16),,+(145),+(229),,,+1(135)
105,,山东大学,应用随机过程,苏岳,李玉庭,王源鑫,,False,True,8,1041,,+(72),+(29),+(137),+(102),,-7,+(39),,+(163),+(249),,,+4(170)
106,,中山大学,中山大学-队,吴振熙,万耀文,谭栋泽,,False,True,8,1051,,+(41),+(62),+1(193),+(110),,,+2(33),,+1(130),+(271),,,+1(111)
107,,浙江大学,小蜜蜂,陈子谦,靳鹏举,,,False,True,8,1053,,+2(84),+(49),+(175),+3(146),,,+(21),,+1(123),+1(211),,,+(104)
108,,南方科技大学,南方科技大学二队,易楚曦,陈恺桉,叶翰邦,,False,True,8,1054,,+7(207),+(62),+1(187),+(26),,-4,+(14),,+(76),+(242),,,+1(60)
109,,上海交通大学,空月之歌,朱一铭,周学信,任子杭,,False,True,8,1057,,+(71),+(53),+1(189),+(98),,-1,+(17),,+(155),+(259),,,+1(175)
110,,浙江大学,幻想时刻,朱睿哲,张厚华,,,False,True,8,1064,,+2(49),+(24),+3(237),+(140),,,+(12),,+1(168),+(189),,,+2(85)
111,,南京大学,黑骑士,鲍辰睿,寇裕林,周尹丞,,False,True,8,1067,,+(66),+1(72),+1(177),+(143),,,+(16),,+1(160),+(264),,,+2(69)
112,43,西安电子科技大学,风起鹰翔,陈俊睿,王骏杰,洪龙颖,,False,True,8,1073,,+(93),+(74),+(166),+(261),,,+(25),,+(21),+(291),,,+1(122)
113,44,中南大学,老司机带带我,吴子健,林宇煌,朱芝毅,,False,True,8,1077,,+(96),+(41),+(183),+(130),,,+(19),,+(152),+3(293),,,+1(83)
114,,上海交通大学,华丽收场+,梁航宇,蒋天杭,黄烨威,,False,True,8,1083,,+(83),+(77),+(168),+(107),,,+(34),,+1(139),+6(255),,,+(80)
115,45,重庆邮电大学,蓝桥杯喵之队,李悦,陈楷文,朱易轩,,False,True,8,1102,,+2(47),+(77),+(179),+1(103),,,+1(45),,+(148),+(241),,,+2(142)
116,46,北京理工大学,Penalty这么高它的意思一定是分数吧,柯宁皓,张思哲,黄康,,False,True,8,1103,,+(44),+(82),+3(167),+1(183),,-18,+(62),,+(144),+(248),,,+(93)
117,,中南大学,十四行诗十四行,高显堤,李奕儒,龚垚淼,,False,True,8,1131,,+1(84),+(45),+1(211),+(123),,,+(15),,+1(153),+(299),,,+2(101)
118,,清华大学,进行一个象的抽,王锦博,张睿阳,张怀沙,,False,True,8,1140,,+1(42),+(64),+2(212),+2(109),,,+1(24),,+1(127),+(282),,,+2(100)
119,,西湖大学,开个爆裂黎明就过了,严密,楼鑫浩,王宇涵,,False,True,8,1150,,+(60),+(105),+(207),+(133),,-1,+(20),,+(155),+1(263),,,+(187)
120,,浙江大学,透明哀歌,周俊康,潘永健,,,False,True,8,1151,,+1(70),+(29),+1(204),+3(171),,-1,+(16),-1,+(103),+(240),,,+3(158)
121,,南京大学,平流层,潘谟天,陈梓睿,陆华均,,False,True,8,1154,,+1(62),+(18),+2(220),+(86),,+6(295),+(14),,+(139),,,,+1(120)
122,,重庆邮电大学,罪人舞步旋,舒显航,黄宇哲,向炳权,,False,True,8,1158,,+1(106),+(41),+(199),+1(164),,-2,+1(23),,+(148),+(283),-1,-1,+1(114)
123,,中国科学技术大学,6,王歆喆,许傲施,蔡敦行,,False,True,8,1159,,+(34),+(101),+2(212),+1(124),,-2,+(48),,+(145),+(266),,,+1(149)
124,,华中科技大学,昔之软糯者，已然逝去,严原一,赖明恺,盖政华,,False,True,8,1161,,+1(59),+2(157),+(186),+(119),,,+(33),,+(132),+1(206),,,+2(149)
125,,电子科技大学,UESTC_Null_Pointer_Titans,胡新奇,蒋帅泉,李书奇,,False,True,8,1166,,+(90),+(48),+2(148),+2(206),,+(254),+(14),,+1(178),,,,+(128)
126,47,湘潭大学,湘大一队,谢东骏,李名杰,谢先皓,,False,True,8,1169,,+1(95),+2(55),+2(228),+(128),,,+(14),,+(137),+(272),,,+2(100)
127,,南京大学,随家仓,李承泽,樊书岩,邓淇,,False,True,8,1208,,+1(61),+(54),+1(225),+(198),,-1,+(13),,+(129),+5(296),,,+(92)
128,,中山大学,中山大学-梦呓潮落,何宇扬,覃锐麟,杨立伟,,False,True,8,1217,,+1(57),+3(30),+(217),+(106),,,+(50),,+(131),+(242),,,+6(184)
129,48,重庆大学,三模哈希米,胡远卓,杨展途,周骁坤,,False,True,8,1220,,+1(91),+(37),+1(253),+2(115),,-7,+(14),,+(175),+2(237),,,+1(158)
130,,复旦大学,心雨无声,袁子彦,高山青,包一凡,,False,True,8,1244,,+3(59),+(115),+1(213),+(135),,,+(17),,+(155),+(284),,,+(186)
131,,西北工业大学,D.D.D.,严诚治,吴语,武守恒,,False,True,8,1282,,+(56),+(23),+3(248),+1(148),,,+(13),,+(182),+1(270),,,+5(142)
132,,广东工业大学,加睡,梁若飞,梁伟,倪润东,,False,True,8,1307,,+2(85),+1(87),+5(192),+1(61),,,+3(40),,+(134),+3(294),,,+(114)
133,,中国科学技术大学,冯诺曼波,陈鑫,梁家瑞,黄嘉玮,,False,True,8,1321,,+1(172),+(148),+1(126),+(62),,,+(24),,+1(203),+(294),,,+(232)
134,,中国人民大学,字节无虞,陈礼邦,钱泽瑄,刘嘉俊,,False,True,8,1396,,+1(92),+(175),+(273),+(111),,,+(25),,+2(183),+2(281),,,+(156)
135,,武汉大学,ACM也有小巧思吗,李泽基,袁仁远,袁磊,,False,True,8,1508,,+5(157),+(43),+1(200),+1(98),,+9(285),+(19),,+1(128),,,,+1(218)
136,,西安电子科技大学,咖啡馆的贴贴物语,邹文定,王翼天,洪健力,,False,True,8,1862,,+3(47),+(58),+4(151),+(82),,+34(288),+(23),,+(108),,,,+5(185)
137,,浙江大学,快整点大英五,林滨,李沐阳,,,False,True,7,498,,+(41),+(24),+(113),+(79),,-2,+(14),,+1(96),,,,+2(71)
138,49,上海纽约大学,小男娘,陈智谦,励安远,戴麟懿,,False,True,7,505,,+(43),+(28),+(133),+(119),,,+(18),,+(59),,,,+1(85)
139,,电子科技大学,UESTC_雪色光晕,吕书武,陈治臻,李毅远,,False,True,7,513,,+1(48),+(42),+1(130),+(61),,-48,+(18),,+(97),,,,+(77)
140,50,华东理工大学,回响形态,傅正航,朱晨煊,,,False,True,7,538,,+1(96),+(29),+(149),+1(110),,-5,+(17),,+(63),,,,+(34)
141,,哈尔滨工业大学,北风与秋水,朱峰,谢书泱,王羽婷,,False,True,7,586,,+2(43),+(24),+1(159),+(101),,-7,+(16),,+(94),,,,+1(69)
142,,香港科技大学广州,#define long long long,张晋杰,郑凯文,叶秉宪,,False,True,7,589,,+(70),+(46),+(37),+(143),,,+(15),,+(86),,-2,,+2(152)
143,,华中科技大学,糖果酱,赵亮亮,李嘉明,丁易然,,False,True,7,602,,+(33),+(30),+(155),+(195),,-6,+(11),,+(52),,,,+1(106)
144,51,华南理工大学,三蓝两题，铁定晋级,马成均,欧天毅,邵弈,,False,True,7,605,,+(63),+(26),+1(186),+(79),,-6,+(14),,+(101),,,,+(116)
145,52,同济大学,于‎离别之朝束起约定之花,高胜寒,靳嘉成,刘诗奇,,False,True,7,606,,+1(77),+(60),+1(177),+1(99),,,+(10),,+(91),,,,+(32)
146,,华中科技大学,零,刘星佳,黄暄骜,刘铖,,False,True,7,607,,+1(27),+(50),+(157),+(138),,-5,+(14),,+(106),,,,+1(75)
147,,西安交通大学,天狼星的心脏,洪家庆,刘一可,许孜诚,,False,True,7,626,,+1(49),+(24),+2(188),+1(66),,-6,+(5),,+(130),,,,+(84)
148,,东北大学,东北大学_实在不行输出随机数吧,王百汇,施博文,董新畅,,False,True,7,631,,+1(33),+(66),+(172),+(131),,,+(20),,+(142),,,,+(47)
149,,南京大学,RE的怪物正从窗边看着,金昕炜,李睿星,陈新,,False,True,7,644,,+3(86),+(95),-1,+(75),,-4,+(11),,+(123),+(138),,,+1(36)
150,,华南理工大学,袁宇阳粉丝团,吕浩天,梁立州,徐睿,,False,True,7,647,,+(29),+(37),+4(265),+(66),,,+(11),,+1(58),-1,,,+(81)
151,53,浙江理工大学,彰耗堡堡代我妃,姚仁杰,任麒源,卢一鸣,,False,True,7,664,,+(63),+(25),+4(177),+1(68),,-6,+(14),,+(115),,,,+(102)
152,,哈尔滨工业大学（威海）,为帅比毕业老学长征婚QQ名“莱芜贝克汉姆”,龙禺辰,吴昊亮,李义朋,,False,True,7,667,,+(49),+(83),+4(150),+1(55),,-10,+(14),,+(92),,,,+(124)
153,,华南理工大学,散养走地鸡,张麟,王奕凯,陈祖榆,,False,True,7,678,,+(63),+(32),+(196),+(92),,-1,+(22),,+1(107),,,,+(146)
154,54,上海大学,树上猫猫头,房辰燏,松浩然,耿鹏成,,False,True,7,679,,+(30),+(28),+2(270),+1(85),,-2,+(18),,+(68),,,,+1(100)
155,,北京航空航天大学,口嗨战神,董和军,蒋槟阳,王大禹,,False,True,7,681,,+1(55),+(35),+1(145),,,,+(15),,+(101),+(220),,,+(70)
156,,清华大学,皮卡丘快想啊,吴佰霆,胡夏玮,石昕潼,,False,True,7,683,,+(82),+(54),+(105),+3(190),,-2,+(16),,+(43),,,,+1(113)
157,,南京大学,点银成金,熊俊淇,陈哲敏,李方泽,,False,True,7,685,,+(27),+(58),+(239),+(79),,-9,+(31),,+(146),,,,+(105)
158,55,浙江师范大学,我是猫娘,潘锦桦,曹钰超,俞天琦,,False,True,7,686,,+(33),+(53),+(198),+(101),,,+(10),,+(154),,,,+(137)
159,56,中国石油大学（华东）,UPC1953,刘亚宁,杨立鑫,王亚飞,,False,True,7,690,,+(123),+(50),+(130),+(148),,-10,+(24),,+(113),,,,+(102)
160,,浙江工业大学,25ZJUT2,周泳良,闵士轩,周睿,,False,True,7,691,,+(30),+(106),+1(175),+1(81),,-4,+(22),,+(128),,,,+1(89)
161,,中国人民大学,1+1,晏艺桓,房子珈,江易洋,,False,True,7,706,,+2(50),+(47),-1,+(22),,,+(28),,+(83),+(160),,,+7(136)
162,,武汉大学,西柚柠檬气泡水,陶赞宇,徐嘉浩,金润禾,,False,True,7,711,,+2(62),+(51),+(171),+(78),-1,-9,+1(45),-1,+(112),-1,-1,-1,+(132)
163,,北京邮电大学,Synthesis,吴显熠,李天阳,詹笙平,,False,True,7,719,,+2(93),+(22),+(204),+(82),,-3,+(11),,+(149),,,,+(118)
164,57,上海理工大学,妈妈,董柯演,章振杰,张皓宇,,False,True,7,725,,+(26),+1(43),+(134),+2(106),,-15,+(10),,+(99),,,,+2(207)
165,58,南京理工大学,你怎么知道我在四级考试得了433分,陈静波,刘懿臻,彭锐政,,False,True,7,731,,+3(22),+1(28),+(223),+(46),,-2,+(22),,+1(80),,,,+4(130)
166,59,长沙理工大学,流萤,陈师贤,赵翰熙,沈彬宇,,False,True,7,734,,+(64),+(40),+2(175),+(140),,-5,+(16),,+1(151),,,,+1(68)
167,60,深圳大学,关注Akie秋绘谢谢喵～,王荟斐,梁展宇,邹瀚泓,,False,True,7,736,,+(26),+(54),+(215),+1(124),,,+(21),,+(120),,,,+(156)
168,,浙江师范大学,姜还是老的辣知道不,刘思源,童培峻,许凯胤,,False,True,7,737,,+3(42),+(40),+1(154),+1(114),,,+(9),,+(132),-1,,,+2(106)
169,,西安交通大学,六兆年零一夜的 ACM,薛楠恺,李子涵,黄万平,,False,True,7,739,,+(39),+(108),+2(166),+(139),,,+(14),,+1(98),,,,+1(95)
170,61,江苏大学,我讨厌你,张道正,薛志康,庞政,,False,True,7,743,,+2(27),+(42),+2(195),+1(78),,-7,+(26),,+(135),,,,+1(120)
171,,福州大学,福大2队,邱镇海,王志浩,叶志杰,,False,True,7,743,,+(71),+(44),+(199),+(161),,-9,+(30),,+(120),,,,+2(78)
172,62,大连理工大学,dlut01,徐昊天,毛谦韵,李泽与,,False,True,7,750,,+(48),+(62),+(231),+(168),,,+(34),,+(86),,,,+(121)
173,,中南大学,你抚琵琶奏琴弦,文启智,刘鸣晓,叶楷,,False,True,7,754,,+1(66),+(61),+1(182),+(75),,,+(17),,+(147),,,,+2(126)
174,,电子科技大学,UESTC_3Fairies,徐俊杰,潘君,张鑫,,False,True,7,754,,+(28),+(36),+1(129),+(258),,,+(31),,+(59),,,,+(193)
175,,吉林大学,久世浮倾,孔泉智,邱天,赵星宇,,False,True,7,762,,+(49),+(73),+1(189),+(101),,,+(22),,+(122),,,,+2(146)
176,,吉林大学,未来纵澜,刘昱,王宗凡,张力文,,False,True,7,763,,+1(41),+(69),+(188),+2(93),,-2,+(16),,+(117),,,,+1(159)
177,63,华东师范大学,mex｛fe，cu，ag｝,刘俊毅,王江扬,严之皓,,False,True,7,767,,+(59),+(64),+2(171),+(91),,-1,+(19),,+1(109),,,,+1(174)
178,64,台州学院,三乌鲁鲁赌铜牌,韩松霖,陈逸轩,戴于皓,,False,True,7,777,,+(69),+(43),+1(189),+(98),,,+(20),,+(172),,,,+1(146)
179,,西安电子科技大学,什么都不会也能参加ACM吗,汤修齐,吴晨,潘振,,False,True,7,786,,+(68),+(70),+2(237),+(99),,,+(22),,+(118),,,,+(132)
180,65,中国地质大学（北京）,我要玩丝之歌,许兴城,牛鸿宇,叶宇翔,,False,True,7,790,,+1(31),+(54),+(201),+(132),,-25,+(23),,+(171),,,,+(158)
181,,华中科技大学,再过一题,邱卓珩,王凯俊,孙航雨,,False,True,7,800,,+(46),+(66),+(233),+(78),,,+(13),,+2(167),,,,+(157)
182,66,华南农业大学,那一天的鬼火再响起来,谢易居,梁嘉俊,袁熙,,False,True,7,801,,+1(40),+(54),+(179),+(110),,-6,+(31),,+2(137),,,,+3(130)
183,67,南京邮电大学,njupt25team005,王瑞阳,廖梓轩,陈华柯焱,,False,True,7,807,,+1(52),+(66),+(210),+(131),,,+(19),,+(128),,,,+1(161)
184,,华南理工大学,喵喵队立大功,陈浩宇,陈照睿,姚嘉晟,,False,True,7,811,,+(109),+(60),+1(216),+(174),,-5,+(21),,+(122),,,,+1(69)
185,68,哈尔滨工程大学,备用账号0721,蒋渡,金炜东,孙张畅,,False,True,7,813,,+1(40),+(81),+1(220),+1(114),-1,,+(14),,+(126),-1,-1,-1,+(158)
186,69,山东科技大学,柏林号,岳立冬,张一炜,徐熙睿,,False,True,7,814,,+1(53),+(126),+(186),+(71),,,+(46),,+3(145),,,,+(107)
187,,四川大学,算法捕猎队,黄雨阳,付乙淼,陈启越,,False,True,7,822,,+(38),+1(95),+1(161),+1(176),,,+(36),,+(85),,,,+2(131)
188,,杭州电子科技大学,2025杭电7队,高书捷,王磊,祁梵森,,False,True,7,823,,+(50),+(83),+2(237),+3(140),,-6,+(14),,+(131),,,,+(68)
189,,中国石油大学（华东）,UPC1969,刘志恒,黄阔,钱智昊,,False,True,7,824,,+(80),+(69),+(199),+(107),,-1,+(29),,+1(145),,,,+1(155)
190,70,湖南师范大学,师大玖队,段天琦,钟啸,曾磊鑫,,False,True,7,827,,+2(100),+(48),+1(193),+1(92),,-4,+(32),,+1(134),,,,+(128)
191,,哈尔滨工业大学（深圳）,溢出,李俊铖,李有维,谢明啸,,False,True,7,827,,+2(52),+(55),+1(194),+(134),,,+2(34),,+1(151),,,,+(87)
192,,同济大学,云开自天明,姜乃珲,杜宇轩,李烨,,False,True,7,827,,+1(65),+1(50),+2(245),+(94),,,+(16),,+(150),,,,+(127)
193,,北京邮电大学,太空漫游999ms,马云霄,侯尔为,刘奕安,,False,True,7,831,,+(41),+(95),+(230),+1(219),,,+(30),,+(111),-1,,,+(85)
194,71,河南师范大学,起个简单点的吧,荆文超,骆怡娉,许恩铎,,False,True,7,833,,+(82),+(38),+(212),+1(115),,,+(18),,+(144),,,,+1(184)
195,,吉林大学,一发猜对,拱垲,张健哲,袁英麒,,False,True,7,837,,+(87),+(57),+3(184),+2(136),,-1,+(13),,+(132),,,,+1(108)
196,,南方科技大学,南方科技大学三队,曾沛宸,张业琛,光熠阳,,False,True,7,837,,+(50),+(53),+(202),+(125),,,+(17),,+(169),,,,+2(181)
197,,西湖大学,志千帆,周扬帆,钱欣宇,王志升,,False,True,7,841,,+1(119),+(69),+(214),+(55),,-1,+(20),,+(160),,,,+2(144)
198,,北京邮电大学,我太想进步了,蔡佩霖,黄志阳,徐嘉晨,,False,True,7,846,,+(67),+(120),+(227),+1(159),,,+(35),,+2(68),,,,+(110)
199,72,东华大学,不可视境界线,杨韵清,沈兴波,金浩帆,,False,True,7,848,,+(101),+(63),+1(235),+(77),,,+(15),,+(120),,,,+1(197)
200,73,浙江农林大学,天河圣芒斩,任益超,朱冠霖,陈柳,,False,True,7,852,,+2(59),+(28),+(222),+2(94),,-2,+(13),,+(128),,,,+2(188)
201,74,上海科技大学,羽生萌萌香鱼子酱一个好名字可以让人记住你唉，唉唉,李承熙,黄扬铭,陶孜铖,,False,True,7,857,,+1(99),+(145),+(187),+1(59),,-11,+(16),,+1(160),-2,,,+(131)
202,,南京大学,拂晓之刃,张罗亮,钟佳伦,黄哲轩,,False,True,7,858,,+3(133),+(71),+1(172),+1(139),,,+1(19),,+(149),,,,+(55)
203,,华中科技大学,哈斯特坐牢领域大神,杨逸轩,潘裕洲,武琪峻,,False,True,7,858,,+(42),+(44),+(185),+2(216),,,+(35),,+(149),-5,,,+1(127)
204,,中山大学,中山大学-寂静呼唤,杨志宸,郭翊涛,陈政宇,,False,True,7,859,,+(23),+(50),+(229),+(202),,-8,+(31),,+1(138),,,,+3(106)
205,,厦门大学,请输入文本,陈浩泽,郑榜韬,谢舜天,,False,True,7,867,,+1(97),+(50),+2(102),+(190),,,+(17),,+1(163),-6,,,+2(128)
206,,厦门大学,随机增量,杨晟明,戴思杰,季裕杰,,False,True,7,871,,+1(45),+(57),+1(173),+1(162),,,+(7),,+2(209),,,,+(118)
207,75,绍兴理工学院,因为怕看不懂题就全点翻译了,陈佳俊,马莉斯,谢琳涵,,False,True,7,879,,+4(82),+(105),+(170),+(192),,,+(20),,+(127),,,,+(103)
208,,东南大学,西西弗斯,刘一鸣,何辰玮,王俊迪,,False,True,7,883,,+1(74),+(62),+1(180),+2(122),,,+(30),,+(107),-4,,,+3(168)
209,76,中国石油大学（北京）,自定义名称1,仝泰旻,姜致远,林昱辰,,False,True,7,885,,+(102),+(37),+(216),+(132),,,+(23),,+1(151),,,,+2(164)
210,,南京大学,该名称已被占用,罗荣鑫,汪文韬,卢林强,,False,True,7,886,,+2(86),+(50),+2(239),+(117),,,+(24),,+(132),,,,+(158)
211,,山东大学,电话微波炉（暂定）,詹靖杰,宿子腾,董家豪,,False,True,7,887,,+2(86),+(92),+(173),+2(158),,,+1(24),,+(132),,,,+(122)
212,,电子科技大学,UESTC_BYR,张诗杨,幸子豪,郑祯宇,,False,True,7,889,,+1(56),+(58),+(243),+(105),,,+(22),,+1(143),,,,+(222)
213,,南京大学,无名队,林晨浩,计昀,蒋雨泽,,False,True,7,894,,+(62),+(24),+(196),+(251),,,+(15),,+1(113),,,,+2(173)
214,77,华南师范大学,古嘉诚,袁浩轩,黄家谦,侯俊宇,,False,True,7,898,,+(48),+(56),+(213),+1(166),,,+(17),,+(186),,,,+4(112)
215,,北京航空航天大学,双星很难吗？我rks12.66,刘睿知,陈文卓,金厚泽,,False,True,7,900,,+1(61),+(46),+1(185),+1(238),,-18,+(15),,+(158),,,,+1(117)
216,,南方科技大学,南方科技大学五队,侯宇轩,李钰曦,娄午尘,,False,True,7,905,,+3(95),+1(53),+(199),+1(180),,,+(26),,+1(120),,,,+1(92)
217,78,兰州大学,迷途之子!!!,吕澎,吴晨阳,张恩彬,,False,True,7,913,,+2(92),+(49),+(245),+2(186),,-9,+(14),,+(79),-4,,,+1(148)
218,,哈尔滨工业大学（深圳）,会赢吗？,秦绍竣,任德阳,王一鸣,,False,True,7,914,,+(57),+(77),+3(215),+(153),,,+1(17),,+(110),,,,+2(165)
219,,华南理工大学,Fast Fast TLE,吴挺宇,甘景贤,吴尚鸿,,False,True,7,918,,+(73),+(52),+1(232),+(150),,,+1(33),,+(114),,,,+1(204)
220,79,北京化工大学,北极熊,彭天祺,陈昊然,熊家怡,,False,True,7,921,,+(23),+(59),+(241),+2(106),,,+(20),,+(183),,,,+3(189)
221,80,重庆工程学院,重工一队,张翔,胡鑫昊,,,False,True,7,921,,+(35),+(70),+4(286),+(93),,,+(26),,+(131),,,,+1(180)
222,81,成都信息工程大学,冰冷帝企鹅,刘雨葳,秦朝超,林莫豪,,False,True,7,923,,+2(62),+(43),+(208),+(150),,,+(21),,+(98),,,,+3(241)
223,,华南理工大学,失落之城,王雅恒,叶文煜,黄烁韩,,False,True,7,926,,+(38),+(27),+4(279),+2(165),,,+(8),,+1(59),,,,+4(130)
224,,同济大学,菜的 Fe 弃子队,宋冠程,付伟吉,杨欣然,,False,True,7,932,,+2(68),+(117),+(230),+(180),,,+(20),,+(158),,,,+1(99)
225,,杭州电子科技大学,2025杭电8队,陈旭,罗立诚,陈瀚锐,,False,True,7,935,,+(73),+(84),+(218),+2(159),,-4,+(19),,+(174),,,,+2(128)
226,,北京理工大学,木叶三忍,陈家辉,邵子鸣,王煜皓,,False,True,7,939,,+1(23),+(58),+3(258),+(140),,-6,+(20),,+(165),,,,+3(135)
227,,南开大学,难开题开题难,陈彦兴,何闻硕,张宇墨,,False,True,7,942,,+(36),+(147),+2(190),+(96),,,+(76),,+4(188),,,,+1(69)
228,,电子科技大学,UESTC_等下掉线一会,赵锐枫,王东威,蔡锦哲,,False,True,7,945,,+(50),+1(60),+3(249),+(103),,,+(15),,+(105),,,,+5(183)
229,,香港科技大学广州,我坐戏子楼台前,郭沣,宋锦儒,赖宣宇,,False,True,7,952,,+(66),+(88),-2,+(153),,,+1(73),,+1(137),+(275),,,+2(80)
230,,西安电子科技大学,无色透明,杨润彬,李聿垲,卢宇欣,,False,True,7,956,,+(63),+(79),+(227),+(61),,,+(13),,+(118),,,,+7(255)
231,82,暨南大学,没测样例就交,刘昌源,王宇涛,杨希桐,,False,True,7,958,,+1(72),+(66),+4(266),+2(120),-1,-2,+(17),-1,+(135),-1,-1,-1,+1(122)
232,,中国人民大学,深睡眠,施涵森,段宇哲,张梓桐,,False,True,7,958,,+1(70),+(30),+6(282),+1(134),,,+(8),,+(98),-1,,,+3(116)
233,,西安交通大学,今日澄,刘欣楠,杨一帆,杨润轩,,False,True,7,960,,+4(69),+1(74),+2(212),+1(126),,,+(18),,+1(152),,,,+1(109)
234,,武汉大学,很弱的低手,罗汇翔,蔡骐羽,张心悦,,False,True,7,963,,+1(59),+(52),+3(289),+(117),,-1,+(15),,+1(167),,,,+(164)
235,,香港科技大学广州,仲夏夜之金梦,钟嘉宸,吴星智,王语诺,,False,True,7,964,,+(81),+(38),+2(123),+1(137),,-5,+(16),,+(152),,,,+5(257)
236,83,大连海事大学,躺平？加盐喵,王金洋,张文豪,何文韬,,False,True,7,972,,+1(109),+(88),+(229),+(172),-1,-3,+(42),-1,+(170),-1,-1,-1,+(142)
237,,杭州电子科技大学,2025杭电6队,伍耀文,姜浥尘,王泽,,False,True,7,973,,+1(39),+(86),+1(207),+1(274),,-1,+1(42),,+(128),,,,+2(77)
238,,北京理工大学,英文队名,王翔宇,谭意青,戴睿,,False,True,7,974,,+1(87),+(43),+2(257),+(177),,,+(22),,+(154),,,,+2(134)
239,,武汉大学,队名长度小于0,苏泓宇,胡文锦,李王城,,False,True,7,978,,+1(49),+1(89),+2(263),+(115),,,+(33),,+1(135),,,,+1(174)
240,,中国科学技术大学,大吃大喝大队,丁许同,杜明珉,李存淳,,False,True,7,979,,+1(39),+(52),+2(246),+1(106),,,+(22),,+1(191),,,,+3(163)
241,,华南理工大学,天降之物,何嘉骅,陆韦陶,黄嘉坤,,False,True,7,985,,+2(44),+(61),+1(248),+3(232),,-4,+(20),,+(86),,,,+1(154)
242,,中国科学技术大学,摸鱼之魂终将归来,温家睿,林度,陈凌峰,,False,True,7,986,,+(92),+1(101),+(240),+(140),,-1,+(12),,+(192),,,,+1(169)
243,,南京航空航天大学,hum,吕海亮,黄子源,胡弘泰,,False,True,7,988,,+(51),+(67),+1(278),+(159),,,+(16),,+(177),,,,+(220)
244,,南京邮电大学,njupt25team001,胡乐安,崔晨曦,展翼,,False,True,7,997,,+2(61),+(38),+2(196),+2(228),,,+(24),,+(105),,,,+3(165)
245,,上海交通大学,蛹,徐君翊,蒋宇涵,张铭轩,,False,True,7,1005,,+3(56),+(80),+6(281),+2(163),,,+(9),,+(122),,,,+(74)
246,84,西北大学,忆月葬雪,安俊杰,顾舜天,蒋宏烨,,False,True,7,1010,,+1(70),+(28),+2(270),+(121),,,+(20),,+(178),,,,+1(243)
247,,东南大学,骆驼骆驼飞走了,周启凡,顾凌晗,魏子何,,False,True,7,1010,,+(34),+(57),+5(273),+(147),,,+(18),,+(98),-1,,,+3(223)
248,85,湖南科技大学,湖南科大一队,胡博潇,毛祎昀,蒋心妍,,False,True,7,1010,,+1(80),+(32),+1(279),+(139),,,+(21),,+(161),,,,+2(218)
249,,中山大学,中山大学-345,蔡震轩,钟梓俊,江雨桐,,False,True,7,1016,,+2(110),+(187),+(206),+(72),,,+(13),,+(173),,,,+3(155)
250,86,中国矿业大学,抽奖,龚子贤,黄科海,梁浩均,,False,True,7,1017,,+1(49),+(50),+3(233),+4(275),,,+(26),,+(115),,,,+1(89)
251,87,武汉纺织大学,2007,费文伟,刘洋,孔浩杰,,False,True,7,1019,,+2(58),+3(74),+1(195),+3(227),,-2,+(14),,+(147),,,,+1(104)
252,88,湖南城市学院,灰姑娘的故事,王钦荣,张文杰,周忠武,,False,True,7,1021,,+(54),+(56),+1(230),+1(263),,,+(17),,+(182),,,,+2(139)
253,,南京邮电大学,njupt25team002,王普立,赵聿祺,田晓亮,,False,True,7,1023,,+1(47),+(40),+4(252),+2(242),,-12,+(9),,+(96),,,,+4(117)
254,89,苏州大学,RE 手动机,刘昕宇,陈顾漪,沈杨卓凡,,False,True,7,1023,,+1(55),+(75),+(257),+1(142),,,+2(19),,+(188),,,,+(207)
255,,浙江大学,吃你家大米,李俊睿,盛宝宝,张驰,,False,True,7,1023,,+(88),+(32),+2(295),+(59),,,+(25),,+(166),,,,+5(218)
256,,南开大学,唯独可以做到的就是线段树,金继烨,赵思远,郭鑫源,,False,True,7,1024,,+2(104),+(59),+1(252),+2(190),,,+(12),,+1(191),,,,+(96)
257,90,浙大城市学院,别碰我键盘,项天聪,杨烨锋,张宸赫,,False,True,7,1027,,+(50),+(66),+2(143),+1(149),,-2,+1(32),,+(181),,,,+6(206)
258,,山东大学,海鸥灭火器,苏苏,王艺臻,刘子龙,,False,True,7,1032,,+1(89),+1(111),+(225),+(142),,,+1(26),,+(203),,,,+(176)
259,,杭州电子科技大学,2025杭电16队,张舟,木义豪,谢之晗,,False,True,7,1035,,+1(62),+(71),+2(298),+(227),,,+(17),,+(165),,,,+(135)
260,,杭州电子科技大学,2025杭电3队,王佳栋,吴启航,王远涛,,False,True,7,1036,,+(44),+(58),+(187),+1(136),,,+(36),,+1(158),,,,+6(257)
261,,中山大学,一个小队,周岱昕,张耀天,陈钰炜,,False,True,7,1038,,+(68),+1(90),+(266),+(234),,,+(26),,+1(166),,,,+1(128)
262,,杭州电子科技大学,2025杭电2队,乐星宇,张雨泽,王秉杭,,False,True,7,1040,,+(73),+(37),+3(230),+1(134),,-26,+(20),,+1(188),,,,+5(158)
263,,广东工业大学,螺旋上升,吴伟涛,梁展榕,陈栖羽,,False,True,7,1043,,+1(61),+(87),+(228),+2(161),,-2,+1(30),,+(176),,,,+1(200)
264,,西安交通大学,这是一个ACM队,林子涵,张未艾,陈骏翔,,False,True,7,1051,,+1(160),+(90),+(219),+(187),,,+(32),,+3(161),-4,,,+1(102)
265,,华中科技大学,stick16,王子石,刘嘉恒,郭梓洋,,False,True,7,1059,,+2(47),+(46),+2(263),+1(129),,-3,+1(28),,+1(229),,,,+1(157)
266,91,中国地质大学（武汉）,不可思议之国的爱丽丝正在梦游仙境,陈学海,李诏天,毛郅皓,,False,True,7,1068,,+(53),+(89),+2(285),+(182),,,+(17),,+(147),,,,+1(235)
267,92,广州大学,西哈诺,郑灵杰,陈全隆,潘胜云,,False,True,7,1069,,+(49),+(32),+1(187),+1(116),,,+(14),,+(177),,,,+9(274)
268,,北京交通大学,BJTU02,刘泽晖,王嘉胜,孙宁,,False,True,7,1079,,+(35),+(97),+(279),+1(143),,,+(24),,+(160),,,,+5(221)
269,,浙江理工大学,忍界鸽歌代我妃,张浩,干佳立,项帅,,False,True,7,1082,,+(111),+(53),+1(279),+(270),-1,-1,+(20),-1,+(167),-1,-1,-1,+(162)
270,,山东大学,圆一定要是圆形的,孙更欣,叶世昕,高士轩,,False,True,7,1084,,+2(89),+1(67),+(190),+3(290),,,+(39),,+(170),,,,+(119)
271,93,北京科技大学,顽强报名奖,潘涵,董瑞洋,姜皓凯,,False,True,7,1088,,+2(86),+2(113),+(252),+(126),,,+(16),,+1(149),,,,+2(206)
272,,香港中文大學,超前部署,黄梓谦,周礼言,黄文礼,,False,True,7,1097,,+1(23),+(47),+1(288),+(84),,,+(10),,+1(216),,,,+7(229)
273,94,重庆科技大学,下午茶时间,廖章昊,代一,程琪淋,,False,True,7,1105,,+(91),+(64),+1(252),+3(142),,,+2(41),,+(211),,,,+(184)
274,,福州大学,福大11队,郎易恒,王盛明,方林升,,False,True,7,1108,,+(69),+(82),+(265),+(239),,-3,+(33),,+(193),-1,,,+3(167)
275,,东南大学,DNA计算,潘亦新,,,,False,True,7,1111,,+(36),+(52),+1(258),+2(219),,,+(8),,+(208),,,,+5(170)
276,,湖南科技大学,湖南科大二队,黄家兴,梁涵,彭璟焱,,False,True,7,1111,,+(99),+(81),+(249),+3(283),,,+(22),,+1(113),,,,+1(164)
277,95,南京信息工程大学,奇异递归模板,龚敏,刘一鸣,崔嘉豪,,False,True,7,1120,,+(108),+(53),+(278),+3(150),,,+(20),,+1(155),,,,+1(256)
278,,华东师范大学,164ovo fan club,谢书骁,程籽实,,,False,True,7,1127,,+(62),+(102),+5(226),+(110),,,+(28),,+(142),,,,+4(277)
279,,西北工业大学,阿比斯深渊,黄知远,欧阳家杰,吕昊临,,False,True,7,1144,,+(92),+(112),+4(270),+(206),,,+(31),,+(167),,,,+2(146)
280,,上海科技大学,惊天大涅槃,居然,杨子烆,王旻昊,,False,True,7,1150,,+1(68),+(88),+3(231),+(252),,,+(27),,+(192),,,,+2(172)
281,,华南师范大学,注意到用Zeta(1)表示素数阶乘的魔法,蔡润钦,余昕烨,温则葆,,False,True,7,1153,,+1(36),+(63),+1(249),+(173),,,+1(46),,+(189),,,,+6(217)
282,,大连理工大学,这么六,钟剑辉,毛祥宇,刘泽轩,,False,True,7,1153,,+(71),+(76),+(294),+(220),,,+(12),,+1(179),,,,+1(261)
283,,四川大学,猫鼬砼,吴卓琦,黄奕浩,江来,,False,True,7,1157,,+1(153),+3(63),+2(256),+(117),,,+(15),,+1(104),,,,+5(209)
284,,西湖大学,轰炸机神学学院,刘振豪,武子宸,贾岚晴,,False,True,7,1162,,+1(75),+(127),+2(234),+1(201),,,+(32),,+2(198),,,,+1(155)
285,,浙江大学,歪比巴卜,王子尧,朱航逸,朱容阳,,False,True,7,1174,,+(60),+(83),-1,+2(123),,,+(16),,+1(219),+4(298),,,+1(215)
286,96,西安理工大学,AC.cpp,韩明轩,留昊,周彦泽,,False,True,7,1179,,+1(76),+1(41),+2(250),+(128),,,+(21),,+1(237),,,,+5(226)
287,,中山大学,中山大学-永不倒闭,廖海涛,何亮,陈浩贤,,False,True,7,1180,,+3(82),+(53),+1(188),+5(215),,,+(18),,+(171),,,,+2(233)
288,,东北大学秦皇岛分校,最澄澈的空与海,张昱东,张裕博,王若翔,,False,True,7,1184,,+2(70),+(83),+(252),-2,,,+(29),,+1(189),,+(199),,+2(262)
289,97,武汉理工大学,不再曼波,周泽鹏,孙晨奥,邢家童,,False,True,7,1191,,+(46),+(36),+(203),+4(280),,,+(6),,+1(144),,,,+7(236)
290,,东北大学秦皇岛分校,Fire Bird,邓逸飞,段俊宏,尹瀚磊,,False,True,7,1191,,+1(103),+(83),+1(149),+4(223),,,+(14),,+(114),,,,+5(285)
291,,北京理工大学,过了样例也不队,邬宇炼,王舒晗,何大鹏,,False,True,7,1197,,+1(64),+1(106),+(269),+(254),,,+(15),,+(244),,,,+2(165)
292,,南京大学,最后一舞,张道涵,李豪,胡伟江,,False,True,7,1199,,+2(71),+(79),+2(259),+(181),,,+(29),,+(148),,,,+4(272)
293,,电子科技大学,UESTC_在理工学校想邂逅艺术学妹搞错了什么,王振波,冉泽宇,许庆山,,False,True,7,1209,,+(56),+(80),+7(282),+2(172),,,+(26),,+(103),,,,+6(190)
294,,南京大学,点击输入队名,法童,李林,陈智霖,,False,True,7,1215,,+3(137),+(58),+3(295),+(94),,,+2(85),,+(145),,,,+2(201)
295,98,北京城市学院,Dreamfire,党金鹏,张依林,姜耀东,,False,True,7,1222,,+(76),+(205),+(202),+3(235),,,+(35),,+(136),,,,+1(253)
296,99,山东大学（威海）,咕咕嘎嘎,陆柯旭,童延,连君朴,,False,True,7,1224,,+2(104),+(102),+13(288),+(92),,,+(17),,+(120),,,,+2(161)
297,,四川大学,熊猫茶盐鸭,夏知齐,张逸涵,邹昔贝,,False,True,7,1228,,+1(76),+(31),+2(295),+2(256),,,+(56),,+1(205),,,,+2(149)
298,,湖南师范大学,师大肆队,高嘉鑫,董爵硕,殷浩文,,False,True,7,1230,,+(46),+(52),+(219),+2(283),,,+(22),,+1(152),,,,+7(256)
299,,香港中文大学（深圳）,禁忌「O(1)の弹幕结界」,周信言,叶嘉泓,Adam Tejasukmana,,False,True,7,1244,,+1(163),+(77),+2(285),+(121),,,+(45),,+(190),,,,+3(243)
300,,华中科技大学,黄叶换秋色,张俊焕,黄子齐,徐烨,,False,True,7,1249,,+(59),+(93),+2(286),+(145),,,+2(50),,+(220),,,,+2(276)
301,,中国科学技术大学,25时，美食广场见。,赵星宇,谈天,陈聆祎,,False,True,7,1251,,+1(96),+(18),+3(296),+(227),,,+(14),,+2(142),,,,+6(218)
302,,重庆大学,次元沸腾,陈孙一硕,包函睿,韩金东,,False,True,7,1255,,+(92),+(66),+(287),+2(259),,,+2(33),,+2(210),,,,+1(168)
303,100,山东师范大学,爆零就去玩原神,李佳恒,吕俊东,孙智毅,,False,True,7,1265,,+1(48),+1(70),+(254),+3(299),,,+(36),,+(209),,,,+4(169)
304,101,河北师范大学,AAA校园卡诚招代理,孙传炜,向清弘,李武,,False,True,7,1300,,+3(79),+1(74),+2(281),+(104),,,+(30),,+3(206),,,,+3(286)
305,102,长春理工大学,两人爬塔一人匡扶汉室,黄炳睿,周易非,唐海原,,False,True,7,1338,,+7(212),+(48),+1(252),+1(268),,,+(12),,+(189),-1,,,+2(137)
306,103,中国科学院大学,面无波澜,马宇骏,韩旭成,邱宇峰,,False,True,7,1760,,+2(80),+2(158),+7(297),+5(246),,,+2(119),,+5(264),,,,+1(116)
307,,河南大学,不协和音程,曹家宁,孙小文,罗施达,,False,True,6,534,,+(37),+(32),-15,+1(161),,,+(15),,+(130),-1,,,+1(119)
308,104,北京师范大学,数数又学学,罗一粟,季涛,王儒斌,,False,True,6,539,,+(37),+(61),-1,+3(207),,,+(15),,+(56),,,,+(103)
309,,香港中文大学（深圳）,正在验证该队是否是真人。,孙超逸,张力文,周天,,False,True,6,545,,+(40),+(43),+(187),-3,,-6,+1(16),,+(133),,,,+(106)
310,,南京大学,招魂时刻,陈煜航,何平,杨涵宇,,False,True,6,553,,+1(83),+(34),-9,+1(187),,,+(10),,+(98),,,,+1(81)
311,105,东北师范大学,运行错误,齐昊坤,曹勇麟,周文琦,,False,True,6,569,,+(56),+1(27),,+(70),,,+(13),,+(132),,,,+4(171)
312,,南开大学,山西大学附属中学校,车昱辉,王治中,杨澍,,False,True,6,571,,+(53),+(55),+(244),-14,,,+(14),,+(92),,,,+1(93)
313,106,西南民族大学,SMU2501,王海潮,张伟模,石珈豪,,False,True,6,573,,+(54),+(25),-3,+1(130),,,+(15),,+2(158),,,,+1(111)
314,107,中国计量大学,兄弟，我还想拿牌,曹炳涛,吴仁钘,陈敏,,False,True,6,579,,+(34),+(38),+(195),-1,,,+1(24),,+2(143),,,,+(85)
315,108,南阳理工学院,勤劳又勇敢的队长，为了团队的关键牌子，他做出了巨大的贡献，巨大的牺牲巨大的carry,叶昱彤,陈泺冰,周硕涵,,False,True,6,584,,+(59),+(34),+(202),,,,+(19),,+(144),,,,+(126)
316,109,厦门理工学院,这一次，我要夺回我失去的一切,张子漠,,,,False,True,6,593,,+2(60),+(43),-2,+(109),,,+(33),,+(161),,,,+1(127)
317,,南京大学,九九,许世泽,朱伟鹏,张宸源,,False,True,6,593,,+2(75),+(65),+1(30),-3,,,+(14),,+(187),,,,+(162)
318,,清华大学,暴力都能队,林声熙,邱名浩,李凌岳,,False,True,6,609,,+(26),+(142),,+(147),,,+(34),,+(164),,,,+(96)
319,,武汉大学,摇曳到软冬去露营,林喆霖,范锦炜,崔祯航,,False,True,6,631,,+1(48),+2(58),-1,+(156),,,+(21),,+(171),,,,+(117)
320,,南京理工大学,做题一定要AC,高昂,王玉毅,刘宇,,False,True,6,638,,+(53),+(62),-1,+1(215),,,+(22),,+(140),,,,+1(106)
321,,复旦大学,启发式暴力,周裕博,沈奕鸣,周吴凡,,False,True,6,648,,+(58),+(74),-4,+(149),,,+1(19),,+(92),,,,+(236)
322,,电子科技大学,UESTC_EndlessEmbrace,余天羽,王鹏,王彬丞,,False,True,6,653,,+2(70),+(60),-2,+(175),,,+(15),,+1(139),,,,+(134)
323,,成都信息工程大学,冷焰,王浩然,陈帅,袁铭远,,False,True,6,687,,+(53),+(62),-5,+1(205),,,+(17),,+(149),,,,+2(141)
324,,南京航空航天大学,XML,任衍硕,邵嘉奇,张鑫雨,,False,True,6,695,,+(51),+(43),+1(231),-5,,,+(28),,+(163),,,,+2(119)
325,110,江南大学,你怎么知道队友六级423？,董万里,赵泓博,刘珺哲,,False,True,6,699,,+(121),+(151),-5,+(84),,,+1(31),,+(148),,,,+1(124)
326,,暨南大学,Byd Fan Club,曹哲睿,谢正心,潘城樟,,False,True,6,700,,+(73),+(37),-1,+1(211),,,+(16),,+2(140),,,,+2(123)
327,111,西华大学,三只蒟蒻牛,吴岚轩,肖代阳,黄卓盈,,False,True,6,706,,+(89),+(37),+2(226),,,,+(18),,+(163),,,,+(133)
328,112,上海电力大学,沉入奈落之底,朱凯年,王鼎皓,胡凌,,False,True,6,711,,+(66),+(46),-1,+1(217),,,+(19),,+1(107),,,,+2(176)
329,113,深圳技术大学,SZTU_水银之毒,蔡泽垲,林坚炜,刘俊豪,,False,True,6,715,,+2(88),+(69),-5,+1(124),,,+1(25),,+(138),,,,+1(171)
330,,中南大学,天堂鸟,张博源,沈宇科,孙汉涛,,False,True,6,720,,+(76),+(73),-10,+(113),,,+(14),,+(183),,,,+3(201)
331,114,东莞理工学院,心态就是力量,黄海,林恬烁,林志龙,,False,True,6,721,,+(29),+(50),+1(261),+2(111),,,+(48),,+1(142),,,,-30
332,,华东师范大学,至此，一锤定音,冯顾炜,许乐,冯嘉一,,False,True,6,726,,+1(48),+1(81),+(259),-5,,,+(14),,+(161),,,,+(123)
333,,浙江师范大学,ACM（★）| 花开富贵（崭新出厂）,李燕斌,张之娴,吴昂泽,,False,True,6,732,,+(33),+(57),,+(249),,,+(23),,+(183),,,,+2(147)
334,,哈尔滨工业大学（深圳）,从0开始的acm之路,蔡易轩,陈彦波,赵飞羽,,False,True,6,733,,+(44),+1(144),-4,+(117),,-1,+(36),,+(185),,,,+1(167)
335,115,华北电力大学（保定）,红绿色奶龙,朱浩宇,刘强,黄佳乐,,False,True,6,735,,+1(53),+1(54),,+(163),,-25,+(14),,+1(133),,,,+3(198)
336,,中山大学,中山大学-深度睡眠,刘亘煊,许钢帆,黄一凡,,False,True,6,743,,+1(86),+1(123),+(223),-4,,,+(14),,+(157),,,,+1(80)
337,,华中科技大学,长歌,潘喆,冯元宁,向恩泽,,False,True,6,749,,+2(124),+(43),-3,+(229),,,+(17),,+1(167),,,,+(109)
338,116,华中师范大学,兄弟我来助你,郑壹腾,张凯文,杨哲灏,,False,True,6,756,,+(104),+3(66),-2,+(111),,,+(28),,+(151),,,,+2(196)
339,117,天津大学,黄金9,李佳璘,刘天轩,冯开淇,,False,True,6,757,,+(143),+(26),+1(244),+(78),,,+1(56),,+1(150),,,,
340,,南京大学,Never break;,李冠辰,范成,李响,,False,True,6,760,,+1(69),+(58),,+(75),,,+(18),,+1(178),,,,+3(262)
341,,北京交通大学,BJTU05,宋杲行,张恩崎,陈昊廷,,False,True,6,762,,+(60),+(111),-1,+(141),,,+1(33),,+1(214),,,,+(163)
342,,东北大学,东北大学_软炸理计,黄宇帆,潘炼,罗子涵,,False,True,6,763,,+2(55),+(65),,+(258),,,+(33),,+1(180),,,,+(112)
343,,南京理工大学,太空猫猫头,陈宇航,许廷阳,谭清海,,False,True,6,770,,+(37),+(57),-2,+2(228),,,+(25),,+(193),,,,+1(170)
344,,东北大学秦皇岛分校,恋的零次方,杨开元,李昌岳,陈奕晨,,False,True,6,780,,+(61),+(86),+1(197),-3,,,+(28),,+(165),,,,+4(143)
345,,华中科技大学,我不到啊，听说有学分我就来了,游佳浩,黄博鸿,刘瑞鹏,,False,True,6,785,,+(89),+(65),+3(282),-4,,,+(32),,+1(132),,,,+(105)
346,,兰州大学,今晚来我床上打三国杀,曹家硕,沈天辰,张照博,,False,True,6,790,,+4(95),+(53),-14,+(187),,,+(39),,+(127),,,,+1(189)
347,118,河南理工大学,春秋蝉鸣泣之时,李梦洋,熊佳乐,马俊超,,False,True,6,790,,+1(87),+1(83),,+(247),,,+(10),,+(140),,,,+(183)
348,,四川大学,打ACM从没开心过,钟诚,刘泽勋,许圳达,,False,True,6,801,,+1(57),+(88),-3,+4(179),,,+(18),,+1(108),,,,+2(191)
349,,武汉理工大学,猫猫虫可爱捏,段宇坤,朱选文,,,False,True,6,801,,+2(96),+(69),-6,+1(149),,,+(16),,+1(169),,,,+1(202)
350,,杭州电子科技大学,2025杭电4队,帅嘉洋,王麒润,刘翔,,False,True,6,803,,+2(108),+(47),-9,+2(155),,,+(25),,+(125),,,,+4(183)
351,,北京理工大学,哈基米哦南北绿豆啊西嘎哈呀库,梁思源,郑润哲,彭田栩,,False,True,6,804,,+(113),+2(43),+2(218),-9,,,+(13),,+(84),,,,+3(193)
352,,哈尔滨工业大学（深圳）,不如加训,罗烺韬,黄婉彤,邹锦宇,,False,True,6,805,,+2(66),+(51),+(226),-5,,,+(27),,+(187),,,,+2(168)
353,119,云南大学,金银花,周志昊,毕洲铭,高凌豪,,False,True,6,810,,+3(42),+(54),-3,+2(184),,,+(21),,+(115),,,,+2(254)
354,120,浙大宁波理工学院,浙大宁理9队,涂荣基,吴东,吴泽坤,,False,True,6,816,,+2(205),+(55),+2(227),+1(153),,,+(25),,+(51),,,,-8
355,121,中国传媒大学,再演,陈旻庚,朱霁,叶阳,,False,True,6,818,,+(72),+(46),+1(255),-2,,,+(15),,+(173),,,,+2(197)
356,122,浙江工商大学,空花阳焰,徐贤涛,王哲,薛强,,False,True,6,822,,+(132),+1(59),,+5(255),,,+(20),,+(146),,,,+(90)
357,123,江西师范大学,梨蛋汤,汤海峰,黎朔鸣,何建伟,,False,True,6,830,,+1(50),+(60),+(295),,,,+1(25),,+(174),,,,+2(146)
358,,河南理工大学,呆头呆脑,张立攀,宋幸威,张科文,,False,True,6,833,,+1(94),+1(51),+1(292),+(148),,,+(20),,+(168),,,,-6
359,,南京大学,不对不对哦对的对的,胡世远,宣天宇,黄嘉扬,,False,True,6,838,,+(65),+(40),,+1(225),,,+(20),,+(153),,,,+3(255)
360,124,中国农业大学,收割者,桑浩翔,骆俊翰,毛鹏浩,,False,True,6,838,,+(90),+(107),,+1(297),,,+(15),,+(124),,,,+1(165)
361,,哈尔滨工业大学（威海）,神秘客,易子杰,李泳明,顾伟宸,,False,True,6,851,,+(59),+(64),+1(231),+1(282),,,+(24),,+(151),,,,-7
362,,北京师范大学,高坂丽奈还没投票,张明杨,徐雁洲,陈博,,False,True,6,852,,+(54),+(74),,+(256),,,+(61),,+(226),,,,+(181)
363,,南京信息工程大学,冰红茶说的都队,赵彬宏,田轹文,俞卓群,,False,True,6,853,,+(85),+(46),+(234),-1,,,+(19),,+2(218),,,,+1(191)
364,125,电子科技大学中山学院,随便做都队,黄潇岳,赵英炜,程旭,,False,True,6,857,,+(56),+(48),+(282),,,,+(17),,+(176),,,,+3(218)
365,,南开大学,中文队伍名,谭易,郁卓阳,母焯行,,False,True,6,861,,+(71),+1(90),,+(161),,,+(25),,+(150),,,,+3(284)
366,,天津大学,^v^,王嘉晨,万文彬,张翔智,,False,True,6,862,,+(22),+(84),-3,+1(250),,,+(30),,+(199),,,,+(257)
367,,浙江师范大学,不是我喜欢的题目，直接哈气,李侑轩,黄玉景,刘彦博,,False,True,6,864,,+(77),+(93),,+(160),,,+(20),,+(191),,,,+3(263)
368,126,山东理工大学,我每天打ACM也没上瘾啊,杨庭硕,崔立栋,王佳丽,,False,True,6,865,,+2(59),+1(98),-1,+1(141),,,+1(25),,+1(158),,,,+1(244)
369,,北京科技大学,队友十年单身换区域赛银牌,张顺,彭心雨,国林泉,,False,True,6,865,,+(92),+(44),,+(173),,,+(60),,+(205),,,,+2(251)
370,,西安电子科技大学,憧憬成为ACM高手,周川旸,郑冬阳,郑少寒,,False,True,6,866,,+2(128),+(95),,+2(198),,,+(36),,+(103),,,,+1(206)
371,127,宁波大学,骨钉斩奎隆,金施成,赵晨翔,刘洁,,False,True,6,877,,+1(103),+(42),+1(290),,,,+(26),,+(136),,,,+(240)
372,,山东大学,我不曾忘记,燕学烨,杨师玉,孙语聪,,False,True,6,887,,+(56),+1(72),-1,+3(270),,,+(23),,+(134),,,,+3(192)
373,,西安交通大学,锦筝叹,李牧远,胡辰同,钟宇,,False,True,6,889,,+(71),+(53),,+3(286),,,+(19),,+(113),,,,+5(187)
374,,吉林大学,终焉夜雨,席乐媛,欧阳承风,唐德睿,,False,True,6,895,,+(68),+(39),-2,+7(221),,,+1(25),,+(187),,,,+1(175)
375,128,香港理工大学,冲冲榜,孙涵松,张浩越,卢昱辰,,False,True,6,895,,+(32),+1(82),+(186),-11,,,+(21),,+4(209),,,,+(265)
376,,中南大学,少猪哭泣乐队,吴让尧,吴俊杰,裴心童,,False,True,6,896,,+1(80),+(57),-2,+1(273),,,+(20),,+(198),,,,+3(168)
377,129,广东外语外贸大学,广外2队,罗梓元,甄浩鹏,钟振宇,,False,True,6,896,,+1(71),+(32),,+(291),,,+(16),,+(219),,,,+3(187)
378,,同济大学,广铁集团,李堂辉,吴晶承,,,False,True,6,898,,+(84),+(103),-4,+3(276),,,+(29),,+(192),,,,+(154)
379,,天津大学,WA自动机,郭智柯,曾瑞,丁浩然,,False,True,6,910,,+2(112),+(87),-3,+1(174),,,+(31),,+(159),,,,+1(267)
380,130,西南财经大学,狼狼狼,吴晗,杨龙皓,匡政宇,,False,True,6,915,,+(80),+(72),-6,+1(257),,,+(47),,+1(220),,,,+2(159)
381,,浙大城市学院,云水璃灯外,林嘉亮,张洋鸣,林景阳,,False,True,6,916,,+(52),+(73),-6,+3(255),,,+(15),,+(207),,,,+3(194)
382,131,福建理工大学,福建理工大学1队,郑晟睿,林舜华,颜嘉民,,False,True,6,916,,+2(73),+(62),+1(259),,,,+(33),,+1(225),,,,+1(164)
383,132,安阳师范学院,舞舞舞,周兴科,余卓豪,王枫,,False,True,6,919,,+1(74),+(44),-1,+(213),,,+(19),,+(190),,,,+5(259)
384,,西安电子科技大学,嘻小癫学院超自研,张力文,童彦闽,周佳暄,,False,True,6,921,,+(70),+(101),-5,+3(261),,,+(22),,+(169),,,,+1(218)
385,,清华大学,铸剑,张洋铭,姚竣涛,田铭展,,False,True,6,922,,+(23),,+2(293),+2(141),,,+(35),,+(161),,,,+(189)
386,,浙大宁波理工学院,浙大宁理8队,陈泽楷,余健林,周艺杰,,False,True,6,925,,+2(136),+(53),,+(253),,,+(24),,+(77),,,,+7(202)
387,,北京邮电大学,邮男之旅,王昰妍,蔡禹煊,冯仁宇,,False,True,6,925,,+(76),+(104),-2,+2(257),,,+(27),,+(127),,,,+3(234)
388,,南方科技大学,南方科技大学四队,王惠民,丁哲昊,李滨,,False,True,6,926,,+1(57),+1(112),+1(258),-1,,,+(25),,+(194),,,,+2(180)
389,,浙江工商大学,珂朵莉,林仁豪,陈孝乐,郑铁峥,,False,True,6,926,,+(107),+2(41),,+3(285),,,+(16),,+(123),,,,+2(214)
390,,华南师范大学,侯俊宇,古嘉诚,,,,False,True,6,927,,+(47),+(57),-1,+1(147),,,+(25),,+3(217),,,,+4(274)
391,,北京航空航天大学,我队友得了MVP！,肖迪睿,徐浩然,廖俊麟,,False,True,6,928,,+1(87),+(195),-2,+(130),,,+(41),,+2(203),,,,+(212)
392,,哈尔滨工业大学,睡到自然醒,徐明拯,任相龙,曾浩锐,,False,True,6,928,,+1(80),+(88),+(280),-3,,,+(12),,+2(233),,,,+(175)
393,133,湖南理工学院,君不见高堂评测悲全WA,费峥宇,林卫昱,陈天好,,False,True,6,935,,+2(118),+(81),,+2(130),,,+1(32),,+(197),,,,+1(257)
394,134,浙江科技大学,老人带新人,范思哲,孙以恒,徐林灿,,False,True,6,935,,+(81),+(53),,+5(281),,,+1(36),,+1(211),,,,+(133)
395,135,浙江机电职业技术大学,机电1队,洪志伦,孙宇帆,游晨昕,,False,True,6,936,,+(48),+1(120),,+3(294),,,+(12),,+1(174),,,,+3(128)
396,136,南京农业大学,金草莓,李嘉熙,王文圣,周进,,False,True,6,944,,+1(85),+(75),,+2(143),,,+(52),,+(176),,,,+3(293)
397,,北京邮电大学,LAA is ALL,林米乐,安奕轩,安澍,,False,True,6,945,,+(66),+(97),+(267),,,,+(20),,+1(169),,,,+4(226)
398,,南京大学,不是解散了只是没人来,张成禹,张弛,邓铭越,,False,True,6,945,,+2(90),+(105),+(273),-4,,,+(24),,+(168),,,,+2(205)
399,,华南理工大学,不喝可乐,李霖峰,郭浩宸,崔东旭,,False,True,6,948,,+(32),+(62),+1(267),,,,+(43),,+(184),,,,+3(280)
400,,电子科技大学,UESTC_______,吕东阳,赵聪,林子豪,,False,True,6,956,,+1(39),+(46),+2(240),,,,+(23),,+1(188),,,,+7(200)
401,,北京邮电大学,吃堡饱队,金旭一,单一凡,吴优,,False,True,6,963,,+2(39),+(57),-1,+(135),,,+(29),,+1(164),,,,+9(299)
402,,南京大学,非空集合,冯梓轩,金涵彬,苏敬烨,,False,True,6,964,,+1(94),+(100),,+1(299),,,+(58),,+1(199),,,,+(154)
403,,华中科技大学,终帆,吴高宇,阮弘毅,朱雨程,,False,True,6,965,,+1(73),+1(94),-8,+4(258),,,+1(26),,+1(166),,,,+1(168)
404,137,河海大学,从零开始的ACM生活,金炬光,曾国琳,罗誉,,False,True,6,978,,+1(103),+(67),,+3(273),,,+(18),,+(165),,,,+(272)
405,,华南理工大学,树上猫猫虫,刘俊祺,刘兆宇,王思哲,,False,True,6,979,,+(32),+1(57),+3(290),,,,+(21),,+1(190),,,,+3(229)
406,,香港中文大学（深圳）,saber，saber，什么时候吃完饭,梁皓,余哲伟,许可捷,,False,True,6,980,,+(87),+(125),,+1(277),,,+(15),,+1(160),,,,+(276)
407,,深圳大学,太空曼波,肖俊祺,温家燊,廖昱堃,,False,True,6,981,,+1(33),+(45),,+3(256),,,+(22),,+(188),,,,+4(277)
408,,西安电子科技大学,喵亦或鱼,谢睿杰,冯子诚,文童宇,,False,True,6,987,,+1(27),+2(78),+2(258),-2,,,+2(59),,+3(196),,,,+1(149)
409,,中国人民大学,人咪小学,李昊森,朱家琛,熊洋铭,,False,True,6,990,,+1(66),+1(83),,+(232),,,+(34),,+(188),,,,+3(287)
410,138,北方工业大学,落榜程序员,王思诚,邵奕涵,周易,,False,True,6,997,,+(116),+1(78),,+1(289),,,+2(35),,+(148),,,,+(251)
411,,浙江工业大学,25ZJUT3,蔡柏航,雷昊喆,王池康,,False,True,6,1000,,+4(200),+(82),-2,+1(244),,,+(29),,+(173),,,,+1(152)
412,,西安交通大学,不知道起什么就不起了吧,李维逸,陈智,王皓文,,False,True,6,1001,,+3(160),+(84),-1,+(134),,,+(40),,+(200),,,,+2(283)
413,,山东理工大学,我是天选，也是唯一,梁嘉坤,王一铭,张龙庆,,False,True,6,1010,,+1(40),+(78),,+6(278),,,+(21),,+(171),,,,+2(242)
414,,南京信息工程大学,旧梦新章,魏天佑,边上策,刘阳元,,False,True,6,1010,,+(92),+(98),,+1(139),,,+(43),,+3(235),,,,+2(283)
415,,宁波大学,泥巴动物园,吴镇桥,沈天佑,胡健山,,False,True,6,1014,,+2(103),+(70),-1,+(274),,,+1(17),,+1(186),,,,+4(204)
416,,河海大学,三重积分,杨帆,蔡松廷,江晟东,,False,True,6,1014,,+1(37),+(86),,+2(179),,,+(17),,+2(224),,,,+4(291)
417,,同济大学,过了样例就算队,郑梓健,邓双南,张丞玮,,False,True,6,1016,,+1(76),+1(70),,+(287),,,+(19),,+2(185),,,,+4(219)
418,,中国科学院大学,原神启动队,胡格致,黄铮舸,唐睿,,False,True,6,1016,,+1(65),+4(86),,+(288),,,+(25),,+1(114),,,,+3(258)
419,,山东大学,"我推, 一分为二(",史博文,徐聚礼,王新宇,,False,True,6,1017,,+4(99),+1(110),,+1(282),,,+(23),,+1(171),,,,+(192)
420,,东南大学,听说只要会二分就来了,高雨轩,郑皓文,许晋铜,,False,True,6,1020,,+1(81),+(63),+3(282),,,,+(60),,+1(208),,,,+3(166)
421,,苏州大学,憧憬成为算竞糕手,张天伦,余睿,刘科润,,False,True,6,1029,,+1(63),+1(110),,+(251),,,+(23),,+(190),,,,+3(292)
422,139,江西农业大学,领航者,刘圣丰,江柏霖,吴楚扬,,False,True,6,1035,,+2(180),+(94),,+1(291),,,+(8),,+(171),,,,+(231)
423,,山东大学,山东大学的队伍,乐恩玮,郭荣祥,,,False,True,6,1044,,+2(76),+(152),+1(266),,,,+(16),,+(218),,,,+3(196)
424,,华南理工大学,请你吃好吃的,王烁云,徐烨辉,黄仕填,,False,True,6,1061,,+1(79),+1(41),-2,+2(282),,,+(28),,+2(109),,,,+8(242)
425,,中国科学技术大学,爱吃绿色圆圈,郑心舟,罗浩桐,张满羿,,False,True,6,1071,,+2(121),+(115),-1,+(235),-1,-1,+(19),-1,+1(221),-1,-1,-1,+1(280)
426,,东南大学,打CPC打的↑↓,汪骏宇,陈乐扬,张一林,,False,True,6,1082,,+(75),+1(108),+2(289),,,,+(27),,+(193),,,,+4(250)
427,,南开大学,北闭小学旅游团,章壹程,郑奕杰,朱志彬,,False,True,6,1083,,+1(132),+1(112),-1,+2(198),,,+(20),,+1(210),,,,+2(271)
428,,武汉纺织大学,我的青春AC果然物语,裘贺宝,周黄灏,高智翔,,False,True,6,1091,,+3(125),+1(153),,+(269),,,+(48),,+(220),,,,+(196)
429,,南京信息工程大学,那就先ai生成吧,李腾飞,陆智昊,汪琪,,False,True,6,1101,,+5(181),+(92),,+(209),,,+(22),,+(234),,,,+(263)
430,,武汉大学,菠萝催学,张明宇,扶阳,黄羽翔,,False,True,6,1105,,+2(95),+(130),,+1(293),,,+1(39),,+(231),,,,+1(217)
431,140,中央财经大学,被校名CuFe做局了,李思桐,徐守正,刘雨辰,,False,True,6,1117,,+1(116),+(68),,+2(297),,,+2(76),,+(157),,,,+3(243)
432,,中山大学,中山大学-512526,陈睿泓,毛子弘,何杨炀,,False,True,6,1120,,+3(211),+3(293),,+1(167),,,+(24),,+(161),,,,+(124)
433,,中国科学技术大学,苕皮栈队,彭予乐,岳孟昕,王少白,,False,True,6,1122,,+1(56),+1(83),,+3(262),,,+(51),,+(237),,,,+3(273)
434,,浙江工商大学,魔法火焰,邬子阳,徐晓轩,詹海吉,,False,True,6,1130,,+3(122),+(165),+1(281),,,,+(72),,+(145),,,,+2(225)
435,,北京理工大学,不要rua我喵,项俊杰,章一沛,冯靖轩,,False,True,6,1137,,+(65),+1(231),,+3(190),,,+(21),,+(286),,,,+(264)
436,141,贵州大学,我要吃纸包鱼,史昌盛,傅锦灿,黄康,,False,True,6,1142,,+1(50),+2(35),,+5(285),,,+(10),,+2(168),,,,+7(254)
437,,上海科技大学,军训时在做什么？有没有空？可以来打ICPC网络赛吗？,姜昕宇,陈钊堃,王俊篪,,False,True,6,1146,,-8,+2(179),+3(274),+5(87),,,+(28),,+(209),,,,+(169)
438,142,莆田学院,中二病也要当A批,黄佳威,王羿捷,卢竑宇,,False,True,6,1161,,+1(94),+(51),,+8(285),,,+(32),,+(178),,,,+5(241)
439,,北京邮电大学,金牌厨师,乔函祺,李思远,马铂凯,,False,True,6,1171,,+2(99),+(88),+1(296),-3,,,+(24),,+2(194),,,,+4(290)
440,143,安徽大学,众梦之聚,许钧剑,周宇轩,姚锐,,False,True,6,1210,,+(125),+3(82),,+1(169),,,+(31),,+1(212),,,,+10(291)
441,,哈尔滨工业大学（威海）,"WA,AC!",尹瀚铭,王尧中,孙云起,,False,True,6,1239,,+2(142),+(112),,+3(256),,,+(21),,+(157),,,,+9(271)
442,,北京理工大学,动态树,齐轩宇,张家诚,邱昌威,,False,True,6,1244,,+5(236),+5(117),,+(277),,,+(23),,+3(197),,,,+(134)
443,144,湖南人文科技学院,队里有猫娘,周念祖,戴宇豪,李泽哲,,False,True,6,1258,,+7(263),+(84),,+(168),,,+1(30),,+1(212),,,,+3(261)
444,,哈尔滨工程大学,go学长带着瓦妈妈逃离三角洲去打舞萌,赵新凯,孙江吉,闫力仁,,False,True,6,1270,,+1(226),+(153),,+1(105),,,+(23),,+5(287),,,,+4(256)
445,,南京大学,哥布林重生,徐梓鸣,李熠城,刘子健,,False,True,6,1298,,+(55),+(214),-2,+1(185),,,+(34),,+4(293),,,,+7(277)
446,145,中国矿业大学（北京）,Fortune,梁凯,崔文水,杜若琳,,False,True,6,1306,,+5(204),+(61),,+1(237),,,+1(20),,+4(250),,,-3,+1(294)
447,,同济大学,Non-Trivial TLE,潘越,上官思洋,许思源,,False,True,5,392,,+(31),+(69),-5,-3,,,+(17),,+1(141),,,,+1(94)
448,,北京理工大学,树状数组,谭笑,张振宇,高天翔,,False,True,5,395,,+(45),+(65),-2,+(167),,,+(17),,,,,,+(101)
449,146,南京工程学院,队长说拿牌cos银狼,丁昊,崔东靖,陈昱安,,False,True,5,457,,+2(81),+(32),-1,-5,,,+(9),,+(156),,,,+2(99)
450,,浙大宁波理工学院,浙大宁理2队,陈洪逸,张奔晟,钱晨,,False,True,5,466,,+(63),+(34),,-3,,,+(13),,+1(119),,,,+1(197)
451,147,浙江育英职业技术学院,育英五队,吴玥葳,胡壹楠,陈旌,,False,True,5,477,,+3(65),+(57),-1,-1,,,+(14),,+(140),,,,+1(121)
452,148,北京工业大学,铁牌也是牌,李俊良,冯际鸣,孔翔宇,,False,True,5,482,,+1(34),+(49),-1,-6,,,+(17),,+(148),,,,+1(194)
453,,深圳大学,扣1生成队名,邹文博,杨毅博,陈昂雄,,False,True,5,483,,+2(66),+(54),,-2,,,+(18),,+(106),,,,+(199)
454,,南京理工大学,彩虹猫猫头,冯宇杰,刘一欢,吴东来,,False,True,5,492,,+(39),+(31),-1,,,,+(14),,+(190),,,,+3(158)
455,149,临沂大学,吾剑未尝不利,王琦,费秋翔,黑乃骁,,False,True,5,503,,+2(96),+(40),,-4,,,+(15),,+(140),,,,+3(112)
456,,中国地质大学（北京）,打比赛进北大,刘雨澈,夏冬,许桥飞,,False,True,5,508,,+(73),+(45),,,,,+2(27),,+(192),,,,+1(111)
457,,南京大学,悠扬华章,杨照华,谢邹阳,沈悠然,,False,True,5,508,,+(28),+(42),+1(237),-2,,,+(19),,+(162),,,,-7
458,150,青岛大学,月色回音,曾学钦,代自超,李子涵,,False,True,5,514,,+(88),+(43),,+(163),,,+(17),,+(203),,,,-25
459,,福州大学,福大7队,连伟成,游逸晨,林嘉祚,,False,True,5,516,,+(57),+(58),,-1,,,+(20),,+(105),,,,+2(236)
460,151,广西大学,远航者的幻想乡,张健明,陶康,孙怿翔,,False,True,5,518,,+(96),+3(57),-6,-3,,,+(15),,+(121),,,,+(169)
461,,上海大学,i64,陈勇,韦杰恒,邱吉睿,,False,True,5,518,,+3(55),+(67),,-1,,,+(18),,+(96),,,,+2(182)
462,,重庆邮电大学,蓝桥杯汪之队,吴志煜,汪涛,赵俊超,,False,True,5,524,,+2(100),+(34),,+1(138),,,+1(20),,+(152),,,,-6
463,,华南农业大学,签完到就去出勤,阮贵鹏,叶子琦,邹炜泉,,False,True,5,524,,+(50),+2(68),,-2,,,+(26),,+(163),,,,+2(137)
464,152,香港城市大学（东莞）,让我们说中文！欢迎来到 icpc 的世界，准备好成为 icpc 传奇了吗？,郭旺乐,唐朝,袁庚麒,,False,True,5,527,,+1(66),+(25),,-3,,,+(15),,+(150),,,,+1(231)
465,,中国石油大学（华东）,UPC2005,赵海威,杨帮兴,郝铭宇,,False,True,5,538,,+2(95),+(64),,-3,,,+(19),,+(181),,,,+(139)
466,153,南京工业大学,我太想进步了,叶劭伟,钱致宁,,,False,True,5,555,,+2(48),+(40),,-4,,,+(20),,+(98),,,,+6(189)
467,154,齐鲁工业大学,负重越野,吴斌,廉昌业,魏文泽,,False,True,5,555,,+(80),+(37),-2,-2,,,+1(31),,+(146),,,,+2(201)
468,,南阳理工学院,我们一直在哭,刘晧,于超凡,杨京昊,,False,True,5,555,,+(70),+(47),,,,,+(21),,+(180),,,,+1(217)
469,155,西南科技大学,我有一个小构思,李翔宇,黄洪杰,邓俊熙,,False,True,5,556,,+(111),+(59),,+(129),,,+(56),,+(201),,,,-5
470,,湘潭大学,湘大二队,谭诚,颜伟斌,王兮,,False,True,5,558,,+1(46),+(64),,-2,,,+(26),,+(181),,,,+3(161)
471,,杭州电子科技大学,2025杭电10队,吴宝欣,叶育豪,张王彬,,False,True,5,559,,+(58),+(55),-1,,,,+(14),,+(180),,,,+3(192)
472,156,中北大学,ACMer转生，到了xcpc就拿出0721次罚时,杨庆伟,王泽仁,李镇道,,False,True,5,560,,+(102),+1(71),,-15,,,+(16),,+1(147),,,,+(184)
473,,华东师范大学,去有风的地方,单敏杰,江楠,杜霖,,False,True,5,560,,+(59),+(35),-2,,,,+(21),,+(126),,,,+5(219)
474,,四川大学,loveless,吴卓航,刘雨彤,潘运胜,,False,True,5,561,,+(73),+(97),-1,-2,,,+(45),,+(144),,,,+1(182)
475,,浙江工商大学,猫猫骑士团,卢嘉亮,张任杰,杨毅博,,False,True,5,563,,+2(116),+(71),-1,-1,,,+1(28),,+(102),,,,+1(166)
476,,深圳大学,待甲为四才弊,张博汉,梅刚浩,姜顺元,,False,True,5,563,,+(103),+(48),,,,,+1(31),,+1(127),,,,+1(194)
477,,中国传媒大学,风滚金轮草,谢嘉彤,蔡奕麟,龙岑华,,False,True,5,564,,+(74),+(46),,-1,,,+(19),,+(194),,,,+(231)
478,,武汉大学,核心算法,戴天奕,杨锦熙,魏俊涛,,False,True,5,565,,+2(122),+(46),,+(149),,,+(15),,+(193),,,,-5
479,,大连海事大学,雀魂低手,刘震,戈晟年,任毅,,False,True,5,570,,+(87),+(29),,+2(112),,,+(12),,+4(210),,,,-1
480,157,安徽师范大学,天码行空,张春龙,吕金霖,梁峻铭,,False,True,5,571,,+(62),+(94),-2,-2,,,+1(19),,+1(198),,,,+(158)
481,,浙江工业大学,25ZJUT6,李明锋,陈圣威,庄榕程,,False,True,5,576,,+1(118),+(38),-3,-1,,,+(17),,+1(197),,,,+1(146)
482,158,安阳工学院,摆烂摸鱼打铁队,侯帅鹏,鲁昕阳,裴武珂,,False,True,5,576,,+(49),+(96),,,,,+(54),,+(139),,,,+(238)
483,159,北京信息科技大学,苯环，我将亲手操办你的退役仪式,朱默涵,方梓谦,房承烨,,False,True,5,577,,+1(71),+(32),+1(249),,,,+(20),,+(165),,,,-8
484,,杭州电子科技大学,2025杭电11队,张裼旭,黄昊,李俊达,,False,True,5,579,,+1(54),+(66),,-3,,,+(24),,+(174),,,,+3(181)
485,,华中师范大学,射杀太阳,李坤霖,陈晓鸣,史家业,,False,True,5,580,,+3(134),+(32),,,,,+(27),,+(99),,,,+2(188)
486,160,郑州大学,郑大队伍5,赵圣元,孙昱涵,吕翊加,,False,True,5,580,,+(25),+1(60),,-2,,,+(36),,+(107),,,,+3(272)
487,161,北京林业大学,深度烧烤,戴正宇,李振梁,陈嘉轩,,False,True,5,581,,+(65),+(88),-1,,,,+(35),,+(155),,,,+(238)
488,,西北工业大学,众神眷恋的幻想乡,邵嘉豪,王彦淞,郭知宇,,False,True,5,582,,+1(112),+(68),,+(166),,,+(22),,+(194),,,,-5
489,,东华大学,句点，终焉扭转,鲍威凌,蔡晋,张晓高,,False,True,5,582,,+(64),+1(67),,,,,+(19),,+(114),,,,+3(238)
490,,华东师范大学,河西食堂转生队,沈崇焕,刘昕东,宗乃一,,False,True,5,582,,+1(54),+(58),,-2,,,+(9),,+(121),,,,+4(240)
491,162,河北工程大学,喵喵喵,郭圳涛,王宇乐,孙伟昊,,False,True,5,583,,+(15),+(37),-1,-8,,,+(21),,+(146),,,,+6(244)
492,,华南理工大学,走地鸡的幻想乡,杨燊杰,杨舒翔,何佳晟,,False,True,5,585,,+(59),+(63),-7,-4,,,+(24),,+(228),,,,+2(171)
493,,南京大学,会二分会图论会博弈论啥都会,张植翔,陈端锐,葛文清,,False,True,5,586,,+(39),+(71),-1,-4,,,+(13),,+(195),,,,+2(228)
494,163,中国民航大学,四渡赤水2.0,崔凌宵,颜一鸣,罗霄鹏,,False,True,5,587,,+(54),+(77),,+(143),,,+(21),,+3(232),,,,-1
495,,大连理工大学,dlut08,吴习哲,刘晨旭,安逸,,False,True,5,590,,+(91),+(45),,,,,+(23),,+2(166),,,,+1(205)
496,,华东理工大学,爸妈高兴的问我满屏红色是不是在炒股票队,曾子航,丁文翰,景梓云,,False,True,5,590,,+1(45),+(68),+(226),,,,+1(54),,+(157),,,,-4
497,,东南大学,悄然谜响,陈琳昊,黄煜杰,周子航,,False,True,5,591,,+2(87),+(67),,+(140),,,+(59),,+(198),,,,
498,,广东工业大学,循序渐进,郭敏哲,邱启涵,,,False,True,5,594,,+(40),+(73),,,,,+(50),,+(176),,,,+1(235)
499,,西北工业大学,我野外生存把人<censored>了你<censored>过吗？,罗隆华,黄煜,刘锦奇,,False,True,5,595,,+(97),+(104),,-4,,,+(28),,+(155),,,,+(211)
500,164,长沙学院,我需要题目意思,曾俊,杨李兵,张方林,,False,True,5,596,,+(58),+(75),,-1,,,+(22),,+(183),,,,+3(198)
501,165,南京晓庄学院,让豆包生成一个,黄齐,佘亦纲,王思博,,False,True,5,597,,+(90),+(52),+(231),-2,,,+1(44),,+(160),,,,-2
502,,苏州大学,WA了十发后TLE了,黎子卿,田浦汛,成嘉益,,False,True,5,597,,+1(68),+(78),,,,,+(21),,+2(239),,,,+(131)
503,,南京航空航天大学,逸群之彦,王煜文,郑策,何东泽,,False,True,5,598,,+2(99),+(41),-2,,,,+(20),,+(164),,,,+(234)
504,,中国科学技术大学,这一世，我转生到了ustc,俞程,王天竹,陈子载,,False,True,5,599,,+1(58),+(85),-7,+2(168),,,+1(53),,+(155),,,,-3
505,,浙江工商大学,迷迭香_fan,沈士渊,魏嘉豪,徐晨阳,,False,True,5,599,,+1(65),+1(64),,-8,,,+1(33),,+(128),,,,+3(189)
506,166,黑龙江大学,惊鸿萝莉来,陈秋雨,张煦,何恩培,,False,True,5,602,,+3(87),+1(67),-4,-1,,,+(24),,+(156),,,,+1(168)
507,,同济大学,Islands,王琨瑀,韩廷叙,但泰然,,False,True,5,603,,+2(70),+(84),-4,,,,+(37),,+(177),,,,+1(175)
508,167,澳门大学,銀霜流萤,席跃,高淼悦,张容嘉,,False,True,5,603,,+2(42),+(94),-1,+(230),,,+(20),,+1(157),,,,
509,,浙大城市学院,猫，架子与水杯,陈至之,鲁俊杰,郭申申,,False,True,5,607,,+(56),+2(77),-4,,,,+1(21),,+(167),,,,+1(206)
510,168,华中农业大学,藏题的时候在干什么？能别笑吗？有点AC数吧,苏森阳,张毅,王敬淞,,False,True,5,607,,+(59),+(74),,+1(185),,,+(19),,+1(230),,,,-3
511,169,汉江师范学院,未照耀的荣光,杜中豪,,,,False,True,5,609,,+1(68),+(81),,-3,,,+(26),,+(142),,,,+3(212)
512,170,浙江万里学院,久缚之茧,张宇帆,奚舒雯,江若妍,,False,True,5,611,,+(99),+(67),,-3,,,+(24),,+1(171),,,,+1(210)
513,,江西师范大学,罚坐艺术家,刘家福,罗一鸣,龚向阳,,False,True,5,616,,+(54),+(76),-2,,,,+(26),,+(206),,,,+1(234)
514,,上海大学,我们仍未知道那天金牌题的做法,焦艺峰,董晨阳,蔡轩,,False,True,5,617,,+4(132),+(70),,+(182),,,+(28),,+(125),,,,-7
515,171,湖南农业大学,会赢的,李海芬,李南翃,董振华,,False,True,5,619,,+3(106),+(38),,-6,,,+(28),,+(193),,,,+2(154)
516,,东北大学秦皇岛分校,你从来没觉得打算法竞赛快乐过,焦一晟,张景皓,秦浩越,,False,True,5,623,,+(61),+(83),-2,,,,+4(66),,+(137),,,,+1(176)
517,,浙江工业大学,25ZJUT4,马浩俊,付鹏汇,林雨铖,,False,True,5,625,,+1(56),+(102),,-1,,,+(29),,+(161),,,,+3(197)
518,,华东理工大学,滴泛音特隆隆,张勉,贾正坤,孙启翔,,False,True,5,626,,+(97),+(43),-1,,,,+(20),,+(180),,,,+2(246)
519,,江西师范大学,Wrong_answer_on_test_1,杨扬骁,刘俊豪,叶潮辉,,False,True,5,628,,+(77),+(49),-1,-2,,,+(15),,+1(167),,,,+4(220)
520,172,东北林业大学,其实我更会种树,吕亮,李轶,王中宇,,False,True,5,628,,+(57),+(44),,-5,,,+(20),,+(229),,,,+2(238)
521,,北京工业大学,队名,周若辰,王玺荣,黄励文,,False,True,5,630,,+4(92),+(100),+1(166),,,,+(22),,+(150),,,,-21
522,173,天津工业大学,祥子帮帮写,周浩,章若晨,水博翔,,False,True,5,630,,+1(97),+1(81),-1,-3,,,+(25),,+(176),,,,+3(151)
523,174,西安欧亚学院,略去过程QED,林川翔,吴天乐,,,False,True,5,631,,+(68),+(130),,+(233),,,+(23),,+(177),,,,-1
524,175,湖北工业大学,Doro给你带了哦润吉,梅锦昕,李怡爽,黄胡智宇,,False,True,5,633,,+1(97),+(45),,-4,,,+(18),,+(202),,,,+2(211)
525,176,中南民族大学,二兆亿的流年,吴佳明,丁墨涵,李赛,,False,True,5,633,,+(115),+(76),+1(171),-5,,,+(37),,+(214),,,,-4
526,,东北大学,东北大学_Summer_Pockets,李京洲,张绍宸,华俊澄,,False,True,5,633,,+(54),+(73),-1,-6,,,+(25),,+(201),,,,+3(220)
527,,上海科技大学,"scanf(""%s"", team)",徐振羽,张哲轩,王子睿,,False,True,5,633,,+(67),+(39),,-2,,,+(15),,+(234),,,,+4(198)
528,,河海大学,罚时之羽如深渊相伴 血色acm人生！,林桁,周厚望,吕广信,,False,True,5,633,,+1(69),+(45),,-6,,,+(19),,+(144),,,,+4(256)
529,,哈尔滨工业大学,长崎不爽世-2,黎子川,陈信帆,,,False,True,5,634,,+1(66),+(96),,,,,+(59),,+(203),,,,+1(170)
530,177,郑州轻工业大学,最近公共祖先,王梓博,王少杰,高福涛,,False,True,5,635,,+(50),+1(131),,-1,,,+(29),,+(167),,,,+1(218)
531,178,成都理工大学,我嘞个豆豆啊,张晨瑀,陈家宝,向坪君,,False,True,5,636,,+(56),+(77),,-2,,,+(28),,+(184),,,,+2(251)
532,,浙江育英职业技术学院,育英七队,潘彬泽,宋新雨,孙明轩,,False,True,5,641,,+(72),+(39),,-1,,,+(16),,+2(173),,,,+5(201)
533,,浙江师范大学,样例能过就AC,林初凡,李宇廷,严惟傲,,False,True,5,646,,+(92),+(49),,,,,+(24),,+(211),,,,+2(230)
534,,深圳大学,多娜多娜~一起来打代码吧,方昊哲,陈俊年,苏力哲,,False,True,5,647,,+(34),+(83),,,,,+(45),,+2(196),,,,+(249)
535,,同济大学,春田花花,王钧涛,朱泽凯,孙治弘,,False,True,5,648,,+(47),+(72),,-1,,,+(26),,+(191),,,,+4(232)
536,179,浙江财经大学,浙江财经大学8队,陈凯煜,唐俊杰,桑汉成,,False,True,5,649,,+1(54),+(77),,-8,,,+(16),,+(194),,,,+2(248)
537,,华中科技大学,再WA我要哈气了,李东豪,万仁杰,黄国栋,,False,True,5,650,,+1(63),+(96),,+3(193),,,+(35),,+(183),,,,-5
538,180,西南大学,SWU_Mygo,盛明睿,游斯惟,韩清泉,,False,True,5,651,,+(103),+(54),,-8,,,+(30),,+(172),,,,+3(232)
539,181,上海财经大学,我们AK ICPC,史靖玮,禚安垣,陶晟昱,,False,True,5,651,,+(113),+(81),+2(237),-3,,,+(27),,+(153),,,,
540,,中南大学,听说有原石领我就来了,张亦凡,李定一,袁尉峰,,False,True,5,652,,+1(86),+(74),,+2(251),,,+(22),,+(159),,,,-1
541,,浙江师范大学,未名征途烙星痕,杨琳,沈睿,曹海,,False,True,5,653,,+2(169),+1(63),,-1,,,+(23),,+(143),,,,+(195)
542,,湘潭大学,湘大三队,刘璟轩,郑智彬,范文涵,,False,True,5,653,,+(90),+(59),-1,-3,-1,,+(16),,+(201),,,,+4(207)
543,,电子科技大学,UESTC_lyc_fan_club,周蛰粼,徐明君,赵城尧,,False,True,5,654,,+1(74),+(91),-1,+2(233),,,+(28),,+1(148),,,,-1
544,,清华大学,天宫抛物二世,孙乐然,周子涵,方睿泉,,False,True,5,655,,+3(137),+(191),-1,,,,+(18),,+(154),,,,+1(75)
545,,西南科技大学,植物大战僵尸,石申圆,陈阳,杜嘉瑜,,False,True,5,655,,+(50),+(59),,+4(236),,,+(13),,+(217),,,,-1
546,,中国民航大学,星星之火,梁永琰,孙皓,王璟鸿,,False,True,5,656,,+(57),+(63),,-2,,,+(19),,+(205),,,,+3(252)
547,182,绍兴文理学院,大宝一刀把复杂度劈成O(1)了,贺克屿,曹安迪,余振东,,False,True,5,657,,+2(115),+(57),-3,,,,+(33),,+1(207),,,,+1(165)
548,,中国科学院大学,健康的人类要冲出太阳系,王煜阳,郑兴,潘世钊,,False,True,5,657,,+1(37),+(51),,,,,+(29),,+2(144),,,,+4(256)
549,,中国石油大学（华东）,UPC1997,俞桐,庄坤鹏,尹瑞阳,,False,True,5,659,,+(93),+(72),,,,,+(60),,+3(161),,,,+(213)
550,183,河南农业大学,desuwa加队名后desuwa,许博文,赵嘉驰,张云博,,False,True,5,660,,+2(104),+2(55),,-2,,,+(13),,+(152),,,,+2(216)
551,,武汉大学,有个队友在机房睡了一暑假地铺,李书纬,丁启航,黄祯,,False,True,5,664,,+1(75),+(50),-4,,,,+(32),,+(175),,,,+3(252)
552,,武汉大学,哇多麼好的機會啊,肖涵卓,文质彬,吴悠,,False,True,5,667,,+(72),+(87),,+3(244),,,+(19),,+(185),,,,-5
553,,厦门大学,三占从二,宋浩元,江彦韬,陈嘉硕,,False,True,5,668,,+(102),+(123),-1,+(201),-1,-1,+(56),-1,+(186),-1,-1,-7,-14
554,,广东工业大学,qwq,廖家健,冯天翔,欧俊希,,False,True,5,670,,+1(54),+(72),,-2,,,+(24),,+(182),,,,+2(278)
555,,武汉理工大学,力扣大神,李晨,俞烨宸,李意峰,,False,True,5,671,,+(93),+(60),,-3,,,+(20),,+(209),,,,+2(249)
556,184,集美大学,远方,洪韩毅,陈华弘,廖杰如,,False,True,5,672,,+(50),+(60),,-1,,,+(15),,+(139),,,,+6(288)
557,,华南师范大学,江南行者,熊铮煌,李建新,陈育瀚,,False,True,5,674,,+3(122),+(71),,,,,+(39),,+1(160),,,,+(202)
558,,东北大学,东北大学_你是一只猫娘,孙祥坤,卢逸衡,张天一,,False,True,5,676,,+2(91),+(38),,-1,,,+(24),,+(199),,,,+5(184)
559,185,北京师范大学香港浸会大学联合国际学院,Westlake Cufish,关越,杨博涵,吕路遥,,False,True,5,682,,+2(54),+(30),-2,-2,,,+(22),,+7(147),,,,+3(189)
560,186,惠州学院,时茧织光,冼健民,孙昊,吴海杰,,False,True,5,682,,+(74),+(69),,,-3,,+1(31),,+(101),,,,+5(287)
561,187,厦门大学嘉庚学院,普通和理所当然是什么,孙硕,吴宇轩,卓子翔,,False,True,5,683,,+(37),+(48),,,,,+(9),,+1(187),,,,+11(162)
562,,吉林大学,夏日空调幻想时刻,周浩宇,朱明昊,王福峥,,False,True,5,683,,+3(76),+(56),+2(262),,,,+1(36),,+(133),,,,-7
563,,湖南大学,凌空摘星,朱潇庸,刘博文,陈梵,,False,True,5,691,,+(48),+2(137),,-2,,,+(24),,+1(225),,,,+1(177)
564,,山东大学（威海）,进击的奶龙,温泽林,陈汶泽,赵禹权,,False,True,5,691,,+1(75),+(36),,-5,,,+(16),,+1(161),,,,+6(243)
565,188,上海海洋大学,牢铁传说之陨落的天才,张华文,庄勇腾,杨镇宇,,False,True,5,693,,+(55),+(69),,,,,+(24),,+(235),,,,+2(270)
566,,华东师范大学,例方体,蓝寒,韦思成,陶雨捷,,False,True,5,694,,+(46),+1(68),-2,,,,+(18),,+1(194),,,,+3(268)
567,,齐鲁工业大学,还没到六点，早安你个头,张宸维,杨梓睿,国展源,,False,True,5,694,,+1(80),+(94),-6,,,,+(13),,+(134),,,,+3(293)
568,,杭州电子科技大学,2025杭电9队,黄泽彬,金品曦,吴晨涛,,False,True,5,696,,+1(57),+2(102),-3,-1,,,+(19),,+(210),,,,+3(188)
569,,北京化工大学,WA时在做什么,倪亚伦,常钦保,林梓沛,,False,True,5,696,,+(56),+(63),,,,,+(31),,+1(265),,,,+1(241)
570,,中国矿业大学,宇宙兄弟,严川浙,周博岩,唐嘉诣,,False,True,5,698,,+(103),+1(73),,,,,+(18),,+(280),,,,+(204)
571,,福州大学,福大4队,傅世杰,何顺康,何楚杰,,False,True,5,700,,+2(86),+(43),,+(263),,,+(28),,+(240),,,,-2
572,,厦门大学,打铁还需自身硬,彭泽喜,吴俊豪,王业盛,,False,True,5,700,,+2(44),+(62),+(248),-1,,,+(23),,+1(263),,,,-5
573,,西南科技大学,植物大战僵尸 杂交版,钟妍,刘诗璐,柯涵,,False,True,5,700,,+(103),+(57),-4,+2(266),,,+(23),,+1(191),,,,
574,,香港科技大学广州,无限罚时制,王智渊,黎志凌,陈志屹,,False,True,5,701,,+1(240),+(42),+1(147),,,,+(33),,+(199),,,,
575,,山东大学,wa自动机,吴思宁,宋佳奇,杨卓,,False,True,5,702,,+4(85),+1(159),-2,-10,,,+1(31),,+(166),,,,+(141)
576,,湖南科技大学,湖南科大三队,旷豪杰,易刚,张帅,,False,True,5,703,,+(85),+(46),,-2,,,+1(32),,+1(217),,,,+4(203)
577,,西南民族大学,SMU2504,詹宁康,张楚豪,苗家纯,,False,True,5,703,,+1(136),+(91),,-2,,,+(30),,+1(169),,,,+(237)
578,,华中科技大学,真的没摆烂,郭际泽,李凌凯,赵佳义,,False,True,5,704,,+(19),+(125),-1,+2(194),,,+(22),,+2(264),,-7,,-7
579,,东北大学,东北大学_氕氘氚氦氖氩氪氙氡鿫,吴皓天,施禛祾,李天宇,,False,True,5,704,,+(80),+(32),,,,,+(24),,+(264),,,,+3(244)
580,,大连理工大学,逆元,刘博文,刘兆洲,连茗暄,,False,True,5,708,,+1(85),+(81),,-2,,,+(30),,+2(204),,,,+2(208)
581,,安阳工学院,让我AC好不好,刘浩楠,张金博,冯鼎,,False,True,5,708,,+(105),+(72),,,,,+(31),,+(173),,,,+4(247)
582,,齐鲁工业大学,江盼流星雨,姜润超,陈安昕,高照翔,,False,True,5,711,,+(94),+1(102),-5,,,,+(18),,+(184),,,,+3(233)
583,,西北工业大学,学1维数组写2次剩余运行4次得8个警告16个错误余32根头发,涂思亮,陈玟,吴天烨,,False,True,5,711,,+2(140),+(33),,+(271),,,+(17),,+1(190),,,,-11
584,,中国科学技术大学,调试鸭,叶梓文,刘子轩,沈锴航,,False,True,5,713,,+1(113),+1(185),,,,,+(18),,+(178),,,,+3(119)
585,,同济大学,路边三条,王梓彦,严梓杰,陈志宇,,False,True,5,713,,+(57),+1(90),,-2,,,+(23),,+(127),,,,+9(216)
586,,华南师范大学,一路向南,于昊炜,曾祥康,朱宬华,,False,True,5,713,,+(73),+1(106),,,,,+(29),,+(194),,,,+(291)
587,,四川大学,今晚来我床上打舞萌中二,黄叙豪,石童鸣,唐闻博,,False,True,5,717,,+2(68),+1(80),-4,,,,+(20),,+(195),,,,+1(274)
588,,南京邮电大学,njupt25team006,曾援,周希明,宋名玮,,False,True,5,718,,+(88),+(90),,,,,+(39),,+(144),,,,+6(237)
589,,华南农业大学,三个键盘手也能组一辈子的乐队吗,谭伟杰,颜乾彪,陈钢,,False,True,5,719,,+(67),+(95),-3,,,,+(21),,+(206),,,,+3(270)
590,,电子科技大学,UESTC_MatchaParfait,孙博林,滕鎧泽,李鸣宇,,False,True,5,719,,+(38),+(50),,-1,,,+(43),,+(183),,,,+6(285)
591,,中国科学技术大学,氯化银,尹思源,林绍棠,何书宇,,False,True,5,720,,+(207),+(99),-2,+(171),,,+(28),,+2(175),,,,-17
592,189,信息工程大学,新旬拔队,林万新,张裕颉,丁钧铖,,False,True,5,720,,+2(98),+(49),,,,,+1(25),,+(131),,,,+3(297)
593,,西华大学,鸡蛋糕,石浩楠,先江涛,税小红,,False,True,5,721,,+(97),+1(59),-2,,,,+(30),,+(218),,,,+3(237)
594,,青岛大学,水天一色,杜桂涛,曲培瑶,杨子航,,False,True,5,721,,+2(138),+(64),,-3,,,+(22),,+(168),,,,+2(249)
595,,浙江工商大学,男生ACM单字极品ID,姚益浩,丁豪,邬博丞,,False,True,5,723,,+1(115),+(91),,+(284),,,+(39),,+(174),,,,-7
596,190,鲁东大学,三只珍妮,孙健强,袁正杰,李俊锋,,False,True,5,723,,+1(68),+(86),,+2(289),,,+(17),,+2(163),,,,-28
597,191,杭州师范大学,星弈,王科然,徐鑫懿,林丰,,False,True,5,725,,+(36),+1(84),-1,-3,,,+(26),,+1(214),,,,+3(265)
598,192,贵州师范大学,GZNU1队,李林朔,蒋雨航,黄紫东,,False,True,5,725,,+(64),+3(114),,,,,+(37),,+(164),,,,+1(266)
599,,上海大学,蒟蒻联盟,陈仕杰,戴于洋,包嘉旻,,False,True,5,726,,+4(164),+(35),,-2,,,+(19),,+(197),,,,+2(191)
600,,深圳大学,青春5d0学姐不会梦见ACM少年,徐嘉哲,吴岱琳,冉起,,False,True,5,727,,+2(80),+(68),,-1,,,+(17),,+2(154),,,,+3(268)
601,193,武汉科技大学,赤色风铃,王宇杰,明正阳,左新宇,,False,True,5,728,,+(54),+(72),,,,,+(21),,+1(248),,,,+2(273)
602,,东南大学,梦想成为算法少女,秦绍康,霍光哲,张闰祺,,False,True,5,730,,+2(94),+(43),,,,,+(24),,+(149),,,,+6(260)
603,,华中师范大学,我重生了，这一世我要拿北京金牌娶回zzz,王绪毅,邹卓昂,晏维阳,,False,True,5,732,,+(70),+(73),,-1,,,+(55),,+2(219),,,,+2(235)
604,194,上海第二工业大学,⑨,何易,马建强,马韩明轩,,False,True,5,733,,+(98),+1(70),-5,,,,+(33),,+(157),,,,+8(195)
605,,上海科技大学,队名++;,陈籽安,伍行,何宗原,,False,True,5,734,,+3(145),+1(90),,-4,,,+(40),,+(118),,,,+4(181)
606,,广州大学,比赛时在做什么？有没有AC？可以来debug吗？,郭子锋,同舒泽,黄明海,,False,True,5,744,,+(58),+(94),,+(230),,,+1(60),,+(282),,,,-2
607,,江南大学,我79连上网了 切不动题就用电网惩罚全场,周辰屹,周俊恺,幸峻毅,,False,True,5,748,,+1(69),+(209),,+1(136),,,+1(31),,+2(203),,,,-5
608,195,华东交通大学,真的想不到队名了,涂传俊,张文乾,章瑜华,,False,True,5,750,,+(148),+2(100),-3,,,,+(24),,+(210),,,,+2(188)
609,,北京交通大学,BJTU03,王欣洋,邬健翔,方瑞年,,False,True,5,750,,+(41),+(92),,-2,,,+(20),,+(247),,,,+4(270)
610,,南开大学,缺乏灵感的菇,李佳璞,张宸笛号,黄尚扬,,False,True,5,751,,+3(186),+(92),,,,,+1(17),,+(147),,,,+(229)
611,,中国科学技术大学,Straight into the ACs,栾峻岩,陈天添,娄彦轩,,False,True,5,751,,+1(53),+(63),,,-1,,+(52),,+4(258),,,-1,+2(185)
612,,西北工业大学,总湿摇篮,郭浩然,黄奕轩,王梓恒,,False,True,5,755,,+1(48),+(77),,-6,,,+(59),,+(271),,,,+3(220)
613,,四川大学,你们在干什么喵？在罚时喵！补药罚我时喵！,赵勇哲,晏然,,,False,True,5,756,,+(64),+(103),,,,,+(36),,+1(291),,,,+1(222)
614,,浙江理工大学,兄弟，你怎么还在WA,余江辉,贺宇昊,江子豪,,False,True,5,757,,+1(72),+(77),-1,-2,,,+1(26),,+2(169),,,,+6(213)
615,,中国传媒大学,葬送的acmer与香辛料,李善朔,赵俊凯,余逸阳,,False,True,5,759,,+2(123),+(118),,-1,,,+1(55),,+(154),,,,+2(209)
616,,南京农业大学,没有人比我更懂AC,魏尧选,黄子琰,张博轩,,False,True,5,759,,+1(121),+(44),-1,,,,+(27),,+(223),,,,+5(224)
617,,浙江师范大学,我将以猫形态出击 Gundam Cat,兰博望,周雨星,余健原,,False,True,5,759,,+(106),+(98),,,,,+(37),,+3(212),,,,+(246)
618,,香港中文大學,碼倍強勁,NGUYEN Le Thanh Nguyen,翁泽辉,龙瑞希,,False,True,5,764,,+(64),+1(82),,-5,,,+(45),,+(150),,,,+8(243)
619,196,沈阳理工大学,Silvercloud Dreamer,闻家尉,金礼骁,赵丰满,,False,True,5,764,,+(89),+(62),,-1,,,+2(71),,+(142),,,,+4(280)
620,,天津大学,【已被标记为菜鸡】,韦德敏,刘清源,张纪同,,False,True,5,765,,+(72),+3(143),,+(223),,,+(19),,+1(228),,,,-6
621,,北京邮电大学,RE冒号0,马廷良,周一鸣,吴宗阳,,False,True,5,765,,+(84),+(97),,,,,+(20),,+(209),,,,+3(295)
622,,香港中文大学（深圳）,AC娘单推人,邵辰航,邓沣庭,潘彦,,False,True,5,766,,+2(105),+1(86),,,,,+(27),,+(178),,,,+4(230)
623,,中国科学技术大学,奶龙说的dei,蔡俊成,刘厚振,沈嘉仪,,False,True,5,766,,+1(91),+1(66),,,,,+(29),,+2(232),,,,+4(188)
624,,上海大学,对对对,潘子扬,聂冬亮,吴宇辉,,False,True,5,766,,+3(247),+(72),,,,,+(34),,+1(181),,,,+1(132)
625,,成都信息工程大学,还在为她患得患失吗,张顺军,杨鹏,权雨帆,,False,True,5,766,,+(84),+(40),,-1,,,+(20),,+2(137),,,,+9(265)
626,,山东科技大学,渡鸦号,邢子建,李屹然,宋明翰,,False,True,5,767,,+2(222),+(43),,-1,,,+(20),,+(171),,,,+3(211)
627,197,南昌航空大学,"那一天的算法,算法起来",林培豪,曾钦文,张进超,,False,True,5,768,,+1(47),+(71),,,,,+(23),,+(158),,,,+8(289)
628,198,西南交通大学,蘑女日常,刘俊豪,廖智成,张景暄,,False,True,5,769,,+(71),+(176),-3,-3,,,+1(26),,+1(158),,,,+4(218)
629,,郑州轻工业大学,咪啪啊呜Ciallo喵~,罗立凯,雷祖涛,李嘉硕,,False,True,5,769,,+2(165),+(92),,,,,+(26),,+(150),,,,+1(276)
630,,杭州师范大学,哈哈请冷静,冷题名,黄祺恺,乔迪,,False,True,5,769,,+1(74),+3(95),,-1,,,+(14),,+(138),,,,+4(288)
631,,武汉科技大学,样例过了就AC,施卓凡,荣成,李文卓,,False,True,5,770,,+(113),+1(101),,-2,,,+(24),,+(146),,,,+5(266)
632,,深圳大学,只是参加xcpc就被管家打断了双腿,曾圳烽,吕鹏,潘宝怡,,False,True,5,771,,+(47),+(87),,,,,+(32),,+(232),,,,+6(253)
633,199,南昌大学,雪月花,何超,满曜嘉,吴帅兵,,False,True,5,772,,+1(57),+1(114),,,,,+(28),,+7(295),,,,+1(78)
634,200,中南林业科技大学,CSUFT1,李逢浩,吴梦瑶,周子未,,False,True,5,775,,+(134),+(175),,,,,+1(37),,+(157),,,,+1(232)
635,,成都理工大学,国际漫游,刘俊,杨轩宇,陈宇枫,,False,True,5,779,,+(115),+1(77),,+3(250),,,+(52),,+1(185),,,,
636,,厦门大学,搏至无憾,张楠煌,胡瀚文,陈健宇,,False,True,5,780,,+(37),+(78),,-1,,,+2(69),,+2(180),,,,+4(256)
637,,浙江师范大学,面向样例贪心,陈智,姜翔元,周纪恺,,False,True,5,781,,+2(128),+(142),,-2,,,+1(34),,+(172),,,,+1(225)
638,,香港科技大学广州,那很有生活了,刘芮宇,许博涵,左眩瑞,,False,True,5,782,,+1(120),+1(117),,-2,,,+(22),,+2(211),,,,+2(192)
639,,南开大学,可以和我打一辈子acm吗,陈馨颍,陈伯远,曲恒睿,,False,True,5,785,,+2(128),+(131),,+(216),,,+(27),,+(243),,,,-5
640,,中国传媒大学,return inv(wa);,范金旭,杜可,刘钰,,False,True,5,787,,+(66),+(81),,-4,,,+(25),,+(223),,,,+5(292)
641,,中国计量大学,樱梦殇,赖俊文,倪晓宇,李熠轩,,False,True,5,788,,+1(67),+1(111),,,,,+(27),,+1(199),,,,+3(264)
642,,杭州师范大学,去玛尼那买只小鸡取名叫AC,黄焰,吴睿萱,尤馨然,,False,True,5,788,,+1(104),+(77),,,,,+(18),,+2(226),,,,+1(283)
643,,杭州电子科技大学,2025杭电12队,吴俞寰,林苏阳,潘俊龙,,False,True,5,789,,+2(74),+(61),,-1,,,+(28),,+5(295),,,,+1(171)
644,201,商丘师范学院,重在参与队,贵玢睿,郑豫,刘冰珂,,False,True,5,790,,+1(100),+(126),,,,,+(37),,+1(190),,,,+2(257)
645,,福州大学,福大9队,黄佳鹏,王郑涵,蔡永康,,False,True,5,795,,+(43),+(92),,-3,,,+1(26),,+3(240),,,,+2(274)
646,,中南大学,go学长拒绝wa学弟,廖洋,张卓然,王宇涵,,False,True,5,795,,+1(124),+(59),,,,,+(37),,+1(178),,,,+3(297)
647,,中国科学技术大学,天宁花苑队,林一,王程,马晨柯,,False,True,5,796,,+(105),+(98),,,,,+1(96),,+(257),,,,+2(180)
648,,上海大学,全做不队,郭懿涵,陈亦善,赵文宇,,False,True,5,797,,+1(46),+(83),,-1,,,+(17),,+(142),,,,+10(289)
649,202,长安大学,斑斓色彩,胡艺瀚,钱麦曲,周乐恒,,False,True,5,800,,+6(155),+(88),,+(185),,,+(29),,+1(203),,,,-3
650,,哈尔滨工业大学,长崎不爽世-1,杜宇丰,,,,False,True,5,801,,+(45),+(176),,,,,+1(21),,+(270),,,,+1(249)
651,203,广东东软学院,再拿一个银她就会回来找我,朱梓瀚,黄琳峰,黄炜填,,False,True,5,816,,+2(167),+(93),,,,,+(28),,+(181),,,,+3(247)
652,,哈尔滨工业大学,想成为人类-2,许岩,王君迈,,,False,True,5,816,,+(122),+(97),,,,,+1(32),,+(264),,,,+3(221)
653,,杭州师范大学,尽欣杰力还是做不到吗,黄子力,龚俊杰,黄欣怡,,False,True,5,819,,+3(150),+(69),,+1(217),,,+(34),,+2(229),,,,
654,204,温州商学院,恭喜以上队伍获奖,高展,梁昊翔,沈铖飞,,False,True,5,822,,+2(143),+2(92),,,,,+(26),,+(191),,,,+1(270)
655,205,广东工业大学揭阳校区,彼岸之约,黄浩天,陈煜祺,向宇飞,,False,True,5,824,,+1(74),+(126),,-1,,,+(36),,+(244),,,,+2(284)
656,,信息工程大学,重生之我在信大,蔡智勋,闫国基,赵凌睿,,False,True,5,828,,+2(189),+1(73),,-9,,,+(28),,+(204),,,,+5(174)
657,206,太原理工大学,我有一个绝妙的算法，但空白处太少，我写不下,许星宇,荀思杰,王振琛,,False,True,5,829,,+(97),+(114),-1,,,,+(41),,+2(257),,,,+3(220)
658,,杭州师范大学,楚庾风月,徐浩哲,戴子晟,张俊涛,,False,True,5,830,,+2(113),+(131),,-1,,,+(28),,+(220),,,,+3(238)
659,,上海科技大学,南泵,马锐泽,钟睿丹,周小攀,,False,True,5,833,,+(103),+1(120),,-3,,,+(33),,+1(189),,,,+3(288)
660,207,长江大学,长夜未央,郑建斌,陈迪路,唐祎敏,,False,True,5,834,,+1(69),+(82),,,,,+(33),,+1(206),,,,+8(244)
661,,电子科技大学中山学院,超级卡比呆猫在ICPC现场推广错误贪心,谭昊,徐子希,雷旻屹,,False,True,5,837,,+1(44),+(118),-5,,,,+2(85),,+(131),,,,+7(259)
662,,华南农业大学,想队名这种事情不要啊,陈伟鹏,辛运滋,刘晓宇,,False,True,5,837,,+(76),+(59),,,,,+1(27),,+(205),,,,+8(290)
663,,兰州大学,樱井鹿初雪,吕宁,张潇锋,任宇航,,False,True,5,840,,+3(134),+1(74),,+2(221),,,+1(32),,+2(199),,,,
664,,中国农业大学,CAU_CiAllo University,杨维昊,季楷翔,马铭浩,,False,True,5,847,,+(22),+3(227),-3,,,,+(36),,+2(192),,,,+5(170)
665,208,珠海科技学院,莫队到底对不对,魏子钇,刘潼,杨耀彬,,False,True,5,847,,+(29),+(69),,,,,+(37),,+3(216),,,,+7(296)
666,209,四川农业大学,我们有铁牌,江雅奥,李鑫,刁戈,,False,True,5,848,,+1(61),+(145),,,,,+(36),,+(210),,,,+6(256)
667,,安徽大学,顺境吃圆博，逆境洗澡澡，绝境靠建强,许子桢,吕建强,刘圆博,,False,True,5,849,,+2(70),+(59),,,,,+(13),,+1(190),,,,+9(277)
668,,安徽大学,喵喵喵~,董劲豪,郑皓天,姚天翔,,False,True,5,850,,+4(159),+(71),-5,-3,,,+(21),,+(229),,,,+6(170)
669,210,湖州师范学院,哦！只因多!!!,郑恩祈,候鹏程,王伟翔,,False,True,5,853,,+(60),+(44),-3,-4,,,+1(21),,+2(232),,,,+8(276)
670,,上海科技大学,WACMLE,付余阳光,陈冠宇,李卓轩,,False,True,5,855,,+4(248),+1(159),,+1(96),,,+(29),,+(203),,,,-1
671,,北京工业大学,双翼翱翔,江云天,王赫,刘航奇,,False,True,5,855,,+2(85),+(94),,,,,+1(35),,+2(196),,,,+4(265)
672,,东南大学,汪汪队,吴思源,崔家骏,何航宇,,False,True,5,855,,+1(129),+(46),,-2,,,+(42),,+1(201),,,,+6(277)
673,,江苏大学,Null,杨皓煜,杨润楷,杨宇骞,,False,True,5,859,,+2(73),+(32),,,,,+(19),,+(256),,,,+12(199)
674,,山东理工大学,果宝特攻,李彦硕,马新皓,姚翰洋,,False,True,5,859,,+2(126),+(72),,-1,,,+(17),,+2(267),,,,+2(257)
675,211,成都锦城学院,樱花泪,程义威,邓力豪,杨哲,,False,True,5,861,,+3(138),+(102),,-1,,,+1(28),,+(227),,,,+2(246)
676,212,江西财经大学,阳光彩虹不白码,陶金杰,李承志,李润卓,,False,True,5,862,,+1(193),+(44),,-1,,,+(42),,+(223),,,,+3(280)
677,,河南师范大学,天天向上,刘资成,刚毅,赵恒,,False,True,5,862,,+4(136),+(50),,,,,+(15),,+(227),,,,+3(294)
678,,西安电子科技大学,GXB，我们喜欢你,陈奕玮,洪怀博,邓思哲,,False,True,5,866,,+1(86),+1(216),-3,+4(255),,,+(16),,+(173),,,,-1
679,,暨南大学,卡常概念神人们,陈梓宏,周嘉杰,王睿鑫,,False,True,5,868,,+5(193),+(71),,+(286),,,+(35),,+(183),,,,-19
680,,南京信息工程大学,异世界编程使者,姜钟珩,王欣悦,陈东,,False,True,5,871,,+2(50),+(79),-5,-3,,,+(43),,+(210),,,,+8(289)
681,213,大连理工大学盘锦校区,亡命之徒,杨镇熙,陈嘉佑,曹瀚文,,False,True,5,877,,+2(167),+(35),,-7,,,+(30),,+(238),,,,+5(267)
682,214,山东农业大学,人闲桂花落,范鹏,陈文达,刘祥健,,False,True,5,878,,+3(185),+(116),,,,,+1(32),,+(201),,,,+(264)
683,215,湖南涉外经济学院,俩菜一蛋,曾庆伟,杨轩,彭胜,,False,True,5,881,,+(146),+1(109),,,,,+1(48),,+1(249),,,,+(269)
684,,吉林大学,栈深不知处,毛胜超,王星皓,石津豪,,False,True,5,883,,+2(92),+(62),,,,,+(30),,+3(230),,,,+5(269)
685,,山东大学（威海）,ACM笑传之冲冲榜,张民科,秦修元,叶增耀,,False,True,5,890,,+4(242),+1(70),,,,,+(23),,+(176),,,,+(279)
686,,四川大学,想学水利水电工程,冯朝航,蔡相渔,陈燚,,False,True,5,892,,+(86),+1(133),,-2,,,+(36),,+(254),,,,+5(263)
687,,电子科技大学,UESTC_封榜后北伐,黄雪锋,丁柏宇,晋睿博,,False,True,5,894,,+2(120),+1(118),-1,+3(280),,,+(20),,+1(216),,,,-5
688,,天津大学,玩三角洲玩的,黄文聪,王煜杰,山武弘,,False,True,5,896,,+2(143),+(50),,-3,,,+(18),,+2(218),,,,+5(287)
689,,哈尔滨工程大学,Cia修啊噗llo派～(∠・ω< )⌒☆,赵文定,冯望,杨一鸣,,False,True,5,899,,+3(94),+1(157),,-1,,,+(24),,+3(199),,,,+1(265)
690,216,陕西师范大学,恒卷时刻,张雨涵,勾治华,毛英灿,,False,True,5,903,,+2(114),+(73),,,,,+(28),,+2(223),,,,+5(285)
691,,北京林业大学,万一给我们创对了呢,杨昊田,张森柏,杨尧天,,False,True,5,904,,+6(229),+(36),,,,,+(24),,+(184),,,,+1(291)
692,,浙江科技大学,看不懂英文,朱睿哲,赵科竣,杨佳涵,,False,True,5,909,,+(121),+2(119),,-2,,,+(20),,+1(189),,,,+7(260)
693,217,合肥工业大学,合工大1队,王腾昊,舒雨飞,谢麒翰,,False,True,5,911,,+3(146),+(77),,,,,+(55),,+3(224),,,,+2(249)
694,,杭州师范大学,调和线束,温从锭,张卓,何敏璐,,False,True,5,919,,+4(186),+2(153),,,,,+(46),,+(207),,,,+1(187)
695,,香港科技大学广州,火龙果队,王子翔,黎殷豪,王浩然,,False,True,5,921,,+1(48),+3(107),,-17,,,+1(54),,+1(271),,,,+3(261)
696,,深圳技术大学,SZTU_云中锦书,徐鑫,杨丰瑜,张可怡,,False,True,5,922,,+(154),+2(90),,,,,+1(30),,+1(205),,,,+4(283)
697,218,沈阳师范大学,今夜，星光灿烂,章传亮,谌致远,李文杰,,False,True,5,923,,+2(75),+(93),,,,,+(16),,+(269),,,,+7(290)
698,,同济大学,重生之不可以总司令,韩昊苏,宋瑞,武煦,,False,True,5,926,,+1(92),+1(87),,-2,,,+2(28),,+(185),,,,+10(254)
699,219,山东管理学院,暮光闪闪,梁勋浩,卢明煜,纪佳礼,,False,True,5,927,,+1(72),+(50),,,,,+2(24),,+3(191),,,,+11(250)
700,220,湖北大学,涉海蜉蝣,朱俊好,冯念杰,黄博,,False,True,5,929,,+5(191),+(44),,-3,,,+(20),,+(180),,,,+7(254)
701,221,成都东软学院,到底是谁过了英语四级啊,吴庭信,王俊喆,金玉琳,,False,True,5,935,,+8(213),+(69),,,,,+(42),,+(191),,,,+1(240)
702,,华东师范大学,combo,陈泽康,张博凯,王语晴,,False,True,5,957,,+4(215),+(52),,,,,+(26),,+(240),,,,+4(264)
703,,郑州大学,郑大队伍6,姬冠成,毛睿,陈年澎,,False,True,5,964,,+2(93),+(101),,,,,+1(66),,+1(237),,,,+5(287)
704,,成都信息工程大学,鼠鼠大王,韦彦祖,魏章博,莫政君,,False,True,5,966,,+1(156),+(91),,-3,,,+1(61),,+(190),,,,+8(268)
705,,中南民族大学,offer四面八方来,刘宽,李子安,方可,,False,True,5,967,,+6(169),+(54),+1(289),,,,+(19),,+2(256),,,,
706,,天津工业大学,良田满穗,侯仁正,李翊萌,应嘉宇,,False,True,5,972,,+2(101),+1(82),-1,,,,+1(26),,+1(200),,,,+11(243)
707,,中国矿业大学,三只煤球想成金,杜重阳,吴帅,倪浩宸,,False,True,5,974,,+(52),+1(287),,,,,+(62),,+(230),,,,+3(263)
708,,华中科技大学,本队名因违规已被删除,梁彦伦,邢钦典,李思远,,False,True,5,984,,+(76),+5(254),,+1(296),,,+(18),,+(220),,,,-2
709,222,广东技术师范大学,阿伟从小就很可爱,黄宇凡,李苇森,邝钟焱,,False,True,5,986,,+1(23),+2(84),,,,,+4(75),,+(263),,,,+7(261)
710,223,武昌首义学院,数论能不能放过我这一次,汤龙飞,李明辉,褚佳丽,,False,True,5,1000,,+2(200),+(57),,,,,+(26),,+(180),,,,+10(297)
711,,中国科学技术大学,失去梦想变成猫猫猫,涂建鹏,朱雨田,何煜恒,,False,True,5,1003,,+5(202),+1(125),-1,-1,,,+1(22),,+1(149),,,,+3(285)
712,,兰州大学,黄河远上白云间,邵逸帆,吴平,时哲涵,,False,True,5,1016,,+5(170),+(126),,-3,,,+(14),,+3(247),,,,+1(279)
713,224,新疆大学,宝宝呼啦圈,于文硕,吴华威,雍景雄,,False,True,5,1018,,+1(147),+(141),,,,,+1(34),,+2(291),,,,+2(285)
714,,重庆邮电大学,流离之人追逐幻影,欧阳馨,任明乾,孙艺恒,,False,True,5,1025,,+4(190),+(53),,-1,,,+(24),,+(152),,,,+12(286)
715,225,合肥大学,Amusing  Cat,杨仕超,吕文杰,许志航,,False,True,5,1032,,+(118),+(166),,,,,+(17),,+2(257),,,,+8(274)
716,,西南科技大学,香尼乐铁汁,陈亮旭,吴子杨,童博文,,False,True,5,1042,,+4(134),+1(83),,-1,,,+(40),,+4(215),,,,+6(270)
717,,兰州大学,驾着马车的OIer,马良,张皓然,万全,,False,True,5,1044,,+5(278),+(137),,-2,,,+2(68),,+2(227),,,,+1(134)
718,226,福建师范大学,π的暗面,熊依婷,吴铠东,廖子涵,,False,True,5,1060,,+4(181),+(75),,,,,+(34),,+2(265),,,,+5(285)
719,227,浙江广厦建设职业技术大学,歪比巴卜,叶智豪,尚淇淇,余凯,,False,True,5,1065,,+9(228),+(58),,,,,+1(37),,+(212),,,,+3(270)
720,228,重庆城市科技学院,冰舞的祈愿,吴广平,张鲜慕,陈季尤,,False,True,5,1073,,+6(110),+(49),,-5,,,+3(34),,+3(231),,,,+7(269)
721,229,哈尔滨理工大学,HRBUST1,陈子权,黄策,王哲学,,False,True,5,1095,,+2(137),+(46),,,,,+(21),,+5(213),,,,+12(298)
722,,大连理工大学,dlut02,蒋承峻,蔡卓轩,潘逸涵,,False,True,5,1104,,+2(152),+(235),,,,,+2(57),,+2(205),,,,+3(275)
723,,南京信息工程大学,鲤鱼移动的速度是二米每秒,栗雨,刘思奇,何文煜,,False,True,5,1105,,+2(130),+6(270),,-2,,,+1(30),,+(261),,,,+1(214)
724,,香港科技大学广州,请输入文本,梁君豪,刘秋悦,张思达,,False,True,5,1106,,+5(295),+1(104),,-1,,,+1(22),,+2(173),,,,+5(232)
725,,广东工业大学,呜哇,陶齐晖,林鸿永,侯宇鹏,,False,True,5,1117,,+5(129),+(88),,,,,+3(31),,+6(291),,,,+4(218)
726,,云南大学,/kill @e,史哲轩,唐嘉骏,姜凡,,False,True,5,1127,,+3(158),+1(201),+(291),,,,+4(73),,+2(204),,,,
727,,中国石油大学（华东）,UPC2053,杨皓月,陈淑雯,王世宇,,False,True,5,1129,,+4(271),+2(153),,,,,+(17),,+(185),,,,+5(283)
728,,华南农业大学,比赛没一个是醒的,邓皓泽,黄卓铭,李炫彰,,False,True,5,1131,,+2(138),+3(235),,,,,+2(31),,+2(293),,,,+2(214)
729,,大连理工大学,dlut04,汪瀚声,吴胤祺,孟家祺,,False,True,5,1133,,+9(247),+(76),,-1,,,+1(26),,+1(233),,,,+2(291)
730,230,怀化学院,又幻想了,郑岳桓,孟正浩,陈皓,,False,True,5,1136,,+2(91),+(41),,,,,+(29),,+8(267),,,,+11(288)
731,,中国科学技术大学,静蓝,杨思汗,马亦凡,李翰阳,,False,True,5,1136,,+(123),,,+1(181),,,+(120),,+2(282),,,,+4(290)
732,,长沙理工大学,神马都是浮云,王凯旋,易子寒,李欢麒,,False,True,5,1139,,+6(247),+(46),,,,,+1(50),,+2(240),,,,+6(256)
733,231,南通大学,复制粘贴,牛小帅,陈乾,魏炜宸,,False,True,5,1204,,+4(226),+(165),,,,,+1(20),,+(180),,,,+11(293)
734,,浙大城市学院,二三四,许航杰,宋珂鑫,林盛,,False,True,5,1205,,+1(149),+(32),,,,,+1(16),,+8(285),,,,+13(263)
735,,中国矿业大学,不想仅通过样例,陈思澎,周天翊,李文全,,False,True,5,1206,,+8(263),+(80),-5,,,,+3(65),,+4(243),,,,+2(215)
736,,新疆大学,宝了个贝的,张立,邱桐,陶文喆,,False,True,5,1258,,+2(98),+14(219),,,,,+(73),,+1(232),,,,+5(196)
737,232,成都大学,妹相随～黑白世界的缤纷冒险～,万名森,赵嘉源,冉天祺,,False,True,5,1293,,+2(119),+(79),,-2,,,+(14),,+(186),,,,+28(295)
738,,中国科学院大学,红雨瓢泼泛起了回忆怎么潜,石曜铭,尤俊翔,吕安哲,,False,True,4,220,,+(37),+(67),,-3,,,+(10),,+(106),,,,-3
739,233,汕头大学,黑手冲锋队,朱星宇,方松杰,刘瀚元,,False,True,4,224,,+(48),+(39),-1,,,,+(16),,+(121),,,,
740,,北京林业大学,创4我算了,付耀刚,张锦秀,周欣潼,,False,True,4,257,,+(39),+(42),,-2,,,+(33),,+(143),,,,-1
741,234,阜阳师范大学,爆裂黎明,张鹏程,严航,刘欣怡,,False,True,4,271,,+1(57),+(39),,-2,,,+(19),,+(136),,,,
742,,山东大学,不万元申万的,张讯,彭麟翔,荆昱熹,,False,True,4,282,,+1(62),+(62),,-4,,,+(35),,+(103),,,,-14
743,,南京邮电大学,njupt25team003,熊鼎,杨珈懿,耿嘉泽,,False,True,4,287,,+(65),+(44),-11,,,,+(22),,+(156),,,,-8
744,235,西安邮电大学,网络赛,毋至晨,薛昊坤,周剑鑫,,False,True,4,287,,+(38),+(49),,-1,,,+(35),,+(165),,,,-10
745,,吉林大学,火箭毛毛虫,康德润,刘雅奇,程宇星,,False,True,4,289,,+(52),+(54),,-2,,,+(26),,+(157),,,,-8
746,236,青岛理工大学,哈气之路,付俊潇,方同俊,姚淅文,,False,True,4,291,,+(45),+(52),,-2,,,+(42),,+(152),,,,-7
747,,山东理工大学,唐龙历险记,安鹏飞,徐煜峰,吴宇威,,False,True,4,303,,+(62),+(41),,,,,+1(23),,+(157),,,,-12
748,,山东理工大学,熵减新生,刘超,袁烨,张俊,,False,True,4,304,,+1(83),+(50),-1,,,,+(25),,+(126),,,,-4
749,,天津大学,调一下午还不队,周北辰,王心桐,刘泽培,,False,True,4,317,,+(77),+(48),,,,,+(16),,+(176),,,,
750,237,上海海事大学,放学后Algorithm time,常缪洋,顾以为,郑天罡,,False,True,4,328,,+(45),+(66),,,,,+(13),,+1(184),,,,-3
751,,山东大学,分形黄昏,卢俊宇,郑睿杰,林星宇,,False,True,4,329,,+(65),+(59),,-3,,,+(14),,+1(171),,,,-3
752,,山东理工大学,夜航星,汤星宇,吕宏业,吴文斌,,False,True,4,330,,+(42),+(59),,-2,,,+(28),,+1(181),,,,-12
753,,华东师范大学,在上海天文馆会遇到临港小企鹅吗,李俊辰,陈涵,张潮,,False,True,4,333,,+(66),+(57),,,,,+(22),,+(188),,,,-4
754,238,河北工业大学,曼波曼波,刘弈廷,李瀚文,黄思惟,,False,True,4,334,,+2(90),+(29),,,,,+(13),,+(162),,,,-15
755,,西南民族大学,SMU2502,俞欣,韦慧欣,俞铭泽,,False,True,4,339,,+(60),+(88),,,,,+(32),,+(159),,,,-6
756,,河南大学,雨,朱德良,陈俊峰,刘永斌,,False,True,4,340,,+1(100),+(51),,,,,+(31),,+(138),,,,-13
757,,江西财经大学,关注红烧猪猪头喵,李鑫,肖俊杰,彭俊杰,,False,True,4,342,,+1(113),+(35),-4,,,,+(27),,+(147),,,,
758,,福州大学,福大3队,饶凯辰,官瑜,肖羽石,,False,True,4,342,,+1(77),+(28),-1,,,,+(16),,+1(181),,,,-5
759,,北京师范大学,poly狗,王思潮,丁余健,姚述军,,False,True,4,343,,+1(47),+(102),,,,,+(27),,+(147),,,,-9
760,,北京邮电大学,MC启动,谭斯允,姜博然,李健,,False,True,4,343,,+(35),+(80),,,,,+(42),,+(186),,,,
761,,济南大学,风鹏万里,刘峰旭,屠泽伟,文铿,,False,True,4,345,,+(51),+(55),,-1,,,+(38),,+1(181),,,,-1
762,,河北工业大学,三年级,黄锦翔,高泽文,黄文,,False,True,4,346,,+1(75),+(30),,-11,,,+(14),,+(207),,,,
763,,南京信息工程大学,今天也是随机做题的一天,余天成,刘城垚,李鸿硕,,False,True,4,348,,+(29),+1(84),,,,,+(39),,+(176),,,,-1
764,239,苏州工学院,菜狗之我要重生,戈心宇,丁钰铸,宋顾嘉,,False,True,4,350,,+2(86),+(71),,,,,+(17),,+(136),,,,-2
765,,广州大学,无条件相信草神,杨逍,王承宇,谢宇峰,,False,True,4,350,,+1(64),+(44),,-7,,,+1(35),,+(167),,,,
766,,西南交通大学,天地一家大爱盟,苏永康,宋向坤,魏晟伦,,False,True,4,351,,+1(83),+(76),,,,,+(63),,+(109),,,,-24
767,240,三峡大学,三大1队,冯成宽,吴世恺,吴潇,,False,True,4,352,,+(65),+(82),,-3,,,+(27),,+(178),,,,-2
768,,杭州师范大学,散落飘零,潘铖棋,詹伟,邓量,,False,True,4,354,,+1(61),+(124),-5,,,,+(46),,+(103),,,,-4
769,,华中农业大学,闪光袋鼠哥哥,雷博琦,胡泽宇,艾子鸣,,False,True,4,355,,+2(96),+(73),,-2,,,+(17),,+(129),,,,-9
770,,福州大学,福大5队,张仁杰,洪佳盛,林宏宇,,False,True,4,356,,+1(39),+(56),,,,,+1(34),,+1(167),,,,-3
771,,浙江科技大学,土申王,金昀,祝嘉豪,祁佳乐,,False,True,4,359,,+(55),+(80),,-1,,,+(30),,+(194),,,,-14
772,,南京工业大学,AC一题就算win,张伯衡,蔡家豪,胡成超,,False,True,4,360,,+1(48),+(82),,-3,,,+(18),,+(192),,,,-2
773,,南通大学,屠零,王见祖,仝乾,俞丞,,False,True,4,360,,+(60),+(77),,-1,,,+(30),,+(193),,,,-6
774,,华中科技大学,仿生Huster会梦见电子野猪吗,陈子澍,李叙儒,代康琪,,False,True,4,362,,+3(150),+(49),-1,,,,+(23),,+1(60),,,,-7
775,,河南农业大学,压缩猫饼,张鹏举,王浩宇,刘伟,,False,True,4,363,,+3(95),+(37),,-2,,,+(11),,+(160),,,,-4
776,,浙大城市学院,AC控,虞子琰,易仁喜,吴锦豪,,False,True,4,366,,+(112),+(56),,,,,+(31),,+1(147),,,,-8
777,241,辽宁大学,月影宵行,高斐鸿,庞宇呈,夏宇杰,,False,True,4,366,,+1(72),+(92),,,,,+(24),,+(158),,,,-15
778,242,广西师范大学,哦吼吼吼吼吼,王功磊,詹炜翔,李娇娇,,False,True,4,366,,+(98),+(63),,,,,+(27),,+(178),,,,-13
779,,西南交通大学,西南交舞萌dx同好会,陈义达,郑浩,洪宇成,,False,True,4,367,,+(100),+(53),-1,-3,,,+(37),,+1(157),,,,-20
780,,上海科技大学,不知道什么队,田洋,岳明琨,程逸悠,,False,True,4,369,,+2(78),+(83),-1,-2,,,+(26),,+(142),,,,-8
781,,山东大学,1010011010演都不演了,彭震楠,张美伦,王炳旭,,False,True,4,369,,+2(70),+(27),,,,,+(17),,+2(175),,,,-11
782,243,南京师范大学,反抗勾勾联盟,马澎飞,王子晨,宋智增,,False,True,4,369,,+(103),+(50),,-3,,,+(32),,+(184),,,,-1
783,,青岛理工大学,把我的汉堡还给我！,王鹏宇,吴秀彦,刘敬苛,,False,True,4,369,,+(72),+(87),,,,,+(18),,+(192),,,,-3
784,244,江苏科技大学,样例能过我就交,韩天睿,梅宇杰,朱永康,,False,True,4,370,,+(95),+(51),,,,,+(23),,+(201),,,,-10
785,,莆田学院,口胡金牌题,许庆华,龚磊,柳永康,,False,True,4,371,,+(33),+1(55),,,,,+(19),,+1(224),,,,-3
786,,河南理工大学,蛋仔派队,李博,赵彪,李子恒,,False,True,4,373,,+(94),+(42),,,,,+(22),,+1(195),,,,-1
787,,天津大学,WA不哇塞,赵文瑞,张文正,陈文韬,,False,True,4,376,,+1(77),+(62),,-3,,,+(38),,+(179),,,,-1
788,,浙江工商大学,为什么大家都在膜拜吴神因为他帅,贾伊阳,吴雨航,廖赢煜,,False,True,4,377,,+2(104),+(58),,,,,+(14),,+(161),,,,-5
789,,杭州电子科技大学,2025杭电13队,蔡兴宇,王策,吴朝阳,,False,True,4,379,,+(96),+(95),,,,,+(15),,+(173),,,,
790,,云南大学,维什戴尔实在是太吃操作了,张鑫宇,马永琦,林知非,,False,True,4,379,,+(79),+(94),-2,-2,-1,,+(32),,+(174),,,,
791,245,延安大学西安创新学院,BY.小羊驼,杨拓丹,邢颖琪,刘佳一,,False,True,4,380,,+(100),+(60),,-2,,,+(37),,+(183),,,,
792,,中国矿业大学（北京）,云淡风清,王晨,周发顺,徐靖涵,,False,True,4,380,,+(76),+(50),,,,,+(24),,+(230),,,,-35
793,,浙江农林大学,Blessing,程培哲,潘宇健,罗俊升,,False,True,4,381,,+(68),+(133),,,,,+(18),,+(162),,,,-4
794,,南京邮电大学,njupt25team004,金宇轩,陈子清,陈徐鹏,,False,True,4,384,,+2(51),+(100),,,,,+(28),,+1(145),,,,-6
795,,西南科技大学,No Responds,谢世杰,刘卓志,官畅宇,,False,True,4,384,,+1(92),+(74),-1,-1,,,+(37),,+(161),,,,
796,246,淮北理工学院,来我淮理玩吖,尹洪超,霍宇成,朱宏伟,,False,True,4,384,,+1(118),+(53),,,,,+(20),,+(173),,,,-6
797,,南昌航空大学,无牌不叫,于峰,邹仁杰,赖剑峰,,False,True,4,385,,+1(136),+(52),,-2,,,+(17),,+1(140),,,,-2
798,,南京工业大学,做AK梦,刘珂,盘英章,宋申辉,,False,True,4,386,,+(75),+(58),,-1,,,+(43),,+1(190),,,,-9
799,247,湖南财政经济学院,死手快敲,阳金波,申维聪,张帆,,False,True,4,387,,+(114),+(80),,,,,+(30),,+(163),,,,-9
800,,武汉大学,永恒的武汉大学,李致远,赵天星,田子轶,,False,True,4,388,,+4(87),+(53),-3,,,,+(19),,+(149),,,,-5
801,,南京航空航天大学,星群,徐皓,明昇,李立星,,False,True,4,389,,+1(87),+(92),,,,,+(25),,+(165),,,,
802,,北京邮电大学,我不道啊,陈启元,刘永琰,唐士淼,,False,True,4,390,,+(84),+(64),,,,,+(25),,+1(197),,,,-15
803,,东北师范大学,重生成为侠盗猎车手在斯普拉遁狩猎历战黑蚀龙,林律融,潘可欣,李超平,,False,True,4,391,,+1(100),+(77),,,,,+(16),,+1(158),,,,-9
804,248,西南石油大学,swpu_1,黄茂,龚云飞,霍奂鑫,,False,True,4,392,,+2(110),+(53),-1,,,,+(23),,+(166),,,,-1
805,249,大连民族大学,该起队名了,卜龙宇,郭莹莹,丁维昌,,False,True,4,392,,+(113),+(56),,,,,+(33),,+(190),,,,
806,,北京林业大学,助力六级听力全队,陈昊然,黄泽升,应旭东,,False,True,4,392,,+(106),+(40),,,,,+(23),,+1(203),,,,
807,,哈尔滨工程大学,恩师可爱柚子厨（空间已更新）（已有闺）,夏天,龙敖,刘宸硕,,False,True,4,394,,+(57),+2(79),-2,,,,+(12),,+(206),,,,-10
808,,西南民族大学,SMU2503,项若楚,王杰,李涛,,False,True,4,395,,+2(91),+(43),,-2,,,+(23),,+1(178),,,,-13
809,,浙江农林大学,计算练习生^_^,赵利泺,徐凯杭,熊奕炫,,False,True,4,395,,+1(99),+1(54),,,,,+(24),,+(178),,,,
810,,电子科技大学,UESTC_DebugSimulator,徐立,褚睿极,李文硕,,False,True,4,395,,+2(107),+(39),,,,,+(18),,+(191),,,,-2
811,,东北大学,东北大学_我都可以,林星希,刘佳鑫,刘美妤,,False,True,4,398,,+2(83),+(52),,-2,,,+(22),,+(201),,,,
812,250,扬州大学,柚子醋蒸虾头,余兴正,宋世荣,蒋蠡,,False,True,4,399,,+(64),+(81),,-8,,,+(42),,+(212),,,,-3
813,,长江大学,破晓,纪方嘉,童炎,任文,,False,True,4,400,,+2(53),+(69),,,,,+(40),,+1(178),,,,-14
814,,中国矿业大学（北京）,北矿九队,郭天茁,杨文强,吴瑞阳,,False,True,4,400,,+(77),+(126),,,,,+(19),,+(178),,,,-10
815,,南京信息工程大学,想想,赵柯帆,程天乐,吴家骐,,False,True,4,401,,+1(79),+(105),,,,,+(15),,+(182),,,,-13
816,251,重庆移通学院,願いが叶う場所,李德立,韩世杰,李中冉,,False,True,4,402,,+2(82),+(45),,-3,,,+2(30),,+(165),,,,-13
817,,陕西师范大学,飞天猛威龙带着乌蒙吃和旮旯给木大神在ICPC里摸金,王永政,左祖光,陈明坤,,False,True,4,402,,+(41),+(64),-5,,,,+(18),,+1(259),,,,-3
818,,鲁东大学,愿此行，终抵群星,张瑞哲,,,,False,True,4,403,,+3(77),+1(86),,,,,+(22),,+(138),,,,-1
819,,广东工业大学揭阳校区,深度优先睡眠,邓乃添,夏子豪,,,False,True,4,406,,+(35),+(111),,,,,+(64),,+(196),,,,-2
820,,大连理工大学,我将点燃大海,金晟,时佳骏,蒋佳炀,,False,True,4,407,,+1(115),+1(67),,,,,+(17),,+(168),,,,-3
821,,中国地质大学（北京）,O泡果奶要要要,林珈丞,熊凌玉,秦郅涵,,False,True,4,408,,+1(92),+(33),,,,,+(14),,+2(209),,,,-8
822,,合肥大学,好心态确定一生,叶铠睿,叶咨含,蔡庆喜,,False,True,4,408,,+(84),+(47),,,,,+(25),,+1(232),,,,
823,,西北大学,生命诞生于运动,梁家瑞,朱珈成,罗穰杰,,False,True,4,409,,+(124),+(47),,,,,+1(23),,+(195),,,,-17
824,,武汉理工大学,灵感枯竭,詹万炜,吴习凡,苏文康,,False,True,4,409,,+(48),+(67),,,,,+(17),,+2(237),,,,-2
825,,北京邮电大学,以上队伍通过图灵测试,吴宇锴,施岩焜,李子俊,,False,True,4,410,,+2(110),+(86),,-1,,,+(28),,+(146),,,,-2
826,,广东外语外贸大学,广外1队,麦思睿,梁国祥,王祉乔,,False,True,4,411,,+2(69),+(85),,,,,+(12),,+(205),,,,-9
827,,山东大学（威海）,AC自动基米,张佑,华靖文,王伯源,,False,True,4,411,,+(130),+(45),,,,,+(17),,+(219),,,,-9
828,,华南农业大学,没那么对,江煊杰,钟启航,袁菱,,False,True,4,412,,+1(80),+(72),,,,,+(23),,+(217),,,,-5
829,,南通大学,通脑,赵迪,熊远隆,郑耀,,False,True,4,412,,+(70),+(88),-2,,,,+(20),,+(234),,,,-4
830,,郑州轻工业大学,石中剑,任展麟,董孟欣,胡胜杰,,False,True,4,413,,+(59),+(85),,,,,+(20),,+1(229),,,,-5
831,252,郑州经贸学院,阿比盖尔之花,王哲,席玮辰,张海乐,,False,True,4,414,,+(87),+1(64),,,,,+(25),,+(218),,,,-9
832,,东北大学,东北大学_College_Coding_Boys,乔泽冠,李卓恒,夏子晨,,False,True,4,414,,+1(92),+(36),,-1,,,+(22),,+1(224),,,,-1
833,,武汉理工大学,WA出三室一厅,罗韬,倪锋,杨发通,,False,True,4,415,,+1(112),+(66),,-3,,,+(25),,+1(172),,,,-12
834,,长安大学,重生之憧憬成为菜狗,蒙禹龙,冯瀚文,龙炜枫,,False,True,4,415,,+(72),+(89),,,,,+2(33),,+(181),,,,-4
835,,河南大学,好想玩道德与法治6,张帆,宋明贤,范恒嘉,,False,True,4,415,,+1(70),+2(83),,,,,+(17),,+(185),,,,-4
836,253,天津理工大学,TJUT_抹茶喵芽,李衍硕,成冰阳,陆思成,,False,True,4,416,,+(65),+(99),-3,,,,+2(34),,+(178),,,,-11
837,,青岛理工大学,一键三连了,邢少洋,黄从恺,李若晗,,False,True,4,416,,+1(56),+(60),,,,,+(39),,+2(201),,,,-11
838,254,江汉大学,一手抓竞赛一手抓考研一手抓保研——虽然学校没保研,熊振庭,李尧斐,焦子霖,,False,True,4,419,,+1(74),+(29),,,,,+(16),,+(280),,,,-12
839,,浙江工商大学,超级无敌暴龙战士,郑安乔元,於泊臻,姚心成,,False,True,4,421,,+1(109),+(33),-2,,,,+1(23),,+2(176),,,,-1
840,255,苏州科技大学,诶你最近换新队友了？旧的呢？,贺鹏飞,邹昱,金亮,,False,True,4,421,,+2(96),+(52),,,,,+(32),,+1(181),,,,-4
841,256,北华大学,对右不能左爱,张鑫,秦翔宇,赵文浩,,False,True,4,422,,+1(111),+(60),,,,,+(19),,+1(192),,,,-5
842,,华东师范大学,Rebellion,刘子沛,孙育泉,汪子昊,,False,True,4,422,,+(93),+(70),,-1,,,+(20),,+(239),,,,-9
843,,广西师范大学,哇哈哈哈哈哈,周紫阳,陈毅逊,马振涛,,False,True,4,423,,+(126),+1(73),,,,,+(26),,+(178),,,,
844,,广东工业大学,打灰猫猫虫,徐非池,林琮皓,张炜,,False,True,4,423,,+(50),+(63),,-2,,,+1(87),,+1(183),,,,-2
845,,江西师范大学,嘻嘻，我要赢口牙,张志伟,徐磊,冯尉旺,,False,True,4,425,,+(69),+(49),,,,,+(18),,+4(209),,,,-10
846,257,青岛农业大学,手写的从前,刘世征,王科锦,张方博,,False,True,4,425,,+(110),+(59),,,,,+(26),,+(230),,,,-15
847,,哈尔滨工业大学（深圳）,魔丸降世,樊卓意,牛志洋,李煜恒,,False,True,4,426,,+2(93),+1(43),,,,,+3(52),,+(118),,,,-11
848,258,安徽农业大学,哈基米徳,韩贺宇,陈溪,程洛庆,,False,True,4,426,,+1(95),+(53),,,,,+1(31),,+1(187),,,,-4
849,,浙大城市学院,不如睡大觉,张雪松,颜硕建,谢尚哲,,False,True,4,427,,+4(127),+(35),,-4,,,+(19),,+(166),,,,
850,,长沙理工大学,大白鹅,成捷,曾培翔,夏昱,,False,True,4,427,,+1(108),+(58),,,,,+1(24),,+1(177),,,,-12
851,,广东工业大学揭阳校区,Sumimi,刘子恒,林杰钗,,,False,True,4,427,,+1(49),+1(88),,-2,,,+(32),,+(218),,,,
852,,华中农业大学,天糖制造,张可凡,王思学,刘泽成,,False,True,4,428,,+(100),+(59),,-3,,,+1(39),,+(210),,,,-8
853,,浙江工商大学,以我残躯化烈火,陈林赟,干宸骅,吴天昊,,False,True,4,432,,+(55),+1(74),,-1,,,+1(36),,+(227),,,,-10
854,259,上海师范大学,AI可以取代程序员但无法取代家里蹲,王刚,危祎,王祎慜,,False,True,4,433,,+2(70),+(74),,+1(167),,,+(62),,-4,,,,-3
855,,北京航空航天大学,13级大风,王肖鉴,敬若曦,李东骏,,False,True,4,433,,+(69),,,+(123),,,+(16),,,,,,+2(185)
856,260,青岛科技大学,你们都晒干沉默那我胡吊写了,王景冉,张中正,徐展鹏,,False,True,4,434,,+3(118),+(53),,,,,+(10),,+(193),,,,-20
857,261,烟台大学,魔晶,王守乐,柴守栋,,,False,True,4,435,,+(137),+(86),,,,,+(34),,+(178),,,,-6
858,,北京邮电大学,逐月之城,雷童,吴语乐天,毕皓天,,False,True,4,435,,+1(132),+(70),-2,,,,+(16),,+(197),,,,-9
859,,南京师范大学,重蹈覆辙,周译顺,陆昊宇,徐杰克,,False,True,4,437,,+(46),+1(48),,,,,+(17),,+2(266),,,,-16
860,,河南大学,我要睡觉了,胡靖铭,田沈聪,李耘辉,,False,True,4,439,,+(108),+1(74),,-4,,,+1(56),,+(161),,,,-3
861,262,温州大学,牌入栈 栈溢出,韦乾平,王楚怡,李家诚,,False,True,4,439,,+(92),+1(111),,,,,+(50),,+(166),,,,-3
862,,宁波大学,初音未来-纳西妲-芙宁娜第一可爱喵,杨晨,方梓安,何沐,,False,True,4,440,,+(70),+2(87),,-6,,,+3(68),,+(115),,,,-1
863,263,信阳师范大学,哩哩啦哩啦,宋之涵,付航旗,郭鑫明,,False,True,4,440,,+(93),+1(62),-4,-1,,,+1(34),,+1(191),,,,-2
864,,浙江财经大学,浙江财大3队,邓锦鑫,赵凌杰,蔡成润,,False,True,4,441,,+2(120),+(69),,,,,+(31),,+(181),,,,
865,,武汉纺织大学,零式镇魂曲,林舒乐,饶林辉,张智宇,,False,True,4,442,,+(141),+(61),,,,,+(29),,+(211),,,,-2
866,,广州大学,哈基米南北绿多,李轩,周昊焌,林卓义,,False,True,4,442,,+1(65),+(106),,-2,,,+(32),,+(219),,,,
867,264,江苏海洋大学,好好学习，天天向上,房鸿铭,刘好,孙京权,,False,True,4,442,,+(83),+(53),,,,,+(14),,+2(252),,,,-5
868,265,长春工业大学,风平浪静,叶俊捷,蒋雄,吴贻炫,,False,True,4,443,,+3(96),+(80),,,,,+(53),,+(154),,,,
869,,北京师范大学香港浸会大学联合国际学院,jiangly临时有事由我们来替他捧杯,倪方博,赵泽峰,王孟涵,,False,True,4,445,,+(119),+1(47),,,,,+(29),,+2(190),,,,-4
870,,广东工业大学,AC发电机,何彦憬,郭靖扬,王耀廷,,False,True,4,446,,+(72),+(79),,,,,+(52),,+(243),,,,-6
871,266,湖南工业大学,1,肖明阳,陈旻烨,肖凝果,,False,True,4,448,,+(118),+(97),,,,,+(15),,+1(198),,,,-7
872,,浙江农林大学,我不是黄毛，谁是呢,黄志腾,赵亭旭,陈镇锋,,False,True,4,448,,+1(78),+(63),,,,,+(25),,+(262),,,,-3
873,,河海大学,如果是勇者辛美尔的话一定会AC的,金泽楷,王涵,陈敏树,,False,True,4,449,,+2(153),+(58),,-6,,,+(18),,+(180),,,,
874,,中国人民大学,三人行,孙安江,童奕涵,蔡松洋,,False,True,4,450,,+(88),+2(149),,,,-7,+(23),,+1(130),,,,-2
875,,上海理工大学,证明？向出题人要去吧!,李健,周靖涵,,,False,True,4,450,,+1(86),+(112),,,,,+(53),,+(179),,,,-3
876,,武汉科技大学,您的骑手正在赶往ICPC的路上,杨少坡,杨正午,王祥安,,False,True,4,454,,+1(134),+(64),,,,,+(39),,+(197),,,,-2
877,,华东师范大学,憧憬成为代码强迫传奇大主人,张春晓,袁友保,王佳程,,False,True,4,454,,+1(80),+(86),,,,-14,+(24),,+2(204),,,,
878,267,陕西科技大学,三世同堂,崔宇乐,马凌峰,何科航,,False,True,4,455,,+(133),+2(53),,,,,+(22),,+(207),,,,-11
879,,黑龙江大学,地灵殿刷铁机,连振翔,倪子钧,杨宇轩,,False,True,4,455,,+1(110),+(63),,-2,,,+(38),,+(224),,,,-2
880,,山东大学,芝士队名,吴一豪,王路阳,王政骁,,False,True,4,456,,+1(78),+1(103),,-1,,,+(35),,+1(180),,,,-15
881,268,宁波工程学院,叮咚哈基米,胡一鸣,蔡浩宇,陆弘杰,,False,True,4,456,,+1(74),+(69),,-4,,,+(28),,+3(205),,,,-24
882,,天津大学,你们好啊，我是铁墓，我要感染评测机了,王琳瑄,秦成信,沈陈林,,False,True,4,457,,+1(134),+(96),,-6,,,+(28),,+(179),,,,
883,,江西财经大学,彩虹海,喻琰,肖丛宇,杨源鑫,,False,True,4,457,,+1(97),+(31),-1,,,,+(15),,+5(194),,,,-5
884,,东华大学,猫尾草,刘一杰,占宏,詹子涵,,False,True,4,457,,+(78),+3(103),-4,,,,+(21),,+(195),,,,
885,,贵州大学,ITZY,杨尚卫,宋超,覃思越,,False,True,4,458,,+(118),+(92),,,,,+1(44),,+1(164),,,,-18
886,,广西大学,队名WA2了,郑毅,陈君屹,杜永坤,,False,True,4,458,,+(71),+2(123),,-1,,,+(23),,+1(181),,,,-2
887,,台州学院,学了等于没学,曾阳,陈奕阳,鲍威龙,,False,True,4,458,,+(98),+(113),,,,,+(26),,+1(201),,,,
888,,中南民族大学,哈基高,林俊彦,陈宇轩,魏子杰,,False,True,4,459,,+(64),+(77),,-1,,,+(31),,+2(247),,,,
889,269,中国海洋大学,Auntitled,李好,马子杰,杨恩睿,,False,True,4,459,,+(65),+(109),-1,-1,-1,-1,+(23),-1,+(262),-1,-1,-1,-3
890,,南京信息工程大学,绿色结晶猫,苗睿,王浩,胡永平,,False,True,4,461,,+2(138),+(84),,,,,+(30),,+(169),,,,
891,,浙江工业大学,25ZJUT5,俞佳毅,叶许乐,蒋徐杰,,False,True,4,461,,+1(76),+(118),,,,,+(23),,+1(204),,,,-2
892,,莆田学院,口胡银牌题,沈炜程,何源泉,林兴荣,,False,True,4,461,,+(113),+(50),,,-12,,+(27),,+(271),,,,
893,,南京理工大学,流明猫猫头,谢景帆,郭思易,黄苏闽,,False,True,4,462,,+(105),+(142),,,,,+(22),,+(193),,,,-4
894,,广东工业大学,无限随机,许圣坤,何炜华,吴小鹏,,False,True,4,462,,+(48),+(98),,,,,+(53),,+1(243),,,,-11
895,,华东师范大学,东中国瓷器大学,俞啸海,潘延霖,陈苏杭,,False,True,4,464,,+3(97),+(93),,,,,+(25),,+(189),,,,
896,270,五邑大学,这是什么中专,冯凯翔,黄达聪,李晟熙,,False,True,4,464,,+1(155),+(49),,,,,+(36),,+(204),,,,-3
897,,湖北工业大学,小丑派对,解哲曦,张忆周,梅子恒,,False,True,4,464,,+2(53),+(77),-1,-3,,,+(45),,+1(229),,,,-5
898,271,沈阳化工大学,又活一天,罗祥,刘洪运,杨鹏瑞,,False,True,4,469,,+1(148),+1(66),,,,,+(34),,+(181),,,,-1
899,272,北京理工大学珠海学院,江郎不想才尽,王雅楠,蔡炆沅,杨秋佳,,False,True,4,469,,+3(136),+(32),,,,,+(17),,+(224),,,,-5
900,,武汉理工大学,最速WA传说,徐炳戌,郭逸非,吴一铭,,False,True,4,470,,+(116),+1(56),,,,,+(27),,+3(191),,,,-9
901,,山东师范大学,樱高轻音部,张兴晨,路宇欣,魏淑英,,False,True,4,470,,+1(92),+1(95),,,,,+(30),,+(213),,,,-8
902,,山东大学（威海）,青春蟒蛇少年不会梦到TLE学姐,刘旸,陈甲申,刘艺航,,False,True,4,470,,+1(45),+(104),,,,,+(48),,+1(233),,,,-1
903,273,西安工业大学,zhgg再飞高高,杨忠浩,张超,王伟,,False,True,4,470,,+(146),+(50),,,,,+(29),,+(245),,,,
904,,武汉纺织大学,扣1送金牌,曾繁昊,孙嘉麒,杜康琪,,False,True,4,471,,+(65),+(112),,,,,+(55),,+1(219),,,,-2
905,,广东工业大学,静声,谢嘉骏,许晓喆,袁镇清,,False,True,4,472,,+3(130),+(67),,-2,,,+(32),,+(183),,,,-4
906,,三峡大学,三大2队,宋兴宜,李文娟,隗嘉乐,,False,True,4,472,,+(129),+(72),,-1,,,+(32),,+2(199),,,,
907,,哈尔滨工业大学（威海）,重生之我在哈威wa铁牌,魏贺鹏,胡明聪,周鑫,,False,True,4,473,,+(117),+(126),,,,,+(14),,+2(176),,,,-2
908,,南阳理工学院,没事还有另一队,张飞航,夏圣燕,黎鹏翔,,False,True,4,473,,+(138),+(83),,,,,+(60),,+(192),,,,-9
909,,南阳理工学院,CCZ困难解决小分队,崔恺林,赵益田,陈凯乐,,False,True,4,473,,+(41),+(108),,,,,+(48),,+(276),,,,-5
910,274,深圳职业技术大学,逐光掠影,胡峰贤,陈泽锦,黄勇文,,False,True,4,475,,+1(146),+(41),,-2,,,+(19),,+(249),,,,-5
911,,重庆大学,小青草,林继清,曹泽阳,彭小轩,,False,True,4,475,,+(75),+(78),,-5,,,+(17),,+2(265),,,,
912,,北京邮电大学,三只企鹅,吴俞彤,丁培钊,张哲源,,False,True,4,476,,+(77),+(144),-5,,,,+(23),,+(232),,,,
913,,山东大学,文盲,徐馨兰,袁洪坤,邵雨凡,,False,True,4,477,,+3(153),+(59),-1,-3,,,+1(35),,+(150),,,,
914,,中国传媒大学,嗷呜呜呜,李鑫贺,吕梓扬,常行健,,False,True,4,477,,+(144),+(95),,,,,+(22),,+1(196),,,,
915,,华东理工大学,都怪赵迪起了个能让记分牌缓冲区溢出的破队名害得我们现在不仅要跟 90 年代评测机死磕 O (2^n) 代码还得边吃冷披萨边用 printf 调试时间紧到连改名都来不及只能硬着头皮上队,赵迪,宋安迪,王渝情,,False,True,4,478,,+2(106),+1(84),,,,,+(19),,+1(189),,,,-6
916,,福建理工大学,福建理工大学2队,汤宏彬,周世杰,郑少豪,,False,True,4,478,,+1(71),+(53),-3,,,,+(29),,+4(225),,,,-2
917,,暨南大学,我需要vscode,林旭升,钱曼怡,何卓恒,,False,True,4,478,,+1(73),+(93),,-2,,,+1(45),,+(227),,,,
918,,宁波工程学院,打网络赛被管家活活打断了双腿,陈南丞,叶德坚,郑坚淳,,False,True,4,478,,+(126),+(59),,,,,+(21),,+1(252),,,,
919,275,南华大学,月夕花晨,蔡真宇,唐文婕,林颖,,False,True,4,479,,+4(157),+(46),-2,,,,+(26),,+1(150),,,,-1
920,,山东科技大学,柏勒洛丰号,张铭睿,徐学辉,朱继涛,,False,True,4,479,,+3(138),+(78),,,,,+(21),,+(182),,,,
921,,长江大学,深海探索者大战旭日宝宝,柯业鑫,周旭,张为晖,,False,True,4,479,,+(27),+2(89),,-1,,,+(33),,+3(230),,,,
922,276,黄冈师范学院,好喜欢你怎么办,刘闻科,张舒恒,周康禧,,False,True,4,480,,+3(82),+(48),,-2,,,+(18),,+3(212),,,,-5
923,277,重庆文理学院,队长没过4级,田康乐,刘泽凝,张柒鑫,,False,True,4,480,,+(118),+(62),,-1,,,+(27),,+2(233),,,,-2
924,278,无锡学院,不会起名队,李志豪,张万里,吴梓平,,False,True,4,481,,+1(116),+1(78),,,,,+2(41),,+(166),,,,-2
925,279,南阳师范学院,蒟蒻想拿名额,黄雯建,闵龙隆,黄景焜,,False,True,4,481,,+3(100),+1(90),,-7,,,+(30),,+(181),,,,-9
926,280,韩山师范学院,玫瑰常开警告常在,黄梓颍,黄子彪,韩健笙,,False,True,4,481,,+(150),+(69),,,,,+(40),,+(222),,,,-4
927,,福建师范大学,超级飞侠快使用后仰跳投,魏陈源,陈屹城,李舒韩,,False,True,4,481,,+1(126),+(37),,,,,+(15),,+3(223),,,,
928,,华南师范大学,区间合并,陈华昊,蓝子童,林昊,,False,True,4,482,,+1(66),+(95),,,,-10,+(26),,+2(235),,,,
929,,江西财经大学,没有下次再见吧,黄亦诚,衷铭川,万俊哲,,False,True,4,483,,+2(77),+1(64),,-1,,,+(15),,+2(227),,,,
930,,中南民族大学,关注华黎卡喵！关注华黎卡谢谢喵！,张宇豪,冯钰航,赖臣霖,,False,True,4,483,,+(59),+(91),,,,,+1(35),,+1(258),,,,-7
931,,惠州学院,那年人杰地灵,钟剑益,刘培烁,刘炫桐,,False,True,4,484,,+1(64),+(102),,,,,+(34),,+2(224),,,,-10
932,,厦门大学嘉庚学院,帕斯,孟高奇,陈晴,徐露,,False,True,4,485,,+3(128),+(99),,,,,+(27),,+(171),,,,-22
933,,东北大学秦皇岛分校,蓦然回首,龚唯涵,尚昀飞,陈天文,,False,True,4,485,,+2(153),+(87),,,,,+(25),,+(180),,,,-9
934,,云南大学,残虹,王毅豪,李健阳,张祖翊,,False,True,4,485,,+(110),+1(119),-6,,,,+(35),,+(201),,,,-19
935,,台州学院,我不吃AC,严忠楠,何俊豪,曹景程,,False,True,4,487,,+1(143),+(120),,,,,+(24),,+(180),,,,-3
936,,成都信息工程大学,说好的幸福呢,廉镓明,王鑫,孟庆虎,,False,True,4,487,,+(125),+(81),,,,,+(31),,+1(230),,,,-10
937,,东南大学,我最不会起名了,李睿佳,魏思远,覃业明,,False,True,4,488,,+(72),+(132),,,,,+2(45),,+(199),,,,-4
938,281,衡阳师范学院,WA就是AC,戴璐瑶,郑庆,万嘉超,,False,True,4,491,,+(93),+(73),,,,,+(16),,+5(209),,,,-3
939,282,四川师范大学,写都写了，交一发吧,唐宇,武恒,李嘉乐,,False,True,4,491,,+1(66),+1(105),-1,,,,+(19),,+1(241),,,,-4
940,,湖州师范学院,像正式演出那样练习，像练习那样正式演出,孙新皓,金凯杰,欧阳许多,,False,True,4,492,,+(47),+(62),,,,,+(39),,+4(264),,,,-10
941,,宁波大学,时间紧任务重,赵翰韬,黄博翼,汪博,,False,True,4,493,,+1(136),+(71),,-1,,,+(37),,+3(169),,,,-2
942,,湖南工业大学,3,池龙辉,王道威,赵佳豪,,False,True,4,494,,+1(153),+(74),,,,,+(43),,+(204),,,,-6
943,,哈尔滨理工大学,HRBUST9,张昊,周浩宇,王慈恩,,False,True,4,494,,+(151),+(51),,,,,+(27),,+2(225),,,,-7
944,283,井冈山大学,dora一拳打死猫猫虫,王琼,徐明,杨文源,,False,True,4,495,,+1(131),+(123),,-3,,,+2(34),,+(147),,,,-5
945,,上海理工大学,自由曲面,丁晓强,孙乐彦,严子安,,False,True,4,497,,+3(110),+(48),,-3,,,+(23),,+3(196),,,,-2
946,284,桂林电子科技大学,1000-7,曹轩玮,廖飞扬,王靖凯,,False,True,4,498,,+2(112),+(128),,,,,+(50),,+(168),,,,-4
947,,西南科技大学,当然！当然！当然！,程立坤,唐娅东,黄浩翔,,False,True,4,498,,+1(96),+(126),,,,,+(44),,+1(192),,,,-2
948,,集美大学,我样例过了,林敬炜,林卓毅,王志珑,,False,True,4,499,,+1(130),+1(110),,,,,+1(22),,+(177),,,,
949,,深圳大学,躺赢狗,岑健锋,熊鑫辉,张楠,,False,True,4,499,,+3(74),+2(75),-6,-3,,,+(25),,+1(205),,,,-8
950,,浙江财经大学,浙江财大2队,赵子腾,王鑫宇,何益繁,,False,True,4,499,,+3(161),+(49),,,,,+(15),,+(214),,,,-2
951,,武汉大学,这是一个很重要的问题,苏雨硕,杨博文,陈明德,,False,True,4,500,,+3(156),+(78),,,,,+(21),,+(185),,,,-16
952,,西南交通大学,奶龙不想WA,杨浩然,林泽宇,吴嘉伟,,False,True,4,501,,+3(97),+(58),-1,,,,+(26),,+(260),,,,-16
953,285,乐山师范学院,我怎么可能成为acmer，不行不行！,曾绍武,陈曦,李沐翰,,False,True,4,502,,+(59),+(74),,,,,+(104),,+2(225),,,,-2
954,,北京科技大学,测试点全队,庞明宇,刘昊明泽,康伊德,,False,True,4,502,,+2(113),+(62),-1,,-5,,+(22),-1,+2(225),-1,-1,-7,-3
955,,衡阳师范学院,蓝色夜晚的记忆,王葡豪,冯世杰,谢成,,False,True,4,503,,+2(112),+1(73),,,,,+(21),,+1(217),,,,-14
956,,北京科技大学,打酱油,何开煜,,,,False,True,4,503,,-9,+(49),,+2(219),,,+(25),,+1(150),,,,-2
957,286,大连东软信息学院,algo学长这招太狠了,李双阳,贺宣宁,任彦成,,False,True,4,503,,+2(152),+(49),,,,,+(18),-1,+1(224),-1,-1,-1,-4
958,,上海理工大学,随机起名,周正杰,胡术淇,周天昊,,False,True,4,505,,+1(56),+(70),,,,,+(23),,+4(256),,,,-8
959,,四川大学,重生之全都能做队,唐文可,王凯睿,张翰辰,,False,True,4,507,,+1(88),+(172),-3,-2,,,+(19),,+3(148),,,,
960,,广东工业大学,AC手动机,高泽彤,关泽霖,许铭宇,,False,True,4,507,,+1(159),+(100),,,,,+(25),,+(203),,,,-5
961,,中国科学院大学,动态数组,张高翔,张家诚,陈麒安,,False,True,4,508,,+3(113),+(50),,-7,,,+(35),,+2(210),,,,-4
962,287,武汉工程大学,我想吃掉你的金牌,乔翊展,邓文豪,曾宪理,,False,True,4,510,,+4(98),+(120),,,,,+(23),,+1(169),,,,-8
963,,华南师范大学,四世同堂——计院版,李寿炜,严雍泽,吴彪生,,False,True,4,510,,+2(142),+(109),,,,,+(33),,+(186),,,,-9
964,288,河南科技大学,难铜的最后一舞,张旭,谢沛哲,郑怡飞,,False,True,4,511,,+1(165),+(63),,-2,,,+(27),,+(236),,,,-1
965,,北京化工大学,只要爆搜就能队,曾福根,孙佳斌,鲍涵,,False,True,4,512,,+1(106),+(125),,,,,+(28),,+1(213),,,,
966,,福建理工大学,福建理工大学3队,陈少鹏,张杰昊,刘翔华,,False,True,4,512,,+2(157),+(46),,-1,,,+(11),,+2(218),,,,
967,,大连民族大学,我们有个队员六级没过哈哈哈,乌汗图,王发兴,徐永琦,,False,True,4,513,,+3(136),+(75),,,,,+1(43),,+(179),,,,-5
968,,湖南大学,繁花落尽，心中仍留花落的声音。一朵，一朵，在无人的山间轻轻飘落。,文卓,唐怡,陈云,,False,True,4,513,,+1(115),+2(76),,,,,+(30),,+(232),,,,-3
969,,上海理工大学,你不是会变红色吗？变给我看啊！,李俊毅,周博涵,王嘉程,,False,True,4,514,,+1(90),+(80),,-5,,,+(31),,+1(273),,,,-5
970,,哈尔滨工程大学,不故障机器人使用创造性AI创造WA,李泽东,张艺凡,徐子煊,,False,True,4,515,,+(94),+(89),-1,,,,+(31),,+4(221),,,,-1
971,,重庆邮电大学,3G联盟,冯禹杰,汪炜杰,林新雨,,False,True,4,517,,+(161),+1(95),,,,,+(55),,+(186),,,,-5
972,,北京化工大学,牢码队,伍宸,程泽华,王松浩,,False,True,4,517,,+(116),+1(152),,,,,+(34),,+(195),,,,-1
973,,西南科技大学,还是人类吗,郄启,武艺嘉,冯鑫,,False,True,4,517,,+(113),+1(58),,,,,+1(24),,+3(222),,,,-4
974,289,江西理工大学,中二病也要AC,华振峰,钟伟,罗健,,False,True,4,518,,+2(92),+(127),,,,,+(27),,+(232),,,,-6
975,,浙江广厦建设职业技术大学,给我们名额吧，我们真的想旅游,陈硕,陈道磊,曹政业,,False,True,4,519,,+(89),+4(118),,,,,+(17),,+(215),,,,-7
976,,哈尔滨理工大学,HRBUST4,谢天城,王芷安,李黛希,,False,True,4,520,,+1(125),+(48),,,,,+(28),,+1(279),,,,-1
977,290,徐州工程学院,奶龙宝宝巴士,陈光雨,尹基胜,顾宇燿,,False,True,4,521,,+1(104),+(138),,,,,+1(45),,+1(174),,,,-8
978,,成都信息工程大学,稳博,王梓鉴,刘俊材,何晨曦,,False,True,4,521,,+(114),+(148),,,,,+(36),,+(223),,,,
979,,河海大学,LGBTQIPKDXUSACM,马王丰,肖爱伦,林煜斌,,False,True,4,521,,+2(108),+(51),,,,,+1(20),,+1(262),,,,-3
980,,东北大学秦皇岛分校,洛森指针,曹耀仁,聂恒,曾凡一,,False,True,4,522,,+2(166),+(106),,,,,+(30),,+(180),,,,-4
981,,哈尔滨工程大学,起个人类队名吧球球了,郭奕辰,李昀轩,欧阳龙池,,False,True,4,522,,+1(106),+(145),,-3,,,+(37),,+(214),,,,
982,,湖南大学,瓦学弟的打铁之旅,邱琼林,蔡芸涛,刘继云,,False,True,4,523,,+8(224),+(71),,-1,,,+(20),,+(48),,,,-8
983,,北京师范大学香港浸会大学联合国际学院,新世纪树猫上树,赵浩然,杨睿果,陈劭延,,False,True,4,523,,+2(191),+(44),,-1,,,+(17),,+(231),,,,-4
984,,哈尔滨工业大学（威海）,教练我不想再wa了,庄则栋,郑怡恒,杜中坤,,False,True,4,524,,+2(72),+2(121),-1,,,,+(17),,+2(194),,,,-2
985,,北京理工大学,编程小纵队,刘逸彬,张之杰,李旭邦,,False,True,4,524,,+(116),+(71),,,,,+(38),,+2(259),,,,-7
986,291,南京林业大学,长夜月,苏锦翔,唐俊峰,许子由,,False,True,4,525,,+2(137),+(94),,,,,+1(51),,+(183),,,,-11
987,292,华北水利水电大学,打铁的命，AC的心,王加燊,何嘉斌,张哲,,False,True,4,525,,+1(191),+(80),,,,,+(37),,+(197),,,,-5
988,,广州大学,宵宫流萤,陈思翀,曹志成,张正浩,,False,True,4,526,,+1(145),+(147),,-1,,,+(31),,+(183),,,,
989,,浙大宁波理工学院,浙大宁理1队,丁智宇,叶仲豪,刘佳乐,,False,True,4,526,,+1(136),+(77),,,,,+2(62),,+(191),,,,-9
990,,东北大学,东北大学_必码温,钟炳毅,唐俊杰,王浩旸,,False,True,4,526,,+(139),+(73),,,,,+2(71),,+(203),,,,-2
991,,南阳理工学院,H神酱味大鸡,马帅,袁鑫晨,哈欣,,False,True,4,526,,+(145),+(67),,,,,+1(29),,+2(225),,,,-2
992,,中国地质大学（武汉）,拖拖拉拉会变成拖拉机,江烁,李泽文,魏忠强,,False,True,4,527,,+(97),+(123),,,,,+(44),,+(263),,,,-11
993,,湖南科技大学,湖南科大四队,江宇,马思忱,芦建辉,,False,True,4,529,,+2(95),+2(134),,,,,+(28),,+1(172),,,,-7
994,,苏州工学院,黎明之声,方思珩,马鸿建,刘易,,False,True,4,529,,+1(65),+(88),,,,,+(23),,+7(193),,,,
995,293,浙江水利水电学院,咕噜咕噜,邵宇鹏,郑子龙,李云龙,,False,True,4,529,,+(88),+(105),,,,,+1(33),,+3(223),,,,-2
996,,中国民航大学,分母,孟维浩,闵安迪,宋梦雨,,False,True,4,531,,+2(156),+(74),,,,,+(24),,+2(197),,,,-5
997,,湖北工业大学,备用机位,周奕昊,祝浩,张哲,,False,True,4,532,,+4(168),+(42),,,,,+(24),,+1(198),,,,-7
998,,深圳技术大学,SZTU_鸡砖挖掘机,王正,张家乐,许榕鑫,,False,True,4,532,,+1(153),+(59),-1,,,,+(24),,+(276),,,,
999,,南阳理工学院,九个臭皮匠,吴佳轩,史嘉琳,赵静冉,,False,True,4,532,,+2(126),+(57),,,,,+(22),,+(287),,,,
1000,,华南师范大学,三百五十四种番茄炒蛋的做法,王紫凡,梁琼尹,张楚阳,,False,True,4,533,,+(76),+(100),,,,,+2(63),,+2(214),,,,
1001,,中国传媒大学,天衣无缝,马博浩,张雨姗,朱思彤,,False,True,4,533,,+1(125),+(94),,,,,+(34),,+2(220),,,,
1002,,哈尔滨理工大学,HRBUST8,冉渝旭,王春龙,刘名洋,,False,True,4,533,,+3(131),+(55),,,,,+(21),,+2(226),,,,-1
1003,,西南大学,星海,蒋天逸,李尹棋,李倬君,,False,True,4,533,,+(71),+1(54),,,,,+1(23),,+4(265),,,,-7
1004,294,哈尔滨理工大学（荣成）,长征1队,董骐睿,赵兴广,晁鲁,,False,True,4,534,,+(67),+1(110),,,,,+2(98),,+(199),,,,-11
1005,,新疆大学,星恒开曙色,夏健翔,蒋佳宇,侯雅虹,,False,True,4,534,,+4(164),+(43),,,,,+(34),,+(213),,,,
1006,,长江大学,代码复仇者,袁宇轩,吕奕含,张瑜,,False,True,4,536,,+5(124),+(29),,,,,+(15),,+4(188),,,,-13
1007,,吉林大学,白毛红瞳小萝莉,何旭,林辰旭,林钰博,,False,True,4,536,,+1(179),+(116),,,,,+(17),,+(204),,,,
1008,,南京师范大学,gogogo粗发咯,陈竹阳,许添,胡立,,False,True,4,536,,+1(169),+(74),,-1,,,+(27),,+1(226),,,,
1009,,合肥工业大学,合工大2队,王熠辉,张麒麟,程云哲,,False,True,4,536,,+1(92),+(77),,,,,+(23),,+4(244),,,,-9
1010,,浙江工商大学,奈落圆舞曲,王暾,曾大君,薛道民,,False,True,4,536,,+1(170),+(65),,,,,+(27),,+(254),,,,
1011,,温州大学,温大一队,陈宇锋,何卓睿,莫皓翔,,False,True,4,537,,+3(144),+(123),,,,,+(30),,+(180),,,,-19
1012,295,石家庄铁道大学,测试账号⑨,陈林埒,徐傲,刘宇恒,,False,True,4,537,,+(114),+(96),,,,,+(44),,+1(263),,,,-12
1013,,中国计量大学,倒影,陈柄宇,方志伟,赵星亮,,False,True,4,538,,+2(127),+1(81),-1,,,,+2(34),,+1(176),,,,-2
1014,,山东科技大学,白羊号,吴佳璇,冯湛博,杨永智,,False,True,4,538,,+1(120),+(148),,,,,+(36),,+1(194),,,,-6
1015,,烟台大学,评测机的那边是AC,张云卓,刘奇,杨奇,,False,True,4,538,,+1(192),+(60),,-1,,,+(32),,+(234),,,,
1016,296,阿坝师范学院,南蛮入侵,胡航,刘付焮,冯浩,,False,True,4,539,,+2(136),+(77),,,,,+(27),,-9,,,,+1(239)
1017,,吉林大学,幻日,刘鑫宇,龙麒旭,杨翔宇,,False,True,4,540,,+(98),+(135),,,,,+(62),,+1(225),,,,-5
1018,,成都信息工程大学,一千零一,首汉卿,王宇欣,李永康,,False,True,4,541,,+1(123),+(99),,,,,+(57),,+1(222),,,,-5
1019,,浙江理工大学,三个方块人一台戏,汪明,邱方正,汤宇涛,,False,True,4,542,,+3(116),+1(101),,,,,+1(34),,+(191),,,,
1020,,山东大学（威海）,是谁在叫我宝宝,靳可欣,郑甫,殷越,,False,True,4,543,,+2(97),+1(163),,,,,+(24),,+(199),,,,
1021,,兰州大学,请允许我再交一发,任墨涵,马泽文,王浩翔,,False,True,4,543,,+(168),+(63),,,,,+(22),,+(290),,,,-6
1022,,临沂大学,2,宋承洋,夏新志,张保阔,,False,True,4,544,,+1(126),+(64),,-2,,,+1(42),,+2(232),,-1,-1,-6
1023,,浙江师范大学,"主包,主包,这一次能拿牌吗?",金涵博,汪暄暄,陈佳宜,,False,True,4,544,,+1(71),+(87),,,,,+1(24),,+4(242),,,,-7
1024,,浙江科技大学,葫芦大金刚,华浩天,钱炎峰,曾梦楠,,False,True,4,544,,+(159),+(77),,,,,+(37),,+1(251),,,,
1025,,浙江万里学院,一方通行,傅炫瑜,朱勤涵,吴翱丞,,False,True,4,545,,+1(72),+1(120),,,,,+(41),,+1(252),,,,-1
1026,,南京大学,爆搜挂着机，打表出省一,吴同,沈诺,张哲城,,False,True,4,546,,+4(152),+(93),,,,,+(27),,+(194),,,,-20
1027,,天津工业大学,贪心全靠猜,韩奕霖,吴一凡,姚盛源,,False,True,4,546,,+(131),+1(164),,,,,+(16),,+(215),,,,
1028,,鲁东大学,卤蛋栋梁,朱乐民,陈真棒,王义超,,False,True,4,547,,+(131),+1(116),,,,,+1(38),,+1(202),,,,-14
1029,,中国地质大学（武汉）,请输入文本,鲍炳辰,刘耀楠,王佳豪,,False,True,4,548,,+(140),+(157),,,,,+(38),,+(213),,,,-4
1030,,新疆大学,TQL,邱开崟,田野,刘宇轩,,False,True,4,550,,+3(151),+(61),,,,,+2(29),,+(209),,,,-24
1031,,中国海洋大学,结束乐队,汪希,刘翼晨,汤琦,,False,True,4,552,,+(113),+(71),,,,,+(20),,+4(268),,,,
1032,,河南师范大学,我有一计,翟景旺,王兴浩,孙家琪,,False,True,4,554,,+(100),+1(183),,,,,+(30),,+(221),,,,
1033,,西安工业大学,敢同恶鬼争高下，不向霸王让寸分,邓琦文,肖兴隃,施昺琛,,False,True,4,554,,+4(110),+(42),,-3,,,+(13),,+4(229),,,,-29
1034,297,武汉轻工大学,whpu01,肖子龙,余伟琦,程子豪,,False,True,4,555,,+3(165),+(64),,,,,+(32),,+1(214),,,,-5
1035,,湘潭大学,湘大八队,胡宇豪,谭毅恒,欧阳嘉骏,,False,True,4,555,,+2(167),+(67),,,,,+(27),,+(254),,,,
1036,,西南科技大学,喵喵队,谭淇匀,王思咏,刘星宇,,False,True,4,560,,+(188),+(70),,,,,+1(48),,+(234),,,,
1037,,北方工业大学,流光碎影,黄梨宸,程鹏,张鑫洋,,False,True,4,560,,+2(175),+(59),,,,,+(29),,+1(237),,,,-6
1038,,江西农业大学,枕月听风,万家林,刘益平,殷智宇,,False,True,4,561,,+4(142),+(51),,,,,+(37),,+3(191),,,,-12
1039,,中国石油大学（华东）,UPC2011,王一同,徐烨,林嘉伟,,False,True,4,561,,+4(154),+1(76),,,,,+(18),,+1(193),,,,
1040,298,东华理工大学,破晓星,魏嘉豪,熊永荣,涂嘉乐,,False,True,4,561,,+1(154),+(64),-1,,,,+(25),,+4(218),,-1,-1,-1
1041,,华南理工大学,SCUT第零店,袁昊朗,陈弘毅,郑理耀,,False,True,4,562,,+1(92),+(98),,,,,+(29),,+2(283),,,,-7
1042,,惠州学院,寒蝉鸣泣之时,梁浩霆,余德滢,陈润,,False,True,4,563,,+3(182),+(65),,,,,+(26),,+(230),,,,
1043,,华南理工大学,不要哇,张驰铖,谭勤智,何旭禹,,False,True,4,565,,+4(231),+(57),+1(152),,,,+(25),,-3,,,,
1044,,西安理工大学,风与天空,周杨,齐思远,李明泽,,False,True,4,565,,+3(144),+(46),,,,,+(26),,+1(269),,,,
1045,299,湖北汽车工业学院,草莓蓝莓树莓芒果杨桃百香果,李振超,陈奥,陈子扬,,False,True,4,566,,+3(209),+(61),,,,,+1(49),,+2(127),,,,
1046,,成都信息工程大学,BanG Dream! It's MyALGO!!!!!,陈礼烨,吴沂谦,常旭海,,False,True,4,566,,+3(74),+1(103),,,,-13,+(14),,+2(255),,,,-5
1047,,江苏科技大学,纯爱战士,朱一可,王富庆,张明峰,,False,True,4,568,,+5(163),+(74),,,,,+(31),,+(200),,,,-6
1048,,山东科技大学,赤城号,王世奇,黄涛,周景然,,False,True,4,569,,+5(154),+1(74),,,,,+(24),,+(197),,,,-2
1049,,吉林大学,罚时天王,钟姝伶,鞠学深,李雨隆,,False,True,4,569,,+4(160),+(70),,,,,+(21),,+2(198),,,,-7
1050,,东北大学秦皇岛分校,代码斩杀使-芙莉莲,钱祺亮,刘浩然,何宇,,False,True,4,570,,+(150),+(78),,-1,,,+1(54),,+1(248),,,,
1051,300,中国石油大学北京克拉玛依校区,三个绿名,蔡昊烨,邬圣锋,刘佳一,,False,True,4,571,,+1(92),+1(199),,-4,,,+(58),,+2(142),,,,-8
1052,301,东北农业大学,那一天的咕咕嘎嘎嘎嘎咕咕起来,郝孝彬,王策翔,王亚男,,False,True,4,571,,+2(119),+1(78),,,,,+(41),,+3(213),,,,-10
1053,,武汉大学,春日延长计划,胡方驰,万博文,陈茂源,,False,True,4,573,,+1(119),+(132),,,,,+2(57),,+(205),,,,-15
1054,302,西华师范大学,倒着ac,卢银强,王亦飞,何杨,,False,True,4,573,,+2(162),+(90),,,,,+(64),,+(217),,,,
1055,303,泉州师范学院,0123456789,王嘉铭,崔韩磊,阳捷,,False,True,4,573,,+3(254),+(38),-5,,,,+(18),,+(203),,,,
1056,,湖南工业大学,5,陈艺鹏,邓景福,吕彦希,,False,True,4,576,,+1(173),+(106),,,,,+(62),,+(215),,,,-13
1057,,山东大学,AC是检验真理的唯一标准,林怡炜,罗浩铭,庞绍旗,,False,True,4,577,,+1(150),+1(159),,,,,+(28),,+(200),,,,
1058,,苏州大学,不会计数,周子尧,李宇杰,范宇辰,,False,True,4,578,,+2(87),+(142),-11,,,,+1(65),,+(224),,,,
1059,,中国矿业大学,AC永动机,温家豪,刘梓轩,朱翠峰,,False,True,4,578,,+1(145),+(148),,,,,+1(16),,+(229),,,,-7
1060,,北方工业大学,代码不会WAWA叫,邱睿,黄子迪,王浩轩,,False,True,4,578,,+(160),+1(106),,,,,+(55),,+(237),,,,
1061,,江南大学,无牌转生，来到ACM就拿出真本事,徐兢,陈一鸣,杨学钊,,False,True,4,578,,+2(89),+(157),,-3,,,+(27),,+(265),,,,
1062,304,广东金融学院,哥布林之家,郭庆,陈优彬,林子健,,False,True,4,579,,+2(186),+1(74),,,,,+(33),,+(226),,,,-5
1063,305,北京师范大学珠海校区,天然愚蠢,蔡泽俊,周大智,何晋熙,,False,True,4,580,,+2(162),+(154),,,,,+(25),,+(199),,,,-5
1064,,中国传媒大学,爱WA还是Go,李萌,卢嘉诚,梁峻搏,,False,True,4,581,,+(131),+2(89),,,,,+1(38),,+1(243),,,,-4
1065,306,昆明理工大学,天青色,姚舜禹,樊睿,程继飏,,False,True,4,583,,+3(158),+2(107),,,,,+(26),,+(192),,,,-9
1066,307,山东财经大学,起名不比算法简单,宋家浩,钱玮浩,潘文驰,,False,True,4,583,,+(146),+3(87),,,,,+(50),,+1(220),,,,-5
1067,,北方工业大学,样例收割机,刘屹鸥,徐华泽,张阳扬,,False,True,4,584,,+4(149),+(104),-30,,,,+(47),,+(204),,,,
1068,308,北京印刷学院,中国出版大学,张玉龙,陈孟哲,郭音,,False,True,4,584,,+(186),+(86),,,,,+(65),,+1(227),,,,-7
1069,,安徽大学,神秘WA学弟,李子涵,高源,吴元斌,,False,True,4,585,,+1(123),+(102),,,,,+1(35),,+3(225),,,,-8
1070,309,福建农林大学,熊羊-fans,刘雄豪,严其旺,陈明扬,,False,True,4,585,,+3(177),+(54),,,,,+(17),,+2(237),,,,-3
1071,,江西财经大学,三人驭六丸,钟明皓,周君,詹宇飞,,False,True,4,585,,+5(145),+(40),,,,,+(15),,+2(245),,,,-1
1072,,长春理工大学,是长理不是厂里,罗卫泽,徐瑞奇,骆柏荣,,False,True,4,586,,+1(107),+1(85),,+2(290),,,+(24),,-3,,,,-12
1073,,中国民航大学,基本演绎法,李林芮,姚远,马佳昶,,False,True,4,587,,+(91),+(124),,,,,+1(49),,+2(263),,,,-5
1074,,南京邮电大学,njupt25team009,王魁博,马思博,王淦禄,,False,True,4,587,,+3(129),+(116),,,,,+(19),,+(263),,,,
1075,,黑龙江大学,飞屋历险记,肖梦圆,魏全宏,信自强,,False,True,4,588,,+3(194),+(52),,,,,+(25),,+1(237),,,,-1
1076,,江西农业大学,你的存在是一个奇迹,罗光明,胡艺,贺子豪,,False,True,4,590,,+3(122),+1(151),,,,,+(35),,+1(182),,,,-5
1077,,山东大学,想吃冰工厂,毛洋洋,侯佳昊,刘少卿,,False,True,4,590,,+3(176),+(125),,,,,+(32),,+(197),,,,-3
1078,,江西财经大学,证明!!!,王翔,吴星乐,肖辅霖,,False,True,4,594,,+2(100),+4(83),,,,,+(41),,+2(210),,,,-3
1079,,北京化工大学,再临,范力烨,江浩,周好,,False,True,4,594,,-18,+(127),,+(231),,,+1(38),,+(178),,,,-3
1080,,南阳理工学院,但恨花开晚,张雷鸣,姜良超,杨利恒,,False,True,4,597,,+1(85),+(98),,-1,,,+2(27),,+4(247),,,,-9
1081,,湖南大学,蝴蝶穿花,陈明哲,李知夏,萧楚寒,,False,True,4,598,,+(115),+(72),,,,,+1(29),,+5(262),,,,-6
1082,,暨南大学,无敌暴力战士,彭子超,郑力华,李金,,False,True,4,599,,+3(166),+(66),,,,,+1(44),,+1(223),,,,-5
1083,,福建农林大学,想打一辈子算法竞赛,林子成,林学士,陈峰玮,,False,True,4,599,,+(65),+(115),,,,,+1(71),,+4(248),,,,-5
1084,,西南财经大学,枚举连接大脑，暴力代替思考,张玲玲,胡泽滨,杨富贵,,False,True,4,599,,+2(155),+(67),,,,,+(34),,+2(263),,,,-1
1085,,北京邮电大学,注意力涣散导致的,梁浩然,王晨阳,周弋然,,False,True,4,600,,+3(94),+(72),,-1,,,+(47),,+4(247),,,,
1086,,中国海洋大学,养马王,杨辰方,马英硕,王佳昊,,False,True,4,600,,+2(102),+1(144),,,,-4,+(37),,+(257),,,,-4
1087,,山东科技大学,亚特兰蒂斯号,张高鸣,郭一鸣,李卓航,,False,True,4,601,,+2(109),+(135),,,,,+2(59),,+1(198),,,,-7
1088,,华中师范大学,T34-灰风,刘孟谦,彭雅晨,杨璟欣,,False,True,4,601,,+4(152),+(63),,,,,+(35),,+1(251),,,,
1089,310,内蒙古工业大学,希远,李耀,苏耀文,刘天祥,,False,True,4,603,,+(112),+(127),,,,,+3(52),,+1(232),,,,
1090,,新疆大学,iron medal show show way,张家豪,李昊宇,马凯,,False,True,4,605,,+1(142),+(164),,,,,+(51),,+(228),,,,-1
1091,,济南大学,重生之世界代码能力降低一万倍,王基懿,丁子祥,孙孟琦,,False,True,4,606,,+2(178),+(57),,,,,+(27),,+3(244),,,,
1092,,哈尔滨工程大学,队里只有一只二刺猿所以起名还是问fufu吧¿,赵艺凯,李焱冉,万德俊,,False,True,4,606,,+2(122),+(109),,-2,,,+(54),,+1(261),,,,-2
1093,311,广州软件学院,你软唯一一个吃不到罚时红利的队伍,陈文定,陈平俊,黄智源,,False,True,4,609,,+6(177),+(57),,-2,,,+(33),,+1(202),,,,-17
1094,,浙江理工大学,这题真做不队,张峻松,苏沛铭,柴春阳,,False,True,4,609,,+3(135),+(61),,,,,+2(42),,+(271),,,,-6
1095,,中国民航大学,空指针指向我的心,罗凯,汪林辰,宋禹,,False,True,4,610,,+1(156),+5(121),,,,,+(31),,+(182),,,,-4
1096,,香港城市大学（东莞）,CityUHK 不是 CUHK,李冉曦,张佳俊,邓捷,,False,True,4,613,,+6(156),+(35),,,,,+(19),,+3(223),,,,-3
1097,312,武汉学院,汪汪吕吕队,刘佳,沈济操,徐式飞,,False,True,4,614,,+6(130),+(52),,,,,+1(34),,+2(218),,,,-2
1098,,西安电子科技大学,封榜的135秒,吴宜放,郭立轩,江俊宇,,False,True,4,614,,+1(208),+(79),,,,,+(44),,+1(243),,,,-1
1099,,阜阳师范大学,金银铜,束明伟,石道成,方鼎,,False,True,4,614,,+1(186),+(60),,-1,,,+3(40),,+(248),,,,-7
1100,313,燕山大学,燕大1队,申达,计凯喆,王思达,,False,True,4,617,,+3(99),+(113),,,,,+2(63),,+1(222),,,,-3
1101,,电子科技大学,UESTC_MyCode!!!,杨云皓,余鑫杰,刘子豪,,False,True,4,618,,+3(144),+2(119),,-3,,,+(27),,+1(208),,,,-4
1102,314,佛山大学,粉狗冲鸭,洪凯泰,刘骏学,陈凯鹏,,False,True,4,618,,+(199),+(76),,,,,+2(45),,+1(238),,,,
1103,,广东工业大学,深度睡眠,梁国聚,孔维德,黎甜甜,,False,True,4,619,,+3(185),+(92),-1,,,,+1(45),,+(217),,,,-1
1104,315,山西大学,等我先a个构造去注册,王盛宇,于亚玄,王嘉硕,,False,True,4,619,,+(187),+1(110),,,,,+1(22),,+1(240),,,,-1
1105,,东北林业大学,哈计迷,张连鹏,李辉宇,吴桐,,False,True,4,619,,+4(266),+(68),,,,,+(17),,+(188),,,,-2
1106,,成都大学,CDU2,陈纪元,郭名伟,张凡盛,,False,True,4,619,,+2(175),+(95),,,,,+(35),,+(274),,,,-4
1107,,香港理工大学,爱冲不冲,徐铭悦,付冠赫,周可儿,,False,True,4,621,,+1(95),+(161),,,,,+2(78),,+(227),,,,-2
1108,,东北师范大学,我重生了,梁博芳,张鸿昊,李杰俊,,False,True,4,621,,+1(170),+(97),,,,,+(40),,+1(274),,,,
1109,,南开大学,没想法就用少女乐队,白景仁,张雪柯,巢恒睿,,False,True,4,623,,+3(168),+(68),,,,,+2(95),,+(192),,,,-9
1110,,华南理工大学,ECF,陈泓森,林子尊,王俊杰,,False,True,4,627,,+1(129),+1(202),,,,,+(29),,+(227),,,,
1111,,南京航空航天大学,原子牌锅贴,黄耘青,桑浩然,池明轩,,False,True,4,630,,+1(114),+(206),,,,,+1(36),,+(234),,,,-6
1112,,香港科技大学广州,ICPC速通队,王海彬,张子涵,司徒子瑄,,False,True,4,630,,+1(94),+(222),,,,,+(32),,+(262),,,,-6
1113,,湖南师范大学,师大壹队,陈碧晖,钟秋乐,朱雯娜,,False,True,4,630,,+2(152),+(54),,,,,+(37),,+4(267),,,,
1114,,南京工业大学,小飞机来喽,戴钰宸,王一涵,,,False,True,4,631,,+4(186),+1(150),,,,,+(49),,+(146),,,,-9
1115,,武汉理工大学,少女周末旅行,唐一弘,王起东,刘向奥,,False,True,4,632,,+3(94),+5(129),,,,,+(17),,+(232),,,,-14
1116,,杭州电子科技大学,2025杭电14队,张湛天,黄佳慧,徐天天,,False,True,4,633,,+1(223),+(150),,,,,+(33),,+(207),,,,-3
1117,,深圳职业技术大学,不想打铁,林浩然,侯增豪,周楠,,False,True,4,633,,+3(189),+(53),,,,,+(32),,+1(279),,,,
1118,,华南师范大学,风依旧在,李嘉鼎,林楷楠,,,False,True,4,637,,+1(123),+(93),,,,,+1(72),,+2(269),,,,-4
1119,,郑州轻工业大学,我没意见,陈浩,陈显皓,陈艺杰,,False,True,4,638,,+2(87),+(107),,,,,+(20),,+6(264),,,,-6
1120,316,潍坊学院,我不想再打铁了,杨孟兴,李泉良,徐世恒,,False,True,4,638,,+2(179),+(85),,,,,+1(47),,+(267),,,,
1121,,南华大学,不吃拼好饭,杨泽恩,唐昊辰,潘彦宏,,False,True,4,639,,+4(149),+(109),-2,-2,,,+(28),,+2(233),,,,
1122,,浙江科技大学,这个真好吃 nya ٩(๑´∀`๑)۶,吴家炜,朱哲,陈佳鹏,,False,True,4,639,,+3(150),+(61),,-2,,,+(27),,+5(241),,,,-3
1123,,浙江工商大学,浮梦,蒋辰亮,徐伟航,顾周涵,,False,True,4,639,,+1(147),+(103),,,,,+(40),,+4(249),,,,
1124,,东北师范大学,enjoy yourself,戴云磊,杨鑫山,谭皓,,False,True,4,639,,+5(180),+(61),,,,,+(26),,+1(252),,,,-5
1125,,西安电子科技大学,哈吉米,曹润初,刘佳,宋文博,,False,True,4,643,,+4(179),+(103),,,,,+(19),,+1(242),,,,-7
1126,,南昌航空大学,Bit求逆序队,刘英祺,严嘉康,舒康,,False,True,4,643,,+3(173),+1(79),,,,,+(28),,+2(243),,,,-3
1127,,厦门大学,马拉车拉马,李纪原,庄嘉豪,,,False,True,4,644,,+4(127),+(153),,,,,+(34),,+(250),,,,
1128,,河南理工大学,琪亚娜出击队,刘逸潇,李玉龙,刘成成,,False,True,4,644,,+4(259),+(39),,,,,+(20),,+(246),,,,
1129,,福州大学,福大12队,翁俊龙,楼鑫宇,陈奕闽,,False,True,4,646,,+1(198),+2(91),,,,,+(24),,+1(253),,,,
1130,,南京邮电大学,njupt25team013,江明轩,李树泓,徐文韬,,False,True,4,648,,+7(201),+(42),,,,,+(22),,+(243),,,,-2
1131,,长沙理工大学,美好的事可不可以发生在我身上,葛邵云,刘培,向超,,False,True,4,648,,+2(84),+2(171),,,,,+(25),,+2(248),,,,
1132,,中国石油大学（华东）,UPC2025,张兴硕,李治欣,王祾祯,,False,True,4,648,,+1(141),+(164),,,,,+(33),,+2(250),,,,
1133,317,西交利物浦大学,把你们都变成猫娘喵!,陈冬彦,沙思航,王子谦,,False,True,4,648,,+(164),+1(166),,,,,+(35),,+(263),,,,
1134,,西北大学,欲买桂花同载酒,赵嘉伟,费文强,李佳铭,,False,True,4,651,,+5(160),+(76),,,,,+(39),,+1(256),,,,
1135,318,香港大学,今天必须取个队名,杨明天,罗靖宇,孙圣尧,,False,True,4,652,,-4,+2(57),,-2,,,+(26),,+1(267),,,,+1(222)
1136,,贵州大学,OA,汪一明,张文哲,,,False,True,4,654,,+2(192),+3(48),,-1,,,+(24),,+2(250),,,,
1137,,东南大学,秉烛问山,潘俊弛,赵术让,巩皓锴,,False,True,4,658,,+6(280),+(58),,-1,,,+(28),,+(172),,,,
1138,319,吉利学院,吉利太美,罗志豪,何正,严嘉诚,,False,True,4,663,,+(115),+3(85),,-9,,,+(41),,+5(262),,,,
1139,,西安电子科技大学,但愿你的道路漫长长长长长长长,李熙源,曾海滨,田业顺,,False,True,4,664,,+1(190),+2(101),,-1,,,+(22),,+1(271),,,,
1140,,暨南大学,毛毛虫就是正解,梁子龙,姚沛雨,郑天翔,,False,True,4,664,,+3(88),+(134),,,,,+(23),,+3(299),,,,
1141,,北京工业大学,啊对对对,张乐天,范韶博,贾熠,,False,True,4,665,,+1(119),+1(249),,,,,+(40),,+(217),,,,
1142,,山东大学,你，去比赛了吧...和我不认识的人一起,危弘毅,孙晨涵,缪若凡,,False,True,4,666,,+2(215),+2(121),,+(230),,,+(20),,,,,,-10
1143,,四川农业大学,穿越之我是菜狗,陈俊炜,唐源泉,聂宇豪,,False,True,4,667,,+3(145),+(61),,,,,+(38),,+4(283),,,,
1144,,福州大学,福大8队,叶芷,陈封,丁诗怡,,False,True,4,667,,+3(158),+(47),,,,,+(27),,+4(295),,,,
1145,,中国地质大学（北京）,前途一片完犊紫,丁智星,杨欣川,胡葭懿,,False,True,4,668,,+(69),+1(163),,,,,+1(24),,-12,,,,+7(232)
1146,,华南师范大学,烧烤一下队名,梁敏豪,呙荸帏,黄凯愉,,False,True,4,669,,+4(245),+(75),,,,,+(27),,+1(222),,,,
1147,320,天津商业大学,相遇天使,肖卫东,齐子杰,吴玟慧,,False,True,4,669,,+5(252),+(46),,,,,+(24),,+2(207),,,,-6
1148,,浙江理工大学,zstu_春夏秋冬,董雨轩,郭轩宇,叶丞航,,False,True,4,669,,+3(200),+(63),,,,,+(39),,+1(287),,,,
1149,,河南师范大学,彩云归,陈春宇,董天逸,孙胜锺,,False,True,4,671,,+6(210),+(59),,,,,+(26),,+1(236),,,,-1
1150,,湖南工业大学,4,王鹏程,钟启涛,罗哲,,False,True,4,671,,+(183),+(103),,,,,+1(46),,+2(279),,,,
1151,,河南农业大学,以上队伍成绩无效,姚依涛,李新栋,圣永贤,,False,True,4,672,,+2(150),+(52),,,,,+(26),,+6(284),,,,
1152,,杭州师范大学,知识学爆,叶志汉,王熠楠,金岸,,False,True,4,673,,+2(162),+(169),,,,,+(39),,+2(223),,,,
1153,,华东交通大学,薛定谔的AC,程宇辉,罗思亮,黄仕杰,,False,True,4,673,,+3(148),+1(106),,,,,+(48),,+1(271),,,,-6
1154,,台州学院,与太阳同在,王若琰,俞熠聪,章智超,,False,True,4,675,,+1(145),+(100),,,,,+(39),,+4(291),,,,
1155,,西南民族大学,SMU2505,傅子益,江星星,甘梓廷,,False,True,4,676,,+1(181),+(160),,,,,+(42),,+1(253),,,,-1
1156,,中国科学技术大学,暂定,钱易,郑鹤铭,向阳天,,False,True,4,676,,-2,+(89),-1,-1,,,+(31),,+(255),,,,+2(261)
1157,321,岳阳学院,深度睡眠,任品玮,袁亮,陈亮,,False,True,4,677,,-8,+(77),,-1,,,+(22),,+1(168),,,,+6(270)
1158,322,丽水学院,月相人生,杨楠,孙愉超,江安煜,,False,True,4,677,,+(63),+2(195),,,,,+1(29),,+3(270),,,,-5
1159,,中国民航大学,非暴力不ac,王宇鑫,耿曼淳,吴栩睿,,False,True,4,678,,+3(150),+(155),,,,,+(24),,+3(229),,,,-10
1160,,香港城市大学（东莞）,我的键盘已经碎了- 我的午饭也馊了- 但我的冲锋- 是唐吉可德式的冲锋- 名为“ICPC”的大风车啊- ——我要与你再战三百回合。,郭刘翰文,路金橝,彭楚睿,,False,True,4,678,,+1(219),+(153),,,,,+(28),,+(258),,,,
1161,,东南大学,三个入机,袁铭泽,孔维霄,吴泽宇,,False,True,4,678,,+1(263),+(188),,-2,,,+(20),,+1(167),,,,
1162,,南京邮电大学,njupt25team010,卫鸿飞,贲振豪,刘君涵,,False,True,4,679,,+5(137),+(219),,-4,,,+(21),,+1(182),,,,-2
1163,,南京航空航天大学,青春猪头少年不会梦到WA,肖昊哲,林育成,孟超凡,,False,True,4,679,,+(237),+1(99),,,,,+(31),,+(292),,,,
1164,,武汉工程大学,新蜂,廖圣羽,汤宇辉,李浩东,,False,True,4,681,,+6(118),+(105),,,,,+(27),,+4(231),,,,
1165,,香港科技大学广州,惠风和畅，鹏程万里,李小乐,黄彦杰,陈欣怡,,False,True,4,681,,+3(180),+(77),-1,,,,+(74),,+1(270),,,,
1166,,福建农林大学,跃迁,蔡成泽,陈志勋,曾程程,,False,True,4,682,,+3(177),+(134),,,,,+(24),,+1(267),,,,-1
1167,,上海理工大学,那一天的WA AC起来,陈思昀,钟瑶萍,南若彤,,False,True,4,683,,+4(91),+1(147),,,,,+1(28),,+3(237),,,,-1
1168,,浙江财经大学,浙江财大5队,林帮吉,王浩名,蒋文昊,,False,True,4,685,,+3(128),+(46),,-3,,,+(23),,+8(268),,,,-1
1169,,东北师范大学,DeepSleep_V3,张稷穗,缪弘毅,赵新睿,,False,True,4,685,,+6(180),+(85),,-2,,,+(30),,+(270),,,,
1170,,郑州轻工业大学,苏坡比个卡普,夏高祥,栗闫恒,薛晓煜,,False,True,4,686,,+6(188),+(59),,,,-7,+3(37),,+(222),,,,-5
1171,323,香港城市大学,初心,燕雅超,高立由,邓子冲,,False,True,4,686,,+4(252),+(147),,,,,+(25),,+1(162),,,,-6
1172,,浙大宁波理工学院,浙大宁理5队,樊鹏程,卢乙迅,郑城坤,,False,True,4,687,,+4(249),+3(101),,,,,+(37),,+(160),,,,
1173,,山东师范大学,T就是A,程佳星,王永恺,宋文远,,False,True,4,692,,+2(134),+(148),,,,,+(38),,+4(252),,,,
1174,,台州学院,让我们ac吧，我们什么都会做的,吴文龙,高汪杨,蔡涵彬,,False,True,4,693,,+1(86),+(132),,,,,+2(105),,+4(230),,,,-1
1175,,深圳技术大学,SZTU_睡一觉就AC,邓浩盛,孟晖,王枫,,False,True,4,693,,+(83),+(172),,,,,+(49),,+5(289),,,,-3
1176,,湖南涉外经济学院,三个吊儿郎当,虞尚武,黄逸洲,唐攀林,,False,True,4,695,,+6(192),+(84),,,,,+(23),,+(276),,,,
1177,,南京航空航天大学,那一天的AC，AC起来,王思雨,刘金颜,赵天屹,,False,True,4,697,,+3(160),+(96),,-2,,,+1(51),,+2(270),,,,
1178,,广东东软学院,迪亦昂牧,康忠毅,程林雄,彭忠政,,False,True,4,698,,+1(127),+(243),,-1,,,+1(61),,+3(167),,,,
1179,,中国矿业大学,矿兵出击,杨骐玮,卜炜珏,赵际云,,False,True,4,698,,+1(159),+(100),,,,,+1(52),,+4(267),,,,-5
1180,,广东技术师范大学,那就这个了,刘佳,吴楚骞,丘文超,,False,True,4,699,,+4(166),+(55),,-1,,,+1(38),,+5(240),,,,
1181,324,广东海洋大学,您的AC已到账,张耀天,谢绍煜,植秋怡,,False,True,4,699,,+1(200),+(132),,,,,+(62),,+2(245),,,,-4
1182,325,天津仁爱学院,tjrac网络赛队伍1,陈博,廖志强,段立泰,,False,True,4,700,,+2(235),+(86),,-1,,,+(17),,+3(262),,,,
1183,,广西大学,奇迹与你,曾佳宁,杨明辉,韦书临,,False,True,4,703,,+4(280),+(55),,,,,+2(26),,+1(202),,,,-2
1184,,华东理工大学,珂朵莉最可爱了,仇俊杰,余喆浩,徐池,,False,True,4,703,,+4(161),+(79),,,,,+(20),,+4(283),,,,
1185,326,韶关学院,MyALGO!!!,陈思琪,叶福都,黄家宝,,False,True,4,703,,+2(90),+1(156),,,,,+(26),,+4(291),,,,
1186,,华东交通大学,乱搞一下就对了,刘浩,李非凡,朱明亮,,False,True,4,706,,+3(183),+1(122),,-3,,,+(23),,+1(278),,,,-4
1187,,上海海洋大学,胡萝卜(^u^),周子恒,周郁涵,吕天佑,,False,True,4,708,,+6(245),+(54),,,,,+(33),,+(256),,,,-1
1188,,苏州工学院,无所谓，我会 AC,张威,黄尔嘉,陈家瑞,,False,True,4,708,,+2(167),+(195),,,,,+(29),,+(277),,,,
1189,327,湖南科技学院,新世纪倒霉战士,廖鑫,,,,False,True,4,709,,+3(169),+7(96),,,,,+(42),,+(202),,,,
1190,,中国科学技术大学,一零零一,孙一睿,赵宋樾,吴雨桐,,False,True,4,709,,+7(165),+1(95),,,,,+(43),,+2(206),,,,-3
1191,,华南理工大学,AC自动机,王鸿瑞,孙亦可,杨睿轩,,False,True,4,709,,+3(184),+1(175),,,,,+(20),,+(250),,,,-3
1192,,南京理工大学,队长正在探索前面的题目,刘岩,高威,喻昕之,,False,True,4,711,,+5(172),+2(104),,,,,+1(40),,-10,,,,+2(195)
1193,,安徽大学,WA是没有理由的，只是今天没能调出bug罢了,潘灿,甘佩俊,杜天正,,False,True,4,711,,+6(215),+(82),,,,,+(45),,+(249),,,,
1194,,东北师范大学,鼠鼠猛攻acm,张步豪,郭宇政,刘向涛,,False,True,4,718,,+4(202),+1(123),,-2,,,+(26),,+3(207),,,,
1195,,惠州学院,闪电苦力怕,韩乐天,贾敬轩,林锭炜,,False,True,4,718,,+5(202),+(118),,,,,+(41),,+1(237),,,,
1196,,北京化工大学,25时，Nightcode见,严雨涵,王睿邦,褚奕林,,False,True,4,719,,+(200),+(125),,,,,+(90),,+2(264),,,,-2
1197,,中国科学技术大学,旺旺队,周江杭,涂哲文,王玉麟,,False,True,4,719,,+1(194),+(89),,,,,+2(61),,+1(295),,,,
1198,,同济大学,小粉兔大战僵尸,顾顺,陶禹哲,何嘉乐,,False,True,4,722,,-2,+1(259),,,,,+(28),,+(233),,,,+1(162)
1199,,苏州科技大学,鹅鹅鹅,王永刚,徐照杰,陈泽玮,,False,True,4,723,,+4(166),+(87),,,,,+3(68),,+1(242),,,,
1200,328,广州城市理工学院,码码带我打wa,韦力,丘嘉文,荘铸,,False,True,4,724,,+2(182),+(93),,,,,+1(53),,+5(236),,,,
1201,,商丘师范学院,致青春,汪明哲,严浩文,殷华翔,,False,True,4,724,,+(162),+(195),,,,,+2(63),,+(264),,,,
1202,329,嘉应学院,W°C可以煮鱼L!,俞玄康,廖世毅,翁杰豪,,False,True,4,730,,+5(263),+(75),-2,,,,+(32),,+(260),,,,-7
1203,,中国民航大学,样例AC也是AC,任豪凯,曹奕杰,韩彤飞,,False,True,4,732,,+1(204),+3(126),,,,,+1(32),,+1(250),,,,
1204,,广东工业大学,起名最麻烦了,梁永洪,陈锦清,林梓豪,,False,True,4,733,,+4(246),+(35),,,,,+2(107),,+(225),,,,
1205,,浙江师范大学,给我吃一口脑子,方佳莹,郑演琪,鄢博威,,False,True,4,735,,+2(199),+(97),,,,,+(62),,+2(297),,,,
1206,,广州大学,样例过了就AC,韦云海,李东阳,陈嘉林,,False,True,4,736,,+3(72),+1(175),,,,,+2(109),,+2(220),,,,-2
1207,,长春理工大学,手动ac机,史振宜,梁寒兵,周熙众,,False,True,4,740,,+3(117),+(165),,,,,+1(42),,+3(276),,,,
1208,,宁波大学,帮狗猫,蔡昕洋,林泓杰,,,False,True,4,740,,+1(174),+(96),,,,,+1(51),,+5(279),,,,
1209,,井冈山大学,哈基易秒开棘背龙打acm,易传承,陈晓霖,庄子琪,,False,True,4,743,,+2(183),+(135),,,,,+(52),,+2(293),,,,
1210,,苏州工学院,超级卡比猎人队,陈依高,郑雨成,顾心媛,,False,True,4,749,,+6(203),+(58),,,,,+(15),,+4(273),,,,
1211,,湖南工业大学,2,陈绘鲜,龚鹤峰,胡家兴,,False,True,4,750,,+6(265),+(107),,,,,+(30),,+(228),,,,
1212,,东北林业大学,文酱の万事屋,肖高,程风帆,戈群翔,,False,True,4,752,,+3(253),+(98),,,,,+(31),,+2(270),,,,
1213,,暨南大学,晋级就行,郭志翔,陈弈帆,谭翰煨,,False,True,4,753,,+5(225),+(157),,,,,+(62),,+(209),,,,-7
1214,,南京航空航天大学,Wrongtime Error,顾恒源,周子博,吴承骏,,False,True,4,753,,+3(273),+(129),,,,,+(48),,+1(223),,,,
1215,,浙江财经大学,浙江财大9队,华政阳,杨如意,王晟博,,False,True,4,754,,+2(259),+2(164),,,,,+1(43),,+(188),,,,-1
1216,,北京交通大学,BJTU04,林怀都,袁明轩,曹司宇,,False,True,4,755,,+4(251),+1(109),,,,,+(40),,+1(235),,,,-8
1217,330,杭州电子科技大学信息工程学院,hziee2,徐俊豪,兰德涵,黄楚彬,,False,True,4,755,,+4(235),+1(98),,,,,+(35),,+(287),,,,
1218,331,浙江外国语学院,浙外x队,张佳乐,吴建强,王湘豫,,False,True,4,757,,+2(186),+1(145),,-1,,,+(21),,+4(265),,,,-3
1219,,东华大学,因为在0721和我推的绫地宁宁组一辈子乐队,王飘飏,孙鹏辉,徐之恒,,False,True,4,757,,+2(267),+(90),,,,,+(41),,+2(279),,,,-1
1220,,福州大学,福大10队,江子健,邱添,何翔宇,,False,True,4,758,,+2(194),+(91),,,,,+1(45),,+4(288),,,,-4
1221,332,江西水利电力大学,我们队有个户晨风,谭宇晨,涂鸣灏,孔知足,,False,True,4,763,,+10(212),+(50),,,,,+(16),,+1(265),,,,
1222,,中国海洋大学,章鱼法师,朱先锐,袁瑞彬,李明朗,,False,True,4,764,,+2(129),+(76),,,,,+4(120),,+2(279),,,,-10
1223,,苏州大学,素粥大雪登山队,薛腾扬,陈梓腾,顾泽华,,False,True,4,765,,+1(219),+(125),,,,,+1(74),,+1(287),,,,
1224,,齐鲁工业大学,清风徐来,刘起铭,王梓宇,蒋志发,,False,True,4,765,,+1(118),+3(134),,-1,,,+(14),,+6(299),,,,
1225,,临沂大学,临大汪汪队,陈曦,张琦,尹艺洁,,False,True,4,766,,+5(227),+1(131),-4,,,,+(45),,+1(223),,,,
1226,,中北大学,天文学家摘鑫鑫,孙天赐,关清文,程伯文,,False,True,4,766,,+2(174),+1(235),,,,,+2(43),,+(214),,,,-4
1227,333,上海应用技术大学,晨续源,项家挺,林翌悠,王圣涵,,False,True,4,770,,+3(113),+(95),,,,,+1(141),,+4(261),,,,-6
1228,334,曲阜师范大学,再多过一道题她就会回来,丁海峰,黄欣彤,李昆霖,,False,True,4,774,,+2(127),+3(241),,,,,+(29),,+(277),,,,-49
1229,,中国石油大学（华东）,UPC2003,王钧泽,吉时渊,黄升钦,,False,True,4,776,,+4(235),+(96),,,,,+(21),,+4(264),,,,-1
1230,,大连理工大学,dlut03,蓝海洋,吴锡奎,陈德威,,False,True,4,776,,+5(270),+(55),,-4,,,+(17),,+3(274),,,,-6
1231,,西南科技大学,霜天大战外星人,李立娅,王钦洲,黄义,,False,True,4,777,,+7(200),+(136),,,,,+(51),,+(250),,,,
1232,,哈尔滨工业大学（深圳）,我在icpc不响丸辣,陈畅霖,李启源,冯炀,,False,True,4,779,,+3(103),+7(197),,,,,+(19),,+1(240),,,,
1233,,暨南大学,"printf(""队友呢救一下啊"")",赵坚浩,牛东云,肖麟,,False,True,4,783,,+1(217),+(183),,,,,+(32),,+2(291),,,,
1234,,山东理工大学,不要再打铁啦,孙文桓,何洪哲,王一博,,False,True,4,784,,+8(210),+(40),,,,,+(20),,+5(254),,,,
1235,,河海大学,0d00爆吃0721发罚时用粉色起爆器炸毁评测机,蔡志谦,郭景星,高铎,,False,True,4,786,,+6(187),+(161),,,,,+(17),,+1(281),,,,
1236,,武汉工程大学,她说我们之间没有结果，但我明明输出了ans,郭翰良,李佳航,归子达,,False,True,4,790,,+3(252),+1(143),,,,,+(85),,+1(210),,,,-4
1237,,曲阜师范大学,爱吃彩虹糖,孙毅飞,嵇永彬,董嘉慧,,False,True,4,790,,-7,+(132),,,,,+(33),,+1(261),,,,+3(284)
1238,,郑州大学,郑大队伍2,程申夫,刘开阳,孔雷博,,False,True,4,790,,+5(212),+(95),-4,,,,+(56),,+2(287),,,,
1239,,长春理工大学,队名随便,陶乐乐,苏照城,甄元浩,,False,True,4,793,,+2(195),+(166),,,-1,,+3(70),,+2(222),,,,-6
1240,335,湖北经济学院,样例都过了，交交交！,刘也,周宇飞,舒瀚,,False,True,4,793,,+2(196),+2(86),,,,,+2(64),,+2(287),,,,
1241,,深圳大学,加睡不如加睡,王锐源,陈子洪,梁志鸿,,False,True,4,794,,+5(191),+1(175),,,,,+2(33),,+(235),,,,-1
1242,,青岛大学,江江无路可退,孟祥董,杨景成,王隆江,,False,True,4,797,,+7(221),+(92),,-10,,,+(34),,+2(270),,,,
1243,,中国地质大学（武汉）,三人穿墙,孔梁思成,郭鲁庆,杨佳琪,,False,True,4,803,,+2(242),+2(108),,,,,+1(44),,+1(289),,,,
1244,,南京大学,胡萝卜炖鱼梨,胡恩齐,罗伟亮,叶玉立,,False,True,4,805,,+9(258),+(59),,,,,+(19),,+1(269),,,,-6
1245,,惠州学院,破芒之拳,钟志杰,蒋从东,罗科杰,,False,True,4,805,,+(133),+2(273),,,,,+(25),,+4(254),,,,
1246,,佛山大学,acmer也是五字神人,沈珈庆,冯嘉华,刘剑东,,False,True,4,807,,+6(126),+(80),,,,,+(36),,+10(245),,,,
1247,,北京林业大学,小AC找码码,张秉鸿,张文乐,聂纪坤,,False,True,4,808,,+4(243),+1(161),,,,,+(19),,+(285),,,,
1248,,郑州轻工业大学,样例对了就是过了,吴钰欣,李彤,马梦茹,,False,True,4,808,,+3(241),+(98),,,,,+1(71),,+1(298),,,,
1249,336,福州外语外贸学院,请神自动机,林远浩,陈婧,,,False,True,4,810,,+(122),+(163),-1,,,,+2(181),,+3(244),,,,
1250,,中南民族大学,好难,雷雨禾,刘冠权,曾安琪,,False,True,4,814,,+2(242),+(151),,,,,+1(58),,+1(283),,,,
1251,,同济大学,青春猪头少年们不会梦见算法王学姐,张孙霖,陈佳浩,王衡宇,,False,True,4,814,,+6(286),+1(114),,,,,+(22),,+1(232),,,,
1252,,北京化工大学,大概是鼠鼠队,孙博文,陈翔钰,袁铭,,False,True,4,815,,+4(205),+(185),,,,,+(26),,+3(259),,,,-1
1253,,武汉大学,星河剪枝,白睿起,曾涵飞,孙家明,,False,True,4,818,,+3(224),+(158),,,,,+(28),,+4(268),,,,
1254,337,大连理工大学城市学院,击碎黑暗,闫屹伟,高小柯,赵艺景,,False,True,4,819,,+3(161),+(76),,,,,+(33),,+10(289),,,,
1255,338,山东建筑大学,大明湖水怪,于丁浩,冯振荆,庄文轩,,False,True,4,821,,+(140),+(142),,,,,+(71),,+9(288),,,,-1
1256,339,昆山杜克大学,昆杜一队,胡子,冯昊扬,Bilol Abdilxayev,,False,True,4,824,,+4(195),+(212),,,,,+(75),,+(262),,,,
1257,,重庆大学,小AC找妈妈,刘佳庆,沈祺昊,焦耀天,,False,True,4,826,,+5(274),+2(46),,-1,,,+(41),,+3(265),,,,-1
1258,,四川师范大学,一觉醒来，全球算法水平下降一万倍,陈雨泉,刘航志,罗志,,False,True,4,831,,+5(196),+(168),,,,,+1(69),,+2(238),,,,
1259,,青岛大学,起什么名字不如AC,王禹杰,霍宪伟,王梓涵,,False,True,4,832,,+7(251),+(171),,,,,+(44),,+(226),,,,
1260,,华北水利水电大学,New一个奖牌,朱志博,左永欣,梁志洋,,False,True,4,832,,+3(182),+(87),,,,,+1(70),,+7(273),,,,
1261,340,海南大学,洗澡不跳舞等于没洗,陈皓月,蔡佳城,李俊飞,,False,True,4,834,,-7,+2(149),,,,,+(40),,+(245),,,,+7(220)
1262,,华南农业大学,天鹅繁育中心,温雨佳,钱志远,钟志轩,,False,True,4,838,,+8(273),+(73),,,,,+1(49),,+2(223),,,,-1
1263,341,武汉商学院,WBU1,杨文昊,李吉,许义,,False,True,4,838,,+8(279),+(123),,,,,+(28),,+(248),,,,
1264,,中南林业科技大学,CSUFT2,林中翔,田越,王浩阳,,False,True,4,847,,+14(184),+(26),,,,,+(8),,+5(249),,,,-22
1265,,浙江理工大学,幻想郷最強伝説と完全で瀟洒な従者!十六夜咲夜です,胡涛,陈足楷,颜林浩,,False,True,4,850,,+15(256),+(39),,,,,+(19),,+(236),,,,-1
1266,342,中原工学院,WRL,李梦阳,杨仕尧,李家名,,False,True,4,850,,+7(183),+(44),,,,,+4(29),,+4(294),,,,-47
1267,,北京师范大学,火龙狗,谢秋凡,肖梓尧,王宇畅,,False,True,4,857,,+2(272),+(152),,,,,+1(50),,+3(263),,,,
1268,,东华理工大学,吃个冻梨不嘻嘻,邹涛,黄瑞扬,郑超,,False,True,4,862,,+3(155),+1(267),,-2,,,+(50),,+2(270),,,,
1269,,厦门大学,AAA牌子批发,朱明楠,赵姜旭,周泰儒,,False,True,4,863,,+2(217),+5(205),,,,,+(41),,+1(240),,,,-1
1270,,香港中文大学（深圳）,从容应队,王中天,苏祈骁,欧奕阳,,False,True,4,879,,+8(241),+1(211),,,,,+1(19),,-4,,+1(188),,
1271,,成都信息工程大学,魔法披风,蔡忠纬,霍城宇,陈琪,,False,True,4,879,,+5(288),+(124),,,,,+(24),,+6(223),,,,-9
1272,,中北大学,文瀛十三不会梦到上床下桌,李兴隆,谭炯豪,陈文博,,False,True,4,880,,+5(289),+(114),,,,,+(24),,+5(253),,,,
1273,,郑州大学,郑大队伍1,周政,吴鑫,薛天齐,,False,True,4,883,,+3(180),+2(246),,,,,+2(84),,+(233),,,,-3
1274,,北京师范大学,何以AC,黄梓杰,陈尧森,王嘉炜,,False,True,4,883,,+1(166),+(171),,,,,+3(185),,+(281),,,,-6
1275,,华南理工大学,您的AC订单正在配送,王雨豪,文建荣,胡轩瑞,,False,True,4,884,,+6(298),+(100),,-2,,,+1(76),,+(270),,,,
1276,,广东金融学院,玉米爱吃炮车,陈佳煜,叶兆谦,张建镇,,False,True,4,888,,+3(195),+(120),,,,,+1(83),,+6(290),,,,
1277,,武汉理工大学,败犬ACMer太多啦,张震宇,张旭东,王泽宁,,False,True,4,890,,+6(242),+2(108),,,,,+(62),,+4(238),,,,
1278,,湖州师范学院,WA乃AC之母,瞿宁浠,彭美青,沈佳欣,,False,True,4,890,,+10(291),+(138),,,,,+(27),,+(234),,,,
1279,,广东技术师范大学,不要给我WAWA叫,陈政柱,高睿梓,李瑾沁,,False,True,4,896,,+3(162),+(183),,,,,+1(156),,+3(255),,,,
1280,343,华北理工大学,梦想成为ICPC高手,林凯,于千智,陈焜,,False,True,4,897,,+10(261),+(143),,,,,+(26),,+(267),,,,-3
1281,,浙大宁波理工学院,浙大宁理3队,宋欣远,虞琦,,,False,True,4,898,,+6(294),+2(87),,,,,+1(60),,+(277),,,,
1282,,天津大学,八骏宏图,崔亚鑫,郑铮,靳佳琦,,False,True,4,898,,+7(298),+1(121),,,,,+2(51),,+(228),,,,-3
1283,,西安电子科技大学,耄耋可爱捏,高琦,薛思宇,顾梓骞,,False,True,4,905,,+7(265),+(73),,,,,+(19),,,,,,+6(288)
1284,,广东工业大学,做得都队,彭文昊,石飏,齐思贤,,False,True,4,906,,+7(273),+2(161),,,,,+(41),,+(251),,,,-3
1285,,浙江财经大学,浙江财大4队,沈乐琰,张孝顺,叶涛瑞,,False,True,4,917,,+4(259),+(106),,,,,+4(74),,+1(298),,,,-1
1286,,哈尔滨工业大学,想成为人类-1,姜郑康,,,,False,True,4,925,,+5(114),,,,,,+1(152),,+1(214),,,,+2(265)
1287,344,广西民族大学,超级薯条,程远松,石景宝,黄砚咸,,False,True,4,926,,+(204),+13(138),,,,,+1(27),,+3(217),,,,-6
1288,,南开大学,在此输入队名,王重阳,谢北宸,陈家锐,,False,True,4,942,,+6(279),+2(197),,,,,+(16),,+(290),,,,-1
1289,,西安电子科技大学,AC0721发用0d00起爆器炸毁测评机,李隆生,李景生,王泉贺,,False,True,4,947,,+6(257),+(163),,,,,+2(68),,+(299),,,,
1290,,信息工程大学,花生可,黄颂凯,李鸣铭,王瑞雪,,False,True,4,960,,+6(293),+5(124),,-2,,,+(28),,+1(275),,,,
1291,,厦门大学,后缀自动机,庄昀,林俊豪,,,False,True,4,976,,+(232),+11(197),,-4,,,+1(20),,+1(267),,,,
1292,,东南大学,捉鬼小队,林祥威,严静萱,纪卓然,,False,True,4,979,,+1(112),+2(287),+1(268),,,,+2(192),,,,,,
1293,,海南大学,溢出即自由,赵博,余睿涵,陆晓宇,,False,True,4,997,,+1(178),+6(249),-5,,,,+(41),,+5(289),,,,
1294,345,南昌理工学院,2025 南理 1 队,毛富豪,刘洋帆,李闪亮,,False,True,4,1003,,+17(289),+1(64),,,,,+(30),,+1(240),,,,
1295,346,内蒙古大学,等我长小了也要打OI,岳宗博,戴维,邓宇沛,,False,True,4,1011,,+6(257),+3(208),,,,,+(28),,+2(298),,,,
1296,,中国矿业大学,不是只过样例,马哲涵,丁铭哲,杨洪斌,,False,True,4,1013,,+12(264),+(98),,,,,+(46),,+6(245),,,,-5
1297,,南京农业大学,冗定,高筠豪,李俊福,陈可航,,False,True,4,1024,,+4(236),+5(198),,,,,+2(57),,+1(293),,,,
1298,,泉州师范学院,1145141919810,吴城,李良波,王靖锋,,False,True,4,1032,,+3(231),+(96),,,,,+3(60),,+12(285),,,,-3
1299,,怀化学院,葡萄糖口服液,陈海洋,潘永承,盛羿达,,False,True,4,1046,,+(107),+1(161),,,,,+2(250),,+9(288),,,,
1300,,武汉工程大学,汉堡套餐,王志伟,高才蒙,张天星,,False,True,4,1103,,+6(288),+2(210),,,,,+2(109),,+1(276),,,,
1301,,华南农业大学,Ciallo的每一天,许俊泓,张嘉鹏,赖德文,,False,True,4,1207,,+20(243),+(86),,,,,+(84),,+5(294),,,,
1302,,南京理工大学,喜欢的题目直接AC,吴可泓,杨炫,薄闻乐,,False,True,3,106,,+(50),+(38),,-1,,,+(18),,-4,,,,-8
1303,,大连海事大学,放不下绩点,谢镕腾,卞一名,庄思煜,,False,True,3,155,,+(92),+(44),,,,,+(19),,-7,,,,-1
1304,347,宁德师范学院,你能和我组一辈子ACM队伍吗,杨哲凯,张耀隆,,,False,True,3,166,,+1(71),+(10),-1,,,-47,+2(25),,-3,,,,
1305,348,闽南师范大学,没有以前那么喜欢你了,庄瑜,陈荣琪,庄子涵,,False,True,3,167,,+1(103),+(30),,,,,+(14),,-4,,,,-5
1306,,武汉大学,栈中星河,张宇华,杨曦,骆贝尔,,False,True,3,169,,+(54),+(80),,,,,+(35),,-3,,,,-1
1307,,武汉科技大学,RELX悦刻幻影PRO,孙煜恒,,,,False,True,3,176,,+1(82),+(59),,-12,,,+(15),,,,,,
1308,,山东大学,一场伟大的魔术,刘殷帆,李正君,董华烁,,False,True,3,177,,+1(99),+(36),,,,,+(22),,-2,,,,-2
1309,,大连理工大学,dlut05,戴宁凯,史家辉,姜博雯,,False,True,3,183,,+(45),+(89),-1,,,,+(49),,-4,,,,
1310,,浙江财经大学,浙江财大1队,陈君豪,林煜超,王强,,False,True,3,188,,+2(82),+(48),,,,,+(18),,-5,,,,-1
1311,,西南科技大学,无TL无WA一发过,颜靖焘,廖宇飞,彭曜耀,,False,True,3,190,,+(81),+(59),,,,,+(50),,,,,,-2
1312,,华中农业大学,一支队伍,蒋志恩,彭传钰,付波,,False,True,3,194,,+(100),+(65),,,,,+(29),,-8,,,,
1313,,重庆大学,嘉陵江有色金属货轮,刘家齐,鲁永卓,李欣悦,,False,True,3,197,,+(24),+1(107),,,,,+(46),,-6,,,,
1314,,南京农业大学,青山,顾慎之,戴昕宇,邵筠淇,,False,True,3,198,,+(64),+(115),,-5,,,+(19),,-6,,,,-1
1315,,南京理工大学,啊对对对对对队,金子轩,邓浩宇,凌励,,False,True,3,205,,+(98),+(72),,-3,,,+(35),,-3,,,,-5
1316,,杭州师范大学,我要对你实行我的AC专属权,葛宇逍,陈宇雯,陈玥汕,,False,True,3,216,,+(104),+(77),,-1,,,+(35),,-4,,,,-3
1317,,西北工业大学,北极星,代常睿,文煜州,于博源,,False,True,3,216,,+(81),+(117),,-3,,,+(18),,,,,,
1318,,华南农业大学,老爷保号队,李文浩,廖凯颖,赵齐,,False,True,3,231,,+(90),+(118),,,,,+(23),,-2,,,,
1319,,宁波大学,跨越斑驳之紫,张增城,杨耀康,郭轩阳,,False,True,3,232,,+(124),+(70),,,,,+(38),,-12,,,,
1320,,东北师范大学,骑士,陈琦煜,叶鹏辉,高宇轩,,False,True,3,233,,+2(78),+(99),,,,,+(16),,-8,,,,-2
1321,349,中国计量大学现代科技学院,如此简单的梦,金鸿睿,俞佳辰,邓瑞琦,,False,True,3,234,,+2(120),+(43),,,,,+(31),,,,,,-4
1322,350,盐城工学院,红烧狮子头,曹翔,叶学成,张扬,,False,True,3,238,,+1(162),+(40),,,,,+(16),,-3,,,,
1323,,东华大学,福音摇滚,钟卓远,程君豪,刘亚锐,,False,True,3,239,,+1(136),+(50),,-1,,,+(33),,,,,,-2
1324,,浙江机电职业技术大学,机电3队,陈宗全,裘腾军,林楷博,,False,True,3,241,,+(90),+(109),,,,,+1(22),,,,,,-11
1325,,江西农业大学,青春期蒟蒻不会梦到奖牌,余政远,王智,刘云鹏,,False,True,3,242,,+1(99),+(92),,,,,+(31),,-2,,,,
1326,351,广州华商学院,？唤l_l<13赐名，彼觉尚早，祈陈氏牛码迟至名矣,陈业勤,罗凯滨,文昊,,False,True,3,245,,+(138),+(90),,,,,+(17),,-4,-1,,,-5
1327,352,石河子大学,算法届的泥石流,胡锦程,余泓淏,方永康,,False,True,3,249,,+2(103),+(69),,,,,+(37),,-4,,,,-4
1328,353,河南财经政法大学,删粥删农只为空月之歌，启动！,靳智博,郭凌志,潘垣丞,,False,True,3,250,,+3(114),+(49),,-1,,,+(27),,-5,,,,-6
1329,354,武昌理工学院,最优解在左,聂鑫栋,胡瀟涵,邓皓文,,False,True,3,250,,+2(132),+(54),,,,,+(24),,-7,,,,
1330,,河南师范大学,帘外芭蕉惹骤雨门环惹铜绿,杨泓延,郝国栋,张云翔,,False,True,3,252,,+2(126),+(60),,,,,+(26),,-10,,,,
1331,,武汉理工大学,败犬小鞠是我的！！,史佳尚,余翔宇,陆冠丞,,False,True,3,254,,+(126),+(96),,,,,+(32),,-4,,,,-2
1332,,山西大学,咖波后援团,柳伟康,李奕凡,许烨,,False,True,3,255,,+1(45),+1(112),,,,,+(58),,-3,,,,-5
1333,,中国地质大学（北京）,头像代表实力,王珣,陆志宇,王熙文,,False,True,3,259,,+(135),+(78),,,,,+(46),,-10,,,,
1334,,韶关学院,灌注hsn8086,冯诺维,朱子睿,谢泽栩,,False,True,3,262,,+1(126),+(59),,-2,,,+1(37),,,,,,-14
1335,,福州大学,福大6队,颜荣琛,李子墨,陈泽煦,,False,True,3,262,,+(148),+(81),,,,,+(33),,-4,,,,-3
1336,355,浙江工业大学之江学院,做博丽灵梦谈古明地恋睡古明地觉,徐锐,钱嘉炜,肖方涛,,False,True,3,265,,+2(86),+(113),,,,,+(26),,-13,,,,-3
1337,,中国矿业大学,我的青春acm物语果然有问题,王虹博,陈品睿,兰翔思宏,,False,True,3,268,,+(61),+(177),,-1,,,+(30),,-1,,,,-2
1338,,中国科学技术大学,高级CV工程师,朱东胜,吴奕凡,徐家慧,,False,True,3,270,,+(137),+2(64),,,,,+(29),,-7,,,,
1339,,西安电子科技大学,突然想到一个O(N^N)的做法,李梓祺,应豪,李鑫皓,,False,True,3,270,,+2(174),+(33),,,,,+(23),,-5,,,,-7
1340,,河北师范大学,指尖破晓,曾云昊,贺雪杭,秦晓,,False,True,3,275,,+(142),+(78),,-4,,,+1(35),,-4,,,,
1341,,宁波大学,求求你们慢一点,黄纤雨,陈嘉晟,赖诗亮,,False,True,3,282,,+(118),+(146),,,,,+(18),,-8,,,,-2
1342,,河海大学,青春acm少女不会梦到黑红名学姐,廖开欣,刘宁,刘利娇,,False,True,3,289,,+2(136),+(68),,,,,+(45),,-4,,,,
1343,,华南理工大学,HowA,郑培磊,彭代杰,鲁金梓,,False,True,3,290,,+1(110),+(99),,,,,+1(41),,-1,,,,-6
1344,,武汉轻工大学,whpu04,雷唐杨,刘江凯,王艾欣,,False,True,3,292,,+1(153),+2(59),,,,,+(20),,,,,,
1345,,长春理工大学,那一天的寂寞寂寞起来,李佳阳,满统勋,何宇航,,False,True,3,294,,+4(68),+(66),,,,,+1(60),,-5,,,,-4
1346,356,大连交通大学,火箭汪汪队,丁留安,矫金明,周涛,,False,True,3,296,,-2,+(72),,,,,+(22),,+(202),,,,-5
1347,,浙江机电职业技术大学,机电2队,田振民,陈泽澎,沈芸,,False,True,3,297,,+(114),+(127),,,,,+(56),,-3,,,,
1348,,华东交通大学,galgame小屋,魏征,陈塬滨,熊剑涛,,False,True,3,297,,-4,+(71),,-2,,,+(20),,+(206),,,,-3
1349,,香港中文大学（深圳）,Trio Leveling,Christian Angelo Velarde,Gantulga Khantugs,Assylzhan Rakhmatullin,,False,True,3,301,,+1(198),+(52),,,-3,-3,+(31),-1,,,,-3,
1350,,北京师范大学香港浸会大学联合国际学院,我已见过我的奶龙,蔡德誉,孙浩然,刘凯睿,,False,True,3,302,,+2(180),+(56),,,,,+(26),,-1,,,,
1351,,东北农业大学,服务器繁忙，请稍后再试,杨煜,史东伟,杨家浩,,False,True,3,306,,+2(140),+(72),,,,,+(54),,,,,,
1352,357,甘肃农业大学,信科奥力给,周小超,崔承禹,张瑞坤,,False,True,3,306,,+1(210),+(59),,-1,,,+(17),,,,,,
1353,,中国石油大学北京克拉玛依校区,中石大克,梁博雅,刘东升,董玉贤,,False,True,3,307,,-11,+(74),,,,,+1(25),,+(188),,,,
1354,358,重庆交通大学,与猫猫起舞,胡明哲,王储,陈思含,,False,True,3,308,,+2(101),+1(69),,,,,+2(38),,,,,,-7
1355,,成都东软学院,没过四级的两人抱上了过四级的大腿,陈一夫,张馨溢,桑常晟,,False,True,3,309,,+(126),+(133),,,,,+(50),,-19,,,,
1356,,福建理工大学,福建理工大学4队,吴永杰,张守芝,余延鹏,,False,True,3,310,,+2(170),+(63),,,,,+(37),,,,,,
1357,,西安理工大学,我被困在了哈基乡,贾成杰,庄睿君,郝韵,,False,True,3,317,,+5(152),+(42),,,,,+(23),,,,,,
1358,,广州大学,放学后茶会,张荣炜,简炜槟,钟梓国,,False,True,3,318,,+(145),+2(107),,,,,+(26),,-9,,,,
1359,,徐州工程学院,变量名随便取,段大磊,陈一鸣,宋石林,,False,True,3,319,,+(138),+(114),,,,,+(67),,-2,,,,
1360,,嘉应学院,AAA 算法建材集团,吴烨昊,郑景升,罗海明,,False,True,3,319,,+1(181),+(88),,,,,+(30),,-7,,,,
1361,,中国传媒大学,汗流浃背了对不队,邱千柔,魏钰杰,付钰茜,,False,True,3,321,,+(188),+(91),,,,,+(42),,-3,,,,
1362,,东北大学秦皇岛分校,数据别和我们作队,朱逸飞,陈小全,赵星凯,,False,True,3,322,,+3(148),+1(68),,,,,+(26),,-5,,,,-6
1363,,南京航空航天大学,透明,付孜逸,唐观乾,周浩然,,False,True,3,324,,+1(132),+(148),,,,,+(24),,-14,,,,
1364,,惠州学院,能过样例就是赢,郑育津,郑承杰,林泽锐,,False,True,3,327,,+1(166),+(87),,,,,+(54),,-1,,,,
1365,,华北电力大学（保定）,四个二带双王,梁朝阳,戴炜轩,武献宇,,False,True,3,327,,-4,+(55),,+1(219),,,+1(13),,-1,,,,
1366,359,重庆人文科技学院,学习二分搜索,苏麟,李彦龙,杜仕亮,,False,True,3,328,,+5(145),+(58),,,,,+(25),,-12,,,,
1367,360,湖北师范大学,新世纪AC战士,华泰达,孙紫阳,肖振顺,,False,True,3,332,,+4(164),+(52),,,,,+(36),,-4,,,,
1368,,浙江工业大学,25ZJUT7,马哲超,张聪,权烨,,False,True,3,334,,+1(90),+(138),,,,,+(86),,,,,,-3
1369,,嘉应学院,蓝胖子,曾怡霖,刘润华,郑小欢,,False,True,3,334,,+1(153),+(124),,,,,+(37),,-7,,,,
1370,,山东科技大学,鹰号,秦立杰,杨竣凯,徐涵煜,,False,True,3,336,,-8,+(85),,,,,+(27),,+(224),,,,-1
1371,,河北师范大学,我爱老陈醋,李金聪,孙浩滨,卢俊澎,,False,True,3,337,,+2(180),+1(77),,,,,+(20),,-10,,,,
1372,,武汉科技大学,超时陆战队,朱继德,聂天宇,陶佳乐,,False,True,3,337,,+(184),+2(70),-1,-1,-1,-1,+(43),,,,,,
1373,,同济大学,边缘者,刘子康,李晨恺,刘相成,,False,True,3,337,,+(245),+(58),-4,,,,+(34),,-2,,,,-6
1374,,福建师范大学,雾织月渡,欧阳圣默,徐大淦,周傲宇,,False,True,3,341,,+5(142),+(71),,-3,,,+(28),,,,,,
1375,,青岛大学,为青大之崛起而AC,王毅翔,温瑞波,何亚汀,,False,True,3,341,,-23,+(66),,,,,+(40),,+(235),,,,
1376,,哈尔滨工程大学,关于我转生变成桐人君爱上亚丝娜这件事,鲁又铭,黄瑞轩,杨帆,,False,True,3,341,,-6,+(75),,,,,+(30),,+(236),,,,-1
1377,,兰州大学,莲子粥,朱靖祥,李秋颖,张鑫晖,,False,True,3,343,,-6,+(55),,,,,+1(35),,+(233),,,,-3
1378,,南昌航空大学,码到成功,邹伊扬,龚子贤,陈少聪,,False,True,3,344,,+2(185),+(78),,,,,+(41),,-2,,,,
1379,,宁波大学,broken23,金焕磊,陈昕宇,袁铭都,,False,True,3,344,,+2(197),+(67),,,,,+(40),,-1,,,,
1380,,浙江科技大学,我不会再遇幻想乡,周宁辉,汪文玥,杨睿,,False,True,3,345,,+2(172),+(98),,,,,+(35),,,,,,
1381,,北京化工大学,拔雪寻春,刘卓凡,张弘弛,叶鼎豪,,False,True,3,346,,+1(140),+1(121),,,,,+(45),,-1,,,,-4
1382,,长安大学,这能不Ac_O！,张宇睿,许明虎,韩韬,,False,True,3,346,,+2(156),+(107),,,,,+(43),,-2,,,,
1383,,南阳理工学院,队友升级，我独自睡觉,陈龙,任泽霖,崔书源,,False,True,3,346,,+(175),+(124),,,,,+(47),,-2,,,,
1384,,郑州大学,郑大队伍4,王朔淇,唐博,胡宏波,,False,True,3,346,,-9,+(61),,,,,+1(67),,+(198),,,,
1385,,北京工业大学,鲁棒司机,陈镇岳,齐相龙,张晋赫,,False,True,3,347,,+3(178),+(55),,,,,+1(34),,-3,,,,
1386,,北京信息科技大学,哈门,陈沫,崔耘硕,孙子鹤,,False,True,3,347,,+4(188),+(45),,-10,,,+(34),,,,,,
1387,,安徽师范大学,灰原哀说的都队,许居尚,高翔,火天宝,,False,True,3,348,,+1(135),+(107),,,,,+2(46),,-1,,,,-5
1388,,大连民族大学,获得成就:拼好队,王玲,廖立华,赵烺,,False,True,3,349,,+2(144),+(117),,,,,+(48),,-2,,,,
1389,,广州大学,暴力美学,吕涛涛,冯凌熙,陈皓森,,False,True,3,350,,+2(161),+(103),-1,-1,-1,-1,+(46),-1,-3,,,,
1390,,上海大学,游客分队,朱凯文,董晨曦,乔思远,,False,True,3,350,,+1(214),+(85),,,,,+(31),,,,,,
1391,,杭州师范大学,long long,贾宜儒,刘彦冰,穆浩元,,False,True,3,353,,+(83),+(157),,,,,+(113),,-2,,,,
1392,,台州学院,看完这道题我决定启动源石计划,童威凯,斯乐轩,阳林君,,False,True,3,353,,-3,+(81),,,,,+(25),,+2(207),,,,
1393,361,大连大学,DLU0,郑卫,蒋文博,张逸璇,,False,True,3,353,,-2,+(48),,-1,,,+(30),,+(275),,,,-17
1394,362,景德镇陶瓷大学,开发党,陈明耀,屈继根,楼家煜,,False,True,3,355,,+1(122),+(90),,,,,+1(103),,-2,,,,
1395,,合肥大学,一切都是命运石之门的选择,曾一凡,田润泽,张旭锋,,False,True,3,355,,+5(159),+(73),,,,,+(23),,-1,,,,
1396,,武汉纺织大学,满月三人组,范赫,钟宇峰,游为与,,False,True,3,356,,+2(178),+(111),,,,,+(27),,-17,,,,
1397,363,辽宁科技大学,算法鬼才琪露诺,吴炳熠,刘炀,陈子轩,,False,True,3,360,,+7(137),+(51),,-3,,,+(32),,,,,,
1398,,南京邮电大学,njupt25team014,余冠华,吴昊,许瑞兴,,False,True,3,362,,+1(190),+(96),,,,,+1(36),,-5,,,,
1399,,浙江师范大学,蒟蒻三巨头,黄炫皓,邵一航,余柏翰,,False,True,3,362,,-8,+(79),,,,,+1(42),,+(221),,,,
1400,,厦门大学,顶级理解,陈宣羽,张宏民,李海滨,,False,True,3,363,,+(94),+(156),,,,,+3(53),,-13,,,,
1401,,湖北工业大学,猫猫虫,谭宇杰,赵瑞杰,陈京宇,,False,True,3,364,,+1(152),+(158),,,,,+(34),,-3,,,,
1402,,东北大学秦皇岛分校,高钟覃,钟竞航,高旭,覃子仪,,False,True,3,364,,-1,+(121),,,,,+(23),,+2(180),,,,
1403,,南昌航空大学,码力全开,李毅伟,雷林平,曾葵炫,,False,True,3,364,,-8,+(129),,-4,,,+(44),,+(191),,,,
1404,,浙江农林大学,再给我十分钟,庞军,郑灵轩,余和喆,,False,True,3,364,,+2(205),+(88),,,,,+(31),,,,,,
1405,,中国海洋大学,海马程序员,聂宇航,袁东霖,单衍喆,,False,True,3,364,,-4,+(70),,,,,+(29),,+1(245),,,,
1406,,西南大学,西大哈基米,刘益鸣,孙舒源,蒋麟洲,,False,True,3,367,,+1(172),+3(84),,-10,,,+(31),,,,,,
1407,,广州华商学院,777,黄文乐,朱健勋,江历,,False,True,3,367,,+2(207),+1(72),,,,,+(28),,-5,,,,
1408,,上海海事大学,想获得名额的人脸上是没有笑容的,李海涵,沈彦君,朱炳泽,,False,True,3,368,,+2(245),+(65),,-1,,,+(18),,-3,,,,
1409,,中国石油大学（华东）,UPC1999,曹广驰,王子豪,王康振,,False,True,3,373,,+2(206),+2(65),,,,,+(22),,-8,,,,
1410,,江西财经大学,鱼跃千帆过，羊踏万里程,陈帆,杨镇宁,钟俊,,False,True,3,373,,-5,+(90),,,,,+(39),,+1(224),,,,
1411,,大连理工大学盘锦校区,在投ICLR,朱禹洲,祝王子,刘腾予,,False,True,3,374,,+4(162),+(82),,,,,+(50),,-5,,,,
1412,,哈尔滨工程大学,注定伟大,周凡城,李伯轩,刘书宇,,False,True,3,374,,-4,+(184),,,,,+(22),,+(168),,,,-2
1413,,长安大学,先入黄金乡者赏芙蓉王,刘新语,陈炎松,蔡昀青,,False,True,3,375,,+2(98),+(144),,,,,+(93),,-9,,,,
1414,,中南民族大学,哈基仙,连怡祥,钟佑安,黄炜超,,False,True,3,376,,+1(170),+(117),,,,,+(69),,,,,,
1415,,合肥工业大学,合工大3队,张力中,丁帅,,,False,True,3,377,,+2(167),+(87),,,,,+2(43),,,,,,
1416,,青岛理工大学,因为没过四级看不懂题面,陈文卓,金慧玲,赵增豪,,False,True,3,377,,+(185),+1(92),,,,,+1(60),,-6,,,,
1417,,福建理工大学,福建理工大学6队,程阳淏,叶礼豪,吴嘉杰,,False,True,3,380,,+1(141),+2(97),-2,,,,+1(62),,,,,,
1418,,河海大学,关于我转生成acm蒟蒻这档事,熊云齐,赵家辉,黄奕琛,,False,True,3,380,,+2(175),+(123),,-3,,,+(42),,-2,,,,
1419,,东华理工大学,青春猪头WA少年想要梦到AC学姐,刘志翔,周子彤,黄伟,,False,True,3,381,,+4(177),+(67),,,,,+1(37),,-7,,,,
1420,,湖南农业大学,WA_Automatons,杨鑫,杨皓程,,,False,True,3,381,,+2(238),+(80),,,,,+(23),,-1,,,,
1421,,深圳大学,起名真是难,赵昱棠,黄一展,杨哲,,False,True,3,381,,-5,+(77),,,,,+(17),,+1(267),,,,
1422,,苏州大学,天堂之风,李守旭,刘雨欣,张博闻,,False,True,3,383,,+2(141),+(149),,,,,+(53),,,,,,-10
1423,,北京工业大学,相信奇迹,李济帆,王辉,曲晟,,False,True,3,383,,-8,+(132),,,,,+(39),,+(212),,,,
1424,,郑州大学,郑大队伍3,杨光,朱锦昊,徐钧杰,,False,True,3,385,,+4(129),+(100),,,,,+2(36),,-4,,,,
1425,,宁波大学,蜜雪三分糖加AC,王泽豪,郑依林,虞卓军,,False,True,3,388,,+3(162),+2(104),,,,,+(22),,-2,,,,
1426,,福州大学,福大13队,王镜翔,林陈邦,吴玮航,,False,True,3,388,,+1(80),-4,,-7,,,+1(35),,+(233),,,,-7
1427,,南京邮电大学,njupt25team007,阚文博,张艺翀,陈昊泽,,False,True,3,389,,+(138),+(215),,,,,+(36),,-2,,,,
1428,,苏州大学,咖啡宝贝,周业鸣,朱星晨,廉镇源,,False,True,3,389,,-2,+(90),,,,,+(47),,+(252),,,,
1429,,安阳师范学院,栈满为患,张常璞,张靖博,刘航宇,,False,True,3,391,,+3(203),+(81),,,,,+(47),,-1,,,,
1430,,大连理工大学,dlut07,杨君泓,刘洛松,曾豪,,False,True,3,391,,+2(217),+1(88),,,,,+(26),,-6,,,,
1431,,江西农业大学,极点,闫卡特,罗宇豪,徐浩东,,False,True,3,393,,+2(156),+(90),,,,,+1(87),,-2,,,,-3
1432,364,河北大学,会赢吗会银的,刘烨通,齐峰辉,张雨涵,,False,True,3,393,,+3(276),+(34),,,,,+(23),,-2,,,,
1433,,山东大学,零一之间,王家辉,杨佳明,相政阳,,False,True,3,394,,-9,+1(59),,-1,,,+1(30),,+(265),,,,-2
1434,,山东大学,赛博守夜人,王润鲁,尹延铄,牛骏达,,False,True,3,396,,-7,+(55),,,,,+1(39),,+3(222),,,,
1435,,山东师范大学,复制粘贴王,刘郑,戴文星,杜彦贞,,False,True,3,396,,+1(235),+(108),,,,,+(33),,,,,,-2
1436,,郑州轻工业大学,非人类大队,范双学,甘承璞,窦万锦,,False,True,3,398,,+3(199),+(78),,,,,+1(41),,-5,,,,
1437,,华中师范大学,人生何处不青山,余成鸣,项思语,赵毅,,False,True,3,400,,+3(199),+1(77),,-5,,,+(44),,-2,,,,-4
1438,,北京工业大学,计算科学也是计科,房左青,张亦弛,,,False,True,3,403,,,+2(127),,-1,,,+(36),,+(200),,,,
1439,,哈尔滨理工大学（荣成）,长征2队,田文彬,姜文韬,杨炎明,,False,True,3,404,,+(228),+(80),,,,,+2(56),,-1,,,,
1440,,南京晓庄学院,你是什么π,盖礼杰,周稳,杜汶诗,,False,True,3,406,,+3(237),+(62),,,,,+(47),,,,,,
1441,,中国矿业大学（北京）,京矿小分队,高晨博,李佳豪,饶汉青,,False,True,3,407,,+2(159),+(149),,,,,+(59),,-5,,,,
1442,,贵州大学,不要指望我们队2.0,宋彩蝶,唐思雨,杜博冉,,False,True,3,407,,+5(255),+(34),,,,,+(18),,-3,,,,
1443,,中国石油大学（华东）,UPC1988,张淇贺,彭健坤,钟智勇,,False,True,3,410,,-5,+1(171),,,,,+(17),,+(202),,,,-1
1444,,江西理工大学,霜月猫,喻文建,潘建民,李文畅,,False,True,3,412,,+3(256),+(45),,-2,,,+1(31),,-4,,,,
1445,365,宁波职业技术大学,她不一样,何家安,陈明磊,蓝春涛,,False,True,3,413,,+2(75),+4(147),,,,,+(71),,,,,,
1446,,河南农业大学,吉伊卡哇,朱逸菲,邓海迪,李悦,,False,True,3,414,,+4(207),+(106),,,,,+(21),,,,,,
1447,366,衡水学院,衡水学院一队,王南凯,杨嘉琳,陈昶潇,,False,True,3,415,,-1,+(78),,,-1,,+(32),,+1(285),,,,
1448,,乐山师范学院,我是甜菜,孙鹏,陈洪钢,李诚鑫,,False,True,3,417,,+6(153),+(109),,,,,+(35),,-13,,,,
1449,,河南师范大学,黎明调试者,马傲博,吴静轩,赵柯行,,False,True,3,419,,+3(258),+(76),,,,,+(25),,-7,,,,
1450,367,哈尔滨商业大学,苯甲酰芽子碱甲酯队,林铭辉,刘凯,王喆,,False,True,3,420,,+1(81),+4(184),,,,,+1(35),,-4,,,,
1451,,天津理工大学,TJUT_极速AC,赵浩然,李蒙海,刘鑫星,,False,True,3,421,,-5,+(70),,,,,+(43),,+2(268),,,,
1452,,中国人民大学,异步并行队,曾翎一,胡博玮,夏维汉,,False,True,3,422,,+1(222),+(95),,,,,+1(65),,,,,,
1453,368,广东培正学院,我们要2打3了,沈亦鱼,黄铭锋,,,False,True,3,422,,-3,+(154),,,,,+(16),,+1(232),,,,-12
1454,,惠州学院,嘉心彬干,康心悦,王彬琦,李嘉慧,,False,True,3,422,,+4(238),+(69),,,,,+(35),,-1,,,,
1455,,陕西师范大学,纳豆拌饭,王鲲,余寒顺,索梓恒,,False,True,3,422,,+5(257),+(51),,,,,+(14),,,,,,
1456,,上海科技大学,请输入文本,方梓轩,刘志伟,周子杰,,False,True,3,422,,-5,+(97),,-2,,,+(40),,+1(265),,,,
1457,,华南师范大学,过了样例就算对,丁林,曾翔,何文标,,False,True,3,424,,+4(185),+(69),,,,,+2(50),,,,,,-2
1458,,西南财经大学,队友队友要不要和我一起打xcpc喵喵喵喵喵,朱哲含,陈瑾,郭子欣,,False,True,3,424,,+2(205),+(154),,,,,+(25),,-2,,,,
1459,,香港理工大学,M&M&M,闵泽宇,孟祥宇,黄瑞满,,False,True,3,424,,-5,+2(74),,,,,+(17),,+(293),,,,-5
1460,,绍兴文理学院,可爱星星飞天撞,李明轩,葛至洲,洪振博,,False,True,3,428,,+2(57),-1,,,,,+(27),,+2(264),,,,-9
1461,,浙大城市学院,未命名1,章敏涛,张永乐,方文锦,,False,True,3,429,,+3(195),+2(110),,,,,+(24),,,,,,
1462,,信息工程大学,208,唐日文,史秉轩,陈铮,,False,True,3,431,,-4,+(54),,,,,+3(106),,+1(191),,,,-2
1463,,东北农业大学,没时间想队名了!,戚晏嘉,宋秉轩,祝宏睿,,False,True,3,431,,+1(216),+(89),,-1,,,+2(66),,-2,,,,
1464,,东华大学,凌梦舟,刘逸伦,马显轩,赵胜文,,False,True,3,431,,+5(256),+(52),,,,,+(23),,-3,,,,-2
1465,,山西大学,逗比南波万队,郑毅,张烨麒,胡天锋,,False,True,3,432,,-13,+1(103),,,,,+1(34),,+(255),,,,
1466,,集美大学,绝不会忘记,刘烨冬,韩斌,李清域,,False,True,3,432,,+3(268),+(71),,,,,+(33),,,,,,
1467,,北京理工大学,打铁也能报销吗,周哲昊,林柏健,姜宇辰,,False,True,3,433,,+5(182),+1(111),,,,,+(20),,-4,,,,-5
1468,,深圳大学,古故菇,李子炫,林文伟,李晗,,False,True,3,434,,+3(104),+(163),,,,,+1(87),,-7,,,,-7
1469,369,九江学院,九江大学,陈亮,朱涛,左鹏,,False,True,3,434,,+(209),+2(125),,,,,+1(40),,-2,,,,
1470,,山东科技大学,心宿号,陈家祺,于冠华,马锐,,False,True,3,434,,-9,+1(131),,,,,+(22),,+(261),,,,
1471,,广东工业大学揭阳校区,和队友关闭思维流同步了,陈智谦,陈锦涛,宋阳,,False,True,3,434,,+3(296),+(58),,,,,+(20),,,,,,
1472,,浙江工业大学之江学院,我开挂了求针对,钱憬琦,陈宇昊,赵豪磊,,False,True,3,437,,+3(233),+(92),,,,,+(52),,-1,,,,-1
1473,,陕西师范大学,线段树上长麦当劳,赵欣颖,吴若晗,谢黎涛,,False,True,3,438,,-3,+(117),,,,,+1(71),,+(230),,,,-2
1474,,中国矿业大学,洛创某,李浩华,周方楠,曾进河,,False,True,3,440,,+3(146),+(197),,,,,+(37),,-2,,,,
1475,,浙江工业大学,25ZJUT9,刘伯亮,郭谨志,王锦燊,,False,True,3,440,,+2(233),+(118),,,,,+(49),,,,,,
1476,,厦门理工学院,当太阳升起，就把WA忘掉,郑炜钦,丁尔为,黄伟彬,,False,True,3,442,,+1(237),+(114),,,,,+(71),,-7,,,,
1477,,内蒙古大学,铁匠,张琦,许书豪,季昊天,,False,True,3,443,,+3(132),+1(153),,,,,+(78),,-1,,,,-1
1478,,华东师范大学,ecnu_new1,罗文韬,龚泽钦,许博文,,False,True,3,444,,+(249),+(161),,,,,+(34),,-1,,,,
1479,,河北师范大学,WA终将走进千家万户,袁凯鑫,桂晟航,张坤元,,False,True,3,446,,+(276),+1(116),,,-1,,+(34),,,,,,
1480,370,河南工程学院,南苑三队,贾坤,周子航,王大鹏,,False,True,3,447,,+1(238),+1(127),-1,-1,-1,-1,+(42),-1,-1,-1,-1,-1,-1
1481,,广东金融学院,多多柠檬茶,翁博,陈致昊,陈俊明,,False,True,3,447,,-3,+(115),,,,,+1(43),,+1(249),,,,
1482,,武汉大学,谢谢张兵,刘尚源,袁振宇,洪阳,,False,True,3,448,,+2(154),+1(202),,,,,+(32),,,,,,
1483,,东北农业大学,二星糖豆人,金迪,田旭东,张慧祥,,False,True,3,450,,+6(199),+(97),,-1,,,+(34),,-1,,,-1,
1484,,浙大城市学院,熔岩烤鸡,俞轩昂,何鑫星,胡译涵,,False,True,3,451,,+(189),+(123),,,,,+3(79),,-1,,,,
1485,,成都信息工程大学,竹叶雨,黄中鼎,叶忠杰,胡浩宇,,False,True,3,451,,+5(226),+(83),,,,,+(42),,-11,,,,
1486,,青岛农业大学,不吃奶龙,徐大好,赵鸿宇,马晨阳,,False,True,3,452,,-10,+(102),,,,,+(34),,+3(256),,,,
1487,371,广州华立学院,Guessforces,王润峰,廖俊杰,,,False,True,3,454,,+7(137),+(153),,,,,+(24),,-3,,,,-1
1488,,南京邮电大学,njupt25team011,杨小莹,李箐,吴嘉敏,,False,True,3,454,,+1(146),+(244),,,,,+(44),,-3,,,,
1489,,杭州师范大学,时代马戏团,唐嘉奇,吴佳鹏,杨兰欣,,False,True,3,457,,+4(208),+(127),,,,,+(42),,-3,,,,
1490,,成都信息工程大学,白虎朱雀玄武,曾乙,张永俊,郑贯中,,False,True,3,457,,+2(214),+(165),,,,,+(38),,-3,,,,
1491,372,常州大学,叫什么队,侯飞,刘泽鸿,吴明轩,,False,True,3,458,,-6,+(105),,+(277),,,+(76),,-3,,,,
1492,,吉利学院,取名字太难了,周杨,王超,张显悦,,False,True,3,461,,+3(193),+(173),,,,,+(35),,-3,,,,
1493,,河南师范大学,能赢吗,赵振安,孙易飞,董健豪,,False,True,3,461,,+6(228),+(71),,,,,+(42),,-1,,,,
1494,,湖南农业大学,会赢吗,李磊,周辉,许健强,,False,True,3,464,,+4(177),+1(149),,,,,+(38),,-1,,,,-10
1495,373,香港浸会大学,上岸宝宝,印无忧,姜蒙,张旭景,,False,True,3,466,,+3(192),+(100),,,,,+2(74),,,,,,
1496,,湖南农业大学,零罚时,周静,黄瑞莎,颜诗祺,,False,True,3,467,,-4,+(124),,,,,+1(32),,+1(271),,,,
1497,,东北大学秦皇岛分校,样例过了就是AC,徐浚恒,郑明涛,张利锋,,False,True,3,468,,+7(210),+(92),,,,,+(26),,-2,,,,
1498,,太原理工大学,张强,聂致远,郭超逸,王炎博,,False,True,3,470,,+2(195),+2(99),,,,,+1(76),,-6,,,,
1499,374,安徽工业大学,安徽工业大学acm,周子健,李冠庭,李锐,,False,True,3,470,,+4(266),+(71),,,,,+(53),,-1,,,,-5
1500,,苏州工学院,邪气大王,杜鹏飞,张雨萱,谢起,,False,True,3,471,,+3(264),+(99),,,,,+(48),,,,,,
1501,,石家庄铁道大学,打瓦找妈堵桥花,谭海杰,刘瑞冀,赵晨越,,False,True,3,475,,+(177),+5(181),,,,,+(17),,-9,,,,-2
1502,,莆田学院,还在划水,缪高峰,曾煌斌,游千惠,,False,True,3,475,,+7(222),+(75),,,,,+(38),,,,,,
1503,,海南大学,队友带个我都能AC,朱桐庆,丁彦文,郑朴,,False,True,3,477,,+3(102),+1(268),,,,,+(27),,,,,,-11
1504,,延安大学西安创新学院,无限剑制,肖磊,杜世武,张一晨,,False,True,3,477,,-6,+(117),,,,,+(46),,+2(274),,,,
1505,,烟台大学,甘文崔,戚靖博,吴振,刘一,,False,True,3,478,,-17,+2(148),,,,,+(41),,+(249),,,,
1506,,哈尔滨工业大学,让HIT再次伟大,白恒宇,郭道玮,罗星宇,,False,True,3,478,,-3,+(67),,,,,+4(45),,+1(266),,,,
1507,,贵州大学,说的道理,程航,唐辰宸,周俊翔,,False,True,3,478,,+3(280),+(71),,,,,+1(47),,-1,,,,-1
1508,,温州大学,温大十队,管焌羽,周圣涵,是凯宁,,False,True,3,479,,-15,+(182),,,,,+(18),,+1(259),,,,
1509,375,沈阳农业大学,谷涨稷萁稔,潘岩,金龙杰,苏紫辰,,False,True,3,481,,+9(212),+(62),,,,,+(27),,,,,,-4
1510,,温州商学院,这次一定队,薛骏诚,施世泽,,,False,True,3,481,,+3(220),+(95),,,,,+2(66),,,,,,
1511,,杭州电子科技大学信息工程学院,hziee1,周越,吴锦豪,尹凯乐,,False,True,3,481,,+7(268),+(46),,-9,,,+(27),,,,,,
1512,,中国传媒大学,中午少年先疯队,杨希裕,王雨鑫,吴少泽,,False,True,3,481,,+6(270),+(55),,,,,+(36),,,,,,
1513,,湖南理工学院,可乐没糖,邓婷尹,邓蕴珍,陈佳慧,,False,True,3,482,,+2(239),+(182),,,,,+(21),,,,,,
1514,,深圳技术大学,SZTU_未闻WA名,伊轩文,罗星辉,武家辉,,False,True,3,483,,-10,+3(151),,-2,,,+(19),,+1(233),,,,-3
1515,,徐州工程学院,我来劈开这座山,唐杨,杜紫萱,陈禹,,False,True,3,485,,+1(237),+1(142),,,,,+(66),,,,,,
1516,,烟台大学,以上成绩全部无效,邓俊涵,朱铭,黄一沣,,False,True,3,485,,-8,+(83),,,,,+(21),,+5(281),,,,
1517,,湖南涉外经济学院,先打一发暴力,陈星宇,赵瑞翔,刘永康,,False,True,3,486,,+1(249),+(150),,,,,+(67),,-2,,,,
1518,,台州学院,超时空救援,张存键,林文涛,朱深敏,,False,True,3,488,,-4,+2(95),,,,,+1(42),,+(291),,,,
1519,,绍兴理工学院,做题5分钟翻译两小时,全仪,王李浩,刘思颖,,False,True,3,492,,+5(233),+(104),,,,,+(55),,,,,,
1520,376,合肥工业大学宣城校区,合肥工业大学2队,高远,张力翔,傅添成,,False,True,3,492,,-3,+1(95),,,,,+1(43),,+2(274),,,,
1521,,天津工业大学,#include<队友的脑子>,黎尚京,韩博成,李昊轩,,False,True,3,493,,+4(214),+1(150),,,,,+(29),,,,,,
1522,,山东大学,想要成为人类,孙崇越,王天烨,农烨明,,False,True,3,493,,+2(219),+2(131),,,,,+1(43),,-4,,,,-3
1523,,浙江农林大学,acm菜鸟,吴文超,陈家乐,毛亦秀,,False,True,3,493,,-3,+(192),,,,,+(38),,+(263),,,,-1
1524,377,北京交通大学（威海）,bjv007,蔡云中,邹承轩,杨明熹,,False,True,3,494,,+3(150),+(144),,,,,+(140),,,,,,-3
1525,,齐鲁工业大学,破晓之光,周金林,王鹏宇,王海科,,False,True,3,497,,+2(129),-1,,-4,,,+(33),,+(295),,,,
1526,,山东大学,达拉崩吧斑得贝迪卜多比鲁翁,梁焯宁,胡恩丞,许明哲,,False,True,3,498,,+3(122),+3(191),,,,,+(65),,-8,,,,
1527,,鲁东大学,贪生pass,李福超,王凌志,李鹏辉,,False,True,3,498,,+(121),+1(260),,,,,+1(77),,,,,,
1528,,中国科学技术大学,byto,万景天,杨邵恺,胡启航,,False,True,3,499,,-1,+2(115),,,,,+(39),,+2(265),,,,
1529,,江西理工大学,神经网络过载,丁康,黄伟宸,吴吕明,,False,True,3,501,,+3(274),+(97),,,,,+(70),,-3,,,,
1530,378,湖南中医药大学,摆大烂,王稼轩,杨增磊,刘孝波,,False,True,3,504,,-6,+(143),,,,,+2(104),,+(217),,,,-8
1531,,河南师范大学,她说你是个好人,刘轩豪,陈晗,高继凯,,False,True,3,505,,+9(247),+(52),,,,,+(26),,,,,,
1532,,广州华商学院,不知道啊，队友说请吃烧烤我就来了,黄日健,许艺涵,黄伟豪,,False,True,3,505,,+2(278),+(79),,,,,+(108),,,,,,
1533,,重庆工程学院,重工二队,陈博恒,杨灿,晏席,,False,True,3,507,,+7(179),+(79),,,,,+2(69),,-3,,,,
1534,,河南工程学院,南苑二队,李卫,崔润霖,秦子明,,False,True,3,507,,+3(207),+(169),,,,,+(71),,-6,,,,
1535,,长春工业大学,taimu真幸运，玩上了丝之歌,何永恒,苏星雨,蒋卓君,,False,True,3,507,,+4(223),+2(98),,,,,+(66),,-1,,,,
1536,,北华大学,抹茶芭菲,严梓彬,周春旭,龚浩喆,,False,True,3,507,,+4(265),+(76),,,,,+2(46),,,,,,
1537,,杭州师范大学,刷子得了MVP,应亦君,胡嘉皓,余司成,,False,True,3,508,,+6(231),+(124),,,,,+(33),,,,,,
1538,,武汉科技大学,超级无敌究极无敌永恒无敌霸王龙战队,段铭一,刘帅,程辉,,False,True,3,508,,+3(241),+1(110),,,,,+1(57),,-1,,,,
1539,,山东科技大学,阿瓦隆号,董鑫磊,魏恒焱,王浩然,,False,True,3,508,,+4(272),+(130),,,,,+(26),,,,,,-2
1540,,华南师范大学,队伍一定要有队名,陈理元,肖逸,江炜健,,False,True,3,508,,-4,+(133),,,,,+(78),,+1(277),,,,
1541,,河南师范大学,正经的队名,申海辰,强锦铭,任梓源,,False,True,3,511,,+4(252),+(124),,,,,+(55),,-3,,,,
1542,,东莞理工学院,求求你让我a一题,欧志豪,陈子扬,林航,,False,True,3,512,,+2(93),+2(299),,-2,,,+(40),,,,,,
1543,379,湖南工学院,狙击王,李东,袁航,刘博瑞,,False,True,3,514,,+8(236),+(61),,,,,+(57),,,,,,
1544,,武汉科技大学,漫步AC,刘思瑜,许良彬,,,False,True,3,514,,+5(253),+(79),,,,,+1(62),,-2,,,,
1545,,吉林大学,酒笙清栀,柳湛博,高珺,梁家铭,,False,True,3,514,,+(88),+7(266),,,,,+(20),,,,,,-7
1546,,浙江农林大学,植物僵尸,黄炫榕,杨一郎,包涵,,False,True,3,515,,+2(147),+(225),,-2,,,+3(43),,-4,,,,
1547,,东北大学,东北大学_迈出起名第一步ovo,陈梓轩,聂天一,袁家铭,,False,True,3,518,,+7(139),+(149),,,,,+(90),,-2,,,,
1548,,湖北经济学院,击坠神明之日,杨佳慧,郑奥,秦川,,False,True,3,519,,+5(190),+2(105),,,,,+(84),,,,,,
1549,,北京师范大学,深藏blue,李赫祥,张书林,安奕达,,False,True,3,521,,+5(270),+(120),,,,,+(31),,,,,,
1550,,湖南理工学院,苍筤,胡岩松,岳宾,颜文渝,,False,True,3,522,,+1(198),,,,,,+7(85),,+(79),,,,-32
1551,,华南农业大学,你WA我不WA队,邱逸淳,张嘉怡,阳悦,,False,True,3,522,,-7,+(142),,,,,+(104),,+(276),,,,
1552,,西南财经大学,融化的梦,刘勇杰,谢天翊,刘俊宏,,False,True,3,526,,+7(227),+1(109),,,,,+(30),,-1,,,,
1553,,长安大学,O(1)超时导致罚时爆炸之后去吃康师傅红烧牛肉面,高源,乔奕萱,靳泽宇,,False,True,3,527,,+6(111),+1(186),,,,,+(90),,,,,,-42
1554,,华南师范大学,A了这题就当归宅部,林浩杰,黄骞胤,李泊霖,,False,True,3,532,,+5(229),+(172),,,,,+(31),,-1,,,,
1555,,东北农业大学,是我太贪心试图规划未来,王志伟,周博昂,薛宇航,,False,True,3,533,,+7(264),+(83),,,,,+(46),,,,,,
1556,,河海大学,落英缤纷之期,陈培印,谭炜烨,邵然,,False,True,3,533,,+1(146),+4(268),,,,,+(19),,-2,,,,-6
1557,380,电子科技大学成都学院,科成2队,王硕,尹建鸿,胡新隆,,False,True,3,534,,+2(222),+2(191),,,,,+(41),,,,,,
1558,,青岛科技大学,拼好队,宗睿珵,舒镇海,朱志鹏,,False,True,3,536,,+7(298),+(75),,,,,+(23),,,,,,
1559,,成都锦城学院,偷偷把太阳换成3.8x10⁷倍太阳质量的黑洞就能比你们多考5小时预选赛了,赵燚,郑媛,但飞锐,,False,True,3,537,,+1(126),-32,,,,,+1(53),,+1(298),,,,
1560,,河海大学,快给我取个名字,仵柳飒,赵俊儒,杜珈颖,,False,True,3,538,,+3(232),+(161),,,,,+2(45),,-1,,,,
1561,381,浙江金融职业学院,浙金院二队,刘恒,高宇航,王杰,,False,True,3,539,,+1(191),+(264),,,,,+(64),,,,,,
1562,382,山东石油化工学院,来猜来财,许津冬,姚神忠,李子杰,,False,True,3,540,,+7(267),+(100),,-1,,,+(33),,,,,,
1563,,广东工业大学,暗黑寻猎者,谭一峰,赖国华,蔡鋈,,False,True,3,540,,-5,+(162),,,,,+(37),,+3(281),,,,
1564,,西南财经大学,愿此行，终抵Final,刘彻,蒋思翔,祝亚辉,,False,True,3,544,,+1(170),+5(223),,,,,+(31),,,,,,-1
1565,,华南农业大学,交了就ac队,丘磊,何曼玲,,,False,True,3,545,,+4(243),+1(124),,,,,+1(58),,-1,,,,-1
1566,383,上海工程技术大学,队友起队名突然病倒我发誓一定要写出救赎队友的队名却发现没有起队名的才能崩溃的我被队友丢进鱼缸边哭边喊我讨厌你们的温柔,胡耀杰,甘祺正,赵承麟,,False,True,3,545,,+2(263),+(189),,,,,+(53),,-3,,,,
1567,,中国科学技术大学,(*￣(ｴ)￣*),付锦鹏,刘畅,尹成涵,,False,True,3,545,,-6,+1(144),-2,,,,+1(42),,+1(299),,,,-3
1568,,中国科学技术大学,这对吗这不队,翟方炀,任奕圩,李智涵,,False,True,3,546,,+1(170),+(81),,,,,+1(255),,,,,,
1569,,浙江工业大学,25ZJUT8,吕天玉,卜凡,程煜泽,,False,True,3,546,,+3(171),-7,,,,,+(39),,+1(256),,,,
1570,,福州大学,福大14队,邢皓翔,吴峥鸣,梁宇恒,,False,True,3,549,,+1(187),+(227),,,,,+2(75),,-2,,,,
1571,,华中农业大学,憧憬成为AC大帝,刘睿哲,阮崇轩,赵俊杰,,False,True,3,550,,+4(232),+(160),,,,,+1(58),,-3,,,,
1572,,上海海洋大学,Beyond the Sky,芦思聪,刘道鸿,谢天久,,False,True,3,550,,+1(269),+(147),,,,,+1(94),,,,,,
1573,,五邑大学,这是什么学校,张艺钟,陈晋钦,曾智聪,,False,True,3,552,,-11,+1(48),,,,,+6(28),,+6(216),,,,-7
1574,,中北大学,队友高数挂了还能打XCPC吗？,刘灿阳,李欣颖,冯翼,,False,True,3,552,,+3(215),+(229),,,,,+1(28),,-12,,,,
1575,,华南理工大学,我WA故我在,梁祖章,黄皓炜,张圣渤,,False,True,3,554,,-5,+(187),,-2,,,+1(104),,+1(223),,,,
1576,,青岛大学,接下来我将提交一发并AC,尹量,陈政铭,朱佺晟,,False,True,3,554,,+4(293),+(105),,,,,+1(56),,-8,,,,
1577,,郑州轻工业大学,太嚣张了放学怕被堵,王宇博,牛培宇,冯留帅,,False,True,3,555,,+7(273),+(85),,,,,+1(37),,-3,,,,
1578,,中国海洋大学,请输入文本,彭俊皓,韩欣宇,真笑君,,False,True,3,556,,+2(187),+3(211),,,,,+(58),,,,,,-17
1579,,河南财经政法大学,我要找妈妈,唐璟辉,刘义凯,陈俊尹,,False,True,3,557,,-10,+2(192),,,,,+(36),,+1(269),,,,
1580,,哈尔滨商业大学,刘雨馨和她的挂件们,吕海航,黄嘉毅,刘雨馨,,False,True,3,558,,+7(286),+(85),,,,,+(47),,,,,,
1581,,陕西师范大学,宋,杜振东,徐颢恺,王嘉轩,,False,True,3,559,,+3(157),-9,,,,,+1(53),,+1(249),,,,
1582,,宁波大学,旧照片,蒋正友,郑思远,潘奕喆,,False,True,3,560,,+5(287),+(79),,,,,+(94),,-2,,,,
1583,,武汉轻工大学,whpu03,姚绮翔,丁锦烨,刘俊泽,,False,True,3,561,,+1(180),+2(86),,,,,+4(155),,,,,,-8
1584,,湘潭大学,湘大四队,宋仕凯,逯锦湘,陈波,,False,True,3,561,,+8(251),+(65),,,,,+2(45),,,,,,-5
1585,384,山西财经大学,除尘布队,范博凯,程鑫钊,,,False,True,3,563,,-4,+(251),,-1,,,+1(35),,+1(237),,,,-3
1586,,上海师范大学,赛前不小心通宵了,张越群,李睿,姜启材,,False,True,3,565,,+5(262),+(145),,,,,+1(38),,,,,,
1587,385,北京电子科技学院,丢掉幻想准备斗争,张锐,邱贤达,李炫睿,,False,True,3,566,,-4,+11(188),,,,,+(30),,+(128),,,,-4
1588,,北京电子科技学院,罚时罚到外婆桥,于凯,于笑尘,林丹阳,,False,True,3,568,,+2(211),+(183),,,,,+1(114),,-3,,,,
1589,,河南师范大学,加载中,谢添点,闫浩文,阴珂珂,,False,True,3,568,,+11(230),+(74),,,,,+(44),,-2,,,,
1590,,华南师范大学,wa学弟幻想ac,胡涵之,谭子安,朱瑶,,False,True,3,570,,+2(289),+(223),,,,,+(18),,,,,,
1591,,苏州大学,wa乃兵家常事,王轩奕,张浩楠,朱昊文,,False,True,3,571,,+1(219),+(252),,,,,+(80),,,,,,
1592,,湖南农业大学,被资本针队,杨铭浩,李恩泽,王俊辉,,False,True,3,571,,-1,+6(108),,,,,+(37),,+2(266),,,,
1593,,燕山大学,燕大3队,黎睿涵,张翔硕,孙毅恒,,False,True,3,575,,-7,+2(196),,,,,+(71),,+(268),,,,
1594,,南京邮电大学,njupt25team008,李永鑫,杨颖翔,白耀文,,False,True,3,577,,+2(171),+4(184),,,,,+(102),,-6,,,,
1595,,中国石油大学（华东）,UPC2021,吕恒欣,袁露菡,杨若熙,,False,True,3,577,,+5(191),+2(224),,,,,+(22),,-5,,,,
1596,,东北大学秦皇岛分校,二十四桥明月夜,陈俊安,吴政霖,张默涵,,False,True,3,577,,+8(297),+(92),,,,,+(28),,-6,,,,-5
1597,,山东大学（威海）,艰难依旧坚持,王建烨,郭正扬,黄元昊,,False,True,3,578,,+6(182),+(246),,,,,+(30),,-2,,,,
1598,,齐鲁工业大学,青衿之志,高梓源,李昱廷,卢尊宝,,False,True,3,585,,+7(222),+(155),,,,,+1(48),,,,,,
1599,,福建农林大学,多给一分行不行,吕航涛,倪程勇,何泽滨,,False,True,3,589,,-10,+(233),,,,,+(35),,+4(241),,,,
1600,,浙江师范大学,听取WA声一片,赵文博,倪千淇,樊彬,,False,True,3,589,,+10(287),+(52),,-1,,,+(50),,-1,,,,
1601,,浙江工商大学,博神带俩坑,李杰,李博,胡奕斐,,False,True,3,591,,+10(299),+(65),,,,,+(27),,-5,,,,
1602,,湖南中医药大学,你还会爱我吗对不队,任航玮竞,刘鑫成,曲靓,,False,True,3,599,,+3(231),+3(222),,,,,+(26),,-1,,,,
1603,,北方工业大学,明天再补题,王锦涛,李金承,刘启炫,,False,True,3,599,,-15,+(148),-2,,,,+1(60),,+4(291),,,,
1604,,武汉纺织大学,A了,朱佳伟,毛子祺,万福辉,,False,True,3,613,,+7(254),+4(105),,,,,+(34),,,,,,
1605,,嘉应学院,吓我一跳我释放忍术,曾家俊,谢浩欣,陈昌垚,,False,True,3,613,,+4(291),+(175),,,,,+(67),,,,,,
1606,,中南林业科技大学,CSUFT3,刘坤,刘烨,邬志琳,,False,True,3,614,,+8(285),+(123),,,,,+(46),,,,,,
1607,,石家庄铁道大学,崩坏：庄窠铁道,任磊康,陈昀,冯子涵,,False,True,3,615,,+4(214),+(258),,,-2,,+1(43),,-5,,,,
1608,,湖南工学院,我们必须想象打铁是幸福的,吴函,李欣茹,罗阳艳,,False,True,3,615,,+4(265),+(239),,,,,+(31),,,,,,
1609,,合肥工业大学宣城校区,我们打得都队,莫子扬,刘嘉傲,谭沛敏,,False,True,3,617,,+6(149),-1,,,,,+2(56),,+(252),,,,
1610,,广州大学,我不是瓦批,乔俊杰,帅军锐,曹宇超,,False,True,3,621,,+4(219),+1(166),,,,,+2(96),,-5,,,,
1611,,山东大学（威海）,我大概一辈子也忘不了xcpc吧,曾嘉乐,李昊阳,姜龙翔,,False,True,3,622,,+1(201),+2(243),,,,,+1(98),,,,,,
1612,,哈尔滨工业大学,加载中，请稍候,刘明卓,郭健桓,刘靖文,,False,True,3,626,,+3(268),+(234),,-9,,,+1(44),,,,,,
1613,386,上海对外经贸大学,猫馔,卢靖元,罗晟屹,任至烨,,False,True,3,629,,+2(253),+(276),,,,,+(60),,,,,,
1614,,合肥大学,反正能过样例,杨帅,汝豪杰,瞿康辰,,False,True,3,637,,+2(262),+2(145),,,,,+4(70),,,,,,
1615,387,山东工商学院,南极洲的return,国耀泽,单高焱,卜世陀,,False,True,3,638,,+7(220),+(160),,,,,+(118),,-6,,,,
1616,,华北电力大学（保定）,pwq不会起名字、,潘语博,王宇灿,朱欣旗,,False,True,3,638,,+2(245),+1(216),,,,,+2(77),,-2,,,,
1617,,江西理工大学,样例过了就行,虞诗敏,刘学萍,余庭轩,,False,True,3,652,,+7(291),+2(129),,,,,+(52),,,,,,
1618,,山东大学,幻术协奏,亓东赫,彭铄淇,孙豪阳,,False,True,3,658,,+2(280),+1(90),,,,,+2(188),,,,,,
1619,,江西财经大学,我很贪心很想赢,刘文浩,王征,胡剑东,,False,True,3,662,,,+1(277),,,,,+(43),,+3(262),,,,
1620,,大连理工大学,dlut06,向阳,刘毅,陈勇,,False,True,3,673,,+8(252),+(194),,,,,+(67),,,,,,
1621,,沈阳化工大学,鼠鼠我两眼懵逼感觉看到了太奶,孟闯,马海娇,彭清莲,,False,True,3,674,,-19,+(73),,,,,+1(47),,+13(274),,,,
1622,388,太原科技大学,想不出来队名,马君宇,王雯斐,王栋骞,,False,True,3,675,,+1(289),+(190),,,,,+2(136),,,,,,
1623,,江苏海洋大学,派大星暴打猫猫头,沈乃至,马迪,刘岩,,False,True,3,676,,+14(228),+(126),,,-1,,+(42),,,,,,
1624,389,华侨大学,华侨大学1队,张伟鹏,赵政然,肖雅琴,,False,True,3,679,,+10(297),+1(93),,,,,+1(49),,,,,,
1625,,成都信息工程大学,如果有一天爱上了算法竞赛,王茂光,谭权鑫,李欣雨,,False,True,3,681,,+5(264),+(290),,,,,+(27),,,,,,-1
1626,,郑州轻工业大学,遥遥领先,尹航,马艺轩,吕浩源,,False,True,3,684,,+3(274),+1(280),,,,,+1(30),,,,,,
1627,,湖南大学,工信,许斌洋,叶如桐,陈宏,,False,True,3,695,,+8(268),+3(159),,,,,+(48),,,,,,
1628,,中国科学技术大学,库特胜利,陈宇梁,解今夕,熊炜,,False,True,3,695,,-21,+5(111),-3,+6(275),,,+2(49),,-6,,,,-4
1629,,河北工业大学,不需要 ap 和 aj，需要 ac,朱宸岐,张天铄,杜凌文,,False,True,3,697,,+4(298),-3,,,,,+(49),,+1(250),,,,
1630,,惠州学院,废柴精灵队,黄浩琪,李佩萱,李嘉琪,,False,True,3,698,,+7(298),+3(127),,,,,+(73),,,,,,
1631,,东莞理工学院,干饭就是力量,林炜豪,伍孝轩,王鑫宇,,False,True,3,731,,+16(252),+2(75),,-1,,,+1(24),,,,,,
1632,,山东大学,吴郭陈,郭雨欣,陈海斌,吴叶轩,,False,True,3,739,,+6(259),+(197),,,,,+3(103),,-10,,,,
1633,,厦门大学,我也想跟你们一样厉害,蔡欣琪,张锦雯,,,False,True,3,769,,+3(156),+1(298),,,,,+3(175),,-2,,,,
1634,,成都信息工程大学,如果队友可以变成算法大佬然后把我带飞的话……,郭子瑾,张苏停,王锐颖,,False,True,3,772,,+3(253),+4(265),,,,,+1(94),,-1,,,,
1635,,山东工商学院,古希腊掌管时间与空间的神,牛清华,陈新语,李文哲,,False,True,3,788,,,+1(213),,,,,+1(156),,+4(299),,,,
1636,,中国计量大学,天生赢家,温鸿,张天保,李锦豪,,False,True,3,814,,+5(269),+2(251),,,,,+3(94),,-8,,,,
1637,,台州学院,胡桃率先出击,陈燚,王梓汇,陈嘉豪,,False,True,3,851,,+13(280),+(224),,,,,+2(47),,,,,,
1638,,河北师范大学,又双叒叕超时了,李鑫浩,马宇航,冯梦飞,,False,True,3,903,,+21(291),+(133),,,,,+(59),,,,,,
1639,,成都信息工程大学,逆风翻盘,杨家奎,李政,苏航,,False,True,3,908,,-1,+4(265),,,,,+5(245),,+(218),,,,
1640,390,琼台师范学院,忘了我也无所谓,吕思远,黄梓源,邓翔,,False,True,3,968,,,+1(295),,,,,+5(290),,+(263),,,,
1641,,中国地质大学（北京）,AC搬运机,吴浩炀,翁子竣,文浩名,,False,True,3,1016,,+34(231),+(67),,,,,+(38),,-4,,,,
1642,391,宁波财经学院,宁波财经学院1,王泽宇,张泽洋,王若飞,,False,True,2,47,,-8,+(33),,-2,,,+(14),,,,,,
1643,392,滁州学院,名字好也没用,陈林国然,李乐乐,刘峻熙,,False,True,2,53,,-9,+(34),-1,-1,-1,-1,+(19),-1,-1,-1,-1,-1,-2
1644,,大连海事大学,偶然相遇Acceptism,任品豪,梅宇涵,石俊锋,,False,True,2,63,,-10,+(42),,-3,,,+(21),,,,,,
1645,393,河南工业大学,夜 向日葵,张宏泽,马家硕,马贺,,False,True,2,71,,-7,+(53),,,,,+(18),,-3,,,,
1646,,阜阳师范大学,严曰.pdf,彭杰峰,刘徐瑞,周俊豪,,False,True,2,72,,-7,+(48),,-1,,,+(24),,-3,,,,-2
1647,,安阳工学院,别吃外卖了,董家欣,陈梦茹,董艺琳,,False,True,2,72,,-2,+(48),,,,,+(24),,,,,,
1648,,哈尔滨工业大学（威海）,被ICPC暴打,李博文,崔彦宇,,,False,True,2,73,,-4,+(50),,,,,+(23),,,,,,
1649,,中国地质大学（北京）,我要睡午觉,宋贤瑞,苏童,,,False,True,2,76,,-1,+(52),,,,,+(24),,-3,,,,
1650,,南京林业大学,青春acmer少年爱上了瓦学姐,方泽宇,赵子龙,王广运,,False,True,2,78,,-9,+(53),,,,,+(25),,-1,,,,
1651,,上海理工大学,3英大战ACM,高灿洋,刘继彬,徐能,,False,True,2,80,,-4,+(44),,,,,+(36),,-7,,,,
1652,,湖南人文科技学院,代码对不队,孙洁龙,李珩华,王兴典,,False,True,2,82,,-5,+(56),,,,,+(26),,,,,,
1653,,嘉应学院,蒜鸟蒜鸟大家都不yong易对不队,周银淑,叶雅怡,詹欣烁,,False,True,2,82,,-5,+(56),,,,,+(26),,-6,,,,
1654,,河南工程学院,我来探探路,姚宗凯,,,,False,True,2,83,,-10,+(62),,,,,+(21),,,,,,
1655,,香港中文大学（深圳）,帅比队长研究生单挑征婚QQ搜“莱芜贝克汉姆”,解裕懋,,,,False,True,2,83,,,+(64),,-3,,,+(19),,,,,,
1656,,鲁东大学,太阳花,佘继萱,禹艳芳,,,False,True,2,87,,-5,+(64),,,,,+(23),,,,,,
1657,,武汉轻工大学,whpu02,陈翊萱,申卓毅,郑哲文,,False,True,2,90,,-6,+(67),,,,,+(23),,,,,,
1658,,江西农业大学,些许风霜衣角微脏,曾昭淦,柴泽平,卢畅,,False,True,2,93,,-4,+(64),,-1,,,+(29),,-4,,,,
1659,,中原工学院,秦始皇,刘祥懿,徐逸飞,吴林涛,,False,True,2,94,,-8,+(55),,,,,+(39),,,,,,
1660,,信息工程大学,米鼠村村委会,危东,林琬婷,王小珂,,False,True,2,94,,-5,+(64),,,,,+(30),,-9,,,,
1661,394,贵州民族大学,流星亮晶晶,刘欣哲,唐子蕃,郭晶,,False,True,2,95,,-12,+(63),,-2,,,+(32),,,,,,
1662,,西安理工大学,从零开始的WA生活,袁振扬,谢量,王凯,,False,True,2,97,,-3,+(52),-1,-1,-1,-1,+1(25),-1,-1,-1,-1,-1,-1
1663,,福建理工大学,福建理工大学5队,岳星雨,卓陈名喆,刘跃,,False,True,2,98,,-5,+(71),,,,,+(27),,-4,,,,
1664,,成都理工大学,——牛马分界线——,蒲恒,曾飞翔,田镓煊,,False,True,2,101,,,+(63),,,,,+(38),,,,,,
1665,,武汉科技大学,天地一家大爱盟,洪志轩,卢盛翔,周炜皓,,False,True,2,103,,-7,+(65),,,,,+(38),,-3,,,,
1666,,山东大学,梦想家Sleeping Thinkers,黄志强,刘慧剑,黄天泽,,False,True,2,104,,-6,+(78),,,,,+(26),,-2,,,,
1667,,武汉理工大学,样例没过也要交,翟鹏杰,蔡斌,王晨,,False,True,2,104,,-4,+(80),,,,,+(24),,-2,,,,
1668,,河南师范大学,师大旺爷爷后援团3群,侯炳旭,曹继喆,吴帅甫,,False,True,2,105,,-3,+(72),,,,,+(33),,,,,,-3
1669,,中国民航大学,记得开龙龙,陈跃,牛佳琳,乔立雨,,False,True,2,106,,-3,+1(59),,,,,+(27),,,,,,
1670,,绍兴理工学院,难道说,孙永勇,蔡佳音,胡凯淇,,False,True,2,107,,-8,+(69),,,,,+(38),,,,,,
1671,,河南师范大学,星愿残响,宁思禹,余锦昊,彭伟泰,,False,True,2,107,,-5,+(71),,,,,+(36),,,,,,
1672,,北京师范大学香港浸会大学联合国际学院,收下吧，这是我最后的AC了,计雨尘,张志雄,宣易果,,False,True,2,108,,-9,+(69),,,,,+(39),,-2,,,,
1673,,阜阳师范大学,汪汪汪汪汪汪队,张学治,孙健,王欣,,False,True,2,108,,-3,+(78),,,,,+(30),,,,,,
1674,,南阳理工学院,再wa一发,宋忱宪,李昊展,任吉康,,False,True,2,109,,-8,+(71),,,,,+(38),,,,,,
1675,,西安邮电大学,三个火枪手,杨睿帆,贾濡源,田霁阳,,False,True,2,109,,-8,+(90),,,,,+(19),,-2,,,,
1676,,哈尔滨理工大学,HRBUST7,杨博翔,孙越峤,纪鸥齐,,False,True,2,110,,-21,+(71),,,,,+(39),,,,,,
1677,,浙江工商大学,咕咕嘎嘎,李翔宇,赵想,竺姚俊,,False,True,2,110,,,+(84),,,,,+(26),,,,,,-2
1678,,中国科学技术大学,WA也是A,唐先骐,刘子源,陈振杨,,False,True,2,110,,-2,+(85),-1,,,,+(25),,-1,,,,-2
1679,,河南师范大学,所以爱会消失对不对dT-Tb,管紫汀,陈雨涵,刘钞萍,,False,True,2,111,,-3,+(63),,,,,+(48),,,,,,
1680,,中山大学,能和我打一辈子ICPC吗,陈鑫宇,安南,黄元胤,,False,True,2,111,,-2,+(96),-4,,,,+(15),,,,,,
1681,,怀化学院,真的热爱ACM吗,董朝科,袁琦,潘腾,,False,True,2,112,,-8,+1(58),,,,,+(34),,,,,,
1682,,河海大学,堵桥来,钱子恒,张紫轩,李昱泓,,False,True,2,113,,-3,+(87),,,,,+(26),,-2,,,,-1
1683,,丽水学院,AK培养手册,桂桢喃,张苏梦,刘怡辰,,False,True,2,115,,-4,+(71),,,,,+(44),,-1,,,,
1684,,华南师范大学,二进制舒芙蕾,施铄,李雅雯,吴瑞涵,,False,True,2,115,,-5,+(75),,,,,+(40),,,,,,
1685,,青岛理工大学,等下一个天亮,刘晓宇,徐雪瑶,蔡旻轩,,False,True,2,116,,-4,+(72),,,,,+(44),,-1,,,,
1686,,安徽师范大学,天绫绫地宁宁,许译涛,黄锐杰,袁文晟,,False,True,2,118,,,+(70),-4,,,-2,+1(28),,,,,,
1687,395,湖北中医药大学,我依然故我，于终幕之上,周钲墙,阮鹏宇,李乐乐,,False,True,2,118,,-4,+(96),,,,,+(22),,-2,,,,
1688,,广州城市理工学院,塞翁失码,刘小康,孙瑞,陈虹东,,False,True,2,119,,-8,+(70),,,,,+(49),,,,,,
1689,,中原工学院,只是有点难度,倪中阳,张景杨,张朝伟,,False,True,2,119,,-5,+(81),,,,,+(38),,,,,,
1690,,湖南城市学院,对,申宇健,黄家祥,曹杰林,,False,True,2,120,,-14,+(65),,,,,+1(35),,,,,,
1691,,山东大学,LAMBDA拉面大师,张杰,彭靖轩,罗永铨,,False,True,2,120,,-17,+(76),-1,,,,+(44),,,,,,
1692,,南阳理工学院,你不会离开我的对不对,李昌泓,张方明,胡汉永,,False,True,2,121,,-9,+(85),,,,,+(36),,,,,,
1693,,河南工程学院,南苑一队,胡亚灿,刘朝阳,毛成琦,,False,True,2,122,,-7,+(70),,,,,+1(32),,-5,,,,
1694,,东华理工大学,哈基米南北绿豆,尚志超,薛笑运,欧阳嘉隆,,False,True,2,123,,-7,+(81),,,,,+(42),,,,,,
1695,,广州大学,绝对不爆零,黄泽林,胡梦佳,林培鑫,,False,True,2,123,,-6,+(91),,,,,+(32),,-4,,,,
1696,,陕西师范大学,Not Found 404,赵紫轩,何雨轩,胡志昂,,False,True,2,124,,-8,+(68),,,,,+(56),,,,,,
1697,,河南工程学院,南苑四队,李涵,陈瑾,王星画,,False,True,2,124,,-4,+(79),,,,,+(45),,,,,,
1698,,上海科技大学,FastIO,陈豪,朱星吉,叶浩徐,,False,True,2,124,,-6,+(93),,,,,+(31),,,,,,-2
1699,,西华大学,无名,朱俊豪,吴祖厅,何磊,,False,True,2,125,,-5,+(59),,,,,+(66),,,,,,
1700,,南京晓庄学院,河南队长飞井盖,彭帅豪,王嘉蔓,祝佳漪,,False,True,2,125,,-16,+(68),,,,,+(57),,,,,,
1701,396,天津科技大学,四星古神不敌王林,韩高臻,贺江阳,朱世乐,,False,True,2,126,,-4,+(87),,,,,+(39),,,,,,
1702,,宁波职业技术大学,牢大,吴泽康,陈宇劼,陈怀俊,,False,True,2,127,,-6,+(90),,,,,+(37),,-1,,,,
1703,397,山西工程科技职业大学,你知道吗,王旭帆,唐震宇,王映鑫,,False,True,2,128,,-9,+(75),,,,,+(53),,-7,,,,-14
1704,,东北大学秦皇岛分校,牛叉的队名,杨宇昊,安苏杭,郭泓邑,,False,True,2,128,,-6,+(83),,,,,+(45),,-1,,,,
1705,,华中师范大学,一二九四四,李雨佳,蔡雯雯,明子钧,,False,True,2,130,,,+(75),,,,,+(55),,,,,,
1706,,浙江工商大学,瑞神和他的队友们,熊雷,邵瑞敏,李泽齐,,False,True,2,131,,-10,+(85),,,,,+(46),,,,,,
1707,398,河北科技大学,性感小野猫,卢晨飞,杨鑫,卢晨硕,,False,True,2,131,,-17,+(95),,,,,+(36),,,,,,
1708,399,北京语言大学,轮椅压牛算猪脚吗,林之钦,蒋帅,许中豪,,False,True,2,131,,-2,+(98),,,,,+(33),,-2,,,,
1709,,上海第二工业大学,这次别叫奶龙了,刘俊威,邬恩轶,罗博航,,False,True,2,132,,-8,+(96),,,,,+(36),,-4,,,,
1710,,浙江科技大学,分母,潘至前,逯向前,林好,,False,True,2,133,,-5,+1(79),,,,,+(34),,,,,,
1711,,浙江工商大学,重生之我是奶龙,林裕轲,李泽晨,沈宏立,,False,True,2,133,,-4,+(92),,,,,+(41),,,,,,
1712,,西安工业大学,仙宫四队,陈佳怡,许竞元,祝程,,False,True,2,134,,-4,+(100),,,,,+(34),,,,,,
1713,,中国民航大学,重生之我在航大抗大旗,王琨,郑晨兮,张雨萌,,False,True,2,134,,,+(104),,,,,+(30),,,,,,-7
1714,400,成都理工大学工程技术学院,最短路原来不是让脑子短路的算法啊,孔维杰,王泽君,税渝恩,,False,True,2,134,,-5,+(105),,,,,+(29),,,,,,
1715,,湖南财政经济学院,铁汁，别生气,肖科,曾锐敏,罗上,,False,True,2,135,,-10,+(68),,,,,+1(47),,,,,,
1716,,青岛理工大学,起名废来的,张芸菲,郑启钰,黎彬源,,False,True,2,135,,,+(105),,,,,+(30),,,,,,
1717,,浙江科技大学,逆水行舟,林天皓,周淇裕,王其阳,,False,True,2,136,,,+(92),,,,,+(44),,,,,,
1718,,湖南工学院,从容应队,李海芳,屈金星,李嘉怡,,False,True,2,137,,-9,+(101),,,,,+(36),,,,,,
1719,,河南师范大学,别指望我们队,周俊鑫,李玉翰,李明哲,,False,True,2,139,,-18,+(94),-1,-1,-1,,+(45),-1,-1,-1,-1,-1,-1
1720,,广东金融学院,活该你打XCPC,刘紫萱,李思甜,郑博诚,,False,True,2,139,,-5,+(99),,,,,+(40),,-1,,,,
1721,,山东理工大学,arknights重度依赖吗？,岳墨涵,柳爱于,王玉彤,,False,True,2,141,,-4,+(76),,,,,+(65),,,,,,
1722,,河南财经政法大学,亚托莉,赵政,丁鑫钰,冯哲,,False,True,2,141,,,+(90),,,,,+(51),,-4,,,,
1723,,绍兴理工学院,bug里找代码,吴宇承,王舒琪,吕橙昱,,False,True,2,142,,-5,+(75),,,,,+(67),,-4,,,,
1724,401,广西科技大学,哈基米南北绿豆,余绍龙,李嘉晨,姚思源,,False,True,2,142,,-6,+(86),,,,,+(56),,,,,,
1725,,南昌航空大学,交一发试试对不队,马铭宇,王云博,李声欢,,False,True,2,143,,-8,+(91),,,,,+(52),,-2,,,,
1726,,山东师范大学,最后亿舞,杨静颖,石政坤,杜甲玉,,False,True,2,144,,-4,+(94),,,,,+(50),,-1,,,,
1727,,武汉科技大学,Re:从零开始的acm打铁生活,汤师睿,周梓阳,张晨阳,,False,True,2,145,,,+(90),,,,,+(55),,,,,,
1728,,大连理工大学盘锦校区,愿所有美好都被祝福,杨佳烨,苏汉升,李彦彤,,False,True,2,145,,,+(113),,,,,+(32),,-8,,,,
1729,,成都信息工程大学,一码向前,刘枭,袁超,周殿豪,,False,True,2,146,,-3,+(111),,,,,+(35),,,,,,
1730,,合肥大学,一个NPC,胡畔然,田思洋,陈源,,False,True,2,146,,-9,+(113),,,,,+(33),,,,,,
1731,,东华大学,不吃蔬菜,王朝勋,叶起源,赵雨康,,False,True,2,148,,-9,+(104),,,,,+(44),,,,,,
1732,,华中师范大学,月光化樱吹雪成泥,贺向阳,王宇,徐金涛,,False,True,2,149,,-1,+(107),,,,,+(42),,,,,,
1733,402,贵州工程应用技术学院,被流放到广州的菜鸟,王乐翔,,,,False,True,2,151,,+(86),-2,,,,,+1(45),,-5,,,,
1734,,中南民族大学,曙光,梁玉龙,李虹睿,胡田琪,,False,True,2,154,,-5,+(73),,,,,+1(61),,-5,,,,
1735,,郑州轻工业大学,燎原之盒,王天宇,杜永恒,李振田,,False,True,2,154,,-9,+(85),,,,,+(69),,-3,,,,
1736,,沈阳化工大学,从容应队,王晓彤,曹瑞婷,戚嘉玥,,False,True,2,154,,,+(103),,,,,+1(31),,,,,,
1737,,成都锦城学院,三只老bee登,刘宇航,肖依霖,张宇,,False,True,2,154,,-6,+(129),,,,,+(25),,,,,,
1738,,天津理工大学,TJUT_样例杀手不杀样例,阴乐琪,白佳明,董金帅,,False,True,2,156,,-2,+(77),,,,,+(79),,,,,,
1739,,成都东软学院,挂科可以补考打a不行,黄静怡,费诗婕,辛炳池,,False,True,2,157,,-1,+(106),,,,,+(51),,,,,,
1740,,中南民族大学,番茄,邹俊璐,胡航,罗炯,,False,True,2,157,,-2,+1(108),,,,,+(29),,,,,,
1741,,宁波财经学院,宁波财经学院2,王裕超,刘伟俊,徐明炜,,False,True,2,157,,-3,+(118),,,,,+(39),,,,,,
1742,,长春工业大学,不求人,陈柯嵩,邓扬勇,陈昱璁,,False,True,2,158,,-3,+(131),,,,,+(27),,,,,,
1743,,东北农业大学,广告位招租,韩茗,苑永蔚,王路宁,,False,True,2,163,,-6,+(92),,,,,+1(51),,,,,,
1744,,石家庄铁道大学,WA学弟这招太狠了,张国迅,吴佳乐,王天淼,,False,True,2,164,,-5,+(84),,,,,+1(60),,,,,,
1745,,香港科技大学广州,过了样例就能队,黄方哲,廖家民,郑杨一轩,,False,True,2,168,,+1(90),-1,,,,,+1(38),,,,,,-5
1746,,安阳工学院,不要WaWa叫,牛金鑫,王胜举,杜泳君,,False,True,2,169,,-3,+(93),,,,,+(76),,-2,,,,
1747,,河南师范大学,哈气三小只,王嘉诚,郭明贺,吴劭鹏,,False,True,2,169,,-10,+(104),,,,,+(65),,,,,,
1748,,上海电力大学,爆裂黎明,徐思睿,朱建诚,李昊,,False,True,2,171,,,+(77),,,,,+2(54),,,,,,
1749,,苏州大学,罗杰的最后一个WA,宋予陆,赵满林,张世鑫,,False,True,2,172,,,+(92),,,,,+1(60),,,,,,
1750,,浙江万里学院,梦想是咸鱼,叶仁杰,马康博,陈晟濠,,False,True,2,172,,-7,+(97),,,,,+1(55),,,,,,
1751,,湖南财政经济学院,发际线和我作队,王宇盛,凡琪勇,李忠雲,,False,True,2,173,,-13,+(96),,,,,+1(57),,,,,,
1752,,湘潭大学,湘大五队,邹瑞,李承峰,黄文乐,,False,True,2,174,,-8,+3(86),,,,,+(28),,,,,,
1753,403,黑龙江工程学院,青春期考研学长不会遇到打a学妹,李昂,岳柯印,谢文俊,,False,True,2,174,,-4,+(114),,,,,+(60),,,,,,
1754,,江西理工大学,EXO e不发音,邹佳怡,谢琰,陈文发,,False,True,2,175,,-1,+(132),,,,,+(43),,-2,,,,
1755,,武昌理工学院,松弛感,赵子谦,姜金成,张庆颖,,False,True,2,176,,-6,+(123),,,,,+(53),,-1,,,,
1756,,同济大学,C++养老院,马凯,胡沛荻,李天成,,False,True,2,177,,,+(112),,,,,+(65),,,,,,
1757,,合肥大学,难猜,芦婷,张圣婕,徐金凤,,False,True,2,177,,,+(124),,,,,+(53),,,,,,
1758,404,四川现代职业学院,唯有遗忘最漫长,何彦儒,王广仁,冯婕雨,,False,True,2,178,,-1,+(122),,,,,+(56),,,,,,-1
1759,,南华大学,想不出队名,丁业,周焱,刘新宇,,False,True,2,179,,-3,+(109),,,,,+1(50),,-2,,,,
1760,,安阳工学院,代码突击队,朱宁,王静渊,焦梓珈,,False,True,2,179,,-7,+(133),,,,,+(46),,,,,,
1761,,山东师范大学,未言终局,王曦,田文慧,张凯悦,,False,True,2,181,,-6,+(105),,,,,+(76),,,,,,
1762,,江西财经大学,别开香槟开早了,孙天成,罗文轩,肖源,,False,True,2,182,,-10,+(123),,-6,,,+1(39),,,,,,
1763,,中国计量大学现代科技学院,TLE on Test 114514,罗明涵,张景轩,徐驰,,False,True,2,183,,-3,+(85),,,,,+2(58),,,,,,
1764,,湖北师范大学,WA!AC!,胡玉灿,彭宇锐,黄有阳,,False,True,2,183,,-4,+(106),,,,,+(77),,-3,,,,
1765,,浙江金融职业学院,过去香香软软的我已经死掉了,钟家乐,陈俊杰,庞思熠,,False,True,2,184,,-6,+(98),,,,,+1(66),,,,,,
1766,,兰州大学,1FB,奚子涵,王之翼,王泽涵,,False,True,2,185,,,+(112),,,,,+1(53),,,,,,-1
1767,,河北科技大学,编译不通过就打队友队,娄京涵,徐浩祥,布绍磊,,False,True,2,186,,-19,+2(121),,,,,+(25),,,,,,
1768,,宁波工程学院,在ICPC上花35分钟切了0道题排行第234,蔡佳君,叶双强,郑一罕,,False,True,2,186,,-3,+(121),,,,,+1(45),,-1,,,,
1769,,广东工业大学揭阳校区,WA与蒟蒻同在,石晨阳,谭经纬,龚鼎,,False,True,2,186,,-7,+(131),,,,,+1(35),,,,,,
1770,,中国地质大学（武汉）,折磨评测机,王晗宇,吴易凡,胡绮芮,,False,True,2,186,,+(139),,,,,,+1(27),,,,,,-1
1771,,海南大学,原地RE三次改完发现样例都没过后悲惨printf(“AC”),王宇烁,伊柏赫,陈诺,,False,True,2,188,,-8,+(62),,,,,+1(106),,,,,,
1772,,南京大学,叉烧猫大战奶茶鼠,张铭恺,戚俊涵,龚亮,,False,True,2,189,,-15,+(120),,,,,+(69),,-1,,,,
1773,405,上海杉达学院,完赛后舞萌俱乐部,陆剑峰,张晟源,姜欣楠,,False,True,2,189,,+(124),,,,,,+1(45),,-2,,,,
1774,,南京工业大学,燃尽仍未知道那题AC的模样,张华熠,刘奕,朱意东,,False,True,2,189,,,+(132),,,,,+(57),,,,,,
1775,406,常州工学院,时光流逝AC依旧未到,唐胡煜,姜鑫杰,郑绍恺,,False,True,2,190,,+(139),,,,,,+(51),,-4,,,,
1776,,湖南农业大学,不要指望我们,邓从权,丰硕,黄恩豪,,False,True,2,191,,-9,+3(78),,,,,+(53),,,,,,
1777,,中国矿业大学,wawa队立大功,王若同,李跃辉,李和霂,,False,True,2,191,,-6,+(121),,,,,+1(50),,,,,,
1778,,黑龙江大学,黑大舞队,李书鑫,刘基淯,钟志烨,,False,True,2,192,,-9,+(116),,,,,+(76),,-1,,,,
1779,,浙江万里学院,管她对不队,任函语,杜彦冰,,,False,True,2,195,,-4,+1(128),,,,,+(47),,,,,,
1780,,嘉应学院,三个老大爷强闯幼儿园,陈嘉伟,曾灿铿,刘翔,,False,True,2,195,,-1,+1(142),,,,,+(33),,,,,,
1781,,兰州大学,希望别爆零,谷承霄,毛耀庆,,,False,True,2,195,,,+(151),,,,,+(44),,-2,,,,
1782,,江西农业大学,前面忘了，中间忘了，后面忘了,朱智咸,梁宝生,朱煜伟,,False,True,2,196,,-5,+(108),,,,,+2(48),,-4,,,,
1783,,广东工业大学揭阳校区,广度优先摸鱼,黄兆康,罗启文,姚博译,,False,True,2,196,,-6,+(122),,,,,+1(54),,,,,,
1784,,南京林业大学,超时是日常队,徐玮枫,陈真,程文翔,,False,True,2,197,,-10,+1(95),,,,,+1(62),,,,,,
1785,,山东石油化工学院,const AC宇宙的尽头,何海扬,隋咏江,周正,,False,True,2,197,,-4,+3(110),,,,,+(27),,,,,,
1786,,乐山师范学院,比赛就是平A然后猛C,桂林,李怡睿,张斯文,,False,True,2,197,,-4,+(143),,,,,+(54),,,,,,
1787,,安阳工学院,读不懂题目就睡觉,赵益辉,刘景甲,张龙飞,,False,True,2,199,,-10,+1(102),,,,,+(77),,,,,,
1788,,江南大学,关于我转生成acmer的这档事,杨一哲,郭子豪,刘之瀚,,False,True,2,201,,-3,+(153),,,,,+(48),,,,,,
1789,,重庆邮电大学,憧憬成为ACM高手,李永康,张志学,王磊铭,,False,True,2,202,,-2,+(120),,,,,+1(62),,-3,,,,
1790,,上海财经大学,求求你别WA,崔翰文,江郭丰,火子杰,,False,True,2,204,,-12,+(125),,,,,+(79),,,,,,-2
1791,,潍坊学院,大三难铜的最后一舞,宋国静,刘礼赫,李政凯,,False,True,2,204,,-1,+(140),,,,,+(64),,,,,,
1792,,沈阳化工大学,打完回家吃饭,鲍方乐,杨呈旭,刘鑫泽,,False,True,2,204,,-3,+1(142),,,,,+(42),,-3,,,,
1793,,山东科技大学,普林斯顿号,高宇,郭文凯,密启正,,False,True,2,206,,-6,+(142),,,,,+(64),,,,,,
1794,,中国矿业大学,码到成功,晁荣卫,林昱达,何铭昊,,False,True,2,207,,+1(153),,,,,,+(34),,-7,,,,
1795,,徐州工程学院,O(梦),赵志程,王畅,王子阳,,False,True,2,208,,-14,+(139),,,,,+1(49),,,,,,
1796,,江西农业大学,什么都不会,李林跃,叶淑萌,黄馨瑶,,False,True,2,208,,,+(144),,,,,+(64),,,,,,
1797,,浙大宁波理工学院,浙大宁理6队,蒋宝源,罗子琛,黄鑫宇,,False,True,2,211,,-5,+1(143),,,,,+(48),,,,,,
1798,,惠州学院,Debug到凌晨三点半,骆智胜,范宇轩,洪彦斌,,False,True,2,211,,-6,+(145),,,,,+(66),,,,,,
1799,,河南理工大学,HPU-5,陆贤辉,杜俊领,齐航,,False,True,2,212,,,+(166),,,,,+(46),,-5,,,,
1800,,湖南财政经济学院,为美好的世界献上AC！,彭美青,彭嘉庆,孙国力,,False,True,2,215,,-6,+(139),,,,,+(76),,,,,,
1801,407,南京中医药大学,爆炒代码,高心阳,吴梦,陈坤镈,,False,True,2,215,,-11,+(143),,,-1,,+1(52),,,,,,
1802,,山东师范大学,无限流bug,吴章平,庄政,,,False,True,2,216,,-4,+(129),,,,,+1(67),,,,,,
1803,,山东科技大学,托尔斯泰号,董秦汗,肖秋德,张世林,,False,True,2,216,,-4,+(170),,,,,+(46),,,,,,
1804,,南昌理工学院,2025 南理 4 队,黄超越,黎坤,朱琳,,False,True,2,218,,-1,+(116),,,,,+(102),,,,,,
1805,408,大连外国语大学,std::mt19937,邱毓,王君惠,史晨熙,,False,True,2,220,,,+(115),,,,,+1(85),,,,,,
1806,,乐山师范学院,三张王牌,任力恒,范俊滔,汤青峰,,False,True,2,221,,-5,+1(149),,,,,+(52),,,,,,
1807,,南京航空航天大学,下班,杨恩祺,张润州,顾一帆,,False,True,2,221,,-4,+(180),,,,,+(41),,-1,,,,
1808,,西华师范大学,从爆零开始的算竞生活,陈龙骏,李佳乐,熊细鸿,,False,True,2,224,,-6,+(106),,,,,+1(98),,,,,,
1809,,江西农业大学,遇到困难睡大觉,王海玉,曹政凯,张楚,,False,True,2,224,,-7,+3(135),,,,,+(29),,,,,,
1810,,哈尔滨理工大学（荣成）,长征3队,崔智身,车广浩,张迈,,False,True,2,224,,-1,+(166),,,,,+(58),,,,,,
1811,,苏州大学,天外来物,尹子睿,刘志轩,薛临成,,False,True,2,225,,-15,+(125),,,,,+(100),,,,,,
1812,,宁波职业技术大学,铁牌也是牌,黄崇建,蒋辉,安可军,,False,True,2,227,,,+(155),,,,,+(72),,,,,,
1813,,东北农业大学,叶公好龙，但是奶龙,李源泉,童家瑶,廖贝贝,,False,True,2,228,,-8,+(161),,,,,+1(47),,,,,,
1814,,中山大学,中山大学-山中大学,吴天轶,张殷豪,饶瀚宸,,False,True,2,228,,-7,+1(168),,,,,+(40),,,,,,-3
1815,,江西财经大学,ac梦不是梦,刘庆栋,胡峻珲,蒋必成,,False,True,2,228,,,+1(169),,,,,+(39),,,,,,
1816,,天津工业大学,算法三剑客,蒋胜贤,鹿晓帅,张一诺,,False,True,2,232,,,+1(152),,,,,+(60),,,,,,
1817,,天津工业大学,疯狂星期四V我50,吴嘉琪,王宇亮,宋佳烨,,False,True,2,233,,,+2(147),,,,,+(46),,,,,,
1818,,浙江农林大学,AveMujica,姚沣城,章京,徐思远,,False,True,2,234,,-6,+(123),,,,,+2(71),,,,,,
1819,,广西科技大学,这一发·来自终焉,方庆声,谢博轩,周丽欣,,False,True,2,234,,-7,+(130),,,,,+(104),,,,,,
1820,409,河南科技学院,重生ACM赛场之欢迎来到王者荣耀,王得贤,杨春露,王永卓,,False,True,2,234,,-2,+(142),,,,,+(92),,,,,,
1821,,云南大学,玉兰花,黄佳和,杨李正凌,苏畅,,False,True,2,234,,-3,+1(154),,,,,+(60),,-1,,,,
1822,,广东工业大学揭阳校区,Starlight Woven,林旭,黄以齐,贺恩桐,,False,True,2,236,,-8,+(159),,,,,+1(57),,,,,,
1823,,山东科技大学,星座号,彭越高,陈新杰,王文琪,,False,True,2,237,,-2,+(135),,,,,+(102),,,,,,
1824,410,南京理工大学泰州科技学院,那就不要再留遗憾了吧,王烨炜,姜浩琦,王浩,,False,True,2,237,,+1(74),+(143),,,,,-3,,,,,,
1825,,北京工业大学,苦来惜苦,刘铭洋,黄佳琪,永星鹏,,False,True,2,237,,-5,+3(144),,,,,+(33),,-2,,,,
1826,,衡阳师范学院,两面包夹芝士,邹湘军,蔡宇鑫,申思铭,,False,True,2,237,,-9,+(47),,,,,+2(150),,-1,,,,
1827,,陕西科技大学,BSH,张炜旌,赵正浩,董士渝,,False,True,2,237,,,+1(153),,,,,+(64),,,,,,
1828,,丽水学院,希翼之门,王运城,王丰源,刘世超,,False,True,2,238,,-7,+(138),,,,,+1(80),,,,,,
1829,,安阳工学院,我要AC队,康琼硕,赵永恒,刘一楠,,False,True,2,239,,,+(178),,,,,+(61),,,,,,
1830,,东北大学秦皇岛分校,傲娇白毛萝莉,胡淞玮,林一昕,王敏军,,False,True,2,239,,-10,+1(192),-2,,,,+(27),,,,,,
1831,,上海电力大学,对吗？不对,杨逸凡,岑之皓,雷健,,False,True,2,242,,-13,+(90),,,,,+4(72),,,,,,
1832,,哈尔滨理工大学（荣成）,长征4队,姜鸿勃,袁佳树,王映清,,False,True,2,244,,-5,+3(97),,,,,+2(47),,,,,,
1833,,湖州师范学院,执迷不悟,肖伊静,彭静茹,郑佳盈,,False,True,2,247,,,+(141),,-1,,,+(106),,,,,,
1834,,浙大宁波理工学院,浙大宁理7队,方泓堃,李洋,谢佳灏,,False,True,2,247,,,+1(157),,,,,+1(50),,-5,,,,
1835,,河南工程学院,海底小纵汪汪队,吴宇涵,张运甫,王东浩,,False,True,2,247,,,+1(161),,,,,+1(46),,,,,,
1836,,山东科技大学,无惧号,周彦萌,叶晓玥,曹喜鹏,,False,True,2,247,,-1,+(173),,,,,+(74),,,,,,
1837,411,中央民族大学,低语的月亮,马雨衡,盛楠,谌恒骏,,False,True,2,249,,-4,+(229),,,,,+(20),,,,,,-4
1838,,西南财经大学,全数队,陈沐灵,王道涵,林祥兴,,False,True,2,254,,-14,+3(118),,,,,+1(56),,,,,,
1839,,齐鲁工业大学,知行合一,刘龙灿,祝传桐,董川,,False,True,2,256,,-4,+(188),,,,,+(68),,,,,,
1840,,山东工商学院,123队,赵永琦,王鹏凯,郭智豪,,False,True,2,258,,-12,+1(149),,,,,+(89),,,,,,
1841,,中国矿业大学,5年oi三年io,杨肖宇熊,陈子涵,张梓墨,,False,True,2,258,,+(226),-4,,-1,,,+(32),,,,,,
1842,,怀化学院,啊对对队,郑禹彤,王惜林,王齐齐,,False,True,2,259,,-9,+(179),,,,,+1(60),,-4,,,,
1843,,南京邮电大学,njupt25team017,赵博,韩宇桐,胡言睿,,False,True,2,262,,-1,+(170),,,,,+2(52),,-1,,,,
1844,,华南师范大学,我不知道,丁鹏飞,陈泽鹏,陈福樵,,False,True,2,267,,,+(80),,,,,+6(67),,-12,,,,
1845,,香港理工大学,Deepseek跑出来,张兆和,黄敬博,李如其,,False,True,2,269,,,,,,,,+(57),,+(212),,,,-20
1846,,长沙理工大学,长理不包吃住,刘毅,梁爽,林星宇,,False,True,2,272,,-13,+4(162),,,,,+(30),,,,,,
1847,,安徽大学,想要飞升萝莉星球,高研,李宇齐,程良杰,,False,True,2,272,,,+1(224),,,,,+(28),,,,,,
1848,,山东大学,人活着就是为了樱岛麻衣,李贤君,王福成,熊智堃,,False,True,2,272,,-3,,,,,,+(18),,+(254),,,,
1849,,安阳师范学院,Hello World,李聪,刘金梁,王镜卓,,False,True,2,273,,-15,+2(131),,,,,+2(62),,,,,,
1850,,华南农业大学,一一得一,梁凯,林业茂,冯诗哲,,False,True,2,273,,-6,+4(170),,,,,+(23),,,,,,
1851,,绍兴理工学院,省赛没牌全怪奶龙,童晨旭,陈其康,刘洋,,False,True,2,275,,-4,+2(160),,,,,+1(55),,,,,,
1852,,惠州学院,三人成伍,黄琪智,朱嘉瑞,徐才智,,False,True,2,276,,,+(147),,,,,+1(109),,,,,,
1853,,浙江财经大学,浙江财大6队,汪宸,方浩宇,陈澜,,False,True,2,276,,-5,+(185),,,,,+1(71),,,,,,
1854,,南昌理工学院,2025 南理 2 队,汤宇豪,廖龙浩,姜鸿鑫,,False,True,2,277,,-5,,,+(213),,,+(64),,-3,,,,
1855,,湖南理工学院,我不要拿铁,谢东辉,潘彧达,胡彬秦,,False,True,2,279,,-4,+1(215),,,,,+(44),,-1,,,,
1856,,北京电子科技学院,不知道叫什么队,马新宇,洪子轩,汪子涵,,False,True,2,279,,-1,+1(223),,,,,+(36),,,,,,
1857,,长沙理工大学,重生之我在长理打A,杨凯明,钱昱丞,黄磊,,False,True,2,280,,-5,+3(183),,,,,+(37),,,,,,
1858,,苏州大学,汪汪队,张汉彬,韩宽,赵睿,,False,True,2,280,,-3,+(200),,,,,+(80),,,,,,
1859,,香港大学,想要成为icpc糕手,彭驿程,薛滢聪,刘彦呈,,False,True,2,280,,+(238),,,,,,+(42),,-4,,,,
1860,,中原工学院,什么都不队,赵松伟,陈万通,郭浩,,False,True,2,281,,,+2(155),,,,,+1(66),,,,,,
1861,412,内蒙古师范大学,内师一队,刘思宇,李佳峻,康婕,,False,True,2,281,,-3,+1(156),,,,,+1(85),,,,,,
1862,,苏州大学,猿神起洞,方梓航,钟雨桐,张喻杰,,False,True,2,281,,-3,+(190),,,,,+(91),,,,,,
1863,,南昌大学,While(true) AC,李裕燃,邓宏杰,邓志鹏,,False,True,2,281,,-4,+(215),,,,,+(66),,,,,,
1864,413,泉州信息工程学院,火箭虫子吃的马铃薯是土豆,胡力中,何韵楚,陈凌涵,,False,True,2,282,,-1,+1(165),,,,,+1(77),,-4,,,,
1865,,北京师范大学,许愿出金不歪,王旭,应志浩,卢红淇,,False,True,2,282,,-12,+2(214),,,,,+(28),,,,,,
1866,,五邑大学,这是什么学院,陈泽峰,梁信滔,黄灿豪,,False,True,2,284,,,+(138),,,,,+1(126),,,,,,
1867,,同济大学,待兼诗歌剧,胡正华,沈灿雨,温玳宁,,False,True,2,287,,-5,+(145),,,,,+2(102),,,,,,
1868,414,成都师范学院,CDNU-1,应月强,鄢浩,吴伟彬,,False,True,2,287,,,+(222),,,,,+1(45),,,,,,
1869,,温州大学,温大三队,杨嘉诚,盛飞扬,张宇濠,,False,True,2,289,,-3,+3(182),,,,,+(47),,,,,,
1870,,浙江金融职业学院,浙金院一队,章祖强,陈灵吉,郑欣如,,False,True,2,289,,-6,+1(205),,,,,+1(44),,,,,,
1871,,中国科学技术大学,三个臭皮匠,庾煜驰,白飞洋,龚夏瑜,,False,True,2,289,,-2,+(238),,,,,+(51),-1,,,,,
1872,,江西农业大学,战斗爽,宁臻,王建,万文茜,,False,True,2,292,,-3,+1(183),,,,,+(89),,,,,,
1873,,大连理工大学,dlut09,任家暄,王越,丁励治,,False,True,2,293,,-8,+1(248),,,,,+(25),,-3,,,,
1874,,南京邮电大学,njupt25team016,袁润川,郭云鼎,王子文,,False,True,2,295,,,+(153),,,,,+1(122),,,,,,
1875,,同济大学,队的队的哦不队不队,莫怀淇,蓝浩,蒋肸,,False,True,2,297,,-1,+(170),,,,,+2(87),,,,,,-8
1876,,湖州师范学院,给予智慧,叶潇奇,张嘉昌,胡渊炜,,False,True,2,299,,-6,+(262),,,,,+(37),,-1,,,,-1
1877,,江西师范大学,RuntimeError,胡天翊,王楷翔,樊宇康,,False,True,2,302,,-5,+6(164),,,,,+(18),,-2,,,,
1878,,青岛科技大学,不吃罚时,张義伟,曲峥榛,杨文洁,,False,True,2,302,,,+4(202),,,,,+(20),,,,,,
1879,,南昌理工学院,2025 南理 3 队,曾正基,曾好,曹炫锋,,False,True,2,303,,,+(207),,,,,+1(76),,,,,,
1880,,乐山师范学院,一A二C三M,张锐彬,王铖,鲜沅辛,,False,True,2,305,,-4,+1(183),,,,,+(102),,-2,,,,
1881,415,南京工业职业技术大学,南工院1队,高子健,李易鑫,章序,,False,True,2,305,,-21,+(184),,,,,+2(81),,-2,,,,
1882,,中国地质大学（武汉）,ACM自动寄,张笑凡,党子康,吕新正,,False,True,2,306,,+(160),,,,,,+2(106),,,,,,-3
1883,,江汉大学,鸡煲队鸡煲队,冯诚,夏明剑,沈世杰,,False,True,2,307,,-5,+3(117),,,,,+2(90),,,,,,
1884,,西南交通大学,全国可飞队,李涵斌,徐润麒,潘越,,False,True,2,307,,-4,-1,,,,,+1(28),,,,,,+3(199)
1885,,丽水学院,404NotFound,吴松泽,黄宇硕,徐宇帆,,False,True,2,308,,-20,+(146),,,,,+3(102),,,,,,
1886,,华中师范大学,请输入文本,徐吴朗,魏子洲,赵子毅,,False,True,2,308,,,+1(66),,,,,+3(162),,,,,,
1887,,成都信息工程大学,光之三妖精的DEBUG大冒险,苏宏,文清惠,冯源源,,False,True,2,310,,,+2(185),,,,,+1(65),,,,,,
1888,,衡阳师范学院,清晏,陈阳凤,张夕雨,宁珍兼,,False,True,2,312,,-1,+(159),,,,,+2(113),,,,,,
1889,,湖南农业大学,湘农码农突击队,沈彦君,王淑芳,单齐,,False,True,2,312,,,+(177),,,,,+(135),,,,,,
1890,,山东科技大学,真理号,曹嘉豪,荣耀,白峻豪,,False,True,2,314,,+(271),-6,,,,,+(43),,,,,,
1891,,台州学院,声声man,邵嘉丰,胡华义,张越铭,,False,True,2,315,,,+(218),,,,,+1(77),,,,,,
1892,,浙江农林大学,yuzu_soft,邵卿桓,施一鸣,郎佳衡,,False,True,2,318,,-3,+(266),,,-1,,+(52),,-1,,,,
1893,,上海海事大学,算法梦,陆宁韬,沈修齐,叶中天,,False,True,2,319,,-3,+(196),,,,,+4(43),,-1,,,,
1894,,浙大宁波理工学院,浙大宁理4队,何家俊,周宇,张欧尚,,False,True,2,319,,-10,+3(231),,,,,+(28),,,,,,
1895,,南京航空航天大学,0xAC小队,王一博,蒋天鹏,魏钊,,False,True,2,323,,-3,+5(191),,,,,+(32),,,,,,
1896,,盐城工学院,骁刃,吕司佳,宁金鸣,王瑞,,False,True,2,323,,,+(278),,,,,+(45),,,,,,
1897,,北京工业大学,得胜已是定局,王伟豪,刘耀阳,金振宇,,False,True,2,325,,-2,+2(182),,,,,+1(83),,,,,,
1898,,河南工业大学,长夜破晓,凡亚豪,曹子鹏,远明威,,False,True,2,325,,-11,+3(205),,,,,+(60),,-4,,,,
1899,,山东大学（威海）,ACM狗队,华雨晨,李万钧,刘一帆,,False,True,2,325,,-6,+(214),,,,,+2(71),,-3,,,,
1900,,深圳技术大学,SZTU_没有她的四月,邹宇峰,郑彬涛,纪锐津,,False,True,2,326,,-6,+(103),-6,,,,+1(203),,,,,,
1901,,哈尔滨理工大学,HRBUST12,梁震宇,赵晨曦,周泊丞,,False,True,2,328,,-8,+5(206),,,,,+(22),,,,,,
1902,,河南科技学院,重生之我在ACM赛场上原神启动,赵禹铭,马肖阳,田家杰,,False,True,2,330,,-10,+(229),,,,,+1(81),,-1,,,,
1903,,青岛大学,烨晨长安,王烨,贾初晨,方长安,,False,True,2,332,,,-2,,,,,+(74),,+(258),,,,
1904,,哈尔滨工业大学,为无机世界增添色彩-2,李嘉弘,卢思吉,,,False,True,2,332,,-6,+1(261),,,,,+(51),,,,,,
1905,,华南农业大学,妈妈说名字太长会被记住,陈博凯,吴承俊,池敬瑭,,False,True,2,334,,,+2(213),,,,,+(81),,,,,,
1906,416,南昌航空大学科技学院,关于想取一个抽象的名字但是想不出来这件事,陈泳旭,吴盈凯,梁瀚森,,False,True,2,335,,-1,+4(173),,,,,+(82),,-4,,,,
1907,,浙江工商大学,三人行,吴畅婧,黄雨涵,卢倩莹,,False,True,2,335,,,+2(253),,,,,+(42),,-1,,,,
1908,,成都锦城学院,罚坐艺术家,朱科霖,李鑫灏,刘成珺,,False,True,2,336,,,+(195),,,,,+1(121),,,,,,
1909,,中国矿业大学（北京）,京矿分队,金大业,顾连江,王文浩,,False,True,2,338,,-7,+5(186),,,,,+1(32),,-1,,,,
1910,,南京邮电大学,njupt25team012,刘会敏,陈吉,张悦,,False,True,2,338,,,+2(246),,,,,+1(32),,,,,,
1911,,西南石油大学,swpu_2,李禹,王瑞,陈禹同,,False,True,2,339,,,+2(249),,,,,+1(30),,,,,,
1912,,浙江工商大学,上厕所,戴成龙,叶子祥,金欣哲,,False,True,2,341,,-1,+(238),,,,,+1(83),,,,,,
1913,,成都信息工程大学,不要指望我们队,李海鑫,王彤彤,左馨悦,,False,True,2,341,,,+(247),,,,,+1(74),,,,,,
1914,,东南大学,最不会取名,赵夏巍,章博涵,王瀚优,,False,True,2,342,,-2,+(222),,-1,,,+(120),,,,,,-2
1915,,南昌航空大学,码上就好,张茜,付洪涛,邹静峰,,False,True,2,343,,-1,+2(147),,,,,+4(76),,-3,,,,
1916,,中央民族大学,acmer去看蛤蟆先生,郭镒闻,屈岳强,陈柯文,,False,True,2,343,,-4,+4(208),,,,,+(55),,,,,,
1917,,青岛理工大学,你好,王梓宁,田堃,方禺尧,,False,True,2,347,,-4,+(129),,,,,+2(178),,,,,,
1918,,大连海事大学,都行,宋昊霖,刘欣晨,苏启明,,False,True,2,348,,-5,+4(127),,,,,+(141),,,,,,
1919,,浙江财经大学,浙江财经大学7队,陈禹豪,陈子涵,罗浩文,,False,True,2,350,,-15,+1(168),,,,,+3(102),,-1,,,,
1920,,南京信息工程大学,玄机策揽玲珑霄,何家齐,宋安之,姚天舜,,False,True,2,351,,+(233),,,,,,+(118),,,,,,
1921,,江西师范大学,巧匠,龚睿智,林泉,赖猛忠,,False,True,2,352,,,+(218),,,,,+1(114),,,,,,
1922,,华南师范大学,后来的我们,罗锦程,袁沛希,吴锦东,,False,True,2,352,,-6,+1(278),,-7,,,+(54),,,,,,
1923,,济南大学,轮回之终末,王孜博,贾甦瑞,李军翰,,False,True,2,354,,-9,+(178),,,,,+1(156),,-6,,,,
1924,,天津工业大学,组一辈子乐队,黄劲,王伊杰,崔翔栋,,False,True,2,355,,-6,+4(221),,,,,+(54),,,,,,
1925,,西安工业大学,仙宫三队,褚泽涵,张子颜,陈侯成谦,,False,True,2,355,,-3,+1(283),,,,,+(52),,,,,,
1926,,香港城市大学,九龙塘妙妙屋,Demidov Ilia,蔡居宏,EVSTAFEV Andrei,,False,True,2,356,,,-2,,,,,+(52),,+3(244),,,,-2
1927,,西南石油大学,此夜灯火长明,韩镇宇,范志宏,夏雨,,False,True,2,356,,-12,+1(285),,,,,+(51),,-13,,,,
1928,,华南理工大学,组一辈子乐队,吴鸿菊,王鹏,邢天宇,,False,True,2,357,,-5,+(237),,,,,+(120),,-1,,,,
1929,,香港中文大学（深圳）,米奇妙妙屋,张翔,庞天一,田佳畅,,False,True,2,357,,,+1(267),,,,,+(70),,,,,,
1930,,苏州大学,复行数十步,杨翊诚,李远瀚,董善文,,False,True,2,357,,-6,+1(279),,,,,+(58),,,,,,
1931,,中国科学技术大学,[74][645][434],秦沁,,,,False,True,2,358,,+6(207),,,,,,+(31),,-1,,,,
1932,,江西财经大学,让我拿个奖吧求求了,王天浩,胡强,黄辉,,False,True,2,358,,,+1(294),,,,,+(44),,-5,,,,
1933,,南京航空航天大学,爆栈仙人,龚书剑,高雅田,林志恒,,False,True,2,359,,+2(288),-3,,,,,+(31),,,,,,
1934,417,重庆第二师范学院,Brute Mode,郑建秋,王妍洁,傅锦洋,,False,True,2,360,,,-1,,,,,+(64),,+(296),,,,
1935,,昆山杜克大学,昆杜三队,仲飞扬,陈缙举,徐奕天,,False,True,2,361,,,+(196),,,,,+3(105),,-1,,,,
1936,,沈阳师范大学,队长霸占机子疯狂A题,刘钧然,左秉昕,杜福君,,False,True,2,362,,-1,+(94),-1,-1,-1,-1,+6(148),-1,,,,,
1937,,湖北工业大学,猫真的尽力了,余腾辉,杜海旗,吴凌睿,,False,True,2,362,,-9,+2(228),,,,,+1(74),,-1,,,,
1938,,浙江理工大学,对…对吗?对的对的,谢东,董欣悦,陈卓尔,,False,True,2,365,,-13,+(150),,,,,+5(115),,,,,,
1939,,阜阳师范大学,偷偷打比赛,徐翔宇,黄光亚,李航,,False,True,2,366,,-2,+2(232),,,,,+(94),,,,,,
1940,,河海大学,在网络赛寻求奖牌是否搞错了什么,李仕哲,宋宇,姚必顺,,False,True,2,366,,-8,+3(266),,,,,+(40),,,,,,
1941,418,中国矿业大学徐海学院,耄耋是铜不打铁,陈虞豪,刘子涛,王牌,,False,True,2,369,,-3,+3(281),,,,,+(28),,,,,,
1942,,南京晓庄学院,六兆年ap大佬带我飞,王杰,陈冠旭,李宗骏,,False,True,2,371,,-8,+1(122),,,,,+1(209),,,,,,
1943,,无锡学院,ACM~我挚爱的时光,杨袁园,钱宏宇,宋亚泽,,False,True,2,371,,-4,+2(241),,,,,+1(70),,,,,,
1944,,西安邮电大学,韬光养晦，再夺天时,边玉顺,刘冠宇,林珂华,,False,True,2,372,,,+(191),,,,,+3(121),,-7,,,,
1945,419,西安建筑科技大学,测评机再救我一次,张渊博,邹凯,李家琦,,False,True,2,375,,+3(256),,,,,,+(59),,,,,,
1946,,厦门理工学院,有了有了,周子峰,林佳剑,黄锦浩,,False,True,2,380,,+5(224),+(56),,,,,-1,,,,,,
1947,420,北京邮电大学世纪学院,想鼠,闫奕龙,余泽锋,李影,,False,True,2,380,,+1(257),,,,,,+(103),,-2,,,,
1948,,北京工业大学,随机数猜答案,段晰迈,高子涵,倪彦昭,,False,True,2,380,,,+2(266),,,,,+(74),,,,,,
1949,,浙大城市学院,从容应队,张敬晨,潘岩,王怡然,,False,True,2,382,,-5,+(152),,,,,+1(210),,,,,,
1950,,中国地质大学（武汉）,说话都带泥土味儿的AC蒟蒻机,王中才,蔡明哲,李嘉明,,False,True,2,383,,+4(260),,,,,,+(43),,,,,,
1951,,广州大学,蛞蝓猫猫队,陈邦泽,贾竞尧,郑凱銮,,False,True,2,385,,-6,+(222),,,,,+2(123),,,,,,
1952,,成都理工大学,三位大帝码的天昏地暗键盘上的包浆都磨灭了,刘川德,辛天华,刘书圻,,False,True,2,385,,-17,+2(245),,,,,+3(40),,,,,,-4
1953,,北京电子科技学院,蒙的全队,余岢璇,胡谐,戴露,,False,True,2,386,,-1,+(218),,,,,+2(128),,,,,,
1954,,华东师范大学,AAA铜牌批发,唐浩东,陈明阳,吴俊达,,False,True,2,386,,-3,+2(287),,,,,+(59),,,,,,
1955,,太原理工大学,新风,夏晓鹏,李宁逸,张籽初,,False,True,2,387,,-1,+(132),,,,,+5(155),,,,,,
1956,,燕山大学,燕大2队,张煜鹏,谢为,王瀚瑶,,False,True,2,387,,-8,+2(287),,,,,+(60),,,,,,
1957,,河北科技大学,不爆零就算成功,曹浩然,孙稼淇,杨昱嵩,,False,True,2,389,,-1,+4(214),,,,,+(95),,,,,,
1958,,惠州学院,编译器说没问题,玉彩妮,粟王霞,卢诗音,,False,True,2,391,,,+4(229),,,,,+(82),,-2,,,,
1959,,中国民航大学,盖世双谐,冀胤含,王明骏,秦翊锋,,False,True,2,392,,,+(249),,,,,+(143),,,,,,
1960,,山东财经大学,！,张承洲,孟庆睿,袁硕,,False,True,2,396,,+3(286),-1,,,,,+1(30),,,,,,
1961,,华南师范大学,智麻惠队,王云飞,黄兴平,马伟立,,False,True,2,399,,,+(127),,,,,+6(152),,,,,,
1962,421,四川信息职业技术学院,红鲤鱼与绿鲤鱼与驴o.〇,张天浩,杨夕平,王垚,,False,True,2,399,,-3,+2(254),-1,,,,+1(85),,-1,,,,
1963,,南京农业大学,码到成功,张贤成,吴雨凡,陈锦坤,,False,True,2,400,,+1(269),-1,,,,,+2(71),,,,,,
1964,422,宁夏大学,鹅鹅鹅鹅,刘城,郑英祺,郭正好,,False,True,2,402,,+5(280),-6,,,,,+(22),,-3,,,,
1965,,长安大学,因为太怕WA所以全点AC了,贺一恒,张杰丞,姚学成,,False,True,2,403,,,+6(253),-2,-1,-1,,+(30),,,,,,
1966,,江南大学,凹嗷奥熬袄,钱逸晗,杨滔,洪昱,,False,True,2,404,,-6,+1(153),,,,,+5(131),,,-1,,,-1
1967,,郑州经贸学院,独木难成林,张云飞,李天祐,顾陆军,,False,True,2,406,,-6,+2(154),,,,,+5(112),,-16,,,,
1968,,同济大学,哪来那么多队,李胤龙,许柯琪,董涵玉,,False,True,2,407,,-4,-1,,,,,+1(80),,+2(267),,,,
1969,,三峡大学,三大3队,刘熙,吴亚军,张时川,,False,True,2,414,,+(289),-1,,,,,+(125),,,,,,
1970,,河南农业大学,500请求失败,蔡明正,李牧静,王浩鑫,,False,True,2,415,,-1,+1(181),,,,,+4(134),,-2,,,,
1971,,苏州工学院,哈基米南北绿豆,刘震轩,杭雷,陈格格,,False,True,2,415,,-6,+(174),,,,,+3(181),,,,,,
1972,,成都东软学院,蛋黄瑞士卷,郭滨淞,杨美雪,罗朋,,False,True,2,418,,,+1(197),,,,,+4(121),,-4,,,,
1973,,大连大学,DLU2,杨依潼,胡旭洋,刘小雯,,False,True,2,419,,,+5(63),,,,,+3(196),,,,,,
1974,,西华师范大学,三个幸福南梁,章颢曦,苟立军,吴福阳,,False,True,2,420,,,+5(148),,,,,+4(92),,,,,,
1975,,上海科技大学,WA的一声就哭了,刘清莹,申佳俊,张皓天,,False,True,2,420,,-8,+1(157),,,,,+2(203),,,,,,
1976,423,宁波诺丁汉大学,深邃黑暗幻想队,吴柏呈,方董樾,王鸿宇,,False,True,2,425,,-14,+1(278),,,,,+(127),,,,,,
1977,,大连海事大学,忘记CF REG,王满阳,陆遥,蒋宜廷,,False,True,2,428,,,+5(259),,,,,+1(49),,,,,,
1978,,延安大学西安创新学院,M属性大爆发,张博超,崔铭轩,高梓豪,,False,True,2,432,,-1,+(267),,,,,+1(145),,,,,,
1979,424,延边大学,延边大学1队,陈子谦,成子鸣,周煊毅,,False,True,2,441,,-5,+(282),,,,,+1(139),,,,,,
1980,425,福建商学院,福商一队,朱耀邦,黄舒芃,黄煌荣,,False,True,2,443,,+5(284),-2,-1,-1,-1,-1,+(59),-1,-1,-1,-1,-1,-1
1981,,中国科学技术大学,天绫绫地宁宁,袁子涵,史庭瑞,范洪旭,,False,True,2,449,,+1(240),,,,,,+(189),,,,,,
1982,,同济大学,静态规划,农国达,杨一达,张翼洋,,False,True,2,451,,-1,-1,,,,,+(97),,+5(254),,,,
1983,,哈尔滨理工大学,HRBUST6,张天时,贝明轩,李乘远,,False,True,2,451,,+4(270),-3,,,,,+(101),,,,,,
1984,,兰州大学,三个臭皮匠,李嘉毅,张富翔,李嘉诚,,False,True,2,452,,,+3(237),,,,,+(155),,,,,,
1985,,西南财经大学,编译通过就下班,王心瑶,李甜甜,林乐瑜,,False,True,2,453,,,+(168),,,,,+5(185),,,,,,
1986,,华北水利水电大学,菜鸡花钱坐牢,张嘉涛,车玉成,周海蛟,,False,True,2,456,,-4,+(291),,,,,+1(145),,,,,,
1987,,重庆大学,代码奇点,魏宏伟,吴毓宗,,,False,True,2,460,,+5(223),,,,,,+(137),,,,,,
1988,,昆山杜克大学,昆杜二队,吴以恒,袁帅,邱喆,,False,True,2,462,,,+(273),,,,,+(189),,,,,,
1989,,上海理工大学,三行代码让评测机哭着喊AC,吕泽文,倪郑杰,张少丹,,False,True,2,463,,,+(205),,,,,+5(158),,,,,,
1990,,乐山师范学院,让我过一下,李嘉欣,郑洪鑫,史海桦,,False,True,2,467,,,+4(209),,,,,+(178),,-5,,,,
1991,,同济大学,cia不多得llo～(∠・ω< )⌒☆,王奕博,杨东旭,刘宸瑞,,False,True,2,467,,,+3(241),,,,,+1(146),,,,,,
1992,,中南民族大学,我是刻晴 璃月七星中的电弧星,易滨磊,韩昊润,郭耀,,False,True,2,469,,-4,+1(280),,,,,+2(129),,,,,,
1993,,山西大学,安慕希暴力打铁Ciallo～(∠・ω< )⌒★,汪杨涛,党雨乐,康家昊,,False,True,2,472,,,+2(286),,,,,+1(126),,,,,,
1994,,重庆交通大学,重生之拿下ACM奖牌,肖皓轩,李子天,罗锐,,False,True,2,474,,-4,+(254),,,,,+3(160),,,,,,
1995,,潍坊学院,预测试2答案错误,王治乔,徐昊,何滕辉,,False,True,2,491,,-10,+4(172),,,,,+6(119),,-8,,,,
1996,,中国矿业大学,重生之我们打进了wf,吕亚蒙,池凡宇,覃浩育,,False,True,2,493,,+8(265),-1,,,,,+(68),,,,,,
1997,,西安建筑科技大学,兄弟你好香,刘济荣,王思远,井宇航,,False,True,2,493,,,+2(297),,,,,+(156),,-5,,,,
1998,,闽南师范大学,青春acmer会梦到赛码娘吗,陈云呈,冯天霖,江昊翔,,False,True,2,495,,-6,+(173),,,,,+4(242),,,,,,
1999,426,山东科技大学济南校区,卷摆二象性,屠晓桐,左子恒,张维杰,,False,True,2,498,,,+(169),,,,,+6(209),,,,,,
2000,,鲁东大学,编译月华曲,高俊腾,靳思同,张连祥,,False,True,2,501,,+8(260),-5,,,,,+(81),,,,,,
2001,,延安大学西安创新学院,永恒不变的斐波那契,付强怡,强恩泽,何一豪,,False,True,2,507,,-2,+4(293),,,,,+1(114),,,,,,
2002,427,辽宁师范大学,AC不了一点,廖晓亮,李会意,吴宇璠,,False,True,2,513,,,,,,,,+2(276),,+1(177),,,,
2003,,华北水利水电大学,未照耀的荣光,栗佳宁,文浩,吉文杰,,False,True,2,531,,-3,+4(170),,,,,+5(181),,-4,,,,
2004,,东北师范大学,ac不wa队,李金瑞,张竣恒,张俊才,,False,True,2,531,,-2,+3(150),,,,,+3(261),,,,,,
2005,,中北大学,重生之指挥官在罗德岛打XCPC,郭子欣,刘治新,胡益源,,False,True,2,533,,-1,+3(263),,,,,+3(150),,-1,,,,
2006,,南昌航空大学,算命代码,陶正奕,谢易昊,吴昊洋,,False,True,2,550,,-6,+(54),,,,,+10(296),,,,,,
2007,,琼台师范学院,好石头在火山,杨豪,冉明灿,农元磊,,False,True,2,552,,,+3(254),,,,,+(238),,,,,,
2008,,重庆交通大学,XYZ,谭锦扬,黄振海,郭鑫宇,,False,True,2,554,,-12,+(49),,,,,+12(265),,,,,,
2009,,五邑大学,这是什么大专,张文涛,陈伟强,刘文浩,,False,True,2,561,,-1,+(196),-1,-1,-1,,+5(265),-1,-1,-1,,,
2010,428,云南财经大学,单人成行,陈书杨,,,,False,True,2,590,,-6,+(298),,,,,+6(172),,,,,,
2011,,西华师范大学,这到底对不队,胡芯月,刘晴,邓文韬,,False,True,2,611,,,+(167),,,,,+8(284),,,,,,
2012,,韶关学院,icpc后援队,王鹏凯,马嘉亮,陈俊东,,False,True,2,705,,,+18(284),,,,,+1(41),,,,,,
2013,,哈尔滨理工大学（荣成）,长征5队,宋嘉铭,王颖辉,李佳馨,,False,True,2,711,,,+17(267),,,,,+1(84),,,,,,
2014,,内蒙古大学,哇哇哇,高文林,章玉衡,包胡呢斯图,,False,True,1,18,,-15,-1,,,,,+(18),,,,,,
2015,,南京理工大学泰州科技学院,别骂了我在努力A了,祁凯宇,王文楠,黄凯斌,,False,True,1,20,,,,,,,,+(20),,-2,,,,
2016,,上海财经大学,没事情干所以来组队,陶唐,叶蓓莉,,,False,True,1,20,,-7,-9,,,,,+(20),,,,,,
2017,,安徽师范大学,随缘,邵俊杨,余文乐,尹子靖,,False,True,1,20,,-7,,,,,,+(20),,,,,,
2018,,山东财经大学,请输入文本,李林诺,范志博,张轩铭,,False,True,1,23,,-1,,,,,,+(23),,,,,,
2019,,东华大学,缝纫机糕手,徐张琪,申森,苏王宸,,False,True,1,24,,-5,-1,,,,,+(24),,,,,,-1
2020,,江西财经大学,蛋仔派队,曾林,李志文,张思宏,,False,True,1,24,,-5,-1,,,,,+(24),,,,,,
2021,,山东大学,。。。,曾文俊,王若宇,孙涔朔,,False,True,1,29,,-1,-1,,,,,+(29),,,,,,-4
2022,,东北农业大学,这偌大集训队真没有第四个麻将er吗,程雨,陈朋,张卓然,,False,True,1,30,,-3,,,,,,+(30),,,,,,
2023,,惠州学院,楼上拉我一把,黄海龙,翁敏航,车文伟,,False,True,1,31,,-2,-15,-1,,,,+(31),,,,,,
2024,,成都大学,CDU3,张发亮,罗志林,胡昱璠,,False,True,1,34,,-5,-6,,,,,+(34),,,,,,
2025,,大连海事大学,debug不如喝奶茶,李涵杨,陆宸熠,童恒奕,,False,True,1,34,,,-4,,,,,+(34),,,,,,
2026,429,保定学院,仨人机,侯宇轩,李志勃,马朝阳,,False,True,1,34,,-3,-3,,,,,+(34),,-1,,,,
2027,,东南大学,叶天舟,谢天宇,周怡舟,叶家顺,,False,True,1,35,,,,,,,,+(35),,,,,,
2028,,武汉大学,管你对不队,高子程,谭博友,曾楚豪,,False,True,1,37,,,-2,,,,,+(37),,,,,,
2029,,华南农业大学,scau—9,黄俊谕,甘俊宏,彭玉菡,,False,True,1,39,,-6,,,,,,+(39),,,,,,
2030,,海南大学,赛前不要喝拿铁,吴越涵,时钓丞,冯磊,,False,True,1,39,,-3,,,,,,+(39),,,,,,
2031,,大连大学,DLU1,刘奇逸,唐鸿远,林淳屹,,False,True,1,40,,-3,,,,,,+(40),,,,,,
2032,,北京语言大学,Town In Go能不能AC？回答我！,王震逍,王宇航,刘鹏辉,,False,True,1,41,,,,,-3,,,+(41),,-1,,,,
2033,,南昌大学,对对队,朱砺成,梁锦超,朱本繁,,False,True,1,44,,-1,-7,,-3,,,+(44),,,,,,
2034,,香港理工大学,POLYU-1,朱恒基,李恒贤,严章洋,,False,True,1,46,,-6,-1,,,,,+(46),,,,,,
2035,,湖北经济学院,涅槃重生队,陈宵阳,陈怡冰,黄翰名,,False,True,1,47,,,-1,,-1,,,+(47),,-1,,,,-1
2036,,广州城市理工学院,报了名还想拿牌子？,黄伟杰,林俊彬,王顶成,,False,True,1,48,,-5,-1,,,,,+(48),,,,,,
2037,,太原理工大学,事不过10086,程景柯,李誉,张博晗,,False,True,1,49,,,,,,,,+(49),,,,,,
2038,,徐州工程学院,调参不如摸鱼,高志炜,朱宸禹,李子阳,,False,True,1,52,,-4,,,,,,+(52),,,,,,
2039,,台州学院,别炸我青铜,惠紫盈,陈可辛,余奕谚,,False,True,1,54,,-4,-2,,,,,+1(34),,,,,,
2040,,哈尔滨理工大学,HRBUST2,雍徽,蒋圣国,刘玉博,,False,True,1,55,,-2,-2,,,,,+1(35),,,,,,
2041,,南京晓庄学院,CET还我钱,董晨育,王妍,叶开,,False,True,1,55,,,-7,,,,,+(55),,,,,,
2042,,山东大学,从山大中来到大山中去,左博文,张名宇,陈柯,,False,True,1,55,,-4,,,,,,+(55),,-1,,,,
2043,,北京电子科技学院,从零到一的指针,叶抒宇,段锦坤,王乐天,,False,True,1,55,,,-2,,,,,+(55),,,,,,
2044,,北京语言大学,你说天堂支点TLE是什么意思,李安然,陈川,刘馥翊,,False,True,1,57,,-2,,,,,,+1(37),,,,,,
2045,,武汉大学,TripleCore,陈伟康,姜宇鹏,陈俊铭,,False,True,1,57,,,,,,,,+(57),,,,,,
2046,,云南大学,山茶花,聂宇旋,庄博函,邹弘辉,,False,True,1,57,,-3,,,,,,+(57),,-2,,,,
2047,430,宜春学院,蓬莱人形,李骏能,叶子涵,吴春燕,,False,True,1,57,,,,,,,,+(57),,,,,,
2048,,武汉商学院,栈溢出救援队,郝兴城,赵立,赵士冲,,False,True,1,58,,-10,-6,,,,,+(58),,,,,,
2049,,大连理工大学城市学院,OPPO A5,王需,王莫涵,郑世凯,,False,True,1,59,,-2,+(59),,,,,-1,,,,,,
2050,,长沙理工大学,厂里真练技术,曹永强,刘鑫,周宇,,False,True,1,60,,-2,,,,,,+1(40),,-6,,,,
2051,,哈尔滨理工大学,HRBUST3,莫文泰,陈鑫,相鸿博,,False,True,1,61,,,,,,,,+1(41),,,,,,
2052,,浙江万里学院,砥砺前行,孙春辉,陈绍源,刘烨健,,False,True,1,62,,-10,-1,,,,,+1(42),,,,,,
2053,431,武汉职业技术大学,两只老虎,王子玄,杨浩,,,False,True,1,64,,-2,,,,,,+1(44),,,,,,
2054,,成都锦城学院,重在参与,张锟鹏,王依峡,张星童,,False,True,1,64,,,,,,,,+(64),,,,,,
2055,,成都信息工程大学,诡计多端，却无法做到QAQ,史炘宇,刘博匀,曹建杭,,False,True,1,65,,,,,,,,+(65),,,,,,
2056,,成都理工大学,双人不成行,唐川权,张顺,,,False,True,1,66,,,,,,,,+(66),,-2,,,,
2057,,广州大学,一轮游,胡淳,陈梅琳,陈博,,False,True,1,68,,-3,-1,,,,,+(68),,,,,,
2058,,中国科学院大学,不知道起什么名字队,许晋升,吴墨林,,,False,True,1,70,,-5,,,,,,+(70),,-2,,,,
2059,432,广州商学院,她与铜牌皆失,黄俊杰,杨舒涵,林泽新,,False,True,1,72,,,-1,,,,,+1(52),,,,,,
2060,,河南科技学院,这有一个队,龚晴晴,孙景涵,李志伟,,False,True,1,72,,,-2,,,,,+(72),,,,,,
2061,,韩山师范学院,样例过了就是对,陈震宇,吴楚斌,陈佳尉,,False,True,1,73,,-3,-1,,,,,+(73),,-10,,,,
2062,,北京师范大学香港浸会大学联合国际学院,翻斗花园第一码农牛爷爷,胡冬智,刘扬,李翊昊,,False,True,1,73,,-17,,,,,,+(73),,,,,,
2063,,湖南人文科技学院,睡到太阳下,仇宇弘,孙金城,朱佳悦,,False,True,1,75,,,,,,,,+1(55),,,,,,
2064,433,湖北工业大学工程技术学院,过了样例就是队,万涛,吕亚东,,,False,True,1,75,,-4,-3,,,,,+1(55),,,,,,
2065,,中国计量大学,贝利亚骑奶龙,王宇杰,陈嘉豪,沈耀晖,,False,True,1,75,,-5,,,,,,+(75),,-1,,,,
2066,,浙江农林大学,GISer不穿粉领,向天戈,江卓成,叶思诚,,False,True,1,76,,-1,-1,,,,,+2(36),,,,,,
2067,,南通大学,唐完之后是宋,曲子研,朱正康,傅子杰,,False,True,1,79,,-3,-1,,,,,+1(59),,,,,,
2068,,河北师范大学,码划疼我们会赢吗,郑杰鸣,张星,余杰,,False,True,1,79,,-11,-6,,,,,+1(59),,,,,,
2069,,中国石油大学（华东）,UPC2013,舒心悦,范兆蕊,聂书瑜,,False,True,1,81,,,-2,,,,,+(81),,-1,,,,
2070,,山东科技大学,地平线号,邵嘉毅,张健,李瑞恒,,False,True,1,81,,,-12,,,,,+(81),,,,,,
2071,,盐城工学院,团结拼搏,姜庚辰,杨凌宇,任若凡,,False,True,1,82,,,-13,,,,,+1(62),,,,,,
2072,,河南理工大学,code破茧,陈沿桦,高养斌,程翔,,False,True,1,82,,,,,,,,+(82),,,,,,
2073,,杭州师范大学,猫猫虫大战acm,胡文涵,王振晓,李书暄,,False,True,1,83,,-6,-4,,,,,+1(63),,,,,,
2074,,浙江工商大学,哆啦ak,刘泽轩,方存轩,于天佑,,False,True,1,85,,,-2,,,,,+1(65),,,,,,
2075,,成都信息工程大学,兰花草,钟雨含,苏欣乐,曹奕昕,,False,True,1,87,,,,,,,,+1(67),,,,,,
2076,,延安大学西安创新学院,acm笑传程程编,张泽远,李嘉伟,王省身,,False,True,1,87,,,-7,,,,,+(87),,,,,,
2077,,成都锦城学院,A不了真C了,李淦,康一森,杨艳,,False,True,1,89,,,,,,,,+1(69),,,,,,
2078,,哈尔滨理工大学,HRBUST14,李世海,何添毓,李响,,False,True,1,90,,,,,,,,+(90),,,,,,
2079,,西湖大学,代码成双,张益彰,张梓昱,,,False,True,1,94,,-7,,,,,,+2(54),,,,,,
2080,,浙江科技大学,对对队,於泽楷,杨成德,蔡乐,,False,True,1,94,,,,,,,,+1(74),,,,,,
2081,434,桂林航天工业学院,江南可乐,李勇强,江文彬,梁远贵,,False,True,1,94,,-4,+(94),,,,,-2,,-2,,,,
2082,,乐山师范学院,我的名字,吕文涛,蒋明枝,陈思妍,,False,True,1,95,,-5,-9,,,,,+2(55),,,,,,
2083,,华东理工大学,通海湖裸泳君,何昀羲,张语瞳,张智宇,,False,True,1,95,,-3,,,,,,+1(75),,-1,,,,
2084,,江汉大学,三小只,操怡泽,余希文,陈宇航,,False,True,1,96,,,,,,,,+1(76),,,,,,
2085,,浙江工商大学,双人成行,谢相逸,郭宇豪,,,False,True,1,97,,-4,-4,,,,,+2(57),,-4,,,,
2086,,哈尔滨商业大学,天堂之门,王宸霖,唐子建,吴天昊,,False,True,1,97,,-1,,,,,,+(97),,,,,,
2087,,山东农业大学,绝密ACM，堵判题机来,侯成国,孔文卓,孙浩天,,False,True,1,101,,,-3,,,,,+2(61),,-9,,,,
2088,,河南财经政法大学,爆零这种事不要啊,平泽川,崔英骙,张奕彤,,False,True,1,101,,-2,-1,,,,,+(101),,,,,,
2089,,中国科学技术大学,广告位招租,孙嫣然,付嘉瑞,李颖,,False,True,1,104,,,,,,,,+1(84),,,,,,
2090,,琼台师范学院,蒸蒸日上,詹宇栋,李宇浩,潘玮强,,False,True,1,105,,-8,-1,,,,,+2(65),,,,,,
2091,435,广州南方学院,茉法少女,张国栋,冯昊岚,刘炫堉,,False,True,1,109,,-2,-2,,,,,+1(89),,,,,,
2092,,西南财经大学,小木头,张熙伟,邓亦乐,李子涵,,False,True,1,110,,-2,,,,,,+1(90),,,,,,
2093,,北京语言大学,只会暴力模拟的蒟蒻在ICPC上该如何是好,孙浩语,李贵龙,石静迪,,False,True,1,112,,-4,,,,,,+(112),,-2,,,,
2094,,南京邮电大学,njupt25team015,赵梦雨,赵烨楠,龚艺翰,,False,True,1,116,,-4,,,,,,+1(96),,,,,,
2095,,广州华商学院,打wa糕手,魏宇洋,邱梓烜,许伟杰,,False,True,1,116,,,,,,,,+1(96),,,,,,
2096,,太原理工大学,优先队列,宁昱杰,高翊城,郭兴源,,False,True,1,119,,-2,-1,,,,,+2(79),,,,,,
2097,,暨南大学,不AC也要来滴茶,黄会焜,李宇航,林思煜,,False,True,1,130,,-4,,,,,,+1(110),,-1,,,,
2098,,五邑大学,这是什么天气,魏国梁,莫晨曦,钟辉,,False,True,1,131,,,+(131),,,,,-18,,,,,,
2099,,浙江工商大学,锋芳施韵,施泽昊,陈可欣,田宇晗,,False,True,1,136,,,-1,,,,,+1(116),,,,,,
2100,,乐山师范学院,运行超时再改改,曾江海,何学财,郭籽宏,,False,True,1,139,,-5,-3,,,,,+(139),,,,,,
2101,,香港浸会大学,484B4255205445414D20326E64,Timur Ten,方菲逸,郭家福,,False,True,1,140,,,,,,,,+2(100),,,,,,
2102,,山东大学,bug自动机,吴宇杰,赵博文,朱昱帆,,False,True,1,141,,-2,,,,,,+1(121),,,,,,
2103,,沈阳化工大学,若能绽放光芒,徐兴球,刁炜宁,郑郭楠,,False,True,1,141,,,+(141),,,,,-15,,,,,,
2104,,天津工业大学,"""代码对不""队",李文浩,刘川川,周祉佑,,False,True,1,144,,,,,,,,+1(124),,,,,,
2105,,重庆交通大学,循环到天亮,陈锦,张瀚文,胡吉星,,False,True,1,144,,,,,,,,+1(124),,,,,,
2106,,河南工程学院,码力全开队,张晴晴,高若颖,马晓钰,,False,True,1,145,,,,,,,,+(145),,,,,,
2107,,苏州大学,代码提交长度限制十万字符,薛裔隆,杨镕璟,张礼祺,,False,True,1,146,,-4,-1,,,,,+1(126),,,,,,
2108,,五邑大学,这是什么专业,郑柔昀,李静怡,史媛露,,False,True,1,147,,,+(147),,,,,-7,,,,,,
2109,,上海纽约大学,上纽1队,张书恺,蒋毅成,,,False,True,1,149,,-3,-2,,,,,+3(89),,,,,,
2110,,南京航空航天大学,跳舞的彩色蟑螂,王一焱,张书航,郭思媛,,False,True,1,154,,-3,-7,,,,,+2(114),,,,,,
2111,,成都东软学院,编译报错一定是主办方动我机子了,罗婉婷,曾宝艺,柳蕊瑶,,False,True,1,155,,,,,,,,+1(135),,,,,,
2112,,哈尔滨工程大学,购入了一支名为AC的绿色股票,王玥琪,汪明珠,余双霜,,False,True,1,161,,-8,,,,,,+3(101),,,,,,
2113,,浙大宁波理工学院,浙大宁理11队,李坤鑫,俞亿,蔡麒雯,,False,True,1,162,,,,,,,,+(162),,,,,,
2114,,南昌大学,码上AC,钟凯文,肖鑫,晁志坚,,False,True,1,164,,-12,,,,,,+1(144),,,,,,
2115,,丽水学院,萌萌香后援团,欧烨,胡峻豪,张威皓,,False,True,1,168,,,,,,,,+1(148),,,,,,
2116,,中南林业科技大学,CSUFT4,孙齐政,何文杰,陈伊杰,,False,True,1,176,,-3,,,,,,+3(116),,,,,,
2117,436,江苏理工学院,正在加载中......,匡睿,陈敏钰,欧阳省文,,False,True,1,179,,,+2(139),,-1,,,-4,,,,,,
2118,,南京林业大学,那我问你这道题你AC了吗,张文馨,王羽清,周舒琪,,False,True,1,182,,,,,,,,+(182),,,,,,
2119,,北京印刷学院,因人RE,李嘉乐,黄沼洋,陈玉溪,,False,True,1,185,,,,,,,,+2(145),,,,,,
2120,,东北师范大学,碱基互补配队,徐海翔,陈建坤,田博文,,False,True,1,186,,,,,,,,+3(126),,,,,,
2121,,湖南中医药大学,会编程是什么感觉,龚权辉,李超飞,范涵宇,,False,True,1,187,,+2(147),,,,,,-3,,,,,,
2122,,厦门理工学院,我再也不玩mc了,黄策,康宇,陈长志,,False,True,1,187,,,-1,,,,,+1(167),,,,,,-16
2123,,丽水学院,为了AC练就铁腚,王烨,邱嘉琦,郑钧升,,False,True,1,187,,,-4,,,,,+(187),,,,,,
2124,,山东科技大学济南校区,哈基米南北绿多,徐丞昱,张宸菘,干璟业,,False,True,1,191,,,+(191),,,,,-2,,,,,,
2125,,南京农业大学,三--缺一不可,宋来宇,申壮壮,闫小凯,,False,True,1,193,,,,,,,,+1(173),,,,,,
2126,,潍坊学院,无名,马晓成,孙康程,刘若涵,,False,True,1,194,,,,,,,,+3(134),,,,,,
2127,,宁夏大学,一谈了过,廖浩然,谈丽琴,林奕淞,,False,True,1,195,,,-1,,,,,+4(115),,-2,,,,
2128,,成都东软学院,重生之我在东软打a，从最弱逆袭到最强，并走上人生巅峰,胡晏宁,杨永佳,谢韵,,False,True,1,196,,-3,,,,,,+4(116),,,,,,
2129,,哈尔滨理工大学,HRBUST11,闫隽溪,王炳凯,胡栩鸣,,False,True,1,201,,-8,-3,,,,,+1(181),,,,,,
2130,,中国海洋大学,JavaFriedRice,王桂鑫,王杰,黄家伟,,False,True,1,206,,,-1,,,,,+3(146),,,,,,
2131,,青岛科技大学,让俺先A一道,徐帅,张皓焱,王硕,,False,True,1,207,,,,,,,,+2(167),,,,,,
2132,,北京语言大学,三行杀码客,李萌,马敬宇,刘桢雅,,False,True,1,214,,,,-1,,,,+(214),,,,,,
2133,,华东师范大学,讨厌TLE,蒋道勤,郑允翔,莫景羽,,False,True,1,214,,,+(214),,,,,-16,,,,,,
2134,,成都东软学院,晚安,刘云飞,崔艺,张择优,,False,True,1,218,,,,,,,,+1(198),,,,,,
2135,,天津仁爱学院,tjrac网络赛队伍4,虞映妃,张蓓,熊雨荻,,False,True,1,219,,,,,,,,+1(199),,,,,,
2136,,上海财经大学,虾糊闹,孙宇博,陈天豪,吴宇凡,,False,True,1,221,,,-2,,,,,+1(201),,,,,,
2137,,大连民族大学,好好好,钟子卿,叶柏驿,徐鹏程,,False,True,1,224,,,-1,,,,,+2(184),,,,,,
2138,,重庆大学,AAA在线AK,康懿骢,侯楠,方勇豪,,False,True,1,232,,,,,,,,+2(192),,,,,,
2139,,河南农业大学,二分找茬队,韩郑洋,张晟辉,鞠荃州,,False,True,1,234,,,-4,,,,,+7(94),,,,,,
2140,,四川信息职业技术学院,Ciallo~,王国强,叶瑞鑫,青灿,,False,True,1,238,,,-1,,,,,+2(198),,,,,,
2141,437,燕京理工学院,不会AC就只能去静香妈妈家打WA了,张子航,马翔,郭鑫,,False,True,1,241,,,+2(201),,,,,-7,,,,,,
2142,,湖北中医药大学,打完去码头整点薯条,易飞扬,陈欢,裴创,,False,True,1,243,,,,,,,,+1(223),,,,,,
2143,,成都信息工程大学,神秘蓝毛小萝莉和粉毛眼镜妹和棕毛魔法少女,陈俊宏,姜涵轩,林沁宇,,False,True,1,244,,-1,,,,,,+4(164),,-2,,,,
2144,,哈尔滨理工大学,HRBUST10,林赫洋,王承勋,李其原,,False,True,1,245,,,-4,,,,,+2(205),,,,,,
2145,,哈尔滨理工大学,HRBUST15,刘友智,张晋蕾,万星佑,,False,True,1,245,,,-3,,,,,+(245),,,,,,
2146,,山东科技大学,疯马号,姜山,马亿南,孟振江,,False,True,1,254,,,-4,,,,,+6(134),,,,,,
2147,438,上饶师范学院,饶师院一队,黄佳宇,吴柏康,侯赵琪,,False,True,1,254,,,,,,,,+5(154),,,,,,
2148,,中国民航大学,彩虹小队,王振羽,王子骏,李雨泽,,False,True,1,263,,,,,,,,+2(223),,,,,,
2149,,天津仁爱学院,tjrac网络赛队伍2,司晨熙,闫秋桐,赵嘉鑫,,False,True,1,264,,,-2,,,,,+2(224),,,,,,
2150,,上饶师范学院,铁匠队,黄钰珀,董云帆,陈灏,,False,True,1,271,,-1,+(271),,,,,,,,,,,
2151,,山东大学,山大，我来啦!,郝韵涵,,,,False,True,1,273,,-4,,,,,,+3(213),,,,,,
2152,,上海应用技术大学,前面的区域以后再来探索吧,江子阳,柯向东,宁若水,,False,True,1,275,,,+3(215),,,,,-4,,-1,,,,
2153,,同济大学,Caliburn~石中神剑,尹承昊,尹誉,吕思涵,,False,True,1,290,,-4,,,,,,+4(210),,,,,,
2154,,昆明理工大学,裁判是我六舅,赵壬硕,李哲,朱韩涛,,False,True,1,290,,-4,,,,,,+2(250),,,,,,
2155,439,梧州学院,陵薮市朝,关子俊,陈金涛,路佳雨,,False,True,1,291,,-1,-5,,,,,+2(251),,,,,,
2156,,香港理工大学,自定义名称2,李政阳,孟子涵,薛铂琛,,False,True,1,304,,,,,,,,+1(284),,,,,,
2157,,中国海洋大学,AC收割机,何禹颃,罗标麟,刘云松,,False,True,1,305,,-1,+3(245),,,,,-1,,,,,,
2158,,信息工程大学,糖的霉变,余朝阳,王彦鑫,杜宇谭,,False,True,1,332,,-5,,,,,,+3(272),,,,,,
2159,440,北方民族大学,编程小纵队,马宝宝,陈森林,,,False,True,1,346,,,,,,,,+5(246),,,,,,
2160,,中国科学技术大学,空,郑天祺,胡奕诚,倪颢庭,,False,True,1,368,,-5,,,,,,+5(268),,,,,,
2161,,吉利学院,哈基米,向昌海,刘世明,,,False,True,1,464,,,-2,,,,,+12(224),,,,,,
2162,,上海纽约大学,() 不是回文,吕和睿,解丰羽,张乐楠,,False,True,0,0,,,,,,,,,,,,,,
2163,441,东北电力大学,1队,何昌洛,辛雨涵,吕峻男,,False,True,0,0,,-1,,,,,,,,,,,,
2164,,南昌理工学院,2025 南理 5 队,项子岳,雷秋豪,肖扬凡,,False,True,0,0,,,,,,,,,,,,,,
2165,,哈尔滨工程大学,386旅独立团,金庆涵,刘子恒,沙庆鹏,,False,True,0,0,,,,,,,,,,,,,,
2166,,中南民族大学,404,陈乐怡,李泉灵,山含玉,,False,True,0,0,,,,,,,,-5,,,,,,
2167,,江汉大学,AAA,杨杰,陈子一,吴志飞,,False,True,0,0,,,,,,,,-2,,,,,,
2168,,上海财经大学,AC,周振凯,方鸿铭,竺钱成,,False,True,0,0,,,,,,,,,,,,,,
2169,,哈尔滨商业大学,AC Squad,黑浩然,董庆锋,徐梦楠,,False,True,0,0,,,,,,,,-7,,,,,,
2170,442,齐齐哈尔大学,AC不停,郭继远,程广宇,马军,,False,True,0,0,,-4,,,,,,,,,,,,
2171,,新疆大学,AC自动机不能自动AC,李康森,耿子卓,谢安,,False,True,0,0,,,,,,,,,,,,,,
2172,,成都师范学院,CDNU-2,陶琪,林圆圆,胡又苹,,False,True,0,0,,,-1,,,,,-17,,,,,,
2173,,哈尔滨理工大学,HRBUST13,侯建宇,王诗淋,许泽霖,,False,True,0,0,,,,,,,,-6,,,,,,
2174,,哈尔滨理工大学,HRBUST5,张昊晨,朱泽宇,杜鑫宇,,False,True,0,0,,,-4,,,,,-7,,,,,,
2175,,昆明理工大学,KUST-重生之我是Hello World,马伊圣,邓丁维,刘函岩,,False,True,0,0,,,,,,,,-19,,,,,,
2176,,中国海洋大学,STAYTER,王楷宇,梁晁玮,丁翊君,,False,True,0,0,,,,,,,,,,,,,,
2177,,电子科技大学,UESTC_desuwa,包航,雷霖,覃子睿,,False,True,0,0,,,,,,,,,,,,,,
2178,443,北部湾大学,WA就去达瓦,陈畅源,仇铮昱,吴虎岳,,False,True,0,0,,,,,,,,,,,,,,
2179,444,昭通学院,ZTU1,张国巧,赵晓阳,陈俊哲,,False,True,0,0,,-1,-1,,,,,-8,,,,,,
2180,,昭通学院,ZTU2,李余合,李树辉,杨旭,,False,True,0,0,,-4,,,,,,-8,,,,,,
2181,,昭通学院,ZTU3,胡兵,王威,陆汉京,,False,True,0,0,,-14,,,,,,-2,,,,,,
2182,,西南交通大学,chiikawa,徐明山,阚闯,丁昱,,False,True,0,0,,,,,,,,,,,,,,
2183,,重庆大学,emmm,王培霖,赵叶涵,李子恒,,False,True,0,0,,,,,,,,,,,,,,
2184,445,上海建桥学院,jianqiao1,沈熙涵,陈道勤,郑博艺,,False,True,0,0,,,-1,,,,,-2,,,,,,
2185,,上海建桥学院,jianqiao2,韩思晨,王磊,宋诗颖,,False,True,0,0,,,,,,,,,,,,,,
2186,,上海建桥学院,jianqiao3,张嘉辰,叶锦康,郑思远,,False,True,0,0,,,,,,,,,,,,,,
2187,,天津仁爱学院,tjrac网络赛队伍3,程文彬,许玲芳,杨天琪,,False,True,0,0,,,,,,,,,,,,,,
2188,,天津仁爱学院,tjrac网络赛队伍5,李宇航,高鹏展,王志毅,,False,True,0,0,,,,,,,,-5,,,,,,
2189,,西南财经大学,一,刘亿,张译匀,沈昱兵,,False,True,0,0,,,,,,,,,,,,,,
2190,,暨南大学,一遍过,沈炳利,,,,False,True,0,0,,,-4,,,,,-2,,,,,,
2191,,华北电力大学（保定）,丁真和他的动物朋友,唐逸凡,杨依桐,余彭,,False,True,0,0,,-4,,,,,,-3,,-3,,,,
2192,,江西水利电力大学,三个诸葛匠,章驰,张子锟,罗浩,,False,True,0,0,,,,,,,,-2,,,,,,
2193,,华中科技大学,三缺一,张涛,卢宇磊,刘习羽,,False,True,0,0,,,,,,,,,,,,,,
2194,,重庆人文科技学院,不知道啊，给学分就来了,石鑫,韩天欢,曾文镔,,False,True,0,0,,,,,,,,,,,,,,
2195,,大连民族大学,不说话就随便取一个,袁进,陈彦达,邱连庆,,False,True,0,0,,,,,,,,,,,,,,
2196,,哈尔滨工业大学,为无机世界增添色彩-1,吴钦鸿,,,,False,True,0,0,,,,,,,,,,,,,,
2197,,琼台师范学院,从容硬队,李幸睿,黄晓雅,熊雨欣,,False,True,0,0,,,-1,,,,,-1,,,,,,
2198,,重庆人文科技学院,代码三重奏,梁雨丹,郑杰,张雅,,False,True,0,0,,,,,,,,,,,,,,
2199,,上海应用技术大学,你说得队,吴灿,孙鸣浩,沈毅鹏,,False,True,0,0,,-3,,,,,,-1,,,,,,
2200,,华东师范大学,假飞了！,冯中信,姜朝顺,陈赵润,,False,True,0,0,,,,,,,,,,,,,,
2201,,同济大学,健康完赛队,陈山璞,陈远卓,孙一涵,,False,True,0,0,,,,,,,,,,,,,,
2202,,中国海洋大学,全部都给我AC队,李曾洋,袁晨,罗雅芳,,False,True,0,0,,-5,-2,,,,,,,,,,,
2203,,内蒙古师范大学,内师二队,牛笑茁,池佳裕,张志扬,,False,True,0,0,,,,,,,,-2,,,,,,
2204,,天津工业大学,再A一题,尹子恒,尹灵宝,马英程,,False,True,0,0,,,,,,,,,,,,,,
2205,,北京工业大学,写不出算法题orz,王珈玮,胡康辉,,,False,True,0,0,,,-3,,,,,,,,,,,
2206,,江汉大学,写的都队,陈子杰,许佳瑶,范朝阳,,False,True,0,0,,,,,,,,,,,,,,
2207,,武汉大学,凌波门栈溢出,陆麟瑞,,,,False,True,0,0,,,,,,,,,,,,,,
2208,,南方科技大学,南方科技大学一队,王思忧,谢沁鑫,,,False,True,0,0,,,,,,,,,,,,,,
2209,,北方民族大学,南理香,周司安,张子恒,秦怀玉,,False,True,0,0,,,,,,,,,,,,,,
2210,,湖北中医药大学,博文破千津，对影成三壬,刘津灿,关富国,刘博文,,False,True,0,0,,-1,-2,,,,,-2,,,,,,
2211,,琼台师范学院,卡拉彼丘死了喵,朱勇勇,范传勇,岳灿林,,False,True,0,0,,,,,,,,-1,,,,,,
2212,,上海纽约大学,原神,刘濮铭,郭凯越,许诗栋,,False,True,0,0,,,,,,,,,,,,,,
2213,,北京师范大学香港浸会大学联合国际学院,只会写helloworld,李骐瀚,曾浩航,刘俊言,,False,True,0,0,,,,,,,,,,,,,,
2214,,重庆大学,周瑜字公瑾,张盛阳,贺绍凯,徐养默,,False,True,0,0,,,-3,,,,,-3,,,,,,
2215,,内蒙古大学,咦咦咦,张思怡,周佳鑫,茌心宇,,False,True,0,0,,,,,,,,-4,,,,,,
2216,,惠州学院,哈基米南北绿豆哈西,廖炬鸿,蔡智锋,蔡贵顺,,False,True,0,0,,,,,,,,-7,,,,,,
2217,446,河北科技师范学院,啥都不队,赵明春,李佳泽,朱肖雅,,False,True,0,0,,,,,,,,,,,,,,
2218,,清华大学,因为我要转ai了哈哈哈哈哈哈,冯政玮,吴畅,肖子尧,,False,True,0,0,,,,,,,,,,,,,,
2219,,大连外国语大学,国际大外生编程竞赛,张宏泽,王靖涵,林冠泽,,False,True,0,0,,,,,,,,,,,,,,
2220,447,东南大学成贤学院,地下城驯鹿之旅,张宇鑫,谭志宝,王文腾,,False,True,0,0,,,,,,,,,,,,,,
2221,,西南财经大学,好快的拉,林奂,关舒戈,苑嘉淇,,False,True,0,0,,,,,,,,,,,,,,
2222,,南京中医药大学,字节先锋,蔡瑞峰,郭宇箵,张恒,,False,True,0,0,,-1,-1,-1,-1,-1,-1,-8,-1,-1,-1,-1,-1,-1
2223,,中国海洋大学,就是玩,肖昊然,肖逸轩,张斐翔,,False,True,0,0,,-1,,,,,,-18,,,,,,
2224,,湖南师范大学,师大单身,陶子杨,,,,False,True,0,0,,,,,,,,,,,,,,
2225,,北京师范大学香港浸会大学联合国际学院,广告位招租,王郅嘉,陈紫璇,汪卓晳,,False,True,0,0,,-1,-1,,,,,-1,,,,,,
2226,,广州华商学院,怡田子过禾拆桥,杨子禾,张怡晴,孙泽田,,False,True,0,0,,,,,,,,-1,,,,,,
2227,,河南财经政法大学,我可能大概也许似乎或许写得队,文继兴,屈振兴,,,False,True,0,0,,,,,,,,,,,,,,
2228,,江西理工大学,我欲穿花寻路，直至白云深处,徐乐怡,夏如意,黄丽婷,,False,True,0,0,,,,,,,,,,,,,,
2229,,湖北工业大学,打完这场就算了,张涛,廖特,汪浩,,False,True,0,0,,,,,,,,,,,,,,
2230,,清华大学,报名晚了,董亦骐,崔隽章,钟自厚,,False,True,0,0,,,,,,,,,,,,,,
2231,,大连理工大学城市学院,指尖风暴,高在毅,毕洺瑞,刘骐锋,,False,True,0,0,,,,,,,,,,,,,,
2232,448,兰州城市学院,据我所知我一无所知,南昊强,张雨忻,邵勤佳,,False,True,0,0,,,-1,,,,,-1,,,,,,
2233,,成都锦城学院,摸鱼熬夜躺平摆烂，强行续命队,刘妍,刘栋豪,但思梦,,False,True,0,0,,-1,-1,,-1,,,,,,,,,
2234,,上海杉达学院,新建文件夹,龚瀚霖,顾逸凡,薛弈傲,,False,True,0,0,,,,,,,,,,,,,,
2235,,东南大学,新建文件夹,徐裕程,张益来,洪荣誉,,False,True,0,0,,-3,,,,,,-6,,,,,,
2236,,昆明理工大学,昆工刺客,徐笳棋,赵子敬,赵梓谦,,False,True,0,0,,,,,,,,,,,,,,
2237,,温州商学院,普通人,彭斌轩,,,,False,True,0,0,,,,,,,,-5,,,,,,
2238,449,桂林信息科技学院,桂信科一队,冯嘉伟,张轩松,李鑫祥,,False,True,0,0,,,,,,,,,,,,,,
2239,,桂林信息科技学院,桂信科二队,劳秀福,郭晶,孙佳慧,,False,True,0,0,,-15,,,,,,,,,,,,
2240,,湖南大学,正在加载中,刘赫同,陈俊淇,吴迪,,False,True,0,0,,-7,,,,,,-6,,,,,,
2241,450,齐齐哈尔工程学院,沐思雨辰,段圣宣,曹玉童,,,False,True,0,0,,,,,,,,,,,,,,
2242,451,唐山学院,泪水打湿ide，发誓不要tle,张雨卓,任爱佳,李美言,,False,True,0,0,,,,,,,,-1,,,,,,
2243,,浙大宁波理工学院,浙大宁理10队,杨大瑞,李金亮,方凯垚,,False,True,0,0,,,,,,,,,,,,,,
2244,,温州商学院,深海猎人,冯望瑜,,,,False,True,0,0,,,,,,,,-1,,,,,,
2245,,河南科技学院,深藏blue队,谢玉琳,马华恩,徐飞,,False,True,0,0,,,,,,,,-6,,,,,,
2246,,成都锦城学院,神人队,甄鸣轩,夏秋豪,刘俊杰,,False,True,0,0,,,,,,,,-1,,,,,,
2247,,昆明理工大学,秘封俱乐部,吕森,张展飞,,,False,True,0,0,,,,,,,,-8,,,,,,
2248,,湖南中医药大学,穿梭银河的火箭队,黎雅妮,张静茹,徐铭希,,False,True,0,0,,,-1,,,,,-8,,,,,,
2249,452,安徽财经大学,第一次来ACM,路文浩,徐赵宇,潘誉文,,False,True,0,0,,,,,,,,-1,,,,,,
2250,,大连东软信息学院,纱布铁匠,齐天祺,沈昊霆,杨凯森,,False,True,0,0,,,,,,,,-2,,,,,,
2251,,兰州大学,纽币,刘亦霄,张展博,李腾昌,,False,True,0,0,,,,-2,,,,,,-4,,,,
2252,,山东财经大学,给我丢把AK,孙晨雨,罗荣怀,张志强,,False,True,0,0,,,,,,,,-3,,,,,,
2253,453,哈尔滨石油学院,老牌java炒河粉,莫柳靖,申家欣,张家铭,,False,True,0,0,,,,,,,,,,,,,,
2254,,中国石油大学北京克拉玛依校区,自定义名称4,王悦辛,李健豪,李子俊,,False,True,0,0,,,,,,,,-21,,,,,,
2255,,同济大学,芒果派队,和亚琦,易阳,陈雷诗语,,False,True,0,0,,,,,,,,,,,,,,
2256,,西南大学,许愿都队,江嘉杰,黄睿健,雷昕语,,False,True,0,0,,,,,,,,,,,,,,
2257,,中国地质大学（北京）,说啥都队,王弈博,邢淑雅,翟文修,,False,True,0,0,,,,,,,,,,,,,,
2258,,华北水利水电大学,调查兵团,曹仕桧,谭子龙,刁宇航,,False,True,0,0,,,,,,,,,,,,,,
2259,,广州城市理工学院,贝之意志,詹广超,黄泽麟,曾培源,,False,True,0,0,,,,,,,,-2,,,,,,
2260,,琼台师范学院,贪得吴彦组,唐娜,蒋皖湘,宋诗涵,,False,True,0,0,,,,,,,,-5,,,,,,
2261,,重庆人文科技学院,走一遭,尹苏熙,胡若熙,范博洋,,False,True,0,0,,,-1,,-1,,,,,,,,,
2262,,中国科学技术大学,超算中心,马文宇,隋德嵩,钟承奕,,False,True,0,0,,,,,,,,,,,,,,
2263,,上海理工大学,造梦者,曹元耀,肖学勋,张鑫蕴,,False,True,0,0,,,,,,,,,,,,,,
2264,,辽宁师范大学,重启人生,黄毅颖,王若婷,,,False,True,0,0,,,,,,,,-3,,,,,,
2265,,重庆工程学院,重工三队,杨银,徐飞扬,朱俊洁,,False,True,0,0,,,,,,,,-3,,,,,,
2266,,湖北中医药大学,重新编译,钟奥,张瀚烽,蒋硕,,False,True,0,0,,,,,,,,-2,,,,,,
2267,,重庆第二师范学院,重生后AC总想攻略我,谭佳妮,杜盈,申朝清,,False,True,0,0,,,,,,,,-2,,,,,,
2268,,广州华商学院,铁匠铺,林奕俊,吕斯琳,黄润晴,,False,True,0,0,,,,,,,,-1,,,,,,
2269,,苏州工学院,铁团,许家轩,王豪龙,韩锐杰,,False,True,0,0,,-2,,,,,,-1,,,,,,
2270,,乐山师范学院,队友呢 救一下啊,贾祥杰,刘景辉,唐浩宇,,False,True,0,0,,-9,,,,,,,,,,,,
2271,,乐山师范学院,队友说的都对队,刘乙杉,宋麒泓,,,False,True,0,0,,-1,-1,,,,,-1,,,,,,
2272,454,防灾科技学院,防灾一队,陈泫宇,魏寒悦,,,False,True,0,0,,,,,,,,,,,,,,
2273,,防灾科技学院,防灾二队,张博文,王东,王园皓,,False,True,0,0,,,,,,,,,,,,,,
2274,,南昌航空大学科技学院,陈佳茜最可爱了,陈子政,丁佳逸,陈佳茜,,False,True,0,0,,,,,,,,,,,,,,
2275,,南京晓庄学院,青春猪头少年才不会在图书馆遇到xyy学姐,从亚申,余学齐,兰坤,,False,True,0,0,,,,,,,,,,,,,,
2276,,天津工业大学,香香软软白白嫩嫩可可爱爱队,孙海杭,宫昌禹,李俊贤,,False,True,0,0,,,,,,,,,,,,,,
2277,,湖北中医药大学,魔丸队,肖亮,解敬,袁小宇,,False,True,0,0,,,,,,,,-27,-3,,,,,
2278,,上海科技大学,魔法大佬给予我我ac的能量！,樊锶宸,朱佳林,李怡蕙,,False,True,0,0,,-1,-1,,,,,-1,,,,,,
2279,,广州城市理工学院,鸡鸡鸡,罗勋,邓家兴,汪琛程,,False,True,0,0,,,-1,,,,,-2,,,,,,
